index,neighbourhood_group,neighbourhood,latitude,longitude,room_type,price,minimum_nights,number_of_reviews,reviews_per_month,calculated_host_listings_count,availability_365,number_of_reviews_ltm,city,surroundings_summary
2576,,Centrum-West,52.3747,4.89748,Private room,90,2,135,2.85,2,1,0,holland,"This area features a mix of dining and nightlife options including Burger Fabriek, Caffe Italia, Crepes & Wafles, De Bakkerswinkel, Dolce & Gelato, High Snack, Jemi, Restaurant 40, Saul's, Slainte, Stone's Cafe, Stones Cafe, and Wok to Walk, alongside bars like Cafe The Tribe, Dirty Dick's, Eagle, Kings Cross, PROUD, RoB, and Route 66 Club Lounge. Notable landmarks include Oude Kerk, a historic church serving as a cultural center, and de Wallen, the city's well-known historic district, complemented by the Prostitutie Informatie Centrum, which provides insight into the area's unique social history."
78,,Centrum-West,52.3739,4.89263,Entire home/apt,171,3,35,0.65,1,0,4,holland,"The area features a variety of dining options including De Drie Graefjes, De Pannenkoekerij, Simit Sarayi, FEBO, McDonald's, Burger King, Subway, and Ice Bakery, alongside retail shops like H&M, Foot Locker, Nelson Schoenen, Manfield, Swarovski, KIKO, ICI PARIS XL, Pink Gellac, Pop Mart, and Cheese & More. Dam is a central landmark that serves as the historic heart of the city, while Amsterdam nightlife ticket and Amsterdam Seed Center provide specialized services for visitors."
2210,,De Pijp - Rivierenbuurt,52.35545,4.8918,Entire home/apt,124,2,30,0.78,1,30,0,holland,"The area features a variety of dining options including Broodje Gerard, C'est Chau, Carletto, Pho 91, The Butcher, and Vishandel Molenaar, alongside specialty shops like De Franse Slager Alain Bernard and Slagerij Zuid. Retail and lifestyle destinations include 7115 by Szeki, Aiche, All The Luck In The World, American Nails, Amsterdamse Matrassencentrale, Anna+Nina, Brick Lane, Charlotte de Koomen, Coffeeshop Club Media, De Kinderfeestwinkel, Di Napoli Lederwaren, Elcie, Everyday Hero, Felice, Fenix Books, June Amsterdam, Just Waldo, Kilo Store, Living-in By Romy's, Lois, MC Jewels, Spetters Mode, Tally-ho, The Workout Lab, and Verse. The Albert Cuyp-markt serves as a central marketplace and a major local landmark known for its vibrant street market atmosphere."
1856,,Centrum-West,52.37612,4.89927,Private room,99,3,147,2.41,2,0,3,holland,"The area features a variety of dining options including China Si Chuan Restaurant, Kam Yin, Omelegg, Pancakes, and Prins Heerlijk, alongside pubs and bars like BackStage, Buster's, Charlie's Kitchen, De Kroonprins, De Mallemoolen, De Ooievaar, Hotel Bar Internationaal, KTV Bar, Louis Bar, Old Nickel, Old Quarter, and San Thomas. Retail and services include Dolce Vita, Funny People, Het Karbeel, Hotel De Koopermoolen, Hunters Coffee Shop, Kokopelli Smartshop, Laundromat Happy Inn, Luxer, Mask Shop Venice, Massage Centrum, San Tommaso, Tattoo Peter, and This ho(s)tel. Notable landmarks include the historic Sint Olofskapel, as well as Warmoesstraat and Zeedijk, which are significant streets known for their central role in the local history and character of the neighborhood."
2602,,De Pijp - Rivierenbuurt,52.35501,4.89342,Entire home/apt,636,1,6,0.17,1,261,0,holland,"The area features a diverse range of dining options including Alberto Pozzetto, Ami, BBrood, Burgerbar, Casa Infante, Cleen, Eggs Benaddicted, Eland & Vanderhelst, Firma Moes, GoodNews, L'Antica Pizzeria da Michele, Leonardo's Ravioli Bar, Mezzave, Müdavim, Parlour Amsterdam, Pizzeria Dope, Sonny, Sushito, Tjin's, Twins Olives, Volendammer Vishandel JCM Koning, and Warung Marlon. Retail, nightlife, and services are represented by Bierbaum, Café De Groene Vlinder, Café Flamingo, Cottoncake, De Duvel, De Kaaiman, Katsu, Tabakspeciaalzaak Van Hartingsveldt, and We Are Labels."
4153,,Centrum-Oost,52.36373,4.8844,Entire home/apt,300,2,9,0.38,1,314,4,holland,"The area offers a diverse dining scene ranging from Italian spots like Antonio's Restaurante, Mama Impasto, Peppino, and il Palio to international options such as Bojo, Hongdae Amsterdam, Puri Mas Indonesisch Restaurant, Royal Thai, The Madras Diaries, The Pantry, Yellow River, and Zorba de Griek. Nightlife and social venues include pubs and bars like 't Lammetje, Cooldown Cafe, Jazz Cafe Alto, NJOY Cocktailbar, and El Vino, alongside nightclubs such as Club Candela and Club Up."
3722,,Centrum-West,52.37366,4.90055,Entire home/apt,464,3,6,2.12,7,22,2,holland,"The area features a diverse dining scene with options including Amsterdamsche Vishandel, Bella Ciao, La Vida Argentinian Steakhouse, Kim's So, Jasmine, Hoi Tin, Nam Kee, New King, Si-Chuan, Taste of Culture, Xi'an Delicious Foods Express, Dolcia, BIU!TEA, YOYO!, Latei, and Cafe De Zeemeeuw, alongside retail and services like Wah Nam Hong, H. Vet, Henk, Henk Comics, City Records, Dijk 120, Sigarenmagazijn Simons, Canna420, and Bun-Air Travel Service. Notable landmarks include Chinatown, a vibrant cultural district, De Waag, a historic building of architectural significance, and the Fo Guang Shan He Hua Tempel, a prominent place of worship, while nightlife is represented by Lime Bar, Het Oosten, and the pub Henk."
3883,,Centrum-Oost,52.36343,4.88538,Private room,263,2,23,0.91,1,292,14,holland,"The area features a wide variety of dining options including Antonio's Restaurante, De blauwe Hollander, The Pantry, Taste of Culture, Moshi Moshi, Namche Nepalese Indian, Tacos & Tequila, Zorba de Griek, Picchino, Piccolino, il Palio, Los Argentinos, Porto Carrara, Mama Impasto, El Patio Granada, Granada, Karma Kebab, and Eetcafé. You will also find nightlife and social spots like Bourbon Street Music Club, Cafe het Hok, Caprice, De Margaritabar, and Cozy Amsterdam, alongside accommodations such as Hostel Centre, Orfeo Hostel, NICOLE, and Oma, and practical services like Wash Place."
803,,Centrum-West,52.38402,4.88491,Private room,189,3,79,1.04,1,340,13,holland,"The area features a variety of retail shops including clothing stores like COCO, Jutka & Riska, Number Nine, Lova, and Sam Sam, alongside specialized spots such as Hooks & Yarn, Affaire d'eau, and Schaak- en Go-winkel Het Paard. Dining and nightlife options include The Movies cinema, the bakery Bakkerij Mediterrane, the pastry shop Zoet & Hartig, and restaurants like Ristorante Pizzeria Toscana, Toscana, a Volo!, and De Dijk. The area also hosts the attraction (IM)MATERIAL, which serves as a notable cultural destination."
973,,Centrum-West,52.38411,4.8846,Entire home/apt,193,5,19,0.27,1,8,1,holland,"The area features diverse dining and retail options including Bakkerij Mediterrane, The Lunch Club, Ristorante Pizzeria Toscana, Toscana, a Volo!, Ekoplaza, De Kledingspecialist, Number Nine, Lova, Chique de Friemel, Hooks & Yarn, Eardrum Buzz, Tech Plus, Schaak- en Go-winkel Het Paard, Primera, and DHL Pakketautomaat. Local services and leisure include Gibson Hair, Cut The Crap, by Sarune, Amsterdam nail art studio, Sunday's, Medicijnman Apotheek Mouw & Kruysse, and the Roode Remise playground, while the historic Roode Bioscoop theatre and The Movies cinema serve as cultural landmarks that anchor the neighborhood's entertainment scene."
1414,,Centrum-West,52.36655,4.89039,Entire home/apt,250,3,66,0.98,3,355,1,holland,"The area features a diverse dining scene with options like Black and Blue, Garlic Queen, Il Primo, La Casa di Madonna, Middl Eat, Sampurna, Seoul Sista, Sichuan Food, Ta-Hwa, Tokyo Ramen Takeichi, and Old Dutch Pancake House, alongside pubs and bars such as Bar BLEND, Duke of Tokyo, Soho, Studio 2, Taboo, and Taboo Kantine. Retail and local culture are represented by Artem Bodywear, Blik, Christmas Palace, Easy Times, El Encanto, Genki, LunaNoire, Maria to go, and Old Amsterdam Cheese Store, as well as the Bloemenmarkt, a historic floating flower market that serves as a central landmark for the neighborhood."
703,,Centrum-West,52.37713,4.8821,Entire home/apt,225,3,38,0.49,1,195,2,holland,"The area features diverse dining options including Assaggi, Donna Sofia, La Fiorita, La Oliva Pintxos y Vinos, La Perla, Oogst, Rosario, Smoked crispy bacon sandwich house, Tanoshii sushi, Yan Yan, and Bar Pif, alongside Café de Tuin and Tom's bread & more. Retail and services include Babylon Vintage, Kimzou, Second Hand by Sam Sam, Serekunda, Vindit Vintage, piselli boutique, t' Pareltje, Gems, Het Oud-Hollandsch Snoepwinkeltje, The Beauty Bar, kleine kanjer, and Studio Nelson Carrilho, with cultural enrichment provided by the gallery What Art Can Do, the arts_centre, and the Theo Thijssenschool."
3125,,Centrum-West,52.3743,4.89216,Private room,70,3,235,6.17,1,148,57,holland,"The area features a variety of dining options including De Drie Graefjes, De Pannenkoekerij, Eethuis Sie-Joe, Takumi Ramen, Dal Migliore, Seafood Grill, La Cantina, La Casa, Lunch & Dinner, Mr. Crab, and Corner House Hotel Cafe, alongside nightlife and social spots like De Drie Fleschjes, De Drie Monnikjes, De Nieuwe Pilserij, and Amsterdam Seed Center. Retail and services include Green Budget Bikes, Original Dutch Fabric, Quilt Shop, Pop Up Store Marcous Vintage, Rainbow, Rejoes, Sense, St. Paul's, Tulashi, Tattoo & Art, Museumfoto, and the Dam Square Inn, which is a well-known landmark serving as a central hub for the city."
2418,,Centrum-West,52.37447,4.89204,Private room,80,1,153,3.46,1,44,50,holland,"The area offers a variety of dining options ranging from French and Italian cuisine at Kaagman & Kortekaas and Dal Migliore to Asian dishes at Takumi Ramen and Eethuis Sie-Joe, alongside cafes like De Drie Graefjes and Corner House Hotel Cafe. You will also find retail shops including Original Dutch Fabric and Quilt Shop, nightlife spots like De Drie Fleschjes and De Nieuwe Pilserij, and services such as Amsterdam Seed Center, Green Budget Bikes, and Museumfoto, which is a notable landmark for its historical photographic archives of the city."
2829,,Centrum-West,52.371284,4.897311,Entire home/apt,176,3,16,0.38,2,13,0,holland,"The area features dining and cafes such as Barbecue, Burger Zaken, Cafe De Pool, Cafe Tapvreugd, Chipsy King, Dolce & Gelato Bio, Fabel Friet, Jade House, Kok, Samrat, and Tasteful, alongside retail shops including Capsicum, De Grote Tas, Het Kleinste Huis, Love Stories Archive, Number One, Q&Q, Stetson, and Tapvreugd. Local landmarks include the historic Oost-Indisch Huis, the 17th-century Waalse kerk, the atmospheric Walenpoortje, and de Wallen, a famous district known for its historical significance and unique urban character. PsiloCybe CBD&SonjaDelight also operates in the vicinity."
398,,De Pijp - Rivierenbuurt,52.35582,4.89172,Entire home/apt,400,2,35,0.4,1,363,4,holland,"This area features a diverse retail scene including clothing and accessory boutiques like 7115 by Szeki, Anna+Nina, Baskèts, LOVE Stories Archive, and Second Life, alongside interior decoration and specialty shops such as All The Luck In The World, Living-in By Romy's, and Phoenix Verf- & Glasspecialisten. Dining and social options include Italian restaurants Spaghetteria and Carletto, the French restaurant Zaza's, and the Coffeeshop Club Media, complemented by personal services like iV Salon and the tattoo studio Inkorporated."
1044,,De Pijp - Rivierenbuurt,52.35668,4.89999,Private room,66,1,637,8.57,2,65,44,holland,"The area features a variety of dining options including Badeta Koffiebranders, Broodje Popov, Have A Roll, Heemelrijck, KIKIBOBA, Lavina, Otemba, Rodja Hummus & More, Roopram Roti, Taste Like Chicken, Tewatashi, Tjin's, and Warung Mini Van Wou, alongside nightlife spots like Café Biljart Van Wou and Lion's Head Restaurant & Brewery. Retail and services are provided by Allrepair7, Daniele Dentici, Exotica, Libas Kledingreparatie & Stomerij, Me Gorgeous!, Praxis, Tabak- & Vapeshop Van Wou, The Sunflower, and Veranda Wellness & Spa."
4015,,De Pijp - Rivierenbuurt,52.35675,4.90002,Hotel room,80,2,33,1.47,3,354,15,holland,"The area features a variety of dining options including Badeta Koffiebranders, Broodje Popov, Have A Roll, KIKIBOBA, Lavina, Otemba, Roopram Roti, Taste Like Chicken, Tewatashi, Tjin's, Warung Mini Van Wou, and the Dutch restaurant Heemelrijck, alongside nightlife spots like Café Biljart Van Wou and Lion's Head Restaurant & Brewery. Retail and services include Exotica, Gloria Verlichting, Libas Kledingreparatie & Stomerij, Me Gorgeous!, Praxis, Tabak- & Vapeshop Van Wou, The Sunflower, and Veranda Wellness & Spa."
2040,,Centrum-West,52.37973,4.89378,Entire home/apt,175,2,34,0.62,1,20,7,holland,"The area features diverse dining and specialty food options including Bistrot Neuf, Namaskar, Rangoli, Jojo Sweet, Daily Fresh, and 't Kaaspunt, alongside cafes like Chabrol Wines, Jay's Juices, and Jongejans. Retail and services are well-represented by shops such as Daskas, Haarlemmer electronica, It's a present, Cigo, Coffeeshop Green Place, Luba, Miss B by la Grotte, Mono, Rumors, Schumich, Vintage Island, Zipper, and Las Marias."
1079,,Oostelijk Havengebied - Indische Buurt,52.363846,4.934911,Entire home/apt,200,3,28,0.74,1,0,0,holland,"The area features a diverse dining scene including Bar Ristorante Gallizia, Café Insulinde, Indonesia Indah, Mirchi, Nour, Saïdi, Sushito, The Meets, and 50 Shades of Döner, complemented by IJs van Oost for ice cream. Retail and services are well-represented by shops like Zeeman, Things I like things I love, Kwiyasse, Cape de l'eau, Victoria Carpet Center, Java Markt, Late Night Liquorstore, Tabakshop Java, Barbershop Murat, La Belleza, Sfifa Azharaa, and the local school De Indische Buurtschool, alongside the community space Bilal Aben Rabah and the garden El Pescado."
2248,,Centrum-Oost,52.36465,4.89798,Entire home/apt,440,2,21,1.25,2,0,6,holland,"The area features a variety of dining options including Ali Ocakbaşı, Güney's Delights, Meghna, Mochi, Quartier Latin, The Amsterdam Basement, The Healthy Spot, and Wowcrab, alongside cafes and coffee shops like Social Coffee, Zuivere Koffie, and Boerejongens. Retail and lifestyle services are represented by Ace, Alfonso, Brug34, De Juwelier, Es, Kindred Spirits, Naturel, Salon de Lingerie, Samsøe Samsøe, Sézane, The Preacher's son tatoo shop, We Are Labels, and Wolf Ware."
4533,,Centrum-West,52.37023,4.88183,Private room,149,1,39,2.51,3,113,14,holland,"The area features dining and retail options including Fou Fow Ramen, Gifu Ramen Bar, SUE Bites Bar, IJscuypje, Albert Heijn, Etos, Gall & Gall, Coffeeshop Johnny, Amsterdam Nail Art Studio, La Savonnerie, Kleine Eland, Tenure De Nimes, Xantippe, and gr8acht. Cultural highlights include Galerie Bart and several statues dedicated to local figures such as Johnny Jordaan, Johnny Meijer, Manke Nelis, and Mien en Bolle Jan Froger, which celebrate the historic character of the Jordaan neighborhood alongside Cafe de Eland, Daniele Dentici, Ensō, and 14e Montessorischool De Jordaan."
4159,,Centrum-West,52.3765,4.89715,Entire home/apt,570,7,2,0.18,4,339,2,holland,"The area features dining options such as Chaplin, Crêpes Restaurant, Pasta Pizza Crėpes Panini, Pastabar, and Macau, alongside retail shops including Damrak Supermarket, Jumbo City, Jamin, Leonidas, Guecca, Parfumerie Omnia, Phone Point, and Shirt Factory. Cultural landmarks include the Venustempel Sexmuseum, which offers a historical look at human sexuality, and the Amsterdam Experience and Holland Experience, which provide immersive insights into local culture. Additional services include a bureau de change, a growshop, a cannabis shop, an adult gaming centre, and ticket offices like Lindbergh, Tours & Tickets, and Tours & Tickets J. van Beek B.V."
3838,,De Baarsjes - Oud-West,52.36637,4.86799,Entire home/apt,140,3,7,0.25,1,13,1,holland,"The area features a variety of retail and services including Angels beauty style, Change laserclinic, Dorita's hair products, KPN, Odido, Tele2, Vaperoutlet, Entertainment Exchange, Church of Labels, Denim City, themakerstore, Primera, Recycle, Geldmaat, SNS Bank, and Kema Vlees. Dining options include FEBO, Salsa shop, Meneer Temaki, and Yogurt Barn, while the neighborhood is anchored by De Hallen, a cultural hub and former tram depot, and the vibrant Ten Katemarkt, a local market known for its diverse food and goods."
3223,,Centrum-West,52.37206,4.8972,Private room,112,1,191,5.37,2,215,84,holland,"The area features dining and nightlife options such as Mr. Crumbs and The Pint, alongside retail shops including Red Light Records, Red Light Souvenirs, Saint Morris, and various hemp-focused stores like Sensi Seeds Bank, The Flying Dutchmen, Hemp Story, and Hemp Gallery. Cultural landmarks include the Hash Marihuana & Hemp Museum and Tobacco Experience, which highlight local history, and de Wallen, a well-known historic district that defines the character of the neighborhood, complemented by accommodations like B&B 1680, Princehof, and Heart of Amsterdam."
5441,,Centrum-West,52.37397,4.89924,Entire home/apt,396,1,1,1.0,7,329,1,holland,"The area features a variety of nightlife and entertainment venues including Bananenbar, Black Tiger Bar, Cafe Pleinzicht, New Castle Bar, Old Sailor, Excalibur, and Grill-Bar Baby, alongside dining options like American Bar-bq, Anco, and Baba Kebab. Notable landmarks include de Wallen, a historic district known for its unique character, and museums such as Erotisch Museum and Red Light Secrets, which provide historical context to the neighborhood."
1240,,Centrum-West,52.37778,4.88709,Entire home/apt,745,3,18,0.29,1,5,0,holland,"The area features a variety of dining options including Bistro-Brasserie Bleu, Café de Klepel, De laatste kruimel, Simz Exotic Food, and Twee Prinsen, alongside retail shops such as Comme des Garcons Pocket, Kikkie, Margriet Nannings, Margriet Nannings 50% store, Oska, Oslo, Prinsheerlijk, Square feet, Tommy Page, Vennington, Vintage detective, studio ROOF, and Likestationery. De Rode Hoed serves as a notable arts centre and cultural landmark, hosting diverse events that contribute to the local character."
3786,,De Baarsjes - Oud-West,52.36609,4.86708,Entire home/apt,150,1,3,0.11,1,0,0,holland,"The area features a variety of dining and retail options including Doppio Espresso, Five Ways Coffee, Dunya Firini, MultiVlaai, Best doner & snacks, McDonald's, Volendam Vishandel, Kema Vlees, Holland & Barrett, Church of Labels, Ulivoto Fashion, Tex Leder, Baby Boem, B&B feestartikelen, Solleveld, Primera, Energy Dictator, and Geldmaat. It is anchored by the Ten Katemarkt, Asian-caribbean Market, and Tropische Winkel Rustem, which serve as essential local hubs for fresh produce and diverse community goods, alongside the Imperial barbershop."
5497,,Centrum-Oost,52.36378,4.88348,Entire home/apt,304,30,0,,1,365,0,holland,"The area features a variety of dining options including Burger King, Cafe in the City, Grand Café, Miko Ramen, Pancake Corner Restaurant, Piazzeta Romana, Ron Gastrobar Paris, Satellite Sportscafe, and Yellow River, alongside nightlife spots like Club Candela, Club Up, NJOY Cocktailbar, Palladium, and The Bulldog Ex-Police Station. The neighborhood is anchored by Leidseplein, a major square known for its vibrant entertainment scene, and the Kleine-Gartmanplantsoen garden, while hosting the Tegen alle stromen in artwork and accommodations such as Amsterdam Hostel Leidseplein, Get Down, and Easy Internet Cafe."
5184,,Centrum-West,52.37552,4.89272,Private room,99,2,0,,4,0,0,holland,"The area features diverse dining and nightlife options such as Angus Steak House, Bagels Sandwich Village, Casa del Toro, De Spaanse Ruiter, Made in Sud, Verona, and De Denneboom, alongside cafes like Moussaïque. Retail and services include INK Hotel Amsterdam, Xplore Hostel Amsterdam, The Highlander, KILLACUTZ Records, Oh You Pretty Things, Watchme Amsterdam, Vitamin Advice Shop, Cannabis Seed Bank, Boudewijn Veltman, Luggage Depot, and two hairdressers."
3702,,De Baarsjes - Oud-West,52.3666,4.87301,Entire home/apt,100,2,6,0.21,1,15,1,holland,"The area features diverse dining options including De Japanner, De Oost, Riaz, Vicio, and BAR BARIO, alongside retail shops like Dille & Kamille, Jutka & Riska, Reshare Store, WoodHouse, and Alex Bikes. Essential services and personal care are provided by Laset Beauty Lab, Menspire, Mooi Anders, Salon Bella Brasil, Aquacosta, Zest, RA travel, Quality Cleaners, Homeless Laundry Colors Wasserette, and the artwork at Soytasty."
3347,,De Pijp - Rivierenbuurt,52.35666,4.89785,Entire home/apt,200,3,14,0.48,1,21,3,holland,"The area features a variety of dining options including Franggo, Arles, Thai Roof, Ranchi Amsterdam, Mari Peruvian Delights & More, Warung Swietie Lelydorp, and Lunchcafé Bozz, alongside retail shops like Birkenstock, Shoelala Shoes & More, Mikado Speelgoed, Ideaal Gordijnen Specialisten, Khadija Caftan Biladi, and Vivánt Nancy. Local culture and activity are centered around the Albert Cuyp-markt, a historic street market that defines the neighborhood, the Gerard Dou Synagogue, a significant place of worship, and venues such as André Hazes, Café Dakduif, Folkvang, Boksschool VBSK Albert Cuyp, and Pole Practice."
126,,Centrum-West,52.374,4.89902,Private room,125,2,445,4.02,2,349,24,holland,"The area features dining and cafes such as American Bar-bq, Anco, Cafe Pleinzicht, and Koffieschenkerij, alongside retail and services including Life is So Sweet, Star Shop, Brutus Bros, and Erotic Shop. Cultural landmarks include Oude Kerk, a historic church central to the district, and museums like Erotisch Museum and Red Light Secrets, which offer insight into local history, while nightlife and adult entertainment options include Bananenbar, Casa Rosso, Casino City, Excalibur, Les Deux Frêres, New Castle Bar, Old Sailor, The Tabernacle, and de Wallen."
2675,,Centrum-West,52.37114,4.89261,Private room,100,1,65,1.44,1,5,0,holland,"The area features a variety of dining options including Bakery Cafe, Het Groene Paleis, Het Groene Paleis - Coffee and Bakery, McDonald's, Jamin, Kingdom of Sweets, and Cave Rokin. Retail and services include City Diamonds, Harry Tromp, Kunsthandel Frans Jacobs, Eye Wish, Guess, Sidestep, Triumph, Sharp Gear, Sunday's, Mini Supermarkt, KPN, Vodafone, and Tours & Tickets."
2593,,Centrum-West,52.36926,4.87991,Private room,113,2,182,3.84,3,60,30,holland,"The area features a variety of dining and retail options, including cafes and restaurants like Koffiespot, Balthazar's Keuken, and Waldo, alongside shops such as A.P.C., Baskèts, Ekoplaza, and Misc. Local landmarks include Looiersplantsoen, a neighborhood park that serves as a green space, and Smit Cruyff, which is a notable spot for soccer sports."
2392,,Centrum-West,52.37204,4.89629,Private room,74,2,142,3.05,2,248,14,holland,"The area features diverse dining options including Bakery Cafe, Burgerzaken, Golden Chopsticks, Henk's Herring, Ice Bakery, Oriental City, Ramen-Ya, Wok To Go, and Yucca, alongside retail shops like Amsterdam Duck Store, Parfumerie Marjo, Sigarenmagazijn Bom 9, and Vape4life. It is home to de Wallen, a historic district known for its unique atmosphere, and offers services through Friendship Cruises, Princehof, Saint Morris, Love Experience, Pure Lust, Sexy Amsterdam, Tours & Tickets, and Yucca."
757,,De Baarsjes - Oud-West,52.36724,4.87198,Entire home/apt,361,3,9,0.11,1,7,5,holland,"The area features a variety of dining options including Seoul Food, Vegitalian, Mount Everest, Brioche, and Corner Inn. Retail and services are well-represented by shops like SuperBra, Xenos, Wildernis, Vitaminstore, Discovery, Gallery 3, Indianaweg, Ja &Ro, Larry's, Mensink, Musscher, Dany, Postkantoor West, Massage Salon Oranje, and Avondwinkel Hapje."
3589,,De Pijp - Rivierenbuurt,52.35266,4.89427,Entire home/apt,175,2,4,0.38,1,146,3,holland,"The area features a variety of dining and nightlife options including Badeta Koffiebranders, CousCous Club, De Pizzakamer, Massimo Gelato, Hayran, Romio's Taverna, Sinne, and Wijnbar Paulus. Retail and services include Bicycle Hotel, De Stadsfiets, De Stijlkamer, Discover Shiatsu, Grice Circular Fashion, New Look, TrainMore, and the cinema Rialto, while the local landmark Oranjekerk serves as a notable place of worship and BACK provides a garden space."
4381,,Centrum-West,52.37111,4.89134,Private room,511,3,0,,1,365,0,holland,"The area features diverse retail options including clothing stores like Zara, Topshop / Topman, Intimissimi, and Triumph, alongside jewelry at City Diamonds, shoes at Sidestep, toys at Lego and Kabouter, and confectionery at Kingdom of Sweets and Captain Candy. Dining includes Da Filippo, Luciën's Frietes, and McDonald's, while local landmarks include the historic place of worship De Papegaai, the Postzegelmarkt, the Postzegelpark, and the Stadspaleis, which is a notable attraction for its cultural significance."
1590,,Centrum-Oost,52.36384,4.88328,Private room,89,2,90,1.36,1,0,0,holland,"The area features a variety of dining options including Pancake Corner Restaurant, Ron Gastrobar Paris, Yellow River, Piazzeta Romana, Burger King, and Satellite Sportscafe, alongside cafes like Cafe in the City, Grand Café, Easy Internet Cafe, and international cafe Tegen alle stromen in. Nightlife and leisure are centered around clubs and bars such as Club Candela, Club Up, Palladium, and The Bulldog Ex-Police Station, while the surroundings are defined by the landmark Leidseplein, a major entertainment hub, and the garden Kleine-Gartmanplantsoen, which provides a central green space. Nearby accommodations include Amsterdam Hostel Leidseplein and Get Down, with the artwork Tegen alle stromen in serving as a local cultural point of interest."
1009,,De Pijp - Rivierenbuurt,52.35587,4.89541,Entire home/apt,99,2,55,0.91,1,0,3,holland,"The area features a variety of dining options including BagelBoy, Cabrón, Pizzeria da Michele, Saskia's Huiskamer, Toko Hola, and Rudi's Original Stroopwafels, alongside retail shops like Hollywood Mode, ReLove Outlet, Sportshop Peter Jan, Zyclone, De Plantenmarkt, and Drogisterij Yousef. It is anchored by the Albert Cuyp-markt, a historic street market that serves as a central hub for local commerce, complemented by wellness facilities such as HIIT FIT, Personal Gym Albert Cuyp, Pilates For Her, Freshcut Zuid, and the tattoo studio Hachi."
1507,,Centrum-West,52.37426,4.89926,Private room,117,1,170,2.92,16,359,14,holland,"The area features a variety of dining options including American Bar-bq, Anco, Baba Kebab, FEBO, Favorite Chicken, Grill-Bar Baby, and Les Deux Frêres, alongside nightlife spots like Black Tiger Bar, Excalibur, New Castle Bar, and Old Bridge. Cultural and historical sites include Oude Kerk, a landmark church known for its medieval architecture, the Erotisch Museum, and de Wallen, a historic district, while the surroundings also host Casa Rosso, Rooms belonging to My Red Light Foundation, The Tabernacle, and a tattoo shop."
3049,,Centrum-West,52.37556,4.89739,Private room,89,3,97,2.47,2,0,0,holland,"The area features dining and nightlife options including Cafe Keffer, Dal Pagliaccio, De Deugniet, Donnerkebab, Kebab Corner, The Brokers Bar, The Grasshopper, Wok Inn, Vlaamse Friet, and café40, alongside retail spots like Croissanterie, Hot Or Not, Smart, The Happy Shop, and Tony's Chocolonely. Local landmarks include the Beurs van Berlage, a historic stock exchange building, Rederij Plas for canal tours, and the coworking space Meet Berlage."
1535,,Centrum-West,52.37426,4.89926,Private room,114,1,128,1.92,16,358,1,holland,"The area features a variety of dining options including American Bar-bq, Anco, Baba Kebab, FEBO, Favorite Chicken, Grill-Bar Baby, and Les Deux Frêres, alongside nightlife venues such as Black Tiger Bar, Excalibur, New Castle Bar, and Old Bridge. Cultural and historical points of interest include the Oude Kerk, a significant medieval church and the oldest building in the city, the Erotisch Museum, and the historic de Wallen district, while the surroundings also encompass The Tabernacle, Casa Rosso, Rooms belonging to My Red Light Foundation, and a tattoo shop."
4225,,Centrum-West,52.37392,4.89635,Private room,132,1,0,,9,0,0,holland,"The area features a variety of dining and nightlife options including De Bakkerswinkel, Metropolitan, Belushi's Amsterdam, Durty Nelly's, Durty Nellys Inn, St. Christopher's at The Winston, Winston, Anna, Port of Call, and La Vie. Cultural and retail points of interest include the Amsterdam Exchange Experience, the gallery W139, the historic de Wallen district, the specialized shop Condomerie, the street Warmoesstraat, and the shops Greendayz Coffee and Smart-Zone Smartshop."
2308,,Centrum-West,52.37874,4.88263,Entire home/apt,175,2,21,0.41,1,0,0,holland,"The area features dining and cafes such as Cru, Hummus Bistro D&A, Ristorante Pepe, Roux, De Blaffende Vis, Hermanusje van Alles, and Mooi Mate, alongside services like Medicijnman Apotheek Jordaan, Westerstraat kapsalon, Westerstraat massage, and The Dental House. Cultural and recreational spots include Arttra and Kleine Atelier galleries, the Het Monumentje garden, the Noorderspeeltuin playground, and a soccer pitch. Het Monumentje is a local landmark that serves as a historic focal point for the neighborhood."
1054,,Oostelijk Havengebied - Indische Buurt,52.36398,4.93364,Entire home/apt,125,2,27,0.35,1,323,0,holland,"The area features a variety of dining options including Bar Ristorante Gallizia, Ricardo's, Topkapi, Zondag, and Lechería. Retail and service needs are met by Basirco Vlees, Hilal Reizen, Durmaz Telecom, Phone Home, M. Merkato, &Brows, Afaker, Asiya, Lara Hair and Beauty Cosmetics, Mitts, and Saïdi."
859,,Centrum-West,52.37386,4.88225,Private room,200,2,147,1.92,1,0,0,holland,"The area features a diverse dining scene with options like Amigo, Broodje Mokum, Maijard Smashburgers, Pizza Pasta Steaks, Thaise Afhaal Dong Son, and Wegewijs, alongside coffee and tea at Café Brakke and Simon Lévelt. Retail and services include Blokker, Fabula Rosa, Hope, Mister B, Sneaker District, Tara massage, Theatre de Coiffure, and Toni & Guy, while Oude Wester stands out as a landmark known for its iconic tower and historical significance to the neighborhood."
3844,,Centrum-West,52.37782,4.88163,Private room,120,2,21,0.77,1,152,7,holland,"The area features a variety of dining options including Italian restaurants Donna Sofia and La Maschera, French restaurant Café Parlotte, Chinese restaurant Kam Wah, Mexican restaurant MADRE, and burger restaurant Glitch, alongside casual spots like Café De Blauwe Pan, Comestibles Kinders, Green Farmer's, and Monte Pelmo Cons. IJS fabriek. Retail and services include clothing stores Do-Re-Mi Kinderboetiek and kleine kanjer, interior decoration shop Polspotten, Benelux Wine Co, GSM Zone, J Well, and Topkappers."
4226,,Centrum-West,52.37392,4.89635,Shared room,27,1,1,0.05,9,0,0,holland,"The area features dining and nightlife spots like De Bakkerswinkel, Metropolitan, Belushi's Amsterdam, Durty Nelly's, Durty Nellys Inn, St. Christopher's at The Winston, Winston, Anna, La Vie, Port of Call, and Warmoesstraat, alongside retail and specialized shops including Greendayz Coffee, Smart-Zone Smartshop, Condomerie, and a tattoo studio. Local culture is highlighted by W139, a contemporary art gallery, and the Amsterdam Exchange Experience, while de Wallen serves as a well-known landmark and historic district central to the city's character."
4252,,Centrum-West,52.37392,4.89635,Private room,90,1,1,0.05,9,0,0,holland,"The area features dining and cafe options like De Bakkerswinkel, Metropolitan, and Greendayz Coffee, alongside nightlife spots such as Belushi's Amsterdam, Durty Nelly's, Anna, Winston, and Port of Call. Local culture and attractions include the Amsterdam Exchange Experience, the art space W139, the historic Warmoesstraat, the Condomerie, and the de Wallen district, which is a well-known landmark significant for its historic character and central role in the city's tourism."
4555,,Centrum-West,52.37733,4.89477,Private room,122,3,17,1.11,1,349,11,holland,"The area features a variety of dining options ranging from Asian restaurants like SUMO and Takumi Ramen to Italian spots such as Sapore Italiano and Savini, alongside others including Ashoka, Day's Foodbar, Gauchos, Joya, Toro Dorado, and Van Speyk. You will also find nightlife at Bitterzoet and Koepelcafé, retail at Souvenier Supermarket, bicycle rentals at King Bikes, and accommodations at Renaissance Amsterdam Hotel and Sint Nicolaas."
1148,,De Baarsjes - Oud-West,52.36528,4.86357,Entire home/apt,110,5,36,0.52,1,135,2,holland,"The area features a variety of retail shops including Gekaapt, Project 86 Men, Nicole, Ab-art, De Meesterslijpers, and Nusselein, alongside convenience stores like De Indian Mart and Hong Kong Superstore. Daily services and dining options are provided by Dönerland Eethuis, Cycle, Hans Anders, The Spa, Mydollishhair, Hazel Notenen & zuidvruchten, Vodafone Ziggo, U Break I Fix Amsterdam, and Moneytrans."
657,,Centrum-West,52.3773,4.89475,Private room,65,2,494,5.62,2,185,24,holland,"The area features a variety of dining options ranging from Asian restaurants like Ashoka, SUMO, and Takumi Ramen to Italian spots such as Sapore Italiano and Savini, alongside burger and regional restaurants like Day's Foodbar, Gauchos, Toro Dorado, and Van Speyk. You will also find nightlife at Bitterzoet and Koepelcafé, retail at Souvenier Supermarket, and services including King Bikes, Joya, and CIMA, with accommodation provided by Renaissance Amsterdam Hotel and Sint Nicolaas."
4677,,Centrum-West,52.37134,4.89603,Private room,155,2,17,3.59,1,99,17,holland,"The area features dining and nightlife options such as Siga La Vaca, Wok To Go, Yucca, and Proeflokaal 't Kelkje, alongside retail shops including Amsterdam Duck Store, Christine le Duc, SH Suprmarkt, Ter, Vape4life, Sharp Gear, and a hotel at The Grand. Local attractions include de Wallen, known for its historic district, and The City Hall, while cannabis-related establishments include Grasshopper, Green House, and Sensi Seeds Cornershop."
1744,,Oostelijk Havengebied - Indische Buurt,52.3639,4.93747,Entire home/apt,85,28,6,0.28,1,132,0,holland,"The area features a variety of retail and services including De Balkonie, Licht en Meubels, Java Bookshop, Little Coconuts, Haarstudio Royal, Fly2Travel, Vrije Kids, Hodo Mobile, Casa Repair, and Het Lange Mes. Dining and nightlife options consist of Divan Patisserie, Bubble Trouble Tea, IJscuypje, and Rum Barrel, while the Elthetokerk serves as a local place of worship and the public bookcase provides community reading access."
4715,,De Baarsjes - Oud-West,52.36045,4.86537,Entire home/apt,160,2,2,0.18,1,0,2,holland,"The area features diverse dining options including Abyssinia, Rangla Punjab, and Mima Fresh Mediterranean, alongside retail shops such as CriCri, De Stelling, Fabricati, John Kappetijn, Vief, pipoos, and Abyssinia African grocery. Essential services and amenities include Asahi sports, De Amsterdamse Plusklas, Hairsalon Abyssinia, Otto-bikes, Staring apotheek, Sunny days Chineese massage, and the cultural venue OT301, which serves as a notable community hub for arts and events."
5052,,De Baarsjes - Oud-West,52.36124,4.86457,Entire home/apt,350,2,1,0.25,1,0,1,holland,"The area features a variety of dining and retail options, including restaurants like Fenan Klein Afrika, Night Kitchen, and Paloma Blanca, alongside cafes and bakeries such as Café New Olympia, Coffee Roastery, STACH, and Levain et le vin. Local services and shops include Macey's, Electro-Walst, Drogisterij Body & Beauty, Juni nails, Cut throat, Juice Brothers, Speijers Platen, Wiel tot wiel tweewielers, and Annette's Bed & Breakfast."
1860,,De Pijp - Rivierenbuurt,52.35198,4.89488,Entire home/apt,250,2,32,0.57,1,341,4,holland,"The area features a variety of dining and retail options including Badeta Koffiebranders, Iambe, Kitchen Impossible, Miri Mary, Peppi, Sjiek, Super Fresh, and The String, alongside nightlife spots such as Café Bührs, Café Ruis, Coffeeshop Papillon, Drankerij, and Strips. New Pijp serves as a notable local landmark, acting as a central hub that defines the character of this vibrant neighborhood. Grice Circular Fashion rounds out the selection with its focus on sustainable retail."
346,,Centrum-West,52.37633,4.89259,Entire home/apt,153,2,66,0.91,1,0,0,holland,"The area features a variety of dining options including Ashoka, Curry Express, La Bettola, and Made in Sud, alongside local pubs like De Denneboom and De Buurman. You will also find retail and service establishments such as Gays & Gadgets, Hairtrends & Beauty, Boudewijn Veltman, and Hotelbikes, as well as accommodations like Budget Hotel Tourist Inn, Hotel Tourist INN, and The Palace."
1269,,Centrum-West,52.37583,4.89387,Private room,150,2,179,2.58,2,0,0,holland,"The area features dining and cafe options such as Bagels Sandwich Village, Humphrey's, La Zoccola del Pacioccone, Mortimer, OMG! Burger, Partout, and The King, alongside retail and services including All You Need, Barbershop Stardam, Souvenir Supermarket, Tattoo & Gallery, and Wash Care. Akhnaton serves as an events venue, while Yellow Bike provides bicycle rental services."
5309,,Centrum-West,52.37871,4.88544,Entire home/apt,188,4,4,2.4,1,25,4,holland,"The area features a variety of dining options including Omelegg, Raïnaraï, Hinata, Terre Lente, De Anjelier, Delicious Food, and SLA, alongside retail shops such as Island Bookstore, Mechanisch Speelgoed, Anno Design, Lavendula, Ralph Optiek, and World of Nix. Essential services and cultural spots include De Gouden Schaar, The Clean Brothers Wasserette, and the gallery Marion Bloem."
5304,,Centrum-West,52.366005,4.893741,Entire home/apt,225,2,2,1.18,1,5,2,holland,"The area features a variety of dining options including Bella Regina, Castillo, La Casa Di Angelo, Maya, Senses by Lard Bertelsen, Restaurant Shiva, Memories of India, and Regular & Jack, alongside nightlife spots like Bar Bacán, Café Bar De Duivel, Door 74, and Feijoa. You will also find The Albus hotel, Aurora Kontakt B.V. electronics, and Free I Coffeeshop nearby."
2452,,De Baarsjes - Oud-West,52.36174,4.86483,Entire home/apt,250,4,15,0.34,1,0,0,holland,"The area features a variety of dining options including STACH, Café Quelle, Warung Celebes, Betsu Bara, Gitane, Spaghetteria Caffè Jan Pieter Heijestraat, and Da Damiano, alongside J&B craft drinks. Daily needs are met by Albert Heijn, Drogisterij Body & Beauty, Electro-Walst, Loenatix, Tony Hairstyling, and Wiel tot wiel tweewielers."
2345,,Centrum-West,52.37194,4.88668,Private room,107,2,180,3.49,1,218,32,holland,"The area features a variety of retail shops including Fabienne Chapot, Fashian, LFDY, Levi's, Lululemon, Nudie Jeans, M-E-K, The Collective Studio, and Tikal, alongside dining options like Lotti's Dinner, Parwan, and Quattro Gatti. Cultural highlights include the art galleries The Merchant House and Haru Haru Beauty, while the local amenities are supported by a Kindergarden and the cosmetics shop The Hoxton."
513,,Centrum-Oost,52.363968,4.885711,Private room,101,2,66,0.72,1,11,42,holland,"The area features a variety of dining options including Japan Inn, Moshi Moshi, Poké Perfect, Karma Kebab, Los Argentinos, Granada, and Zorba de Griek, alongside social spots like De Biertuin Prinsengracht and Bourbon Street Music Club. Cultural interest is provided by the Pijpenkabinet and Amsterdam Pipe Shop, which are notable for their unique collection of historical smoking pipes, while daily needs are served by NICOLE, Luk's schoenmakerij, and a tobacco shop, with accommodation available at Hostel Centre and Orfeo Hostel."
351,,Zuid,52.36079,4.88298,Entire home/apt,475,4,65,0.87,1,18,2,holland,"The area features a variety of retail options including clothing stores like Ba&sh, Canada Goose, Cavallaro Napoli, Elisabetta Franchi, G-Star Raw, Profuomo, Stone Island, and Woolrich, alongside jewelry and gift shops such as Schaap en Citroen and The A'dam Giftshop. Dining and nightlife are represented by the Indonesian restaurant Sama Sebo and the pub De Posthoorn, with accommodations provided by Hotel Cornelisz and Hotel Museumzicht."
5551,,De Pijp - Rivierenbuurt,52.34219116611997,4.906892339804989,Entire home/apt,120,20,0,,1,365,0,holland,"The area features a variety of retail shops including Carl Denig Pre-Owned, Klein & Co, and Yvon, alongside design and beauty services like Design Gietvloer and T. Broekman-Teggelaar. Dining options range from Remko's brood & taartjes, IJspret, and Waroeng Bamboe to cafe and restaurant spots like Quinnie's, Guru, and Time Out, complemented by the greengrocer Van Stolked & Co."
4406,,Centrum-West,52.3747,4.88926,Private room,162,2,4,1.18,2,42,4,holland,"The area features diverse dining and retail options including Cafe Van Zuylen, Caffe Il Momento, Pho Le, Pane e Olio, Petit Heemelrijck, Pat's Poffertjes, Puccini Bomboni, Sari-sari store, De Afstap, Forever young, Madam, Oode, and Hier en haar. It is also home to the UvA PC Hoofthuis, a university building that serves as an academic hub, alongside the Grey Area Coffeeshop."
1756,,Centrum-West,52.37028,4.89022,Private room,118,2,108,1.75,1,73,29,holland,"The area features cultural landmarks such as the Amsterdam Museum, which chronicles the city's history, the Begijnhof, a historic courtyard, and The Amsterdam Toy Museum, known for its extensive collection of vintage playthings. You will also find a variety of local amenities including Postzegelmarkt, Postzegelpark, Hanoi Old Quarter Restaurant, Espresso Corner, Haarbarbaar, Ariadne, Lucies Amsterdam, NUNC, and Palbü."
4742,,Centrum-West,52.37567,4.89436,Entire home/apt,46,1,1,0.09,3,0,1,holland,"The area features a variety of retail shops including Bershka, New Yorker, Solo, and Bag, alongside services like Kruidvat, Tibet Massage, Cuddle Pub, Tattoo & Gallery, and Vaping & More. Dining options include La Zoccola del Pacioccone, Zumo, and Buy 'N Fly, while Nieuwendijk serves as a notable shopping street that defines the local commercial character."
1792,,Centrum-West,52.37958,4.89447,Entire home/apt,349,7,36,0.58,6,63,6,holland,"The area features retail shops including Zilch, Zipper, Luba, and Schumich, alongside specialty food and drink spots like 't Kaaspunt, Jay's Juices, Jongejans, and Kobalt. You will also find Coffeeshop Green Place and the Amsterdamse Scheepvaartbuurt, a historic maritime district significant for its rich nautical heritage and traditional architecture."
2027,,De Baarsjes - Oud-West,52.36258,4.87522,Entire home/apt,150,3,52,0.99,1,2,7,holland,"The area features dining and retail options including Albert Heijn, STACH, Koffie Academie, Trattoria Totò, Effendy, Janus, and Wittop Koning, alongside services like Black Bikes, Coco-mat, and a pharmacy. Accommodations in the neighborhood consist of Hotel ABBA, Huygens Place, Princess Hostel, and Schooltje.nl."
2636,,Oostelijk Havengebied - Indische Buurt,52.36441,4.93942,Entire home/apt,140,2,26,0.73,1,9,5,holland,"The area features local dining and cafes like Chantilly, Coffee Company, and Ramazan, alongside essential services including Kleine Wasjes Grote Wasjes, Stomerij SuperNette, Super Toko Nawied, Linux Repair Café, Pampering Myself, Sala Thai Wellness, Urban Bloom, Kapsalon The Friends, and a second Kapsalon The Friends. Residents have access to the OBA Javaplein, a public library that serves as a key community hub, and the TrainMore sports centre."
2447,,Centrum-West,52.37601,4.89144,Entire home/apt,587,3,54,1.85,3,334,12,holland,"The area features a variety of dining and retail options including Greenwoods, Tales & Spirits, Freddy Fryday, De Buurman, t Kroontje, Mediterrané coffeeshop, Vleeshouwerij D. Reinhart, Wild Romance, L'Atelier, and L'Amour. The neighborhood is also home to the landmark Singel, a historic canal that defines the city's iconic layout, as well as Hotel The Craftsmen and The Totalitarian Art Gallery."
3488,,De Pijp - Rivierenbuurt,52.35383,4.90189,Entire home/apt,157,7,5,0.17,1,66,2,holland,"The area features a variety of dining options including Annavilaas, Nazka, Rayleigh & Ramsay, and Bakery Van Wou, alongside daily conveniences like Stadsmarkt De Pijp, wasserette van wou, and Healthy massage Fang. Local retail and services are represented by Coffee Bru, Glazemade, Mokum Motors, The Color, and dotshop."
3342,,De Pijp - Rivierenbuurt,52.35361,4.90185,Entire home/apt,158,3,6,0.23,4,16,1,holland,"The area features diverse dining and cafes including Annavilaas, Bakery Van Wou, Coffee Bru, Nazka, and Tapmarin, alongside retail and services like Mokum Motors, The Color, WOW, dotshop, and wasserette van wou. The neighborhood also includes Glazemade for pottery and Healthy massage Fang."
4091,,Centrum-West,52.3762,4.88435,Private room,264,2,1,0.14,1,45,1,holland,"The area features dining and cafe options like Cafe de Prins, Café Wester, Eetcafé ROEM, Spanjer en van Twist, and bakery L'Artisan d'Amsterdam, alongside retail and nightlife spots including Almost Summer store, MenM, Quinta Absinthe, and the pub Twee Zwaantjes. Local culture is highlighted by the Amsterdam Cheese Museum and Amsterdam Tulip Museum, which showcase regional heritage, as well as the scenic Egelantiersgracht canal."
3828,,De Pijp - Rivierenbuurt,52.35373,4.90195,Entire home/apt,100,3,11,0.38,1,1,3,holland,"The area features dining options like Annavilaas, Nazka, and Bakery Van Wou, alongside coffee shops and cafes such as Coffee Bru. Retail and services include Stadsmarkt De Pijp, dotshop, Glazemade, The Color, Healthy massage Fang, Mokum Motors, and wasserette van wou, complemented by the social atmosphere of Tapmarin."
4900,,Zuid,52.35941,4.8784,Private room,91,1,3,2.14,7,330,3,holland,"The area features a variety of retail options including clothing boutiques like Caroline Biss, Claudia Sträter, Diesel, Hackett, Hilfiger, Marina Rinaldi, Massimu Dutti, Michael Kors, Paul Smith, and Petit Bateau. You will also find a jewelry store in Cartier, a gift shop in Nespresso, and interior decoration at Zara Home."
5524,,Centrum-West,52.3736569445846,4.896357108281517,Entire home/apt,469,1,0,,2,365,0,holland,"The area features a mix of dining and nightlife spots like De Bakkerswinkel, Greendayz Coffee, Metropolitan, Belushi's Amsterdam, and Winston. Local landmarks include the historic Warmoesstraat, the iconic de Wallen district, and the Amsterdam Exchange Experience, while cultural and retail interests are represented by W139, Port of Call, Smart-Zone Smartshop, Condomerie, St. Christopher's at The Winston, and the tattoo studio Winston."
2419,,Centrum-West,52.36791,4.88507,Private room,160,2,135,2.72,1,309,10,holland,"The area features cultural institutions and art spaces including Huis Marseille, a museum of photography, alongside the Fotografie Bibliotheek and Fotoboekenwinkel. The surroundings are enriched by various artworks and historical references such as Bernard Heesen, Jacob de Wit, and Johannes Voorhout."
2556,,Oud-Oost,52.36188,4.92849,Entire home/apt,100,3,17,0.36,1,0,0,holland,"The area features dining and cafe options such as Nara Nara, kaffee, Café Publiek, Café Nieuwland, and Aktas, alongside retail spots like Slijterij Oost, Esporta, Maikel Groenteman, and Abra. Dappermarkt serves as a notable local marketplace, while Dynamo Jong acts as a community centre and the garden provides a public green space."
2666,,Oud-Oost,52.35689,4.91209,Entire home/apt,160,3,8,0.18,1,0,0,holland,"The area features a variety of dining options including Marhaba, Sinbad, Mr Rooster, Pizzeria Steakhouse Oost, and Rascasse, alongside retail shops such as Dierenwinkel Amsterdam, Tabak Mobi Shop, Roba, and East Cycling. Fitness and nightlife are represented by PLTS, Rocycle Oost, Euphoria, and Nova."
1167,,Zuid,52.35983,4.88009,Entire home/apt,263,3,72,1.01,4,289,13,holland,"The area features a selection of high-end retail options including Cucinelli, Dior, Dolce & Gabbana, Hermès, Liu Jo, Maxies, Oger, Philipp Plein, The Kooples, Tiffany & Company, and Wolford. Accommodations are provided by Hotel Jan Luyken Amsterdam."
2908,,Oostelijk Havengebied - Indische Buurt,52.36321,4.93647,Entire home/apt,136,3,1,0.04,1,96,0,holland,"The area features a variety of dining options including Eatmosfera, Döner van Oost, Volendammer Vishandel, Warda2, and Çinar, alongside retail and service establishments like Div., Gogun & Son, Stomerij en kledingreparatie Medina, and The Barbers Office."
5350,,Centrum-West,52.37451,4.88365,Entire home/apt,395,3,0,,6,95,0,holland,"The area features dining options like Pancakes Amsterdam, Haringkar de Gigant, and Cheese Store, alongside services such as Thejo's Bloemen, Stromma, and Tours & Tickets. Notable landmarks include the Anne Frank house, which offers historical insight into the city, as well as the Westerkerk and its iconic Westertoren, a significant architectural site overlooking the neighborhood."
2091,,Centrum-Oost,52.36804,4.89773,Entire home/apt,174,3,286,5.25,1,57,59,holland,"The area features a variety of retail shops including @droog, ABCND STORE, DSIGN, Marbles Vintage, Vet Du Nord, Zamalia, and Zooful, alongside jewelry specialists The Antique Ring Shop and the jewelry store Kota. Dining and refreshment options include the deli Sterk Staaltje, the cafe and coffee spot, and the Thai restaurant Krua Thai, while the Amstel Canal Guest House provides local accommodation."
2297,,Centrum-Oost,52.36597,4.89975,Entire home/apt,240,3,168,3.46,1,192,34,holland,"The area features a variety of dining options including Café Langereis, Restaurant 212, Ichisin Ramen Hokkaido, Lo Stivale d'Oro, La Panetteria, Ribs Factory, Salsa shop, and tasty burger, alongside nightlife spots like Air, Gollem, and Coffeeshop Kooi. Our House serves as a cultural landmark, acting as a museum dedicated to the history and evolution of electronic music."
4082,,De Pijp - Rivierenbuurt,52.35764,4.88919,Private room,79,1,19,0.77,1,168,9,holland,"The area features dining options like Café Caron, Petit Caron, and Linguini Trattoria, alongside breakfast spots such as Flow and Locals Coffee. You will also find retail and wellness services including De Föhnbar, De Steek, Five City Spa, and the art spaces Galerie Sauvage and Galerie van Campen."
3466,,De Baarsjes - Oud-West,52.36312,4.8756,Entire home/apt,255,3,13,0.42,1,128,4,holland,"The area features daily conveniences including Centraal Stomerij, Copy Plaza, Primera, GoodNews, Wittop Koning, and the hairdresser BrainWash. Dining and social options include Café Helmers, Janus, Kartika, Toko Ikan Mas, Un., and the Princess Hostel, while the GVB Servicepunt serves as a transit hub for local travel."
651,,De Pijp - Rivierenbuurt,52.35585,4.90106,Entire home/apt,130,3,33,0.49,1,0,0,holland,"The area features diverse dining options including FEBO, Chef Juzzev, Meng Si, Yu Fung, and Pizza Beppe, alongside retail and services like Ace & Tate, Grapedistrict, Ido's Cutting Crew, Look Ahead, and a massage studio. Cultural and leisure spots include the garden Het Kabinet, the gallery Wim Heldens Atelier/Studio, and Coffeeshop Carmona."
60,,De Pijp - Rivierenbuurt,52.35699,4.89705,Entire home/apt,200,3,27,0.26,1,363,0,holland,"The area features dining options including Thai Roof, Warung Swietie Lelydorp, and the pub Café De Baron, alongside retail services such as Albert Heijn, Gall & Gall, and Hairstudio Pu-ma. Local amenities include Boksschool VBSK Albert Cuyp, Dental 220, Partou, Taalhuis Amsterdam, and the cultural venue Badcuyp, which serves as a notable community hub for local arts and events."
440,,Centrum-West,52.37847,4.88475,Entire home/apt,175,2,70,0.76,2,0,0,holland,"The area features a variety of dining options including Ko Chang, Hinata, Schout bij-nacht, Terre Lente, and La maison de sophie, alongside retail shops such as Albert Heijn, Kilo, Mechanisch Speelgoed, Petopia, The Browbarber, and De Gouden Scaar. It is also home to the Lapjesmarkt, a well-known market that serves as a historic and vibrant hub for textile shopping in the neighborhood, and World of Nix."
1557,,Centrum-West,52.36861,4.88607,Entire home/apt,210,7,78,1.19,3,340,0,holland,"The area features a mix of retail and dining options including Ace & Tate, Beadies Amsterdam, Motel a Miio, Profumo, Rain Kiss, The Odder Side, Zipper Vintage Clothing, and Chocolaterie Pompadour, alongside the cafe Dae. Cultural life is centered around the Art Zoo Museum, a notable local attraction, and the arts centre De Vrije Academie."
1764,,De Baarsjes - Oud-West,52.36412,4.86165,Entire home/apt,200,2,39,0.69,1,34,1,holland,"The area features dining options such as Aleppo Top, ByLima, Finalemente Brasil, The Burger Maffia, The Burger Mafia, and Bobos Chicken, alongside retail and services including De Kinker, Kinker, 't Saotohuisje, DA drogist, Snel Repair, and Pakketdienst de Kinker. These establishments provide a mix of local eateries, clothing and bag retail, and essential daily services like a chemist, laundry, and post office."
688,,De Baarsjes - Oud-West,52.36744,4.86625,Entire home/apt,236,3,11,0.14,1,9,4,holland,"The area features a variety of dining and retail options, including cafes like Cafe Topido, Fika Amsterdam, and Sam's Coffee, alongside bakeries and specialty shops such as Ad Straathof Marktbakkerij, Abraham Bloemen & Planten, and Blooming Interior. You will also find local nightlife and shopping at Bar Centraal, Harchane, EFFECT(S), and A. Mog Tweedehands, centered around the Ten Katemarkt, a prominent local market that serves as a primary hub for neighborhood commerce."
2311,,De Pijp - Rivierenbuurt,52.35788,4.88937,Entire home/apt,629,3,7,0.13,1,11,1,holland,"The area features dining options like Linguini Trattoria, Petit Caron, and Locals Coffee, alongside retail and services including Van Beek Art Supplies, Shortcut & Hardwear, Five City Spa, Amsterdam Cosmetic Clinic, and Aston City Hotel. Local culture and nightlife are represented by the public artwork and the BonTon club."
2232,,De Baarsjes - Oud-West,52.37113,4.8581,Entire home/apt,181,2,27,1.65,1,363,2,holland,"The area features a variety of dining options including Konya Etliekmek, Lara, Maz Mez, Napoli Pizza, and WONTON, alongside a bakery at Fort Negen and a cafe at Marja. Local retail and specialty shops include Albert Heijn, Grapedistrict, and a tattoo studio."
5194,,Bos en Lommer,52.37869,4.85029,Entire home/apt,100,4,0,,1,0,0,holland,"The area features a variety of dining options including Aytaco, Kahvealti, Lezzet Grillroom, and Cafe 't Lommertje, alongside daily essentials from Slagerij Beyaz Saray, Odin, SIMO, Etos, Primera, and De Prijshamer. Personal care services are provided by Cinderella and Sorti Beatycenter."
2795,,Centrum-West,52.3757,4.89724,Private room,71,3,76,1.77,2,0,17,holland,"The area features dining and cafes such as Croissanterie, Dal Pagliaccio, New York Film Academy Cafe, and Tony's Chocolonely, alongside nightlife spots like De Deugniet, The Brokers Bar, and The Grasshopper. Local landmarks include Beurs van Berlage, a historic stock exchange building, Rederij Plas for canal tours, and the erotic shop Smart, while Meet Berlage serves as a local coworking space."
1142,,Centrum-West,52.38014,4.89345,Entire home/apt,266,7,65,2.68,2,72,0,holland,"The area features dining and cafe options including Maoz Falafel, Vinnies, Miss B by la Grotte, and Dampkring, alongside retail shops such as Vitaminstore, BrandMission, and Las Marias. The neighborhood also includes local accommodations like B&B Barangay, the recreational space Popeye, and the cannabis shop Popeye."
2497,,De Pijp - Rivierenbuurt,52.35549,4.88881,Entire home/apt,130,2,28,0.75,2,20,5,holland,"The area features dining and cafe options such as Layers Bakery & Deli, Reload Coffee, Brasserie SenT, Maris Piper Brasserie, and La Dilettante, alongside specialty shops like Amsterdam Wine Academy, Wijnhandel van Krimpen, Fenix Books, and Micky Fields. Local services include the hairdresser Shah Saatchi and the laundry Wassalon Regenboog."
4888,,Zuid,52.35913,4.87816,Private room,76,1,65,11.96,7,365,65,holland,"The area features a variety of retail options including clothing stores like Essentiel Antwerp, Hilfiger, Massimu Dutti, Petit Bateau, Reflections, and The Society Shop, alongside jewelry from Bonebakker, home goods at Zara Home, and an optician at Oogappel. The neighborhood is anchored by the Conservatorium hotel, a landmark building known for its historic architecture and role as a prominent local destination."
5426,,Centrum-West,52.38062,4.88465,Entire home/apt,250,2,0,,1,38,0,holland,"The area features a variety of dining options including Saint-Jean, Leauf, Bagelboy, Snackbar Aggie, Erdim, Louman, Luna, and Som Tam Thai, alongside food retailers like the butcher and greengrocer. Cultural and essential services are represented by Kersgallery, the marketplace Lindenmarkt, which is a well-known local market central to the neighborhood's character, and Dierenkliniek de Jordaan."
1273,,Centrum-Oost,52.36051,4.89089,Entire home/apt,247,2,46,0.65,1,0,0,holland,"The area features dining and cafes such as Broodjeszaak Etenstijd, Proper. Indofood, Luuk's Coffee, and Pinuku, alongside retail and services including De Badjassenwinkel, Deninie, Le Patron, Underground Ink, Van Dulst Kappers, and Wash Queen Laundry."
1245,,Zuid,52.35091,4.85365,Entire home/apt,118,4,18,0.25,1,219,0,holland,"The area features daily essentials including supermarkets Albert Heijn and Mensink, a bakery at Klavertje, a greengrocer at Kokkes, and a coffee shop at Simons Tafel. Local services and retail options include the pet shop 't Dierenhoekje, the bicycle shop Daniel Tweewielers, the photo studio Victory's Foto Expres, houseware store Nomos, the dentist De Tandenpraktijk, and the fast food restaurant Wok Inn."
5260,,Centrum-Oost,52.364788,4.880334,Entire home/apt,75,7,0,,22,265,0,holland,"The area features a mix of nightlife and cultural venues such as Melkweg, Milk, DeLaMar, and Lux, alongside dining at Bar Weber. Accommodations include Boutique Hotel View, Hotel Titus, Kooyk Hotel, Weber Hotel, and Weber Studios. Melkweg and DeLaMar are prominent cultural landmarks that serve as major hubs for live music and theatrical performances in the city."
169,,Centrum-West,52.37142,4.89036,Entire home/apt,399,2,52,0.48,1,103,4,holland,"The area features dining and cafes such as Argus and Diep, alongside retail options like Vintage Clothes & Design and the antiques shop Kabouter. Cultural highlights include the attraction Stadspaleis, the venue Theater De Richel, and the historic Postzegelmarkt, while the surroundings also offer the Postzegelpark, a playground, the Nova Hotel, and outdoor seating."
4777,,Centrum-West,52.3789,4.88378,Entire home/apt,188,7,1,0.15,3,241,1,holland,"The area features dining and retail options including La Reinita Empanadas, Schout bij-nacht, Sins of Sal, Jumbo, Kilo, The Browbarber, and Vivant de Jordaan. You will also find the Lapjesmarkt, a historic textile market, and the Pianola Museum, which preserves the history of self-playing pianos, alongside a public bookcase."
3912,,Oud-Oost,52.35374,4.91188,Entire home/apt,93,3,16,16.0,2,51,11,holland,"The area features dining and social spaces including Werkplaats, Fransje, and Riet, alongside the hotel Volkshotel. Nightlife and event venues are represented by Canvas, Doka, Klein Canvas, Truus, and Badplaats, which includes a hot tub and outdoor seating."
4889,,Zuid,52.35926,4.87847,Private room,74,1,5,0.97,7,330,5,holland,"The area features a variety of retail shops including clothes stores like Caroline Biss, Diesel, Hackett, Hilfiger, Marina Rinaldi, Massimu Dutti, and Petit Bateau, alongside jewelry from Bonebakker and interior decoration at Zara Home. The Conservatorium hotel serves as a prominent landmark, anchoring the neighborhood as a significant destination for luxury hospitality."
2709,,Centrum-Oost,52.36338,4.88307,Private room,74,1,280,6.29,2,340,50,holland,"The area features dining and nightlife options such as Cafe in the City, Boven de Balie, Ron Gastrobar Paris, and Palladium, alongside the Apple Store for electronics and a coworking space at De Balie. Local attractions include the cultural hub De Balie, the lively Leidseplein square, and the green space Kleine-Gartmanplantsoen, which serve as central gathering points for the neighborhood."
5397,,Centrum-Oost,52.36479,4.88033,Entire home/apt,75,7,1,1.0,22,254,1,holland,"The area features a mix of nightlife and cultural venues including Melkweg, Lux, Milk, and the theatre DeLaMar. Accommodations such as Boutique Hotel View, Hotel Titus, Kooyk Hotel, Weber Hotel, and Weber Studios are situated alongside Bar Weber."
3041,,Centrum-Oost,52.36478,4.88033,Entire home/apt,75,7,15,1.08,22,339,3,holland,"The area features a mix of hospitality and nightlife, including Boutique Hotel View, Hotel Titus, Kooyk Hotel, Weber Hotel, and Weber Studios. Cultural venues and bars such as DeLaMar, Melkweg, Bar Weber, Lux, and Milk offer local entertainment and dining options."
4556,,Centrum-West,52.36614,4.88564,Entire home/apt,74,3,4,0.27,1,319,2,holland,"The area features a variety of dining and cafe options including Bagels & Beans, Eichholtz Delicatessen, Gourmet Burger, Morlang, Suite Benedict, and Walem, which offers outdoor seating. Retail and services are represented by Manfield, Prime Fone, The Color, When Nature Calls, and BOXIE24 Opslag huren Amsterdam."
2474,,De Baarsjes - Oud-West,52.36767,4.86774,Entire home/apt,100,5,58,1.23,1,31,7,holland,"The area features dining and retail options such as Bakkerij Paul Année, The Breakfast Club, Kanarie Club, Sener Bikes, and Nail studio, alongside accommodation at Hotel De Hallen. De Hallen serves as a significant local attraction and cultural hub, while Bellamyplein provides green space and public artworks including P.W. Janssen, fish, and waterdraagster."
2713,,Centrum-Oost,52.36338,4.88307,Private room,69,1,235,5.19,2,337,48,holland,"The area features dining and nightlife options including Cafe in the City, Boven de Balie, Ron Gastrobar Paris, and Palladium, alongside the Apple Store for electronics and a coworking space at De Balie. Local attractions include the cultural hub De Balie and the public square Kleine-Gartmanplantsoen, while the nearby Leidseplein serves as a major landmark known for its vibrant concentration of entertainment and nightlife venues."
2902,,De Pijp - Rivierenbuurt,52.35685,4.89652,Private room,120,2,141,3.57,1,10,3,holland,"The area features dining and nightlife options such as Café De Baron and Badcuyp, alongside services including Hairstudio Pu-ma, Skin Project Institute, Dental 220, and Taalhuis Amsterdam. You will also find specialized shops and amenities like Ajax Bike, FermentFabriek, and Résonance."
2177,,De Pijp - Rivierenbuurt,52.35682,4.89633,Entire home/apt,150,7,37,0.7,3,64,3,holland,"The area features local services including Hairstudio Pu-ma, Skin Project Institute, Dental 220, and Taalhuis Amsterdam, alongside retail options like Ajax Bike and Résonance. Social and leisure spots include the pub Café De Baron and the community garden space FermentFabriek."
4942,,Buitenveldert - Zuidas,52.33193,4.87475,Private room,59,2,8,1.44,2,363,8,holland,"The area features retail and dining options including Ekoplaza, The Art of Wines, and van de Raa. Essential services and facilities include Huisartsen MC Gelderlandplein, Medisch Centrum Gelderlandplein, and Bambini BSO."
4875,,De Baarsjes - Oud-West,52.35961,4.85846,Entire home/apt,200,5,1,0.19,1,0,1,holland,"The area features community facilities including Buurtcentrum Cremerplein and Buurthuis Cremerplein. J.J. Cremerplein serves as a local landmark, providing a central green space for recreation and community gatherings."
5346,,De Pijp - Rivierenbuurt,52.357578,4.899054,Entire home/apt,275,7,0,,1,41,0,holland,"The area features dining options including Pasta e Pizza, Saravanaa Bhavan, and Tsunarié, alongside retail and services like De Sleutelkluis, Home Couture by Bernie, Kidzz Eyezz, and TrainMore. The Albert Cuyp-markt is a prominent local landmark and market that serves as a central hub for the neighborhood, complemented by cultural spaces such as Huis van Iemand Anders."
4400,,Centrum-West,52.375519,4.882921,Private room,65,1,79,4.04,2,346,51,holland,"The area features dining and retail options such as De Reiger, Moo!zo, Frame, patina, atelier paradis, Design Studio Lumineus, Dr. Spectacles, and a hairdresser. It also hosts the Theo Thijssen Museum, which is a local landmark dedicated to the life and work of the Dutch writer and teacher."
3104,,De Pijp - Rivierenbuurt,52.35767,4.89973,Entire home/apt,220,3,15,0.49,1,0,3,holland,"The area features dining options including Pasta e Pizza, Tsunarié, and Saravanaa Bhavan, alongside coffee at Kaldi and a pub at Huis van Iemand Anders. Local amenities include the Ibis Styles Amsterdam Amstel hotel, the TrainMore fitness centre, the De Sleutelkluis locksmith, and the Fabric Inspired X Artitude gallery, which serves as a creative cultural space for the neighborhood."
4571,,De Baarsjes - Oud-West,52.35815,4.85627,Private room,74,1,698,44.84,4,365,597,holland,"The area features dining and cafe options including Adam Restaurant, Bar Kosta, Beré Nali, Grillroom Fame, YNK, and schuurmanoomkensgrassotti. Local amenities include the Conscious Hotel Vondelpark, which serves as a notable landmark for its sustainable focus, alongside Drukkerij Overtoom, Kapsalon Utopia, and a public bookcase."
3781,,Centrum-West,52.3826,4.88612,Entire home/apt,225,2,22,1.41,6,76,10,holland,"The area features retail options including The Swap Shop, Hang Eleven, Jis, and Lof, alongside personal care services like Haarstijl and HairPlay. You will also find Gallery238, Keurslagerij Pouw, and the attraction Wine, which contribute to the local cultural and culinary landscape."
2015,,Zuid,52.34851,4.87781,Entire home/apt,224,2,41,0.86,4,341,2,holland,"The area features a variety of daily essentials and specialty food shops including Albert Heijn, Alexanderhoeve, Centrale Vishandel, Holland & Barrett, and Oak Berry, alongside services like Etos, Pearle, and Fleur de Lys. The neighborhood also hosts Hampshire Hotel Beethoven and the educational institution Hervormd Lyceum Zuid."
2032,,De Pijp - Rivierenbuurt,52.3569,4.88915,Entire home/apt,133,7,21,1.33,1,190,9,holland,"The area features dining options such as De Waaghals, ISSHIN, Juno, and Rainbowls, alongside Craft Wine for drinks. You will also find community-focused spots like Buurtkamer Quellijn and a public bookcase, plus services including De Föhnbar and the dancing school Dans Dansen."
1442,,Oud-Oost,52.36199,4.92669,Entire home/apt,93,1,66,0.97,1,0,5,holland,"The area features dining options such as Eethuis Brasa and Nefis Etli Ekmek, alongside retail and services including Lidl, Sportshop van Swinden, Daniela Kastavarac, and Head 2 Head Nuray. Cultural and community life is centered around Atelier Maja Krtsic art diary, Jungle Amsterdam, the pub De Dapper, and the landmark Kalemegdan, which serves as a significant historic fortress and park."
5529,,De Pijp - Rivierenbuurt,52.35645063186075,4.893343990291363,Entire home/apt,65,28,0,,1,47,0,holland,"The area features a variety of retail shops including Byart, The Weavery, MerryXmasShop, and Penny Lane Vintage, alongside specialized services like Mash and Tattoo Friendship. Dining and refreshment options include Café Baskèts, Craft Coffee & Pastry, Dito Deli, and the garden space."
3860,,Bos en Lommer,52.37852,4.84943,Entire home/apt,135,3,6,0.22,1,7,1,holland,"The area features dining options like Boulangerie Nador and Kahvealti, alongside retail shops including De Prijshamer, Primera, and mozaiek carpet center. Local services are provided by ICT Repair, Phoenix Nails, Sabina's hairshop, and Verkeerschool Eros."
3469,,De Pijp - Rivierenbuurt,52.35148,4.89394,Private room,100,2,131,4.06,2,84,26,holland,"The area features diverse dining and retail options including Renato's Pizzeria, Kitchen Impossible, Elevate Coffee Lab, Iambe, Li's Beauty Lounge, and Strips. Local amenities also include Yagoy for fitness, Coffeeshop Papillon, and the music school auf dem Brinke."
413,,De Baarsjes - Oud-West,52.37484,4.86096,Entire home/apt,130,4,76,0.85,1,11,0,holland,"The area features a variety of dining options including Wanica Exotics, Warung Kamal Afhaalcentrum, Tandoori 2 Go, Biladi, and Rue de sevres. Retail and services are represented by Albert Heijn, Chris Bloemsierkunst, SandyBloemen.nl, and George de Jong Optiek."
2641,,De Pijp - Rivierenbuurt,52.35602,4.88901,Entire home/apt,250,2,12,0.28,1,132,0,holland,"The area features a variety of dining options including Boeuf, Brasserie SenT, Juku Japans, Oeuf, Porchetteria, and Layers Bakery & Deli, alongside Reload Coffee for refreshments. You will also find nightlife and retail spots such as La Dilettante, Wijnhandel van Krimpen, and a language school."
5180,,Centrum-West,52.37343,4.88672,Entire home/apt,200,3,2,0.51,1,34,2,holland,"The area features dining and confectionery options such as Il Panorama and Bakkerij Andere Koek, alongside retail shops including The Pelican Studio, Di-Ann, and Bas Optiek. The neighborhood is anchored by the Dam, a historic central square that serves as a major landmark and focal point for the city, and includes lodging at Di-Ann City Centre Hotel, Hotel de Westertoren, La Belle Vue, and Sharm Hotel."
2847,,Oostelijk Havengebied - Indische Buurt,52.3639,4.93921,Entire home/apt,90,5,14,0.33,1,0,4,holland,"The area features dining and cafe options like Coffee Company and FEBO, alongside services including Linux Repair Café, Urban Bloom, and the fitness facility TrainMore. OBA Javaplein serves as a local library and cultural hub, while the surrounding garden and fountain provide a quiet outdoor space for the community."
1909,,Centrum-West,52.36883,4.89309,Private room,61,3,12,0.43,4,354,1,holland,"The area features dining and retail options such as De Laatste Kruimel, La Margarita, and Lyppens. Cultural and educational landmarks include the Allard Pierson Museum and UvA Bijzondere Collecties, which house significant historical archives, alongside the UvA Binnengasthuisterrein university campus and attractions like Rederij Kooij and Rondvaart, which offer canal boat tours."
1929,,De Baarsjes - Oud-West,52.36599,4.87632,Entire home/apt,250,4,19,0.32,1,284,2,holland,"The area features dining and nightlife options such as Gertrude and Toussaint, alongside beauty and wellness services including Beatrijs Smulders, SKIN, and The Laser Lab. Local amenities include the Houseboat Lady Jane guest house, the Slot Meesenstijn playground, and the kindergarten, while the area is anchored by the park and the artwork nearby."
3773,,De Pijp - Rivierenbuurt,52.34424,4.89612,Entire home/apt,450,1,5,0.17,1,0,0,holland,"The area features dining and coffee options including Vork, Zoet & Peper, and gratitude espresso, alongside retail and services like Miller & Canefield, Saudade, Maas wasserette & stomerij, and Siya Lymfe. These spots provide a mix of daily essentials and local leisure within the neighborhood."
3801,,De Baarsjes - Oud-West,52.371,4.86222,Entire home/apt,150,2,39,1.34,9,0,12,holland,"The area features dining and nightlife options such as De Krommert, Steakhouse Gely, Mehtap, and Club 8, alongside retail shops including ALDI, Oz Dostlar Gida Pazari, The Wine Spot, and Davoud Perzische Tapijten. Local green spaces include Natuurtuin Slatuinen, a garden that serves as a quiet natural retreat in the neighborhood."
3486,,Oostelijk Havengebied - Indische Buurt,52.36428,4.93485,Entire home/apt,135,2,26,0.86,1,0,9,holland,"The area features dining and retail options including El Pescado, The Meets, Café Insulinde, IJs van Oost, Kwiyasse, Tabakshop Java, and Zeeman. Personal care services are available at Barbershop Murat and the local hairdresser."
2797,,Centrum-Oost,52.3649,4.88066,Entire home/apt,75,7,36,1.13,22,321,5,holland,"The area features a variety of dining and nightlife options including La Bohème, Bar Weber, Milk, and Lux. Cultural life is centered around Melkweg, a prominent music venue and cultural center, while accommodations include Amsterdam Inn, Hotel Titus, Weber Hotel, and Weber Studios."
2873,,De Baarsjes - Oud-West,52.3741,4.85735,Entire home/apt,200,3,14,0.35,1,0,3,holland,"The area features retail and services including 020 Fietsen Amsterdam, Skate Dokter, de zuivere naald, and L'equipage, alongside community hubs like Boeken Ruilbeurs and the cafe ted. These spots provide local access to bicycle maintenance, tailoring, books, and social spaces."
2899,,De Baarsjes - Oud-West,52.37061,4.8701,Entire home/apt,214,2,28,0.72,1,0,0,holland,"The area features retail and cycling shops such as Decathlon, Freewheel, and Rusty Gold, alongside everyday conveniences including Albert Heijn, Etos, Odin, and Makker. Dining options are represented by Mesut, which serves as a local spot for quick meals."
4757,,Oud-Oost,52.35922,4.92539,Entire home/apt,177,1,13,2.09,6,298,13,holland,"The area features a variety of dining options including Mister Chen Cha House, Poké Perfect, and Hallo, alongside a deli like Avondverkoop. Local services include Cornea Optiek, Dental Care East & West, Linnaeusstraat Massage, and the interior decoration shop All The Luck In The World."
285,,Bos en Lommer,52.37537,4.86019,Private room,108,3,316,3.21,1,220,2,holland,"The area features dining options including Biladi, Rue de sevres, Wanica Exotics, and Warung Kamal Afhaalcentrum, alongside retail and service spots like Etos, LA CHIC, Martins avondwinkel, and Mimi Kapsalon. The local garden serves as a notable green space for the neighborhood."
5076,,Centrum-West,52.37964,4.88193,Entire home/apt,300,2,1,0.27,1,13,1,holland,"The area features local services including Daniel International Hairstylist, MacRepair.nl, Jouw Groenteman, and a wine shop, alongside recreational facilities such as a soccer pitch, a table tennis pitch, and two playgrounds. Noorderspeeltuin is a notable local playground that serves as a key community space for families."
4205,,Oud-Oost,52.36537,4.92648,Private room,105,1,4,0.23,1,80,3,holland,"The area features dining and food options such as Café Wu, L'Abeille, Primo Passo, and Tabakshop Rex, alongside retail services including Dapper Tutto, Dierenspeciaalzaak Oscar, Rogue Razor, and Talay Gordijnenhuis. Dappermarkt serves as a local marketplace and a significant neighborhood landmark, providing a central hub for community commerce."
2302,,Oud-Oost,52.35616,4.90896,Entire home/apt,92,4,21,0.4,1,0,3,holland,"The area features dining and nightlife options including India Roti Room and Five Stars, alongside retail and services such as Bo-Mij, Bo-Rent, Flama Farah, The Plug, Spally's Kickboxing, and Velespit. These local spots provide a mix of daily necessities, fitness, and specialty shops."
1303,,Centrum-West,52.37418,4.89823,Private room,145,2,91,1.44,1,85,3,holland,"The area features dining and cafes such as American Bar-bq, Les Deux Frêres, Koffieschenkerij, Ganache, and Borstplaat, alongside retail options like La Familia and Black Bikes. It is home to the Oude Kerk, a historic landmark and the oldest building in the city, and is situated within de Wallen, a well-known district significant for its deep historical roots and cultural prominence."
874,,De Baarsjes - Oud-West,52.35876,4.85966,Entire home/apt,199,4,40,0.59,1,6,0,holland,"The area features dining options including Don Burrito, Focacceria, Muang Thai, Papa John's, and Toasty!, alongside a local cafe, Supervorm. You will also find retail and services such as Clinic Pure, a tailor, and the cannabis shop Coffeeshop Vondel."
5038,,De Baarsjes - Oud-West,52.366,4.87632,Entire home/apt,338,2,3,0.67,1,96,3,holland,"The area features dining and nightlife options such as Gertrude and Toussaint, alongside beauty and wellness services like Beatrijs Smulders, SKIN, and The Laser Lab. Local amenities include the Slot Meesenstijn park and playground, the Houseboat Lady Jane guest house, and the kindergarten facility."
4545,,Centrum-Oost,52.36512,4.88241,Entire home/apt,164,7,39,2.48,1,357,31,holland,"The area features a variety of dining options including Bombay inn, Gandhi, The Guru of India, Sumo, Takumi Ramen, and Suzie Wong. Nightlife and social venues consist of Café Eijlders, The Waterhole, and Jimmy Woo."
2220,,De Pijp - Rivierenbuurt,52.34336,4.89532,Entire home/apt,305,3,26,0.49,1,162,0,holland,"The area features personal care and retail options including Beauty & Mind, Elisabeth Haarmode, Haar In De Wind, and C. Tuinder & Zn. You will also find specialized beverage shops such as De wijnimport van Arrebol."
4419,,De Pijp - Rivierenbuurt,52.35477,4.89782,Private room,111,1,0,,8,205,0,holland,"The area features Sarphatipark, a notable local park that serves as a central green space for the neighborhood. Nearby, you can also find the Paleisbeeld, an artwork that highlights the artistic character of the surroundings."
2525,,Westerpark,52.38951,4.87912,Private room,65,2,67,1.41,3,331,8,holland,"The area features dining and food options including Dignita Westerpark, Moos, Erol Doner kebab, Jumbo, and Slagerij Westerpark Halal. Essential services are provided by Fietspiraat and Spaarndammer Apotheek."
2728,,Zuid,52.35254,4.88516,Entire home/apt,133,2,173,4.2,2,231,31,holland,"The area features dining and retail options including De Bakkerswinkel, Sabor de Maria, Pizza Beppe, Imiho, Neeve, and Room of Ideas. It also hosts the local Tandartspraktijk de ZuidAs."
33,,Centrum-West,52.36883,4.88749,Private room,265,2,12,0.45,1,343,2,holland,"The area features a mix of cafes and dining options including Lanskroon, Eetcafe Singel 404, Dutch Flowers Coffee Shop, and The Lebanese Sajeria. Retail and services in the neighborhood include Amsterdam Vintage Watches, Amsterdam cheese company, Story Tiles, and Kapsalon Jeroen Bruggeman."
3619,,Oud-Oost,52.35609,4.90872,Entire home/apt,199,2,3,0.73,1,4,3,holland,"The area features retail and service options including Bo-Rent, Bo-Mij, Five Stars, and Flama Farah. Local amenities include the bicycle shop Velespit, the garden center The Plug, and the artwork display."
4193,,Centrum-West,52.37489,4.88098,Private room,94,3,40,1.7,1,89,21,holland,"The area features dining and cafe options including Box Sociaal, Kafenion, and van Ilse, alongside a pub at De Nieuwe Lelie. You will also find retail and services such as Bike City for bicycle rental, Coffeeshop Paradox, and beauty establishments like Tropics."
5228,,Centrum-Oost,52.36444,4.88127,Private room,60,1,5,1.34,20,0,5,holland,"The area features dining and nightlife options including Fantasia Trattoria, Grand Café DeLaMar, La Bohème, and Milk. Cultural life is centered around DeLaMar, Internationaal Theater Amsterdam, and Melkweg, which are prominent theatres and venues that serve as major hubs for performing arts and live entertainment."
3566,,De Pijp - Rivierenbuurt,52.35464,4.89793,Private room,76,1,26,0.84,8,361,4,holland,"The area features a variety of recreational facilities including a playground, table tennis pitch, basketball pitch, soccer pitch, fitness station, dog park, and garden. These amenities are centered around Sarphatipark, a landmark park that serves as a primary green space and community hub for the neighborhood."
3273,,Centrum-West,52.37502,4.88457,Entire home/apt,250,2,13,0.39,2,0,1,holland,"The area features cultural landmarks including the Anne Frank Huis, a historic museum documenting the life of Anne Frank, and the Westerkerk, a prominent 17th-century church known for its iconic tower. You will also find retail and dining options such as the Anne Frank Huis Museumshop, Comics Import Amsterdam, Lunchcafé Dialoog, Museum Cafe, Huisartsenpraktijk Westertoren, and a kiosk."
3137,,De Baarsjes - Oud-West,52.36405,4.86553,Entire home/apt,119,2,15,0.4,1,0,0,holland,"The area features green spaces such as Nicolaas Beetsplantsoen and Burtmoestuin 'Het eetbare plantsoen', which serve as local community gardens. These are complemented by the presence of Brede school De Kinkerbuurt."
1772,,De Baarsjes - Oud-West,52.36608,4.8764,Entire home/apt,87,1,204,3.23,1,158,28,holland,"The area features dining and nightlife at Gertrude and Toussaint, alongside beauty services at SKIN. Local amenities include the Beatrijs Smulders kindergarten, the Houseboat Lady Jane guest house, and the Slot Meesenstijn park and playground, which serves as a notable local green space and recreation area featuring the Toussaint artwork."
4319,,Noord-Oost,52.39776,4.93731,Entire home/apt,220,3,11,1.45,1,85,9,holland,"The area provides convenience with services like Janneh Beauty salon, Stomerij Propershop, and Pets Place, alongside dining options including KFC, Kwekkeboom, Snackbar 't Puntje, and Toki Sushi and More."
4440,,Centrum-Oost,52.3615,4.9003,Private room,139,2,40,2.65,2,338,32,holland,"The area features dining options including Dwars, Fiaschetteria, Oocker, and Utrechtsedwarstafel, alongside local services like Fietsconsult and Premium Barber Store. The neighborhood is also home to Hotel de Munck and the green space Frederiksplantsoen, a park that serves as a central outdoor gathering spot for the community."
2346,,De Baarsjes - Oud-West,52.36865,4.86828,Private room,125,3,159,3.13,1,0,0,holland,"The area features a mix of services and dining, including Huisarsten Bellamyplein for medical care, Kalender Kleermaker and Ekerbiçer for tailoring, and Login for computer services. You will also find Café Bellamy and Tati for refreshments, alongside La Parole and More for retail and nightlife options."
1490,,Westerpark,52.38416,4.87143,Entire home/apt,98,3,66,0.97,1,51,4,holland,"The area features dining options like Dandy Burger and Semsema, alongside retail and services including E.S.M. Phone House, Enso, Juhique, and Rolinka. Outdoor recreation is provided by the local playground and garden."
3983,,Centrum-Oost,52.36659,4.89972,Entire home/apt,125,7,23,23.0,1,42,10,holland,"The area features dining and nightlife options including Lo Stivale d'Oro, La Panetteria, tasty burger, Coffeeshop Kooi, Icebar, and Free Willie. Accommodations are provided by Eden Residences."
1864,,Westerpark,52.38423,4.87159,Entire home/apt,106,2,8,0.2,1,0,0,holland,"The area features dining options such as Dandy Burger and Semsema, alongside retail and services including E.S.M. Phone House, Enso, Juhique, and Rolinka. Rip van Winkel's is a garden that serves as a local green space for the community."
1715,,Oostelijk Havengebied - Indische Buurt,52.36537,4.93583,Entire home/apt,185,4,18,0.36,2,0,0,holland,"The area features community and social hubs like Buurttafel Timorplein and Cybersoek, alongside Stayokay Amsterdam Oost. Entertainment and nightlife options include the cinema Studio/K and the bar The 5th."
525,,De Pijp - Rivierenbuurt,52.35326,4.90668,Entire home/apt,200,3,38,0.42,1,0,0,holland,"The area features cultural venues such as CC Amstel, Cinetol, Cultuurhuis Diamantslijperij, and OBA CC Amstel, alongside the artwork Revisiting The Cullinan. Guests can also find dining and accommodation at Archive by Pestana and Pestana Amsterdam Riverside."
3016,,De Baarsjes - Oud-West,52.35932,4.85949,Entire home/apt,150,2,20,0.59,1,0,5,holland,"The area features dining options including Papa John's and WarungRahayu, alongside retail services such as A.S.K., Serhat Market, and Supervorm. Local amenities include a playground and public bookcase at J.J. Cremerplein, which serves as a central community gathering space."
1592,,Oud-Oost,52.35544,4.90776,Entire home/apt,149,7,93,1.5,1,61,15,holland,"The area features dining options including Loulou Pizzabar, PepeNero, Dough Studio, and Saffraan aan de Amstel, alongside Café Bica for refreshments. Fitness and leisure are supported by Form and the garden."
2891,,Centrum-Oost,52.36393,4.88797,Entire home/apt,250,4,21,0.65,1,1,0,holland,"The area features dining and retail options such as Ms. Chelin, Mirror, Azarius, and House of Smart, alongside services including King Bikes, Hans Brinker, and Wijkcentrum d'Oude Stadt. Wijkcentrum d'Oude Stadt serves as a local community centre, providing a central hub for neighborhood activities."
992,,De Pijp - Rivierenbuurt,52.35103,4.89218,Entire home/apt,279,4,16,0.21,1,0,0,holland,"The area features dining options including I Love Sushi, Perry's Eethuis, and The Bab, alongside retail and services such as Albert Heijn, Gall & Gall, and Zuid Stomerijen. A garden is also located nearby, providing a green space for the neighborhood."
354,,Centrum-Oost,52.36063,4.89241,Entire home/apt,397,3,48,0.62,1,2,4,holland,"The area features services such as Alphega Apotheek, Autobedrijf Wassenberg, and the school De Kleine Reus. Cultural and creative spaces include the art gallery Atelier Hop and the studio space Studio AnnaMora, alongside the Euphemia Budget Hotel."
2839,,Westerpark,52.38427,4.8725,Entire home/apt,140,2,11,0.26,1,0,0,holland,"The area features dining options such as Dandy Burger and Enso, alongside retail and craft shops including De Steek and Juhique. Rip van Winkel's serves as a local community centre and garden, providing a central hub for neighborhood activities and green space."
952,,Centrum-West,52.38423,4.88252,Private room,65,3,12,0.18,1,0,0,holland,"You will find dining and cafes including The Breakfast Club and De Smederij, alongside retail options like Demure couture hat, Nous, and Rent a Bikey. The area also features services such as RVV.NL."
2494,,Centrum-Oost,52.36283,4.88712,Private room,89,2,126,3.91,1,32,23,holland,"The area features a mix of retail and services, including Spiegelgracht Jeweliers, Tinkerbell for toys, and Health Quest by Joyce for beauty, alongside the art gallery Peter Donkersloot. Dining options include Broodje Art, while educational offerings are provided by Cours de Français near the Tulip House Luxury Apartment."
3014,,Oud-Oost,52.35571,4.90869,Entire home/apt,100,2,13,4.94,1,0,3,holland,"The area features dining and retail options including Dough Studio, Five Stars, and Velespit, alongside wellness and lifestyle services like Bo-Mij, Form, and The Plug. Local amenities are rounded out by the garden space at The Plug, which serves as a notable outdoor feature for the neighborhood."
2224,,De Baarsjes - Oud-West,52.35823,4.85741,Entire home/apt,290,3,6,0.13,1,9,0,holland,"The area features dining options including Annapurna, De Pizzabakkers, Overtone Bistro, Parallel, Pieter Bas, and YNK, alongside local services like Dierenkliniek Overtoom and a hairdresser."
1497,,Watergraafsmeer,52.35442,4.93148,Entire home/apt,110,4,36,0.56,2,136,2,holland,"The area features retail and service options including Miele Witgoedcentrum for housewares, Edelsmeden Sohier & Gelderman for jewelry, and Pieksman wijnen. Daily needs are supported by Dave Haircreations, Tandartspraktijk Brinkman, and the car repair shop Autobedrijf H. van Vliet."
2903,,Centrum-West,52.37859,4.89613,Private room,203,1,75,3.14,1,319,32,holland,"The area features retail and services including Amac, COPA Football Flagship Store, Het Zwarte Fietsenplan, and Marina Tabak Souvenier Supermarkt, alongside the convenience of Albert Heijn. Accommodations in the vicinity include A-Train Hotel and Hotel Plant."
4388,,Centrum-Oost,52.360924,4.898329,Private room,195,3,9,6.14,4,163,9,holland,"The area features retail and professional services including Archive Store and Intervision. Frederiksplantsoen serves as a local park, while Frederik Park House provides guest accommodation."
3360,,Centrum-West,52.38367,4.88812,Entire home/apt,506,2,15,0.57,1,75,4,holland,"The area features creative retail spaces including Bizarre Design and furniture shop The Arch. Cultural and recreational life centers around the arts centre dé Beeldhouwschool, which is complemented by a playground, basketball pitch, boules pitch, and picnic_table."
3554,,Centrum-Oost,52.36011,4.88851,Private room,107,2,98,3.07,1,82,14,holland,"The area features green spaces and gardens including Eerste Weteringplantsoen, Kruidenpluktuin Weteringbuurt, and an outdoor playground. Retail options include Ekoplaza and Carl Denig, while the artwork Simon Carmiggelt serves as a local landmark honoring the renowned Dutch writer."
890,,Westerpark,52.38203,4.87826,Entire home/apt,125,2,5,0.07,1,289,0,holland,"The area features dining and retail options including Toko Hangalampoe, De Republiek, and Bario Market, alongside nightlife and leisure spots like Westerpark Home. It is home to significant landmarks such as Checkpoint Charlie, a historic site marking a Cold War crossing point, and Tegenbeeld, a notable piece of public artwork."
2167,,Centrum-Oost,52.3666,4.89824,Entire home/apt,207,2,145,2.77,1,257,10,holland,"The area features dining and nightlife options including Brasserie Flo, Graphite by Peter Gast, Cooldown Cafe Rembrandtplein, and John Doe. You will also find the Eden Hotel Amsterdam and the coffee shop Screaming Beans nearby."
793,,Centrum-West,52.37942,4.88423,Entire home/apt,160,1000,38,0.72,1,12,6,holland,"The area features dining and pastry options like Café R. de Rosa, Tiramisúp, and Les petits canelés, alongside a deli at Roquebrun. Retail and lifestyle services include the antiques shop Ditjes & Datjes, the clothing store OJAI, and the bar Reverse, which also offers beauty services."
4939,,Centrum-Oost,52.36607,4.89231,Entire home/apt,180,7,5,3.49,2,336,5,holland,"The area features retail and services including B'Femme, Shirt Shop, and Secret Village, alongside the Rita Community Center. You will also find the pub Who Cares and the gallery Galerie WIHH, a local space for contemporary art."
4025,,Bos en Lommer,52.37286,4.8495,Entire home/apt,100,12,4,0.16,1,0,2,holland,"The area features dining and retail options such as Domino's and Loft, alongside professional services like Kaak Medisch Centrum and Campingsport Amsterdam. Erasmuspark serves as a local landmark and park, providing a significant green space for outdoor recreation."
496,,Zuid,52.35612,4.88026,Entire home/apt,215,2,21,0.28,1,183,0,holland,"The area features dining and retail options such as Best Bread Boba, Solo, and De Bijbel: het woord van God. It is anchored by the Concertgebouw, a world-renowned concert hall, and Museumplein, a major cultural hub that hosts several of the city's most significant art institutions."
453,,Centrum-West,52.38428,4.88636,Entire home/apt,250,3,33,0.43,1,37,4,holland,"The area is a hub for creative and performing arts, featuring dance and music instruction at Buenos Aires Tango, Pasito, and Kim Sutherland. The Loft and Zeni's Art serve as the local arts centre and gallery, providing spaces for artistic practice and exhibition."
3744,,De Baarsjes - Oud-West,52.36609,4.87203,Hotel room,273,1,1,0.05,3,0,0,holland,"The area features dining and nightlife options including the Polish cafe Kazik, the Asian restaurant Soytasty, and the bar PAMELA. Retail and services are represented by the bicycle shop De Stadsfiets, the florist WoodHouse, and beauty and hair establishments Menspire and Mooi Anders."
3713,,De Baarsjes - Oud-West,52.36556,4.87667,Entire home/apt,125,2,11,0.37,3,0,8,holland,"The area features dining and nightlife options such as De Italiaan, Gertrude, and Toussaint, alongside beauty services including SKIN and The Laser Lab. Local amenities also include the Slot Meesenstijn playground and kindergarten."
579,,Westerpark,52.37544,4.87394,Entire home/apt,241,2,30,1.76,1,0,3,holland,"The area features daily essentials including the supermarket Albert Heijn and the convenience store Yassmin, alongside services such as Slagerij Tuana, Dierenkliniek Amsterdam - Frederik Hendrikstraat, and a hairdresser. Leisure options are represented by Coffeeshop de Supermarkt."
3733,,De Pijp - Rivierenbuurt,52.3417,4.89547,Private room,79,3,39,1.52,1,19,1,holland,"The area features community spaces including a garden, picnic_table, and two playgrounds, alongside the place_of_worship Maarten Lutherkerk. CompaNanny is also located nearby."
3861,,Bos en Lommer,52.38422,4.84844,Entire home/apt,160,2,33,1.26,1,68,8,holland,"The area features dining options including Hap Li and Raina SR, alongside De Ruijter Scooters for motorcycle services. Chadni Chowk serves as a notable landmark and market, while the surroundings also include a playground and Terminal 18 as a social facility."
48,,De Pijp - Rivierenbuurt,52.35784,4.90206,Entire home/apt,145,18,92,0.81,1,90,2,holland,"The area features convenient retail and services including Lidl and Paul & Ninette Bike Rental. You will also find hospitality and dining options such as MAX Hotel, Coffeeshop IBIZA, and Paul & Ninette Vinotheque."
63,,Centrum-Oost,52.36738,4.89671,Private room,120,2,421,3.77,1,119,5,holland,"The area features dining and nightlife options including Blin Queen, Pizza Beppe, and the Irish pub Mulligans, alongside accommodations like Amsterdam House Hotel and Hotel Amstelzicht. The Dancing Houses serves as a notable local viewpoint, offering a distinct perspective of the surrounding architecture."
1426,,De Pijp - Rivierenbuurt,52.35388,4.89877,Entire home/apt,150,2,9,0.14,1,0,0,holland,"The area features a mix of leisure and social spots, including Sol Coffee Bar for dining and a fitness station at Gentlemen's Club Park 118. Sarphatipark serves as a key local landmark, providing a central green space for the community."
4098,,Westerpark,52.37532,4.87341,Entire home/apt,220,4,5,0.21,1,88,1,holland,"The area features daily essentials including the supermarket Albert Heijn and convenience stores El Fath and Sevgi. You will also find the florist 't Lieveheersbeestje, the garden Slagerij Tuana, and childcare services nearby."
205,,De Baarsjes - Oud-West,52.3709,4.85301,Entire home/apt,130,3,76,0.82,1,69,4,holland,"The area features dining and nightlife options such as Café Cook and Proeflokaal Vesp, alongside retail staples like Marco's Groentespeciaalzaak and Etos. Tuin van Jan serves as a local garden and playground, providing a green space for community recreation."
1894,,IJburg - Zeeburgereiland,52.35319,5.00614,Private room,74,1,20,0.33,10,0,0,holland,"The area features dining options such as Barstow, Caña IJburg, and KOH - Kitchen of Happiness, alongside the marinas Haven Muider Compagnie and Haven WV IJburg. These marinas serve as central hubs for water-based activity in the neighborhood."
3937,,Centrum-West,52.3748,4.87652,Private room,120,2,5,0.19,1,0,0,holland,"The area features local services including the hairdresser Ruparo, the copyshop ID4You, and the pub Café 't Mannetje. Nearby you will find the marina Staverno and the park Tweede Marnixplantsoen, which serves as a local green space featuring a picnic table."
3325,,De Baarsjes - Oud-West,52.36535,4.87496,Shared room,225,2,14,1.03,6,83,2,holland,"The area features dining and retail options such as Little Plant Pantry, Sotto Zero, and Teds place. Essential services and community amenities include DC Klinieken, springlet, and a public_bookcase."
3431,,Centrum-Oost,52.36596,4.90894,Entire home/apt,161,7,2,0.07,15,364,0,holland,"The area features cultural landmarks including the Luther Museum Amsterdam, which highlights local religious history, and the Hortus Botanicus, a historic garden known for its diverse botanical collections. Nearby outdoor spaces include the J.W. van Overloopplantsoen park and the public artwork Afscheid."
840,,IJburg - Zeeburgereiland,52.34965,5.00809,Entire home/apt,499,3,11,0.14,1,175,0,holland,"The area features community amenities including the dentist Mondzorg Haveneiland and the school Laterna Magica. Theo van Goghpark serves as the local park and garden space, providing a green landmark for outdoor recreation."
4950,,De Baarsjes - Oud-West,52.36755,4.87358,Entire home/apt,113,3,3,0.62,1,0,3,holland,"The area features diverse dining options including Mano Bakery, OTEMBA - ramen, Tandoori Express, and Teahouse. Local amenities include the community centre Da Costa and the beauty service GO NKD."
1325,,De Baarsjes - Oud-West,52.35974,4.85972,Entire home/apt,149,7,12,0.19,1,7,1,holland,"The area features local amenities including the Serhat Market for groceries and a restaurant called A.S.K., alongside a tobacco shop known as De Zingende Zwaan. Educational and recreational facilities include the Brede School Annie M.G. Schmidt and the J.J. Cremerplein playground."
1275,,Centrum-West,52.36652,4.88573,Entire home/apt,178,2,29,0.47,1,116,0,holland,"The area features dining options with outdoor seating at Morlang and Walem. Additionally, BOXIE24 Opslag huren Amsterdam provides storage rental services."
4930,,Bos en Lommer,52.3779,4.84629,Entire home/apt,120,3,0,,1,22,0,holland,"The area features dining options such as Meram and La Peri, alongside retail and services including Apino, Coffee Company, and Apotheek Bos en Lommer."
4912,,Centrum-West,52.37583,4.88193,Entire home/apt,119,5,3,0.54,6,135,3,holland,"The area features international dining at De Reiger and retail options including jewelry at Galilea and gifts at patina. Egelantiersgracht is a notable attraction, serving as a scenic and historic canal that defines the character of the neighborhood."
3652,,De Pijp - Rivierenbuurt,52.35642,4.90444,Entire home/apt,125,3,11,0.37,1,0,0,holland,"The area features dining and nightlife options such as Impero Romano and Café Gijs, alongside creative spaces like Voyeur by Kaosz Atelier and the service facility Aroba Bandenservice. It also includes the Huis met de Kabouters, a local landmark known for its distinctive architectural facade and historical character."
609,,Westerpark,52.38573,4.8663,Entire home/apt,200,2,10,0.11,1,0,0,holland,"The area features dining and nightlife at Rainarai and TonTon Club Westergas, alongside the educational Vinseschool. Westerpark and Westergasfabriek serve as key local landmarks, providing significant green space and a cultural hub for the community."
3465,,De Pijp - Rivierenbuurt,52.35232,4.89795,Private room,69,3,32,1.04,2,353,10,holland,"The area features educational institutions including De Avonturijn, Kindcentrum Sarphati, and Lycée français Vincent van Gogh. Local amenities also include the Afrikahuis and the Love Cycle bicycle shop."
4431,,Westerpark,52.38584,4.88124,Entire home/apt,44,2,18,1.04,4,0,6,holland,"The area features dining and event spaces such as Billie, Dumplings, and Zonder Titel, alongside the creative venue Volta. It also includes the green spaces Westerpark, a significant local park known for its expansive recreational grounds and cultural programming."
5386,,Zuid,52.361374,4.883171,Private room,149,1,0,,6,271,0,holland,"The area features dining and retail options including Momo, Srikandi, Tea Kee, and G-Star Raw. Accommodations are available at Hotel Cornelisz and Park Centraal."
5390,,Zuid,52.361374,4.883171,Private room,416,1,0,,6,76,0,holland,"The area features dining and cafes such as Momo, Srikandi, and Tea Kee, alongside retail options like G-Star Raw. Accommodations in the vicinity include Hotel Cornelisz and Park Centraal."
330,,De Pijp - Rivierenbuurt,52.35102,4.89063,Entire home/apt,285,1,64,0.9,1,44,5,holland,"The area features dining and retail options such as Anook Bakehouse, The Breakfast Club, and Jonkmans Bloemenhandel. You will also find wellness services at Massage Ying Ying, alongside a local garden and playground."
2925,,Zuid,52.35268,4.86377,Entire home/apt,444,5,9,2.33,1,304,3,holland,"The area features dining options such as Juliette and Kooy's Delicatessen. It also includes Stichting Kuria, which serves as a local social facility."
5477,,Centrum-West,52.3782,4.88501,Entire home/apt,272,2,0,,1,12,0,holland,"The area features retail options including Albert Heijn, La maison de sophie, Mechanisch Speelgoed, and De Anjelier, alongside the deli Terre Lente. Local services are supported by Kresj Lindengracht."
196,,De Baarsjes - Oud-West,52.36897,4.85561,Entire home/apt,120,4,82,0.92,1,0,2,holland,"The area features various sports facilities including a field hockey pitch, a table tennis pitch, a basketball pitch, and two playgrounds. Balboaplein serves as a local garden and community space."
5361,,De Baarsjes - Oud-West,52.365269,4.87544,Private room,78,2,10,8.57,1,290,10,holland,"The area features dining options including Pizza Amsterdam, Sotto Zero, and Teds place, alongside retail at Little Plant Pantry. Local amenities also include the public bookcase, the supermarket, and the medical facility DC Klinieken."
5195,,Westerpark,52.37792,4.87703,Entire home/apt,225,3,4,1.28,1,38,4,holland,"The area features the Frederik Hendrikplantsoen, a local park that serves as a central green space for the neighborhood. Nearby amenities include the Cartesius Lyceum, which functions as the local school."
4659,,Centrum-Oost,52.36147,4.89102,Private room,115,1,26,2.25,6,86,26,holland,"The area features retail and community spots including Koek, Schaeffer & van Tijen, Poopy Cat, and Soma Mission of Sacred Plants. NFT Playground Amsterdam serves as a local cultural attraction focused on digital art and modern technology."
4892,,Zuid,52.35906,4.87881,Private room,74,2,40,7.41,7,330,40,holland,"The area features dining and retail options such as Ottolenghi, La Casa del Habano - Amsterdam, Zara Home, and Bonebakker. It also includes the Conservatorium, a landmark hotel known for its historic architecture, alongside Christelijke basisschool Instituut Schreuder."
2445,,Westerpark,52.37389,4.87386,Entire home/apt,160,2,3,0.09,1,0,0,holland,"The area features dining and cafe options such as Salvo Italian Bakehouse, De Aardige Pers, Cafe de Oude Schaeper, and Cafecito. Local amenities include the Dr. Rijk Kramerschool and a garden."
4424,,Centrum-Oost,52.36331,4.89307,Private room,1200,1,0,,2,365,0,holland,"The area features dining and retail options including Wake 'n Bake, Pesto Presto, Impacto Seedbank, and Priwet Rossia. It is also home to Museum Van Loon, a historic canal house museum that showcases the lifestyle of the Dutch Golden Age."
4517,,Centrum-West,52.36821,4.88784,Private room,117,1,35,2.22,8,167,33,holland,"The area features dining options such as Beulings, Casa di David, and Pianeta Terra, alongside the educational institution Art of Colors Makeup Artist School. The Sint-Franciscus Xaveriuskerk serves as a local place of worship and architectural landmark."
1496,,De Baarsjes - Oud-West,52.37002,4.85226,Entire home/apt,100,3,31,0.47,1,0,0,holland,The area features retail and dining options such as Zeeman and Evert Snack. You will also find nightlife and specialty establishments including 156 and Coffeeshop 158.
2357,,Centrum-West,52.37037,4.89785,Private room,73,1,174,3.44,2,280,46,holland,"The area features a mix of cultural and social venues including the Compagnietheater for performances, The Book Exchange for literature, and the pub De Engelbewaarder. Notable local landmarks include the Oost-Indisch Huis, a historic site of architectural significance, and the attraction Bagheera."
3871,,De Pijp - Rivierenbuurt,52.34811,4.90791,Private room,150,1,0,,2,89,0,holland,"The area features a school and recreational spaces including a playground, a pitch, a garden, and a water_point. Philadelphia is a well-known landmark that serves as a major cultural and historical hub for the region."
1026,,Zuid,52.35297,4.85206,Entire home/apt,333,7,10,0.14,1,319,0,holland,"The area features recreational spaces including the park Legmeerplein and the garden De fietsentuin, which serves as a local bicycle hub. You will also find the pub Stadscafé van Mechelen and a playground nearby."
4361,,Zuid,52.34566,4.85962,Entire home/apt,350,3,3,0.85,1,90,3,holland,"The area features dining and nightlife options including Asian Flavours, Swagat, and Baut. It also includes Ton van Schaick, a butcher, and a garden."
4911,,Centrum-West,52.374924,4.879498,Private room,143,2,8,2.07,1,219,8,holland,"The area features professional services including Drukkerij De Haan and Expat Medical Centre, alongside the hotel Mr Jordaan. Local amenities also include a public bookcase."
696,,Westerpark,52.39038,4.88716,Private room,126,2,101,1.2,1,70,21,holland,"The area features dining and culture at BAK and Het Veem Theater, alongside professional amenities including the coworking space Werkgebouw Het Veem. Daily needs are supported by the pharmacy Apotheek Amsterdam and the retail services of Profilex."
5216,,Bijlmer-Oost,52.32452,4.98268,Entire home/apt,179,1,5,1.39,1,0,5,holland,"The area features recreational spaces including Professor Joop van Stigtpark, a park that serves as a central green space, alongside the school Wereldwijs."
1264,,De Baarsjes - Oud-West,52.3689,4.85963,Entire home/apt,144,2,20,0.38,1,154,4,holland,"The area features dining and retail options such as Buurman & Buurman Eetwinkel De With, Centrumkings, and El Marssa Coffeeshop. Local community life is represented by Moskee an-Nour, a place of worship, alongside a car repair service."
3484,,Oud-Noord,52.38516,4.90316,Hotel room,108,1,53,1.75,12,329,1,holland,"The area features a supermarket at Albert Heijn and dining options including Bagels & Beans and Public Space, which offers outdoor seating. Schegpark serves as a local park and garden, providing a green space for the community."
1713,,Westerpark,52.3906,4.88734,Entire home/apt,260,2,11,2.46,3,116,6,holland,"The area features dining and culture at BAK and Het Veem Theater, alongside professional amenities including the coworking space Werkgebouw Het Veem. Daily needs are supported by the pharmacy Apotheek Amsterdam and the retail services of Profilex."
3885,,De Pijp - Rivierenbuurt,52.34769,4.90816,Private room,150,2,0,,2,146,0,holland,"The area features recreational facilities including a garden, a playground, and a pitch, complemented by a picnic table and a water point."
669,,Oostelijk Havengebied - Indische Buurt,52.35963,4.94314,Entire home/apt,80,2,54,0.84,1,0,0,holland,"The area features recreational facilities including a soccer pitch, a basketball pitch, a boules pitch, a garden, and a chess picnic_table. Cruyff Court Sjaak Swart serves as a local landmark, providing a dedicated space for community sports and outdoor activity."
82,,Centrum-Oost,52.36412,4.88757,Entire home/apt,299,3,60,0.66,1,165,0,holland,"The area features retail options including Azarius and House of Smart, alongside cultural and community spaces such as Slewe Gallery and Wijkcentrum d'Oude Stadt. Keizersgrachtkerk serves as the local place of worship."
3893,,Oud-Noord,52.39017,4.93538,Entire home/apt,75,5,4,0.15,1,0,0,holland,"The area features recreational spaces including Tennispark Elzenhagen and W.H. Vliegenbos. W.H. Vliegenbos serves as a significant local park, providing a natural green space for the community."
547,,De Baarsjes - Oud-West,52.3705,4.86328,Entire home/apt,120,4,42,0.48,1,0,2,holland,"The area features a mix of retail and dining options including the florist Bloemenhoek Admiraal, the grocery service Gorillas, and Buongiorno Espressobar, which offers outdoor seating. Natuurtuin Slatuinen serves as a local garden, providing a quiet green space for the community."
539,,De Baarsjes - Oud-West,52.37124,4.87155,Entire home/apt,165,2,25,0.28,1,154,0,holland,"The area features dining and retail options including Mook pancakes, IJscuypje, Bilder & de Clercq, and Flowers & Powers. These spots provide a mix of casual eateries, a dessert shop, a grocery store, and a florist."
1095,,De Pijp - Rivierenbuurt,52.35106,4.90422,Private room,126,2,290,3.85,2,293,44,holland,The area features retail options including Elektrovisie and SuperFly.
199,,Centrum-West,52.379,4.87909,Entire home/apt,210,4,60,0.57,1,78,2,holland,"This area features dining and retail options including Sonkran, Slagerij Rief, and Staverno Nassaukade. The surroundings also include the gallery Marjan de Voogd Porcelain and the marina De Schans, which serves as a notable waterfront hub for the local community."
464,,Oud-Oost,52.35363,4.91644,Entire home/apt,170,12,7,0.27,1,0,0,holland,"The area features recreational facilities including a Cruyff Court, which serves as a dedicated soccer pitch for local sports and community activity. The surroundings also provide a fitness fitness_station, a garden, a table_tennis pitch, and a playground."
1940,,De Baarsjes - Oud-West,52.36873,4.85616,Private room,45,1,225,4.35,2,194,27,holland,"The area features recreational facilities including a field hockey pitch, a table tennis pitch, a basketball pitch, and two playgrounds. Balboaplein serves as a local landmark and community hub, providing a central outdoor space for these sports and activities."
5410,,Centrum-Oost,52.3602599767946,4.896829015520441,Entire home/apt,500,3,0,,1,78,0,holland,The area features dining at Bouchon du Centre and nightlife at Soda. The Black Beauty serves as a local hotel.
2968,,De Pijp - Rivierenbuurt,52.34181,4.89459,Entire home/apt,214,2,14,0.36,1,9,0,holland,"The area features Maarten Lutherkerk, a place of worship that serves as a local landmark for the community. The surroundings also include a garden, a picnic table, and a playground, providing spaces for outdoor recreation."
3157,,De Baarsjes - Oud-West,52.36393,4.87508,Private room,129,4,96,2.77,2,64,11,holland,"The area features a mix of daily essentials and dining, including the chemist Kruidvat, the florist Amsterdam Flora, and the beauty salon Delete. You can also find refreshments at Cafe Kompleet and The Bab restaurant."
898,,Oud-Oost,52.36008,4.91091,Entire home/apt,121,4,27,0.34,1,111,2,holland,"The area is defined by an academic environment featuring the Amstelcampus, Benno Premselahuis, and Koetsier-Montaignehuis, which serve as the primary university and college facilities. YUSU provides a local cafe setting within this educational hub."
5264,,De Baarsjes - Oud-West,52.37161,4.85221,Private room,45,1,6,2.73,2,359,6,holland,"The area features dining at Café Cook and the historic Jeruzalemkerk, a landmark place of worship known for its distinct architecture. Outdoor recreation is also available nearby with a playground, soccer pitch, and garden."
3116,,Centrum-West,52.38031,4.88858,Private room,164,3,54,1.9,1,271,28,holland,"The area features dining and retail options including Café 't Papeneiland, Café Tabac, and Pompon. These spots provide a mix of local cafe culture and floral offerings within the neighborhood."
3056,,De Baarsjes - Oud-West,52.37014,4.86516,Hotel room,151,2,39,0.98,20,239,1,holland,"The area features a selection of dining and nightlife options including Le French Cafe, Café Thuys, Boegbeeld, and Spelletjescafé 2 Klaveren. The surroundings also include the artwork Ankh."
3160,,Centrum-Oost,52.36769,4.89981,Entire home/apt,300,3,27,0.82,1,0,0,holland,"The area features dining at Café Café, which offers outdoor seating, and cultural interest provided by the artworks Zonder titel and Spinoza. Stadsloket Centrum serves as the local townhall, acting as the primary municipal service point for the neighborhood."
5281,,Westerpark,52.37724,4.87702,Entire home/apt,125,3,0,,1,0,0,holland,"The area features a marina with Staverno and a boat rental service at Sloepdelen.nl, complemented by a garden and picnic table area that includes the artwork Why not."
2763,,Centrum-West,52.37292,4.87732,Entire home/apt,150,4,17,0.48,1,13,2,holland,"The area features dining options including Ali Baba, BBrood!, Bakkerij Wolf, and Domino's, alongside the hairdresser Kapsalon Bianco."
348,,Oud-Oost,52.34933,4.91314,Entire home/apt,150,2,42,0.48,1,85,0,holland,"The area features dining options including Bam Boa, Troef, and Weesper, with outdoor seating available at Bam Boa. The surroundings also include a garden at Bam Boa."
998,,De Baarsjes - Oud-West,52.36846,4.86632,Entire home/apt,629,1,19,0.25,1,68,1,holland,"The area features dining and dessert options like Spaghetteria Pasta Bar and Massimo Gelato, alongside retail shops including Cetas Satellite and Gordijnenhuis Madina. It is anchored by Ten Katemarkt, a local marketplace that serves as a central hub for daily shopping and community activity."
1622,,Oud-Oost,52.35893,4.92372,Entire home/apt,130,3,51,0.78,1,0,1,holland,"The area features a coffee shop at Stooker Roasting Company and a laundry service at Wasserette Kastanjeplein. World Explorers serves as a local landmark, providing childcare services that cater to families in the neighborhood."
2238,,Centrum-West,52.38065,4.88742,Entire home/apt,425,2,52,1.03,1,68,3,holland,"The area features a selection of cafes and dining spots including Café 't Papeneiland, Café Thijssen, Enté, and Jardin. You will also find the florist Pompon in the immediate vicinity."
5157,,Centrum-West,52.37489,4.88058,Entire home/apt,105,1,5,1.32,1,10,5,holland,"The area features hospitality options including the hotels Mr Jordaan and De Nieuwe Lelie, alongside the beauty salon van Ilse. A picnic table is also available for outdoor use."
2412,,Centrum-West,52.37309,4.87742,Entire home/apt,215,2,12,0.78,1,3,0,holland,"The area features dining options including BBrood!, Bakkerij Wolf, Domino's, and Shoarma Mesut 2, alongside the Kapsalon Bianco hairdresser."
4490,,De Baarsjes - Oud-West,52.36853,4.87622,Private room,157,3,27,1.69,1,191,20,holland,"The area features convenient services including Orange Copy and TeleWorld, alongside dining options such as Cafecito and Dr. Falafel. A kindergarten is also located in the immediate vicinity."
4688,,Centrum-West,52.36821,4.88274,Private room,269,1,1,0.6,3,45,1,holland,"The area features the Andaz Amsterdam Prinsengracht, by Hyatt hotel and local retail including Verse for clothes, Prinsheerlijk Antiek for antiques, and De Knipkamer 352 for hair services. The hotel is a landmark of the neighborhood, known for its design and location along the historic canal."
5353,,Zuid,52.3454,4.86011,Entire home/apt,175,3,2,1.67,1,0,2,holland,"The area features dining options including Asian Flavours and Swagat, alongside a butcher at Ton van Schaick. You will also find a bar at Baut and a garden, providing a mix of culinary and leisure spaces."
4841,,Westerpark,52.37661,4.87386,Entire home/apt,300,2,0,,1,0,0,holland,"The area features healthcare services including Apotheek Frederik Hendrik and doctors Kappeyne van de Coppello and Matijn Roest. It also includes a garden featuring the artwork of the same name, which serves as a notable local landmark."
291,,De Baarsjes - Oud-West,52.36518,4.86652,Entire home/apt,155,2,3,0.03,1,263,1,holland,"The area features healthcare services including Gezondheidscentrum Borgerstraat, Tandartsengroep Borgerstraat, Pearle, and Specsavers. Retail options are represented by Norah."
5460,,Oud-Oost,52.36175,4.91827,Shared room,23,1,0,,6,322,0,holland,"The area features educational and creative facilities such as Metis Montessori Lyceum and the gallery Vincent Hall. You will also find specialized resources and recreation at Plastic2Print and Skatepark Oosterpark, which serves as a local hub for skating enthusiasts."
309,,Zuid,52.34008,4.85133,Entire home/apt,300,7,5,0.06,1,212,0,holland,"The area features sports facilities including the Tenniseiland tennis pitch and sports centre, as well as the multi sports_centre Witte Huis. Park de Schinkeleilanden is a local park that provides green space for the neighbourhood."
5484,,De Baarsjes - Oud-West,52.363525,4.861189,Entire home/apt,256,3,0,,1,5,0,holland,"The area features dining options such as The Burger Maffia and The Burger Mafia, alongside the Huisartsenpraktijk Fijnhout medical office. Local culture is represented by the artwork pieces De Batavier and De droom van een hond."
969,,Oud-Oost,52.35173,4.91328,Entire home/apt,110,2,22,0.29,1,0,0,holland,"The area features dining options including Rijsel and Mr Watson, alongside the cultural venue Marci Panis. Residents also have access to Wibautpark, a local green space that serves as a key outdoor recreational area for the neighborhood."
993,,Centrum-Oost,52.37046,4.91136,Entire home/apt,147,5,147,2.13,1,293,10,holland,"The area features dining options including the Ethiopian restaurant Kilimanjaro, the Italian restaurant Verena, and the restaurant Eenvistweevis, alongside the pub Café Scharrebier. It also includes the information point Entrepotdok, a historic warehouse complex that serves as a notable landmark for the neighborhood."
1202,,Zuid,52.35727,4.87465,Entire home/apt,200,3,28,0.65,1,237,3,holland,"The area features dining and nightlife options including Classico, George W.P.A., and Gruter, alongside retail at Oska. It also hosts SBK / Galerie59, an arts centre that serves as a focal point for local creative and cultural activity."
5385,,Bos en Lommer,52.37763,4.84893,Entire home/apt,120,2,0,,1,259,0,holland,"The area features recreational spaces including a garden, a soccer pitch, and a playground. Tijl Uilenspiegelschool serves as the local school."
2570,,Centrum-West,52.37626,4.88655,Private room,183,1,103,2.43,1,322,10,holland,"The area features hospitality options such as Canal House and The Toren dependance, alongside dental care providers including Lassus Tandartsen Keizersgracht and Tandartspraktijk Buisman."
2965,,De Pijp - Rivierenbuurt,52.35015,4.88745,Entire home/apt,200,3,4,0.14,1,0,0,holland,The area features dining options including the Indonesian restaurant Omahe and the hot dog fast food spot The Fat Dog. It also includes the place of worship Hare Krishna Nederland and a local butcher.
2719,,De Pijp - Rivierenbuurt,52.35004,4.90142,Entire home/apt,165,2,16,0.54,1,0,0,holland,"The area features a garden and a field hockey pitch, alongside a public bookcase and the artwork Wethouder Wibaut, which serves as a notable local landmark commemorating a prominent Dutch politician."
1338,,Centrum-West,52.3696,4.88748,Entire home/apt,210,7,85,1.27,2,29,9,holland,"The area features dining and nightlife options such as Brasserie Ambassade and A. van Wees Proeflokaal, alongside the Ambassade Hotel and the wellness destination Koan Float."
712,,De Baarsjes - Oud-West,52.37178,4.86923,Entire home/apt,200,3,28,0.65,1,36,2,holland,"The area features recreational spaces including a playground and a soccer pitch, alongside the childcare facility Partou. Bilderdijkpark serves as a local park, providing a central green space for the neighborhood."
3438,,Centrum-Oost,52.36575,4.90896,Entire home/apt,248,7,0,,15,361,0,holland,"The area features the J.W. van Overloopplantsoen park and the Afscheid artwork, which serves as a notable local landmark. Culture is represented by the Luther Museum Amsterdam, a significant site for exploring religious history, alongside the garden space found within the park."
797,,Centrum-Oost,52.36181,4.89755,Private room,207,1,14,0.2,2,135,2,holland,The area features health and wellness services including Huisartsenpraktijk M.F. Huijgen and The City Street Spa. Local recreation is provided by the playground at Kokadorus.
4978,,Westerpark,52.38328,4.87438,Entire home/apt,120,3,0,,1,0,0,holland,The area features services and outdoor recreation including Westerpark Maryam Hair & Beauty and Nick's Rijwielherstel. Trail.NL serves as a local outdoor attraction that provides opportunities for cycling and exploration.
3846,,De Baarsjes - Oud-West,52.36301,4.86222,Entire home/apt,160,3,5,0.18,1,0,1,holland,"The area features dining at Bon Burger and services including Yona's Kids&Cuts and Huisartsenpraktijk Fijnhout. The local surroundings also include the Lootsstraat playground, which serves as a neighborhood recreational space."
3830,,De Baarsjes - Oud-West,52.3707,4.86237,Entire home/apt,150,2,31,1.1,9,0,7,holland,"The area features dining and cafe options such as Buongiorno Espressobar and Mehtap, alongside The Wine Spot for alcohol. Natuurtuin Slatuinen is a local garden that serves as a quiet green space within the neighborhood."
3647,,De Baarsjes - Oud-West,52.36947,4.85533,Entire home/apt,160,3,6,0.21,1,5,2,holland,"The area features community spaces including the Buurthuis De Tagerijn and the Balboaplein, which serves as a local playground and garden."
3573,,Centrum-West,52.38025,4.88227,Entire home/apt,275,3,23,0.72,1,5,3,holland,"The area features dining and retail options including O Bistro and Jouw Groenteman, alongside local spots like Café Lowietje. Constantiahofje serves as a historic garden, providing a quiet green space within the neighborhood."
847,,Oud-Oost,52.35852,4.90919,Entire home/apt,120,2,5,0.07,4,337,0,holland,"The area is centered around the Amstelcampus university, which features recreational facilities including a soccer pitch, a table tennis pitch, and bleachers."
830,,Westerpark,52.38085,4.87372,Entire home/apt,175,3,66,0.85,1,0,3,holland,"The area features a garden, a picnic table, and a playground for outdoor recreation. Kosmos serves as the local restaurant."
3202,,Westerpark,52.38325,4.87405,Entire home/apt,165,8,23,0.63,2,0,0,holland,"The area features local services including Westerpark Maryam Hair & Beauty and Nick's Rijwielherstel. Outdoor recreation is supported by Trail.NL, while the nearby garden is a notable green space that serves as a central park for the community."
3010,,Zuid,52.35482,4.85329,Hotel room,151,1,47,1.25,20,267,3,holland,"The surroundings feature a guest house and a pub, alongside a playground and a garden for outdoor leisure. Gent serves as a notable landmark, acting as a historic cultural hub for the area."
4451,,Centrum-West,52.374474,4.880253,Private room,139,2,8,0.48,1,47,6,holland,The area features Expat Medical Centre for health services and the hotel Mr Jordaan for accommodation. A picnic table is also available for outdoor seating.
1373,,Centrum-Oost,52.36685,4.91097,Entire home/apt,320,5,11,0.22,1,0,0,holland,"The area features cultural landmarks such as the Hollandsche Schouwburg and the Nationaal Holocaustmuseum, which are significant as sites of remembrance and history. Nearby amenities include Cafe Eik en Linde for dining and The Elephant Hostel for accommodation."
396,,Oud-Oost,52.36095,4.92986,Entire home/apt,170,1,31,0.65,2,0,0,holland,The area features the educational institution Havo De Hof and the dining establishment Mi-Gudu.
4921,,Oud-Oost,52.34915,4.91344,Entire home/apt,265,3,2,2.0,1,85,2,holland,"The area features dining options such as Troef and Weesper, alongside Mokumboot Amsterdam Weesper, which serves as a boat rental facility for exploring the local waterways."
470,,De Pijp - Rivierenbuurt,52.34965,4.89403,Private room,79,2,66,0.92,1,277,7,holland,The area features sports facilities including Sportcentrum De Pijp and Sporthal de Pijp.
436,,Zuid,52.35289,4.87731,Entire home/apt,466,3,20,0.26,1,7,1,holland,"The area features public green spaces and recreation, including the garden Jacob Obrechtplein and a playground. It also hosts the place of worship Raw Aron Schuster Synagoge, which serves as a significant local religious landmark."
1709,,Westerpark,52.38434,4.87099,Entire home/apt,80,10,5,0.08,1,0,0,holland,The area features retail options including E.S.M. Phone House and beauty services such as Rolinka and Semsema.
3878,,De Baarsjes - Oud-West,52.37182,4.87157,Hotel room,105,2,45,1.59,2,107,3,holland,"The area features a variety of local shops and dining options, including Flowers & Powers for floral needs, IJscuypje for ice cream, and the pub Janszen. The artwork Janszen adds a cultural touch to the surroundings."
1928,,Bos en Lommer,52.37756,4.8496,Entire home/apt,175,2,34,0.71,1,0,5,holland,"The area features recreational facilities including a garden, a soccer pitch, and a table_tennis pitch. Tijl Uilenspiegelschool is also located here."
1712,,IJburg - Zeeburgereiland,52.35197,5.00199,Private room,55,1,79,1.47,1,17,6,holland,"The area features dining and coffee options like Merza and Espressofabriek, alongside retail shopping at Sarah Bridal. A playground is also located nearby."
123,,De Pijp - Rivierenbuurt,52.34557,4.8962,Private room,65,1,464,5.18,1,154,31,holland,"The area features a playground, a garden, and a soccer pitch, alongside The Royal Treatment for shoe repair."
4113,,Oostelijk Havengebied - Indische Buurt,52.37462,4.93523,Entire home/apt,189,3,13,0.53,1,0,3,holland,"The area features dining and cafe options such as Anne&Max Zeeburg and Taparia. Brazilië serves as a local mall, providing a central retail destination for the neighborhood."
1422,,Bos en Lommer,52.37915,4.85889,Entire home/apt,95,2,17,0.25,1,0,2,holland,"The area features community facilities such as the Mansveltschool, alongside local amenities including a garden, a soccer pitch, and a fountain."
5493,,Oostelijk Havengebied - Indische Buurt,52.36895,4.95293,Entire home/apt,120,5,0,,1,324,0,holland,"The area features dining and fitness options including Joki, Jōki, and Great Club. A picnic table is also available for outdoor use."
1488,,De Pijp - Rivierenbuurt,52.35229,4.90635,Entire home/apt,110,3,41,0.62,1,0,6,holland,"The area features cultural venues including Cinetol and Tempel / de Appel, alongside the Theosophische Vereniging place of worship. It also includes a garden, which serves as a quiet green space for the neighborhood."
2616,,Zuid,52.34196,4.85002,Private room,98,2,7,1.42,1,225,6,holland,"The area features recreational sports facilities including Sportpark de Schinkel, which houses a soccer pitch, athletics track, and soccer sports_centre. It also includes Park de Schinkeleilanden, a park that provides green space for the neighborhood."
483,,De Baarsjes - Oud-West,52.36807,4.87636,Private room,89,3,57,0.73,1,166,5,holland,"The area features dining and cafe options including Ashoka kinker, Dr. Falafel, and Cafecito. You will also find Orange Copy for your printing and document needs."
3400,,Oostelijk Havengebied - Indische Buurt,52.37632,4.94322,Private room,105,3,24,0.76,1,52,2,holland,"The area features a hairdresser known as Gentleman, alongside recreational amenities including a playground, a soccer pitch, and a garden."
4371,,De Pijp - Rivierenbuurt,52.35223,4.90642,Private room,309,1,1,0.08,8,325,1,holland,"The area features cultural venues including Cinetol and Tempel / de Appel, alongside the Theosophische Vereniging place of worship. It also includes a garden, which serves as a quiet green space for the neighborhood."
103,,Oud-Noord,52.39442,4.91478,Entire home/apt,170,4,20,0.26,1,0,0,holland,"The area features dining options such as Isken and Domino's, alongside retail and services like Bike Laboratory. The surroundings also include a garden, which serves as a local green space for the community."
2498,,Centrum-Oost,52.37196,4.90404,Entire home/apt,326,3,6,0.13,1,0,0,holland,The area features community facilities including the community centre De Boomspijker and the playground Speeltuin De Waag. Retail options are represented by the camera shop Analogue.
4,,Centrum-Oost,52.36584,4.89111,Private room,55,2,520,5.57,2,267,41,holland,"The area features dining at Secret Garden and nightlife at Club NYX and BLEND XL. It also hosts the Kattenkabinet, a museum dedicated to feline-themed art that serves as a unique cultural landmark for the neighborhood."
5472,,Zuid,52.35238,4.85209,Private room,150,1,0,,2,258,0,holland,"The area features retail options including Dirk and HEMA, alongside dining and nightlife at Stadscafé van Mechelen. Legmeerplein serves as a local park, providing a green space for the neighborhood."
5198,,De Pijp - Rivierenbuurt,52.35306,4.9056,Private room,127,2,4,2.5,1,355,4,holland,"The area features cultural and spiritual landmarks, including the arts centre Cultuurhuis Diamantslijperij and the place of worship Theosophische Vereniging. These sites serve as local hubs for community engagement and philosophical study."
4664,,Centrum-Oost,52.36558,4.91107,Entire home/apt,204,1,0,,15,356,0,holland,"The area features dining and retail options including Coffee Company, De Pizzabakkers To Go, and Het Rijwielherstellingsoord. It is also home to Roeterseiland (UvA), a university campus that serves as a central hub for academic activity in the neighborhood."
4752,,De Pijp - Rivierenbuurt,52.35813,4.90221,Private room,51,1,24,6.32,9,353,24,holland,The area features dining and retail options such as Paul & Ninette Vinotheque and Brow Atelier. Services including MAX Hotel and Galya Gisca Tattoo are also located nearby.
4662,,Centrum-Oost,52.37228,4.92388,Entire home/apt,102,21,0,,1,0,0,holland,"The area features two marinas, WSV Albatros and WSV De Oostvaarders, alongside a playground and a soccer pitch."
5172,,Oostelijk Havengebied - Indische Buurt,52.37303,4.9485,Entire home/apt,600,3,0,,1,3,0,holland,"The area features the Jachthaven Piet Hein marina and the Keesje Brijdeplantsoen park. The Pythonbrug is a notable landmark, serving as a distinctive bridge that connects the surrounding waterfront."
2872,,Oud-Oost,52.3568,4.93252,Entire home/apt,282,2,14,0.37,1,117,0,holland,The area features cultural and educational institutions including the arts centre Framer Framed and the school Kunstmagneetschool De Kraal. These venues serve as local hubs for artistic engagement and learning.
2369,,De Pijp - Rivierenbuurt,52.35447,4.89479,Private room,65,3,173,3.44,1,154,13,holland,"The area features Sarphatipark, a prominent park and garden that serves as a central green space for the neighborhood, complete with a fountain and playground."
4754,,De Pijp - Rivierenbuurt,52.35813,4.90221,Private room,51,1,17,2.51,9,329,17,holland,"The area features a mix of services and hospitality, including Brow Atelier for beauty and Galya Gisca Tattoo for body art. Guests can stay at MAX Hotel and enjoy dining at Paul & Ninette Vinotheque."
1228,,De Baarsjes - Oud-West,52.36964,4.84843,Entire home/apt,125,2,3,0.07,1,22,0,holland,"The area features dining options such as Lunch Hoek and Wok day&night, alongside the public park Rembrandtpark, which serves as a significant local green space. You can also find the artwork Wolk, a notable installation that contributes to the character of the neighborhood."
2693,,De Baarsjes - Oud-West,52.36699,4.8551,Entire home/apt,80,4,24,0.53,1,0,2,holland,"The area features recreational spaces including a playground, a table tennis pitch, and a garden. De Visserschool is a local school serving the community."
979,,Westerpark,52.38211,4.87291,Entire home/apt,80,3,61,0.78,1,1,0,holland,"The area features specialized retail including Gregario Cycling Services for bicycles and Saxomania for musical instruments. You will also find Chapiteau, a cannabis shop, nearby."
5334,,Watergraafsmeer,52.351189,4.93754,Entire home/apt,175,2,2,2.0,1,28,2,holland,"The surroundings feature recreational spaces including a playground, a garden, a soccer pitch, and a public bookcase."
4432,,Westerpark,52.38727,4.87643,Private room,89,1,72,4.15,9,353,32,holland,"The area features recreational spaces including Westerpark, a significant park that serves as a central green hub for the neighborhood. Additional outdoor facilities include a playground and a tennis pitch."
3173,,Oud-Oost,52.35438,4.92349,Entire home/apt,195,3,6,0.17,1,0,0,holland,"The area features local community staples including the Buurtbiep public bookcase and the Bassischool Frankendael school. Transvaalplein serves as a local landmark, providing a dedicated garden and playground space for the neighborhood."
3219,,Westerpark,52.38225,4.87299,Entire home/apt,110,2,3,0.08,1,0,0,holland,"The area features specialized retail including Gregario Cycling Services for bicycles and Saxomania for musical instruments. You will also find the Chapiteau, a venue that serves as a local cultural landmark for live performances."
5017,,Centrum-Oost,52.3623,4.91029,Entire home/apt,134,5,2,0.44,1,0,2,holland,"The area features dining at Cantina Caliente and entertainment at the cinema Kriterion. Accommodations are provided by Hotel Allure, alongside the social facility Jellinek / Sinai Centrum / Punt P / Arkin Basis GGZ."
1787,,De Pijp - Rivierenbuurt,52.35412,4.89504,Private room,71,1,304,4.87,1,250,8,holland,"The area features Sarphatipark, a prominent public park that serves as a central green space and recreational hub for the neighborhood."
2287,,Watergraafsmeer,52.35114,4.93724,Entire home/apt,155,28,10,0.31,1,0,0,holland,"The surroundings feature recreational facilities including a table tennis pitch, a soccer pitch, and a playground, alongside a garden."
2114,,Bos en Lommer,52.37628,4.85734,Entire home/apt,139,4,2,0.04,1,0,0,holland,"The area features recreational facilities including a basketball pitch, a tennis pitch, and a playground, alongside a garden."
3063,,Centrum-West,52.37962,4.88769,Entire home/apt,220,3,25,0.72,2,279,2,holland,"The area features the Noordermarkt, a historic marketplace known for its traditional atmosphere, alongside the basketball pitch. The surroundings also include the artwork Woutertje Pieterse & Femke, which serves as a notable local cultural landmark."
4506,,De Pijp - Rivierenbuurt,52.35683,4.90425,Entire home/apt,135,3,8,0.5,1,0,3,holland,"The area features dining and creative spaces such as Impero Romano and Voyeur by Kaosz Atelier, alongside automotive services like Aroba Bandenservice. There is also a garden located nearby."
3123,,Centrum-West,52.36822,4.88228,Entire home/apt,140,2,15,0.68,1,0,1,holland,The area features dining at Billy's Thai Restaurant and retail options including Verse for clothes and Prinsheerlijk Antiek for antiques. Personal care services are available at De Knipkamer 352.
5405,,De Pijp - Rivierenbuurt,52.35101,4.89613,Entire home/apt,105,5,0,,1,8,0,holland,"The area features educational institutions including 9e Montessorischool De Scholekster and College ZUYD, alongside the place of worship Shri Vishnu Mandir."
3529,,De Baarsjes - Oud-West,52.36518,4.85594,Entire home/apt,285,3,7,0.22,1,359,0,holland,"The surroundings feature a garden, an artwork, and a playground."
3536,,De Baarsjes - Oud-West,52.36199,4.86981,Entire home/apt,140,2,12,0.37,1,2,4,holland,"The area features Helmersplantsoen, a garden and park that serves as a local green space for the community. A public_bookcase is also available for residents to share literature."
3731,,Bos en Lommer,52.37727,4.86255,Entire home/apt,65,2,8,0.27,1,0,0,holland,"The area features a park and garden setting centered around Bolwerk, which serves as a historic green landmark for the neighborhood. Local recreation is provided by the Ruige Speelplek playground."
3708,,Oostelijk Havengebied - Indische Buurt,52.37172,4.93748,Private room,93,1,43,1.46,2,86,9,holland,"The area features recreational outdoor spaces, including a garden, a playground, and a park. Rietlandpark is a local park that serves as a primary green space for the community."
3776,,Oud-Noord,52.39646,4.90676,Entire home/apt,90,1,3,0.1,2,0,0,holland,The area features a restaurant called Papillon and a boat named Beaut. An information point is also available nearby.
3798,,De Pijp - Rivierenbuurt,52.35319,4.90012,Entire home/apt,180,2,10,0.35,1,17,5,holland,"The area features Coffeeshop Nice Place for cannabis and Ubbens & Statius Muller, huisartsen for medical services. There is also a garden, which provides a green space for the neighborhood."
3635,,De Pijp - Rivierenbuurt,52.34959,4.89188,Entire home/apt,150,3,13,1.15,1,0,5,holland,"The area features the Savoy Hotel and the animal-focused attraction Kinderboerderij de Pijp, which serves as a local community garden and zoo."
583,,De Pijp - Rivierenbuurt,52.35796,4.90026,Private room,100,3,433,4.82,1,58,29,holland,The area features the gallery Fabric Inspired X Artitude alongside the hotels Ibis Styles Amsterdam Amstel and Ibis Styles Amsterdam City.
1060,,Watergraafsmeer,52.33911,4.91857,Entire home/apt,125,4,38,0.63,1,0,0,holland,"The area features De Amstel, a garden that serves as a local green space, alongside a playground and a school."
1010,,De Pijp - Rivierenbuurt,52.35128,4.88991,Entire home/apt,350,1,109,1.47,1,263,7,holland,"The area features dining and nightlife options such as En Japanese kitchen & Sake bar and Loop51. A garden is also located nearby, providing a green space for the neighborhood."
1482,,De Baarsjes - Oud-West,52.36357,4.87979,Entire home/apt,291,3,179,2.82,5,277,8,holland,"The area features public artwork including Herman Heijermans and Horizontale compositie. It also includes Leidsebosje, a park that provides a green space in the surroundings."
27,,De Pijp - Rivierenbuurt,52.34332,4.89484,Entire home/apt,250,21,29,0.23,2,47,2,holland,"The surroundings consist of a garden, a park, and a vacant lot."
84,,Centrum-West,52.37694,4.88003,Entire home/apt,600,2,62,0.54,1,362,0,holland,"The area features a school called Theo Thijssenschool, alongside a playground and a table tennis pitch."
4030,,Bos en Lommer,52.378,4.8503,Entire home/apt,300,1,4,0.17,3,337,2,holland,"The area features educational facilities such as Tijl Uilenspiegelschool, alongside recreational spaces including a garden and a soccer pitch."
3774,,Oud-Noord,52.38581,4.91543,Entire home/apt,115,3,10,0.38,1,0,6,holland,The area features a pet shop called Ambulia Dierenwinkel. There is also a garden and a car_sharing location nearby.
1907,,Oostelijk Havengebied - Indische Buurt,52.36379,4.94369,Entire home/apt,90,3,25,0.46,1,0,4,holland,The area features the Flevoparkschool and Zeeburg Tandartsen. Flevopark is a nearby garden that serves as a significant local green space for recreation.
1757,,De Baarsjes - Oud-West,52.36161,4.86998,Entire home/apt,275,3,4,0.08,1,0,0,holland,"The area features transportation and fitness services, including Avis for car rental, Giant for bicycle needs, and Movements for fitness station access."
1942,,De Pijp - Rivierenbuurt,52.35199,4.90477,Private room,129,2,246,4.23,2,265,19,holland,"The area features a garden and a playground for recreation, along with Pizza Donna for dining."
5504,,Oud-Noord,52.39735,4.91458,Entire home/apt,150,3,0,,1,20,0,holland,The area features dining at Elit Pide and bicycle services at Tweewielers Joop Harmans. It also includes a garden.
5499,,De Baarsjes - Oud-West,52.3712,4.87398,Entire home/apt,150,1,0,,1,44,0,holland,The area features essential services including Wash-o-matic for laundry and Sterk for alcohol.
1086,,Centrum-Oost,52.36252,4.90424,Entire home/apt,295,3,165,2.32,2,311,9,holland,"The area features cultural offerings at Koninklijk Theater Carré, a historic venue known for its prominent theatre performances. Accommodations are available at The Bridge Hotel and the unique Houseboat Orpheus."
1063,,Bos en Lommer,52.38315,4.84077,Entire home/apt,71,2,34,0.44,1,9,3,holland,"The area features a garden, an information center, and a soccer pitch."
2603,,De Pijp - Rivierenbuurt,52.34818,4.90577,Entire home/apt,180,3,16,0.37,1,0,0,holland,The area features wellness and leisure services including André Broos Massagepraktijk en Reiki Master and Coffeeshop Relax.
162,,Westerpark,52.38855,4.88521,Entire home/apt,250,3,64,0.64,1,99,3,holland,"The area features recreational facilities including a playground and a boules pitch, alongside the artwork Apentafel."
4256,,Centrum-Oost,52.37201,4.90129,Entire home/apt,190,1,0,,1,170,0,holland,"The area features a park and a basketball pitch for recreation, alongside the pub Villa Nieuwmarkt. Villa Nieuwmarkt serves as a local landmark, acting as a central social hub for the neighborhood."
4234,,Zuid,52.3405,4.84837,Entire home/apt,350,4,0,,1,365,0,holland,"The area features recreational facilities like Tenniseiland and green spaces including Park de Schinkeleilanden, which serves as a local park for outdoor relaxation."
3677,,Westerpark,52.37647,4.87705,Entire home/apt,400,5,1,0.03,1,0,0,holland,"The area features Staverno, a marina that serves as a focal point for local maritime activity. Daily needs are supported by Knippen bij Wendy and NiDA Wasserij Stomerij."
1903,,Centrum-West,52.37065,4.89467,Private room,93,1,188,3.12,4,72,26,holland,"The area features dining options such as La Cuisine Ronde and Oriole Garden Bistro, alongside the arts centre Vlaams Cultuurhuis de Brakke Grond, which serves as a notable cultural hub for Flemish arts and performance."
5028,,Centrum-Oost,52.36279,4.91046,Private room,94,2,3,0.74,1,14,3,holland,"The area features dining and cinema options such as Lebkov & Sons and Kriterion. It is also home to Roeterseiland (UvA), a university campus that serves as a central academic hub for the neighborhood."
3450,,De Baarsjes - Oud-West,52.36505,4.85071,Entire home/apt,150,2,3,0.09,1,0,0,holland,"The area features the green space of Rembrandtpark, which serves as a significant local park for outdoor recreation. Nearby, you can find the bar Patio and the public art installation Wormenhotel."
786,,Westerpark,52.38442,4.8766,Entire home/apt,175,3,15,0.27,1,0,0,holland,The area features the Speeltuin playground and the Westerparkschool. A garden is also located nearby.
774,,Oud-Oost,52.35717,4.92196,Private room,216,3,24,0.44,3,287,6,holland,"The area features a garden, a playground, and a public bookcase."
762,,De Baarsjes - Oud-West,52.36678,4.87437,Entire home/apt,248,4,32,0.47,1,154,1,holland,"The area features the pub l'Affiche and the artwork Aquacosta, which serves as a notable local landmark. A public_bookcase is also available for community use."
767,,Bos en Lommer,52.37431,4.83939,Entire home/apt,268,4,27,0.4,1,0,0,holland,"The area features a playground, a soccer pitch, and a garden."
741,,De Pijp - Rivierenbuurt,52.35391,4.90603,Entire home/apt,164,3,44,0.55,1,0,1,holland,The area features the regional restaurant ctaste and the school Individueel Voortgezet Kunstzinnig Onderwijs.
4182,,Centrum-Oost,52.36914,4.92395,Entire home/apt,132,3,7,0.31,2,76,4,holland,"The area features Oostenburgerpark, a park that serves as a local green space and garden area with a playground for outdoor recreation."
4154,,De Baarsjes - Oud-West,52.36702,4.8548,Entire home/apt,120,3,6,0.41,1,14,1,holland,"The area features De Visserschool, which serves as the local educational institution. Outdoor space is provided by the playground and garden."
4933,,De Baarsjes - Oud-West,52.3641,4.8524,Entire home/apt,350,3,0,,1,365,0,holland,"The area features dining options such as Sebonsa Bodega and Warung Redjo Kim & Jane, alongside the bicycle shop Amsterdamse Fietswinkel."
1322,,De Baarsjes - Oud-West,52.36426,4.85908,Entire home/apt,207,3,43,0.62,1,0,0,holland,"The area features dining at Daalder and the school Het Sieraad, which serves as a notable local landmark and historic venue for events."
814,,Centrum-Oost,52.37088,4.90351,Entire home/apt,525,3,35,0.49,1,0,0,holland,"The area features a school and a playground, alongside De Witte Olifant, which serves as a notable viewpoint offering a distinct perspective of the surroundings."
889,,Oud-Oost,52.35539,4.92071,Private room,69,1,433,5.55,1,32,31,holland,"The area features a garden, a playground, and a community_centre. Tugelahuis serves as a local community_centre, acting as a central hub for neighborhood activities and social gatherings."
866,,Oud-Noord,52.38327,4.91446,Entire home/apt,100,3,30,0.47,1,0,0,holland,"The area features a garden and a skateboard pitch, complemented by the artwork De muur, which serves as a notable local landmark that defines the character of the space."
5250,,Centrum-West,52.37012,4.8774,Private room,374,1,3,3.0,2,66,3,holland,"The area features the Bluescafé Maloe Melo for nightlife and the Busstation Elandsgracht, which serves as a key transit hub for the neighborhood. You will also find an Esso station nearby for fuel needs."
5222,,Slotervaart,52.36442,4.83686,Private room,49,2,7,1.88,1,86,7,holland,"The area features the Herdenkingskerk, a place of worship, alongside the Raammannetjes artwork. These sites serve as local cultural landmarks that define the character of the surroundings."
5062,,De Baarsjes - Oud-West,52.36043,4.86662,Entire home/apt,150,3,3,2.0,2,64,3,holland,The area features retail and dining options such as PC Dokter and Rangla Punjab. Blue Lagoon is also located nearby.
1826,,Centrum-West,52.38105,4.88765,Entire home/apt,100,3,192,3.12,1,2,0,holland,"The area features dining and cafe options such as Café Thijssen and Jardin, complemented by the convenience of De Oliewinkel."
700,,Noord-West,52.41119,4.8931,Private room,53,2,96,1.4,3,176,3,holland,The area features healthcare services including Tandartsenpraktijk Goos and Mondhygiëniste Praktijk Jolanda Heerschop. There is also a garden.
3427,,Centrum-West,52.373077,4.87708,Private room,106,1,144,4.39,2,336,32,holland,"The surroundings feature dining options including Ali Baba and Bakkerij Wolf, alongside the local hairdresser Kapsalon Bianco."
520,,Centrum-West,52.38009,4.88874,Entire home/apt,180,2,38,0.68,1,37,0,holland,"The area features Café Tabac, which serves as a local cafe. Nearby, you will find artwork and information."
4002,,Oud-Oost,52.35514,4.92545,Private room,96,2,2,0.08,2,0,0,holland,"The area features Fuku Ramen for dining, alongside a garden and playground for outdoor recreation."
576,,Oud-Noord,52.3867,4.91677,Entire home/apt,99,3,58,0.65,1,8,1,holland,"The area features a school known as Taalschool, alongside a playground and a garden."
550,,Oud-Oost,52.36179,4.92923,Entire home/apt,120,2,15,0.18,1,127,0,holland,"The immediate surroundings feature an artwork, a playground, and a garden."
580,,De Aker - Nieuw Sloten,52.34238,4.79699,Private room,57,2,361,4.04,1,197,32,holland,The area features a playground at Speeltuin Sloten and a place of worship at Sloterkerk. Sloterkerk is a historic landmark that serves as a central point of heritage for the community.
654,,Centrum-Oost,52.36349,4.89322,Private room,105,1,331,3.86,2,0,0,holland,The area features cultural institutions including Museum Van Loon and Museum of Illusions. Museum Van Loon is a historic canal house museum that offers insight into 17th-century architecture and family history.
5313,,Oud-Oost,52.35309,4.91187,Entire home/apt,214,7,1,1.0,1,50,1,holland,"The area features Amsterdental, which provides dental care services."
5257,,Bijlmer-Centrum,52.2986,4.95581,Entire home/apt,188,2,4,2.11,1,363,4,holland,"The surroundings feature outdoor recreational amenities including a picnic table, a picnic site, and a bbq."
3248,,Zuid,52.34988,4.84792,Entire home/apt,400,2,3,0.08,1,0,0,holland,"This area features a guest house at Flores & Puck, alongside local services including Tandartspraktijk De Liefde and Tobiasschool."
3249,,Bos en Lommer,52.37645,4.84566,Entire home/apt,100,2,14,0.38,1,0,2,holland,"The area features a garden, a volleyball pitch, and a playground."
2077,,Oud-Oost,52.35227,4.91636,Entire home/apt,150,3,21,0.38,1,0,0,holland,"The area features the public space Afrikanerplein, which serves as a central neighborhood landmark, alongside the dining option Eethuis Parie for Surinamese fast food. The surroundings also include a garden."
2033,,Centrum-Oost,52.36469,4.90817,Entire home/apt,350,2,45,0.89,1,81,2,holland,The area features Muziekschool Amsterdam - Centrum/Oost for music education and the community centre Soop. These venues serve as local hubs for creative learning and community engagement.
4211,,IJburg - Zeeburgereiland,52.35686,4.9883,Entire home/apt,200,3,1,0.06,1,0,0,holland,"The area features a park, a garden, and a dog park."
5010,,Westerpark,52.38591,4.87836,Entire home/apt,275,2,7,1.83,1,138,7,holland,"The area features Westerpark, a significant public park that serves as a central green space for the neighborhood."
893,,De Baarsjes - Oud-West,52.37173,4.87109,Entire home/apt,325,4,16,0.21,1,145,1,holland,"The area features the local pub Janszen and the green space Bilderdijkpark, which serves as a quiet neighborhood park for outdoor recreation."
2315,,Oud-Oost,52.36107,4.92479,Entire home/apt,105,3,3,0.06,1,0,0,holland,"The area features Oosterpark, a significant green space that serves as a central recreational hub for the neighborhood. You can also find Café de Jeugd, which offers outdoor seating for dining and drinks."
3304,,Oud-Oost,52.360237,4.926469,Entire home/apt,198,1,36,1.04,6,354,11,holland,The area features dining options such as Sranang Makmur and Tres Amigos. It also includes a garden.
4483,,Oud-Noord,52.39559,4.91541,Entire home/apt,129,10,0,,1,0,0,holland,"The area features the Azalea I school and the Azalea Buurtwinkel convenience store. Nearby is the garden, which provides a local green space for the community."
1396,,De Baarsjes - Oud-West,52.36385,4.87696,Entire home/apt,149,3,16,0.24,1,0,0,holland,The area features the supermarket Lidl and the school Muziekpakhuis.
3175,,Westerpark,52.37953,4.87633,Private room,165,1,0,,2,0,0,holland,"The area features Frederik Hendrikplantsoen, a local park, garden, and playground that serves as a central green space for the neighborhood."
3128,,Centrum-West,52.37095,4.89576,Private room,76,1,87,2.31,3,309,26,holland,"The area features dining options such as Oriole Garden Bistro and Bridges, alongside The Grand hotel."
5406,,Zuid,52.354771,4.851624,Entire home/apt,180,4,0,,1,218,0,holland,"The area features a garden, a park, and a public bookcase."
1004,,Oud-Oost,52.36545,4.92532,Entire home/apt,120,5,33,0.59,1,28,1,holland,"The area features dining and retail options including Beste Döner and Happy People. It also hosts Dappermarkt, a local market that serves as a central hub for community commerce."
2330,,Centrum-West,52.38611,4.89157,Private room,115,2,171,3.31,1,252,14,holland,The area features a playground and a picnic table for outdoor recreation. Westerdokters is a local doctors office serving the community.
3006,,Centrum-Oost,52.3669,4.92669,Entire home/apt,180,3,16,0.4,1,141,3,holland,The area features dining and nightlife options including De Kop van Oost and Foodhal Mooie Boules. Brouwerij 't IJ is a well-known landmark brewery and windmill that serves as a historic focal point for the neighborhood.
2230,,Zuid,52.35301,4.8847,Entire home/apt,120,7,7,0.13,1,0,0,holland,The area features a cannabis dispensary at Coffeeshop Pacific and a dentist at Tandartspraktijk de ZuidAs. There is also a garden nearby.
390,,Westerpark,52.37381,4.87296,Entire home/apt,122,4,52,0.55,1,2,2,holland,The area features dining and nightlife options such as Robin Food Kollektief and De Nieuwe Anita. The neighborhood also includes a garden.
1655,,Oud-Oost,52.35458,4.9176,Private room,85,2,35,0.54,1,33,0,holland,"The area features a garden and a playground, alongside De Vijgenboom, which serves as a local school."
1524,,De Baarsjes - Oud-West,52.37027,4.85532,Entire home/apt,189,2,26,0.4,1,33,0,holland,The area features a cat food cafe called Kattencafé Kopjes and a gift shop named Wild Whiskers.
1502,,De Baarsjes - Oud-West,52.36116,4.87542,Entire home/apt,103,2,277,4.07,1,59,19,holland,"The area features the green space Parkzuid and the iconic Vondelpark, which serves as the city's primary urban park and a central hub for outdoor recreation. You will also find artwork and a cafe nearby."
3090,,Centrum-Oost,52.36834,4.90883,Entire home/apt,180,3,18,0.47,1,6,3,holland,The area features recreational spaces including a korfball pitch at Swift/PST and a garden. Wertheimpark is a significant local park that serves as a quiet green space and historical site.
2875,,De Baarsjes - Oud-West,52.36962,4.87206,Entire home/apt,175,3,3,0.1,1,0,0,holland,"The area features arts and culture at De Nieuwe Liefde, a literary podium and debate centre, alongside Moto Dick, a specialized motorcycle shop. There is also a playground nearby."
1400,,Geuzenveld - Slotermeer,52.37947,4.82375,Private room,57,1,235,3.39,1,355,31,holland,The area features retail options including the supermarket Albert Heijn and the mall Winkelcentrum Plein '40-'45. A garden is also present in the vicinity.
4441,,De Pijp - Rivierenbuurt,52.35554,4.89705,Entire home/apt,167,3,21,1.34,3,57,12,holland,"The area features the green space Sarphatipark, a local park that serves as a central hub for outdoor recreation. Nearby, the Kijkpunt muPe acts as a gallery, providing a dedicated space for artistic exhibitions."
4583,,Zuid,52.360321,4.878403,Hotel room,22,1,31,1.99,3,0,0,holland,"This area features lodging options including Sonder Park House and The Flying Pig Hotel Uptown. It is also home to Vondelpark, a major city park that serves as a central green space for recreation and outdoor activity."
4633,,Oud-Noord,52.3881,4.91438,Private room,111,1,0,,12,279,0,holland,The area features Bunk Restaurant for international dining and BUNK Hotel Amsterdam for lodging. The surroundings are centered around these establishments.
345,,Centrum-West,52.37886,4.88723,Entire home/apt,210,4,54,0.92,2,294,2,holland,"The area features a bakery at Bunbun and a local medical practice at A.N.M. van Grunsven & F.X.W.M. Hofman. It is also home to Noordermarkt, a historic marketplace that serves as a central hub for the neighborhood."
4445,,De Baarsjes - Oud-West,52.36932,4.8626,Private room,130,2,26,1.49,9,0,12,holland,"The area features Speeltuin Baarsjes, a local playground that serves as a central recreational space for the community."
2539,,Centrum-Oost,52.3705,4.91294,Entire home/apt,150,4,18,0.38,1,0,0,holland,"The area features dining options such as Bakers and Roasters and Café Orloff, alongside retail shopping at Zeeman."
2780,,Bos en Lommer,52.37478,4.83669,Entire home/apt,250,3,19,0.43,1,79,1,holland,"The area features recreational facilities including a parkour pitch, a soccer pitch, and a picnic_table."
2583,,Centrum-Oost,52.35992,4.90599,Entire home/apt,250,3,14,0.44,1,10,1,holland,"The area features local services including the hairdresser Amstel Hair and the social facility Ouder- en Kindteams Amsterdam. It also hosts the artwork De jonge Rembrandt, which serves as a notable cultural landmark celebrating the early life and local history of the famous painter."
2557,,De Baarsjes - Oud-West,52.36204,4.85347,Entire home/apt,170,3,0,,1,0,0,holland,"The area features Basisschool Corantijn, which serves as the local school, alongside PMP Star, a tobacco shop. There is also a playground nearby."
1166,,Bos en Lommer,52.38657,4.84589,Entire home/apt,200,2,83,1.12,1,22,3,holland,The area features the Petruskerk place of worship and the Sloterdijk graveyard. An information point is also available nearby.
2859,,Centrum-Oost,52.3643,4.88867,Entire home/apt,209,7,0,,9,283,0,holland,"The area features a florist at Flower Loves Me, a restaurant at Red, and a place of worship at Keizersgrachtkerk. Keizersgrachtkerk is a notable landmark that serves as a historic religious site for the local community."
2381,,Centrum-West,52.38001,4.88879,Entire home/apt,495,3,55,1.74,1,24,13,holland,"The area features Café Tabac, which serves as a local cafe. Nearby, you will find artwork and information points."
968,,Westerpark,52.38577,4.87007,Shared room,60,1,3,0.05,1,16,0,holland,"The area features the cultural hub Westergasfabriek and the green space Westerpark, which serves as a significant local park and landmark for community recreation. Information is also available at the site."
2509,,Centrum-West,52.37749,4.89104,Private room,128,1,12,2.35,1,24,12,holland,"The area features The Blue Sheep B&B for lodging and Studio Sailor for tattoo services. It is also home to the Multatuli Museum, a landmark dedicated to the life and work of the Dutch writer Multatuli."
5369,,Bos en Lommer,52.37601,4.84956,Entire home/apt,240,6,0,,1,155,0,holland,"The area features green spaces including Erasmuspark, which serves as a local park and a central outdoor gathering spot for the neighborhood."
4890,,Zuid,52.35925,4.87685,Private room,135,1,0,,7,330,0,holland,"The area features the Flâneur hotel and a clothes shop, alongside City Garden, a local green space that serves as a central outdoor retreat."
1113,,Westerpark,52.38189,4.87265,Entire home/apt,125,3,60,0.81,1,188,4,holland,The area features specialized retail including Gregario Cycling Services for bicycles and Saxomania for musical instruments. The nearby garden serves as a local green space for the community.
4827,,Oostelijk Havengebied - Indische Buurt,52.36443,4.93467,Entire home/apt,131,2,5,1.06,1,11,5,holland,The area features a regional restaurant at The Meets and a pub at Café Insulinde. The garden serves as a local green space that provides a natural setting for the neighborhood.
1107,,Oud-Oost,52.35997,4.91497,Entire home/apt,164,3,43,0.58,1,0,0,holland,"The area features the Oosterparkkerk place of worship and the Aldoende garden, which serves as a local green space."
2420,,Bijlmer-Centrum,52.32539,4.94657,Private room,83,1,179,3.53,1,86,4,holland,"The area features the Amsterdam Centraal Apartment, which serves as a residential space. Nearby amenities include a garden and a playground."
303,,Oud-Oost,52.35719,4.92193,Private room,140,1,124,1.37,3,247,0,holland,"The immediate surroundings feature a garden, a playground, and a public bookcase."
20,,Zuid,52.35665,4.86363,Entire home/apt,99,7,54,0.71,1,0,1,holland,"The area features green spaces such as the Rosarium and Vondelpark. Vondelpark serves as a major landmark and popular public park, providing a central recreational hub for the city."
251,,Osdorp,52.35622,4.79544,Private room,80,2,155,1.7,2,308,0,holland,The area features a basketball pitch and a playground for outdoor recreation.
283,,Centrum-Oost,52.36689,4.91809,Entire home/apt,250,2,38,0.61,1,0,0,holland,"The area features the zoo Artis, a significant landmark known for its historical gardens and diverse animal exhibits, alongside the restaurant De Waterkant."
305,,Centrum-Oost,52.37141,4.90353,Entire home/apt,135,3,56,0.7,1,105,2,holland,"The area features a camera shop called Analogue. It also includes a viewpoint, which serves as a notable local attraction for taking in the surroundings."
4829,,Bijlmer-Oost,52.32806,4.97717,Entire home/apt,60,3,0,,1,2,0,holland,"The area features the Bijlmerweide, a park and garden that serves as a significant green space for local recreation and nature."
4840,,Westerpark,52.39403,4.87741,Entire home/apt,126,3,36,4.89,9,297,36,holland,The area features a garden and car sharing services.
72,,De Pijp - Rivierenbuurt,52.35503,4.90516,Entire home/apt,113,3,126,1.21,1,3,3,holland,The area features a place of worship at Arrahman and dining options including the French restaurant Le Hollandais.
75,,De Baarsjes - Oud-West,52.37001,4.85646,Private room,70,2,411,3.56,1,283,13,holland,The area features a garden and a picnic table.
190,,Centrum-Oost,52.36049,4.88982,Private room,132,2,44,0.63,2,236,0,holland,"The area features Medisch Centrum Wetering for healthcare needs and a garden, providing a quiet green space for the neighborhood."
143,,Westerpark,52.3731,4.86859,Private room,81,3,362,3.33,1,337,8,holland,The area features a garden and a playground.
166,,Centrum-Oost,52.37026,4.89931,Private room,118,3,414,3.88,2,219,5,holland,"The area is defined by the Zuiderkerk and the Zuiderkerkstoren, which are significant historical landmarks known for their iconic 17th-century architecture and role in the city skyline."
167,,De Baarsjes - Oud-West,52.35982,4.85635,Entire home/apt,110,3,2,0.04,1,0,0,holland,"The area features the Gurdwara Maan Sarovar Sahib, a place of worship, alongside the NJMT - Nationaal Jeugd Musical Theater, a college dedicated to performing arts."
174,,Centrum-Oost,52.36476,4.90925,Private room,77,1,901,8.2,1,301,154,holland,"The area features a social facility known as Sarphatihuis, which serves as a historic residential care center. It is situated near a garden, providing a quiet green space for the community."
1039,,Oostelijk Havengebied - Indische Buurt,52.37712,4.91568,Private room,125,3,100,2.31,1,141,9,holland,"This area features a sandwich fast food option at Subway, which also provides outdoor seating."
1058,,Bos en Lommer,52.37928,4.85735,Entire home/apt,131,5,41,0.59,1,290,2,holland,The area features a pub known as Café de Fluiter and a garden.
1099,,De Pijp - Rivierenbuurt,52.34883,4.8884,Entire home/apt,175,4,44,0.58,1,0,3,holland,The area features a garden and a picnic table.
1101,,Centrum-West,52.36834,4.87735,Entire home/apt,180,1,15,0.21,1,0,0,holland,"The area features casual dining at Dr. Falafel and includes the Hoofdbureau van Politie, which serves as the main local police station."
1121,,Centrum-West,52.38013,4.8802,Entire home/apt,149,3,36,0.6,1,7,1,holland,The area features personal services including the hairdresser Frank Feijen and the tattoo studio Rob Admiraal.
1137,,Oostelijk Havengebied - Indische Buurt,52.36444,4.93357,Entire home/apt,100,3,24,0.32,1,0,0,holland,"The area features De Indische Buurtschool, which serves as a local school. There is also a garden."
2428,,Oud-Noord,52.39205,4.90537,Entire home/apt,188,3,20,0.5,1,17,4,holland,The area features the cafe De IJsbreker and the school De Ruimte.
2446,,Watergraafsmeer,52.34604,4.92992,Entire home/apt,225,4,2,0.05,1,0,0,holland,The area features green spaces including the park Darwinplantsoen and the garden Darwinplantsoen. Both serve as local natural retreats for the neighborhood.
5181,,Watergraafsmeer,52.35311,4.94076,Private room,62,2,23,5.66,1,57,23,holland,The surroundings feature a garden and a picnic table.
2758,,Bos en Lommer,52.38306,4.84776,Entire home/apt,375,3,17,0.51,1,0,0,holland,"The area features the Multatulischool, which serves as the local educational institution. A garden is also located nearby, providing a green space for the community."
2531,,Centrum-Oost,52.36256,4.90819,Private room,68,2,160,3.47,1,73,10,holland,"The area is characterized by medical facilities, specifically GGD Amsterdam and GGD SOA Polikliniek. These clinics serve as essential public health centers for the community."
2562,,Noord-West,52.40147,4.91897,Private room,71,1,4,0.09,1,0,0,holland,"The area features Sportpark Buiksloterbanne, which serves as the local hub for the soccer pitch and multi sports_centre."
2586,,Centrum-Oost,52.36486,4.90883,Private room,200,2,101,2.29,1,356,25,holland,"The area features a social facility known as Sarphatihuis, which serves as a historic nursing home and landmark for the local community. It is also home to a garden that provides a quiet green space within the surroundings."
5213,,Bos en Lommer,52.37665,4.85712,Entire home/apt,279,4,0,,1,6,0,holland,The surroundings feature a playground and a garden.
2363,,Watergraafsmeer,52.35687,4.93361,Entire home/apt,240,3,10,0.23,1,70,1,holland,The area features a garden and a playground.
1162,,Centrum-Oost,52.36184,4.90585,Entire home/apt,185,2,41,0.64,1,38,3,holland,"The area features the park De Stadstuin, which serves as a local green space for outdoor recreation. This location also includes a playground."
1196,,De Pijp - Rivierenbuurt,52.35065,4.8878,Entire home/apt,140,3,27,0.43,1,0,0,holland,The area features an educational institution at College ZUYD and a green space at garden.
1207,,De Baarsjes - Oud-West,52.36577,4.8613,Private room,79,3,243,3.78,1,58,20,holland,"The area features the Westermoskee, a prominent place of worship that serves as a significant local landmark. A playground is also located nearby."
1214,,Oud-Oost,52.35165,4.91358,Entire home/apt,161,2,66,0.99,1,10,10,holland,"The area features Wibautpark, a local park that serves as a green space for the neighborhood, alongside a garden."
2318,,Oud-Oost,52.35885,4.92082,Entire home/apt,130,5,4,0.08,1,0,0,holland,"The area is defined by the presence of Oosterpark, a significant public park that serves as a central green space for the neighborhood."
2320,,Centrum-West,52.36925,4.88618,Private room,183,2,19,0.36,2,342,1,holland,"The area features specialty retail and dining, including Beadies Amsterdam for jewelry and Chocolaterie Pompadour for a cake cafe."
2812,,De Pijp - Rivierenbuurt,52.34716,4.88712,Private room,100,5,60,1.68,1,2,6,holland,There are no specific places listed to describe.
2838,,Oud-Noord,52.39863,4.90493,Entire home/apt,90,3,4,0.09,1,0,2,holland,"The area features the Papaverplantsoen, a park that provides a local green space for outdoor recreation. This location includes a picnic table for public use."
2849,,Centrum-Oost,52.3674,4.90137,Private room,93,1,80,2.32,2,238,32,holland,"The area features dining at Hapjeshoek and cultural performances at Opera & Ballet, a prominent venue known for hosting major theatrical and musical productions."
2855,,De Pijp - Rivierenbuurt,52.349594,4.890385,Entire home/apt,300,5,10,0.33,1,0,0,holland,"The area features the Vredeskerk, a place of worship that serves as a local landmark. A garden is also located nearby."
2637,,Noord-Oost,52.38801,4.95684,Private room,59,2,91,2.17,1,347,9,holland,"The area features Schellingwouderpark, a park that provides green space and includes a picnic_table for outdoor recreation."
2658,,Centrum-Oost,52.37109,4.929013,Private room,54,2,214,4.67,2,76,35,holland,"The area features David's Boat, a hotel, and a playground."
2668,,Centrum-West,52.38602,4.88867,Private room,89,1,517,11.44,1,288,142,holland,"The area features a playground and De Dierencapel, a zoo that serves as a local destination for animal observation and family activities."
2679,,Noord-Oost,52.38012,4.99679,Entire home/apt,250,4,2,0.05,1,0,0,holland,The immediate surroundings feature a garden and a swimming pool.
2699,,De Pijp - Rivierenbuurt,52.34466,4.91286,Entire home/apt,97,1,41,0.99,2,354,6,holland,"The area features the fitness centre Haut Fitnessclub. There is also a garden, which provides a green space for the neighbourhood."
2924,,Centrum-West,52.38259,4.88534,Private room,150,2,12,0.38,2,0,0,holland,"The area features a cafe and a wine bar, represented by Toki and Troppo Giovane."
2933,,Oud-Oost,52.36495,4.93107,Entire home/apt,217,3,14,0.35,1,209,2,holland,The surroundings feature a multi pitch climbing area and a garden.
956,,Centrum-West,52.38113,4.89171,Private room,175,2,232,4.0,1,79,2,holland,The area features a fitness centre at SportCity and a playground at Piramide Speeltuin.
2782,,Centrum-West,52.37306,4.88225,Private room,199,3,109,2.5,1,236,11,holland,The area features dining at Bonboon and retail shopping at A Space Oddity.
2344,,Westerpark,52.37613,4.87697,Entire home/apt,185,5,6,0.12,1,0,0,holland,"The area features Staverno, a marina that serves as a central hub for boating and waterfront activity, alongside NiDA Wasserij Stomerij for laundry services."
2358,,Westerpark,52.38391,4.87971,Entire home/apt,200,2,8,0.18,1,0,0,holland,The area features a studio known as Echobox and a garden.
5108,,Centrum-West,52.37278,4.87501,Entire home/apt,120,3,5,1.39,4,0,5,holland,The area features essential local services including the veterinary clinic DierenDokters and the fire station Kazerne Hendrik.
5154,,De Baarsjes - Oud-West,52.36232,4.86093,Entire home/apt,108,2,0,,1,0,0,holland,"The area features Bieb, a public bookcase, alongside Tandarts Tanis, a dentist."
5171,,De Baarsjes - Oud-West,52.36261,4.85446,Entire home/apt,100,7,2,0.49,1,8,2,holland,The area features a convenience store at Mini Mix (Russian Store) and a playground.
2202,,Geuzenveld - Slotermeer,52.37352,4.82235,Entire home/apt,149,3,10,0.19,1,1,2,holland,"The area features the recreational Sloterpark, a significant green space that serves as a central hub for outdoor activities, alongside the De Duikelaar marina."
2251,,Noord-West,52.41943,4.87126,Entire home/apt,146,1,60,1.12,7,153,7,holland,"The area features sports facilities, including Sportpark Melkweg."
3003,,Oostelijk Havengebied - Indische Buurt,52.37383,4.94703,Private room,76,2,40,1.0,1,1,0,holland,"The area features Keesje Brijdeplantsoen, a park and playground that serves as a local green space for outdoor recreation."
3017,,Oud-Oost,52.35663,4.92413,Entire home/apt,225,5,6,0.16,1,0,0,holland,The area features a playground and a garden.
3043,,Bos en Lommer,52.38252,4.85443,Private room,47,2,37,0.96,2,0,0,holland,The area features a soccer pitch and a garden.
2885,,Centrum-West,52.37468,4.87818,Private room,224,2,119,3.05,1,258,29,holland,The area features cultural offerings including the Galerie Staaf gallery and a public_bookcase.
3047,,De Baarsjes - Oud-West,52.37307,4.85379,Entire home/apt,110,2,18,0.45,1,0,6,holland,The area features a sandwich fast food spot called Broodje Daan and a garden.
3055,,Westerpark,52.37547,4.87017,Hotel room,161,2,27,1.0,20,269,3,holland,"The area features a public bookcase known as Boekenkast, which serves as a local community resource for sharing literature. A park is also located nearby, providing a dedicated space for outdoor recreation."
3072,,Centrum-Oost,52.36334,4.88664,Private room,242,1,17,1.1,2,0,0,holland,"The area features Galerie AdK Actuele Kunst, a local gallery, alongside Hotel Mozart."
3109,,Noord-West,52.40711,4.90547,Private room,30,1,12,0.37,2,0,1,holland,The area features a garden and a playground.
3151,,Slotervaart,52.36082,4.8238,Entire home/apt,90,3,3,0.11,1,0,0,holland,"The area features the arts centre Broedplaats HW10, which serves as a creative hub for local artists. It also includes a table tennis pitch."
2966,,Centrum-Oost,52.36384,4.90131,Private room,80,3,91,2.27,2,274,21,holland,"The area features the Magere Brug, a historic landmark and iconic drawbridge that serves as a quintessential symbol of the city's canal architecture. A public_bookcase is also located nearby."
2970,,Centrum-Oost,52.36384,4.90131,Private room,75,3,79,1.99,2,0,1,holland,"The area features the Magere Brug, a historic landmark and iconic drawbridge that serves as a quintessential symbol of the city's canal architecture. A public_bookcase is also available for local reading."
892,,Westerpark,52.3822,4.87139,Entire home/apt,97,3,331,4.19,1,121,16,holland,"The area features the garden Florin, a local green space, alongside a hairdresser."
3152,,Oostelijk Havengebied - Indische Buurt,52.36258,4.93342,Entire home/apt,150,3,13,5.13,1,337,6,holland,"The surroundings feature Marijke's guestroom, which is a hotel. A garden is also located here, providing a natural space for relaxation."
3210,,De Pijp - Rivierenbuurt,52.35069,4.89704,Entire home/apt,200,2,8,0.23,1,0,0,holland,"The area features 9e Montessorischool De Scholekster, which serves as a local educational institution."
3220,,Watergraafsmeer,52.35645,4.93407,Entire home/apt,147,14,8,0.3,1,0,0,holland,"The area features Bassischool Frankendael (locatie Hogeweg) and a garden. The garden serves as a local green space and landmark, providing a natural setting for the neighborhood."
2288,,Bos en Lommer,52.37371,4.85177,Private room,47,2,176,3.36,2,49,18,holland,"The area features the artwork Beeld van brons en steen and the green space Erasmuspark, which serves as a popular local park for outdoor recreation."
2117,,IJburg - Zeeburgereiland,52.35436,5.00273,Entire home/apt,300,3,57,1.05,1,350,8,holland,The area features a garden and a playground.
2173,,Oud-Oost,52.3594,4.9065,Entire home/apt,158,5,24,0.43,1,0,0,holland,The area features the Amstelcampus university and the Amstelhaven restaurant.
3373,,De Pijp - Rivierenbuurt,52.34317,4.90882,Entire home/apt,135,1,15,0.53,1,0,0,holland,The area features a bicycle shop called Slob fietsen and a garden.
5007,,De Baarsjes - Oud-West,52.36453,4.85263,Entire home/apt,100,3,2,0.52,1,8,2,holland,The area features Sebonsa Bodega for dining and Amsterdamse Fietswinkel for bicycle services.
5022,,Slotervaart,52.36323,4.8444,Entire home/apt,275,5,0,,1,0,0,holland,"The area features the residential Sky Home situated directly alongside Rembrandtpark, a large public green space that serves as a central recreational hub for the neighborhood."
868,,Centrum-West,52.37496,4.87835,Entire home/apt,600,3,25,0.52,1,69,2,holland,"The area features the attraction Egelantiersgracht, a historic canal known for its picturesque architecture and quintessential Amsterdam atmosphere. There is also a public_bookcase available for local community reading."
1237,,Centrum-West,52.37159,4.88023,Entire home/apt,449,3,55,0.78,1,319,2,holland,"The area features a fitness centre at Double Shift, alongside a garden."
1243,,Centrum-West,52.37072,4.87541,Entire home/apt,195,3,3,0.05,1,123,0,holland,"The area features public artwork such as Energie en tijd, which serves as a notable local landmark, alongside a playground."
1277,,De Baarsjes - Oud-West,52.36397,4.86027,Entire home/apt,232,3,6,0.15,1,0,0,holland,"The area features an internet cafe, Citynet, and a bar, Flamingo's."
1293,,Centrum-West,52.3741,4.87786,Entire home/apt,111,2,73,1.03,1,262,5,holland,The area features a gallery at Galerie Staaf and a darts bar at Cafe de Muurbloem.
5226,,Oud-Oost,52.35791,4.92193,Entire home/apt,114,1,5,3.13,2,6,5,holland,The area features a garden and a table tennis pitch.
1872,,Westerpark,52.38307,4.88036,Private room,111,3,128,2.21,1,0,0,holland,"The area features Vrijeschool Amsterdam West, an educational institution that serves as a local school."
5064,,IJburg - Zeeburgereiland,52.35331,5.00039,Entire home/apt,95,7,1,0.75,1,166,1,holland,The area features Antonio's Barbershop for personal grooming and a playground for outdoor recreation.
3397,,Centrum-West,52.37662,4.88117,Private room,135,4,38,1.22,1,8,0,holland,"The area features a school, Theo Thijssenschool, and a playground."
3398,,Oud-Oost,52.35921,4.90818,Entire home/apt,300,4,1,0.03,1,343,0,holland,"The area is defined by the presence of the Amstelcampus, a university that serves as a central hub for academic life. Nearby, you will find a garden that provides a quiet, green space for the community."
3311,,Westerpark,52.3738,4.87311,Entire home/apt,250,1,15,0.42,1,0,1,holland,The surroundings feature nightlife at De Nieuwe Anita and a garden.
3313,,Oud-Noord,52.3998,4.91349,Entire home/apt,100,2,6,0.18,1,158,0,holland,"The area features Over Y College, an educational institution. There is also a garden."
3326,,Centrum-Oost,52.37208,4.91191,Private room,89,2,137,3.97,2,76,51,holland,"The area features a slipway and the Museumhaven, a museum that preserves and showcases historic inland vessels."
3327,,Bos en Lommer,52.37563,4.83712,Entire home/apt,149,2,18,0.54,1,86,1,holland,"The area features Willem Augustinpark, a park that includes a playground for local recreation."
3371,,Centrum-Oost,52.36655,4.9093,Private room,330,2,2,0.07,3,176,0,holland,"The area features the Hortus Botanicus, a historic botanical garden that serves as a significant green landmark, alongside the Budget Hotel Hortus."
3548,,Centrum-West,52.38769,4.8861,Entire home/apt,154,1,0,,4,0,0,holland,"The area features Toon Ylandplantsoen, a park that provides a local green space for outdoor recreation. This location includes a picnic_table for seating and relaxation."
694,,Zuid,52.34315,4.86275,Entire home/apt,168,2,32,0.49,1,95,2,holland,"The area features Olympiaschool, which serves as the local educational institution. There is also a playground located nearby."
706,,Centrum-Oost,52.3624,4.8935,Entire home/apt,185,3,36,0.47,1,2,3,holland,The area features dining at John Dory and fitness facilities at Bodyvita.
752,,Centrum-Oost,52.36986,4.92258,Entire home/apt,120,2,25,0.3,1,0,0,holland,"The area features the Touwbaanpark, a local park that serves as a green space for the community, alongside the Bandenboot, an artwork that provides a distinct visual focal point for the surroundings."
3754,,De Baarsjes - Oud-West,52.37027,4.87347,Entire home/apt,185,3,3,0.74,1,280,3,holland,The area features a common and a playground.
3526,,Centrum-West,52.36984,4.88419,Entire home/apt,225,3,15,0.46,1,118,2,holland,"The area features the cultural landmark Felix Meritis, a historic center for arts and sciences, alongside the retail shop Episode. Community life is centered at the community_centre."
3789,,Oud-Noord,52.3832,4.91855,Private room,56,1,75,2.62,1,76,5,holland,"The area features a garden and a marina, which includes Aeolus. Aeolus serves as a notable landmark that defines the character of the waterfront."
3853,,Zuid,52.35484,4.87063,Entire home/apt,654,2,8,0.37,1,172,6,holland,The area features Valerius Apartments for lodging and Organic for convenience shopping.
3584,,IJburg - Zeeburgereiland,52.3526,5.00533,Private room,74,1,4,0.13,10,0,0,holland,The area features dining at DOK48 and maritime facilities at Haven WV IJburg.
3695,,De Pijp - Rivierenbuurt,52.34606,4.89752,Entire home/apt,181,3,4,0.15,1,339,0,holland,The surroundings feature a garden and a playground.
1936,,Oud-Noord,52.39363,4.91097,Entire home/apt,360,1,154,2.81,3,270,15,holland,The immediate surroundings feature a garden and an area with outdoor seating.
1724,,Watergraafsmeer,52.33957,4.91788,Entire home/apt,100,3,20,0.31,1,0,0,holland,"The area features De Amstel, a local school. There is also a playground nearby."
1730,,Westerpark,52.38046,4.87091,Entire home/apt,250,2,6,0.11,1,0,0,holland,The area features a park and a garden.
3859,,Buitenveldert - Zuidas,52.32671,4.87446,Entire home/apt,60,5,3,0.5,1,0,1,holland,"The area features a school and a playground, which includes De Ark."
3863,,Zuid,52.35157,4.84712,Private room,84,2,12,0.42,1,1,8,holland,The area features a restaurant called Poppy's Zuid and a garden.
3926,,Centrum-Oost,52.37228,4.91186,Private room,248,1,22,1.01,1,328,13,holland,"The area features a slipway and the Museumhaven, a maritime museum that preserves historic vessels and showcases the region's nautical heritage."
3943,,De Pijp - Rivierenbuurt,52.3457,4.89228,Private room,75,2,17,0.63,1,0,0,holland,"The area features Dongeschool, a local school, and a garden, which serves as a quiet green space for the community."
594,,De Baarsjes - Oud-West,52.36099,4.85987,Entire home/apt,90,6,30,0.34,1,0,0,holland,The area features a playground and a public bookcase.
635,,Watergraafsmeer,52.35191,4.92078,Private room,55,2,41,0.51,2,337,0,holland,"The area features the Vergulden Eenhoorn, a historic garden and pub that serves as a central social landmark for the neighborhood."
416,,Bos en Lommer,52.37567,4.85533,Entire home/apt,75,3,19,0.45,1,0,2,holland,"The area features Erasmuspark, a park and garden that serves as a central green space for local recreation."
4017,,Noord-West,52.40668,4.89678,Private room,75,2,11,0.42,4,0,0,holland,The immediate area features recreational facilities including a playground and a soccer pitch.
4137,,Oostelijk Havengebied - Indische Buurt,52.36953,4.94749,Entire home/apt,215,1,143,5.89,6,297,83,holland,"The area features dining and maritime facilities, including The Harbour Club and Port Entrepôt Jachthaven. Port Entrepôt Jachthaven serves as a local marina, providing a central hub for boating activity in the vicinity."
4139,,Oostelijk Havengebied - Indische Buurt,52.36764,4.94531,Entire home/apt,322,1,6,1.15,6,362,6,holland,The area features a garden at Cruquiustuin and dining options such as Tony Singh.
4181,,De Baarsjes - Oud-West,52.36663,4.87528,Entire home/apt,117,5,6,0.26,1,20,1,holland,The area features a pub called l'Affiche and a playground.
4212,,Oud-Noord,52.39678,4.90648,Private room,55,1,0,,3,0,0,holland,The area features the restaurant Papillon and an information point.
4222,,Watergraafsmeer,52.35314,4.94292,Entire home/apt,235,4,0,,1,40,0,holland,The area features a garden and a picnic table.
1768,,Bos en Lommer,52.38219,4.84777,Entire home/apt,99,2,9,0.14,1,0,0,holland,"The area features the Multatulischool, which serves as the local educational institution. A soccer pitch is also available for community recreation."
1779,,Westerpark,52.38724,4.88051,Entire home/apt,189,2,48,0.76,1,4,2,holland,"The area features the Domela Nieuwenhuisplantsoen, a park that serves as a local green space, alongside a public_bookcase."
5333,,Buitenveldert - Zuidas,52.32674,4.87778,Entire home/apt,148,3,0,,1,0,0,holland,"The area features Cheider, a college that serves as a local educational institution, alongside a playground."
1305,,Centrum-West,52.37908,4.88982,Private room,102,1,124,1.73,1,145,3,holland,The area features the hotel Sebastian's and a public_bookcase.
1334,,Oud-Oost,52.35752,4.93545,Entire home/apt,330,7,23,0.44,1,48,0,holland,"The area features Brouwerij Poesiat & Kater, a pub that offers outdoor seating."
4401,,Zuid,52.34783,4.84845,Entire home/apt,100,3,0,,1,0,0,holland,"The area features Warung Barokah for dining and the arts centre Retort, which serves as a local hub for creative activity."
4404,,Bijlmer-Centrum,52.30752,4.95341,Private room,128,3,27,1.53,4,119,15,holland,"The area is defined by the student accommodation Xior Karspeldreef, which features an on-site picnic_table for outdoor use."
4415,,Oud-Oost,52.36007,4.90727,Entire home/apt,115,2,6,0.73,2,0,3,holland,"The area features a boat rental service at Mokumboot Amsterdam Amstel. It also includes a garden, which serves as a local green space."
4346,,De Pijp - Rivierenbuurt,52.34069,4.90603,Private room,49,2,34,1.94,3,352,23,holland,The surroundings feature a garden and a car sharing station.
4352,,Bos en Lommer,52.3815,4.85271,Private room,49,1,19,3.77,1,32,19,holland,The area features a playground and a garden located at Hertspieghelplein.
4452,,Centrum-Oost,52.36367,4.88641,Entire home/apt,429,2,2,2.0,1,66,2,holland,The area features Hotel Mozart for accommodation and the billiards sports centre Snooker - FinalTouch for recreation.
4473,,De Baarsjes - Oud-West,52.37313,4.85588,Entire home/apt,115,3,2,0.12,1,0,1,holland,The surroundings feature a garden and a playground.
5418,,Westerpark,52.37272,4.87076,Entire home/apt,121,2,0,,1,16,0,holland,"The area features green space, including Bilderdijkpark, which serves as a local park and garden for outdoor recreation."
397,,Oud-Noord,52.38277,4.9088,Entire home/apt,557,2,4,2.35,2,32,4,holland,"The area features a marina at Sixhaven, which serves as a central hub for boating and waterfront activity. There is also a garden nearby."
407,,Noord-West,52.4069,4.90168,Entire home/apt,130,4,12,0.14,1,236,0,holland,The area features a Viskraam for seafood and a picnic_table for outdoor seating.
1341,,De Baarsjes - Oud-West,52.357433,4.857956,Private room,122,2,115,1.7,3,295,0,holland,"The area features Vondelpark, a major city park known as a popular green space for recreation, alongside the pub Fijnkost."
1540,,Noord-Oost,52.39487,4.93111,Entire home/apt,150,3,9,0.15,1,0,0,holland,The surroundings feature a basketball pitch and outdoor seating.
1541,,Oud-Oost,52.35678,4.92396,Entire home/apt,190,2,9,0.15,1,0,0,holland,The area features a garden and a playground.
1367,,De Baarsjes - Oud-West,52.357433,4.857956,Private room,122,2,101,1.49,3,289,0,holland,"The area features Vondelpark, a major city park known for its expansive green space and recreational paths, alongside the pub Fijnkost."
4492,,Slotervaart,52.36927,4.83758,Entire home/apt,125,2,2,0.13,1,0,0,holland,The area features the artwork Erotica and the medical practice Terra.
4553,,Buitenveldert - Zuidas,52.32322,4.88,Private room,65,3,1,0.07,2,0,0,holland,"The area features 't Kleine Loopveld, a park that serves as a local green space for outdoor recreation. A swimming pool is also available nearby."
4575,,Zuid,52.3549,4.87732,Private room,130,1,44,2.8,4,363,34,holland,"The area features the Conscious Hotel Museum Square, which serves as a central landmark for visitors exploring the nearby museum district. A tennis pitch is also available for recreational use."
4639,,Centrum-Oost,52.37378,4.90505,Private room,187,1,2,0.16,8,337,1,holland,"The area is characterized by hospitality options, featuring City Hotel Amsterdam and Mansion."
4449,,Gaasperdam - Driemond,52.30716,4.97856,Private room,70,1,9,0.52,1,311,2,holland,The area features a playground and an information point.
4802,,Centrum-West,52.37888,4.89217,Private room,161,1,30,3.77,5,0,30,holland,The area features hospitality options including Herengracht 21 and Max Brown Hotel.
4803,,Centrum-West,52.37888,4.89217,Hotel room,171,1,0,,5,0,0,holland,The area features accommodation options including Herengracht 21 and Max Brown Hotel.
4817,,Westerpark,52.38079,4.87371,Entire home/apt,133,4,0,,1,0,0,holland,The immediate surroundings feature a garden and a picnic table.
349,,De Pijp - Rivierenbuurt,52.34292,4.89445,Private room,70,2,279,2.99,1,332,4,holland,"The area features 6e Montessorischool Anne Frank, which serves as a notable local educational institution. The surroundings also include a garden."
362,,Noord-West,52.40793,4.90264,Private room,75,2,245,2.63,1,286,8,holland,"The area features NoordRijk, a playground that serves as a local recreational space for the community."
4873,,Oud-Noord,52.398655,4.905442,Entire home/apt,500,3,0,,6,59,0,holland,"The surroundings feature the Aparthotel North apartment building and the Papaverplantsoen park, which serves as a local green space for the area."
4895,,Geuzenveld - Slotermeer,52.37393,4.81456,Entire home/apt,150,3,0,,1,364,0,holland,The area features a playground and a picnic table.
4799,,Centrum-West,52.37888,4.89217,Private room,271,1,0,,5,0,0,holland,The area features the guest house Herengracht 21 and the Max Brown Hotel.
1411,,Westerpark,52.38199,4.87227,Entire home/apt,80,15,8,0.12,1,0,0,holland,"The area features Gregario Cycling Services for bicycle needs and a garden, which serves as a local green space."
5456,,De Baarsjes - Oud-West,52.36824,4.85683,Entire home/apt,159,2,1,1.0,1,19,1,holland,"The area features a playground and a garden, centered around the Balboaplein."
25,,Centrum-West,52.38104,4.88306,Entire home/apt,157,6,24,0.26,1,156,2,holland,The area features a wellness space at Svaha Yoga - Jordaan Shala alongside the cafe a Sense of Place - Hi-Fidelity Coffee.
52,,Centrum-Oost,52.36733,4.92055,Entire home/apt,707,2,99,0.88,2,281,0,holland,The surroundings feature a playground and an artwork.
65,,De Baarsjes - Oud-West,52.364,4.87814,Entire home/apt,119,5,71,0.61,1,14,3,holland,The area features the Leonardo Hotel Amsterdam and the billiards pub Keu Poolcafe.
186,,De Pijp - Rivierenbuurt,52.35262,4.89968,Entire home/apt,180,1,92,0.88,1,0,0,holland,The area features a school called De Avonturijn and a garden.
11,,Zuid,52.35597,4.88512,Entire home/apt,149,4,95,0.87,1,0,0,holland,"The area features Montessori Lyceum Amsterdam, which is a school. There is also a garden."
5435,,Centrum-West,52.37293,4.88354,Entire home/apt,400,1,1,1.0,1,339,1,holland,The surroundings are defined by the hotel Pulitzer.
147,,Centrum-Oost,52.36866,4.92071,Entire home/apt,843,2,113,1.34,2,256,0,holland,"The area is defined by the museum Werf 't Kromhout, a historic shipyard that serves as a significant landmark for maritime heritage."
125,,Centrum-Oost,52.3737,4.92581,Entire home/apt,120,14,84,0.84,1,33,2,holland,The area features a park.
106,,Westerpark,52.38525,4.88006,Entire home/apt,250,26,1,0.01,3,299,0,holland,"The area features the Gevallen Engel, an artwork that serves as a notable local landmark."
211,,Watergraafsmeer,52.35149,4.92265,Entire home/apt,140,3,43,0.54,1,130,0,holland,The area features a garden.
1473,,De Baarsjes - Oud-West,52.36002,4.85442,Entire home/apt,120,3,18,0.28,1,184,0,holland,The immediate area features a soccer pitch.
1437,,Zuid,52.347,4.85955,Entire home/apt,75,3,8,0.12,1,0,0,holland,The surroundings feature a garden.
1397,,Zuid,52.3497,4.84631,Entire home/apt,109,2,73,1.05,1,360,6,holland,"The area is centered around the Tobiasschool, which serves as the primary educational institution for the neighborhood."
1393,,Centrum-West,52.37617,4.87846,Entire home/apt,200,4,29,0.42,1,0,0,holland,There are no specific places listed to describe the surroundings.
1385,,Westerpark,52.38181,4.87683,Entire home/apt,135,3,39,0.58,1,2,2,holland,This area features a garden.
1660,,Oud-Noord,52.39461,4.91771,Entire home/apt,125,3,10,1.23,1,9,7,holland,"The area is defined by Noorderpark, a significant local green space that serves as a central hub for outdoor recreation and community activity."
1654,,Centrum-West,52.37966,4.88974,Private room,131,2,42,0.88,2,0,6,holland,This area features a public_bookcase.
1577,,De Baarsjes - Oud-West,52.37178,4.85301,Private room,47,2,205,3.86,2,22,23,holland,There are no specific places listed to describe.
1555,,Watergraafsmeer,52.35631,4.93949,Entire home/apt,250,3,3,0.08,1,53,0,holland,There are no specific places listed to describe.
1521,,Bos en Lommer,52.37732,4.86135,Entire home/apt,200,3,58,0.88,1,0,0,holland,The surroundings feature a garden.
1514,,Oostelijk Havengebied - Indische Buurt,52.3652,4.93744,Entire home/apt,79,5,8,0.15,1,0,0,holland,The area features a garden.
1346,,De Pijp - Rivierenbuurt,52.35277,4.90114,Entire home/apt,200,3,32,0.48,1,0,0,holland,The area features a garden.
5332,,Oud-Noord,52.38134,4.91465,Entire home/apt,120,7,0,,1,281,0,holland,There are no specific places listed to describe.
5319,,Oostelijk Havengebied - Indische Buurt,52.36229,4.94239,Entire home/apt,99,4,2,2.0,1,341,2,holland,The area features a garden.
1804,,Slotervaart,52.34927,4.83232,Entire home/apt,335,4,35,0.57,1,358,1,holland,"The area features Staalmanpark, a local park that serves as a primary green space for outdoor recreation and community activity."
1771,,Oud-Noord,52.38535,4.91641,Private room,72,1,224,3.58,1,75,19,holland,The area features a garden.
1704,,Westerpark,52.37767,4.87275,Entire home/apt,206,2,30,0.47,1,0,5,holland,The area features a garden.
1679,,De Pijp - Rivierenbuurt,52.34517,4.90242,Private room,86,2,106,2.13,1,296,5,holland,The surrounding area features a garden.
1964,,Westerpark,52.38579,4.87923,Entire home/apt,225,3,14,0.31,1,0,0,holland,"The area is defined by Westerpark, a significant public park that serves as a central green space for recreation and community events."
1946,,De Baarsjes - Oud-West,52.36747,4.85006,Entire home/apt,136,2,40,0.95,1,0,4,holland,"The area is defined by Rembrandtpark, a significant local park that provides extensive green space and recreational paths for the neighborhood."
1924,,Zuid,52.35416,4.87901,Entire home/apt,260,4,7,0.22,1,0,0,holland,This area features a garden.
1853,,Noord-West,52.41717,4.89798,Private room,54,1,133,2.29,1,20,8,holland,This area features a picnic table for outdoor seating.
5241,,De Baarsjes - Oud-West,52.36655,4.86362,Entire home/apt,70,2,4,1.54,1,1,4,holland,"The area features the park Caspar Flickhof, which serves as a local green space for the neighborhood."
1288,,Zuid,52.34255,4.84597,Private room,85,2,15,0.33,5,125,0,holland,"The area is anchored by Hotel Jansen, which serves as the primary establishment in the immediate vicinity."
1285,,Buitenveldert - Zuidas,52.34236,4.8781,Entire home/apt,225,4,9,0.13,1,0,0,holland,"The area is defined by Beatrixpark, a park that serves as a significant green space for the neighborhood."
2141,,Centrum-West,52.38304,4.88376,Private room,130,3,22,0.48,1,1,0,holland,"The area features Formocha, a tea shop that serves as a local destination for refreshments."
2123,,Centrum-Oost,52.37455,4.92243,Entire home/apt,190,4,10,0.23,1,0,0,holland,The area features a soccer pitch.
2089,,Oud-Noord,52.39898,4.90643,Private room,103,2,120,2.57,1,242,4,holland,"The area is defined by Aparthotel North, which serves as the primary accommodation in the immediate vicinity."
2055,,Buitenveldert - Zuidas,52.33797,4.86804,Entire home/apt,166,3,15,0.33,1,56,0,holland,The area features the fitness centre Trainmore.
2041,,Oud-Noord,52.38474,4.90903,Entire home/apt,225,3,19,0.34,1,0,1,holland,The area features a garden.
1971,,Oostelijk Havengebied - Indische Buurt,52.37278,4.9471,Entire home/apt,134,3,34,0.6,1,0,0,holland,"The area features a marina, specifically Jachthaven Piet Hein."
2277,,Buitenveldert - Zuidas,52.32872,4.85766,Private room,70,3,146,2.89,1,19,11,holland,"The area features Tennispark Buitenveldert, a dedicated sports centre for tennis."
2223,,Oostelijk Havengebied - Indische Buurt,52.37227,4.94747,Entire home/apt,140,3,5,0.09,1,0,0,holland,"The area is defined by the presence of Jachthaven Piet Hein, a marina that serves as a central hub for local nautical activity."
2182,,Geuzenveld - Slotermeer,52.38436,4.83226,Entire home/apt,184,4,11,0.21,1,0,0,holland,There are no specific places listed to describe the surroundings.
5103,,Bos en Lommer,52.38223,4.84905,Entire home/apt,44,3,1,0.24,1,59,1,holland,"The area is centered around the Multatulischool, which serves as the local educational institution."
5093,,Oud-Oost,52.36015,4.928,Entire home/apt,195,7,0,,1,95,0,holland,The surroundings feature a garden.
5086,,Geuzenveld - Slotermeer,52.382801,4.837267,Entire home/apt,150,6,0,,1,0,0,holland,The surroundings consist of residential apartment buildings.
2355,,Bos en Lommer,52.3782,4.86125,Entire home/apt,95,2,27,0.62,1,0,4,holland,The area features a garden.
2340,,De Baarsjes - Oud-West,52.372,4.84921,Entire home/apt,99,1,29,0.67,1,0,0,holland,The area features a garden.
1213,,Slotervaart,52.3654,4.84906,Entire home/apt,120,5,23,0.34,1,9,0,holland,"The area is defined by Rembrandtpark, a significant green space that serves as a central recreational hub for the neighborhood."
1204,,Zuid,52.35222,4.86182,Entire home/apt,345,3,44,0.61,1,28,1,holland,The area features a garden.
1197,,De Pijp - Rivierenbuurt,52.347,4.90146,Private room,77,2,180,2.63,1,0,0,holland,The area features a garden.
1168,,Westerpark,52.38385,4.87759,Private room,113,1,416,5.66,1,363,7,holland,The immediate surroundings feature a picnic table.
1155,,Centrum-Oost,52.37218,4.90604,Entire home/apt,325,2,68,1.15,1,201,4,holland,"The area is defined by the Montelbaanstoren, a historic 16th-century tower that serves as a prominent landmark reflecting the city's maritime heritage."
1151,,De Pijp - Rivierenbuurt,52.34408,4.91061,Entire home/apt,120,3,22,0.44,1,0,0,holland,This area features a garden.
1143,,Centrum-West,52.37274,4.88085,Private room,66,3,164,2.61,1,266,3,holland,The area features a garden.
2397,,Zuid,52.3549,4.87937,Entire home/apt,325,2,24,0.57,1,201,4,holland,The area features a garden.
2390,,De Baarsjes - Oud-West,52.37035,4.84786,Entire home/apt,250,1,1,0.02,1,89,0,holland,The area features a playground.
2380,,Noord-Oost,52.39573,4.94277,Entire home/apt,150,15,2,0.04,1,10,1,holland,"The area is defined by Baanakkerspark, a local park that serves as a primary green space for outdoor recreation."
2366,,Oud-Noord,52.40173,4.90238,Private room,90,2,39,0.86,1,230,1,holland,This area features a soccer pitch.
5214,,Centrum-Oost,52.36937,4.91548,Entire home/apt,155,3,5,1.38,1,0,5,holland,The area features a playground.
2505,,Centrum-Oost,52.37015,4.91369,Entire home/apt,540,3,19,0.55,1,0,3,holland,"The area features Fixjefiets!, a bicycle shop that serves as a local resource for cycling needs."
2493,,De Baarsjes - Oud-West,52.36884,4.86739,Entire home/apt,187,2,13,0.38,1,6,0,holland,"The area features Dak Showroom, which serves as a notable local retail destination."
2491,,Oostelijk Havengebied - Indische Buurt,52.363,4.94281,Private room,231,7,21,0.46,1,179,0,holland,The area is defined by the presence of a garden.
2462,,De Pijp - Rivierenbuurt,52.34856,4.91022,Entire home/apt,175,2,4,0.08,1,0,1,holland,There are no specific places listed to describe.
2449,,Bos en Lommer,52.38307,4.84968,Entire home/apt,145,3,16,0.36,1,0,2,holland,"This area features a garden, which serves as a local green space for outdoor recreation."
2424,,Bijlmer-Oost,52.30926,4.97151,Private room,30,1,127,2.6,1,0,0,holland,"The area features Brasapark-Noord, a park that serves as a primary green space for the local community."
1130,,Zuid,52.34281,4.86046,Entire home/apt,220,2,21,0.31,1,0,0,holland,The area features a garden.
1049,,IJburg - Zeeburgereiland,52.35458,4.99522,Private room,45,180,333,4.29,2,189,0,holland,The area features a bakery known as De Bakkersfiets.
2606,,De Pijp - Rivierenbuurt,52.35352,4.90062,Entire home/apt,113,3,14,8.57,2,0,7,holland,The area features a garden.
2565,,Zuid,52.34447,4.86642,Entire home/apt,220,3,0,,1,162,0,holland,The area features a garden.
2542,,Zuid,52.35715,4.86032,Entire home/apt,170,5,8,0.17,1,0,0,holland,"The area is defined by Vondelpark, a major public park that serves as a central green space and recreational hub for the city."
2527,,Westerpark,52.38146,4.87547,Entire home/apt,179,3,12,0.46,1,0,0,holland,The area features a garden.
2510,,Zuid,52.34948,4.87911,Entire home/apt,200,3,7,0.22,1,165,0,holland,"The area is primarily defined by the presence of 1e Montessorischool de Wielewaal, which serves as the local educational institution."
2653,,Slotervaart,52.3609,4.83942,Entire home/apt,220,3,30,0.7,1,13,6,holland,"The area is defined by the Amsterdam viewpoint, a prominent landmark that offers a panoramic perspective of the city."
2871,,Zuid,52.35363,4.8496,Entire home/apt,140,5,3,0.08,1,0,0,holland,The area features a garden.
2819,,Oud-Noord,52.3907,4.90879,Entire home/apt,99,2,16,0.38,1,6,1,holland,The surroundings feature a garden.
2800,,Noord-West,52.41985,4.90131,Entire home/apt,130,3,26,0.68,1,0,2,holland,The area features a garden.
2798,,IJburg - Zeeburgereiland,52.35439,4.99451,Private room,80,3,8,0.28,2,0,0,holland,"The area is centered around the Willibrordschool, which serves as the local educational institution."
2783,,IJburg - Zeeburgereiland,52.37395,4.96555,Entire home/apt,200,3,14,0.39,1,7,0,holland,"The area features Skatepark Zeeburgereiland, a prominent skateboard pitch that serves as a central recreational landmark for local sports enthusiasts."
1006,,De Baarsjes - Oud-West,52.37167,4.85471,Entire home/apt,120,2,5,0.06,1,0,0,holland,There are no specific places listed to describe.
991,,De Baarsjes - Oud-West,52.37298,4.85418,Entire home/apt,121,3,54,0.7,1,174,2,holland,The area features a garden.
970,,Gaasperdam - Driemond,52.30023,4.99987,Private room,46,1,220,3.3,1,318,10,holland,"The area is defined by the presence of Gaasperzoom, a park that serves as a significant local green space for outdoor recreation."
966,,Centrum-West,52.37464,4.8782,Entire home/apt,275,6,28,0.36,1,48,9,holland,"The area is defined by the presence of Galerie Staaf, which serves as a local cultural destination for art enthusiasts."
954,,Centrum-Oost,52.36388,4.92078,Entire home/apt,199,2,57,0.73,1,213,1,holland,The immediate area features a playground.
941,,Centrum-Oost,52.36913,4.9113,Entire home/apt,160,3,22,0.32,1,0,0,holland,There are no specific places listed to describe the surroundings.
909,,Westerpark,52.37405,4.8718,Entire home/apt,113,3,35,0.46,1,0,0,holland,There are no specific places listed to describe the surroundings.
2964,,Oud-Oost,52.35767,4.92018,Entire home/apt,150,2,13,0.33,1,0,0,holland,The surroundings feature a garden.
2950,,Zuid,52.35777,4.8518,Entire home/apt,300,4,7,0.18,1,128,0,holland,The area features a bar called Chef.
2904,,Zuid,52.34551,4.87582,Private room,100,1,0,,1,0,0,holland,The area features a garden.
2890,,Geuzenveld - Slotermeer,52.38173,4.82493,Entire home/apt,130,4,4,0.1,1,154,0,holland,The surroundings feature a playground.
3046,,De Baarsjes - Oud-West,52.36684,4.8756,Entire home/apt,200,3,12,0.42,1,0,0,holland,The immediate surroundings consist of a playground.
3036,,Oud-Oost,52.36434,4.92533,Entire home/apt,400,4,12,0.3,1,0,0,holland,The area features a garden.
3029,,Noord-West,52.42369,4.88545,Private room,54,2,101,2.57,1,10,24,holland,The surroundings feature a garden.
2992,,Zuid,52.3565,4.87368,Entire home/apt,299,4,9,0.61,6,0,4,holland,"The area features Knokki, a hifi store."
2974,,De Pijp - Rivierenbuurt,52.35361,4.90424,Entire home/apt,140,7,13,0.32,1,0,0,holland,There are no specific places to describe in this area.
3121,,IJburg - Zeeburgereiland,52.35469,5.00606,Hotel room,161,1,7,0.23,20,271,0,holland,The area features the hotel SWEETS.
3113,,IJburg - Zeeburgereiland,52.34736,5.00617,Private room,80,3,21,0.56,1,0,0,holland,The immediate surroundings consist of a playground.
3086,,De Baarsjes - Oud-West,52.36674,4.86153,Entire home/apt,247,2,15,0.38,1,0,0,holland,The area features a garden.
3226,,Oud-Noord,52.39722,4.91681,Entire home/apt,140,3,9,0.39,1,189,0,holland,The area features a garden.
3197,,Centrum-West,52.38445,4.88746,Entire home/apt,487,1,3,3.0,5,268,3,holland,"The area features the Palmentuin Prinseneiland, a garden that serves as a quiet green landmark for the neighborhood."
3155,,Oostelijk Havengebied - Indische Buurt,52.3634,4.94316,Private room,49,1,48,1.26,2,139,1,holland,There are no specific places listed to describe the surroundings.
907,,Oud-Noord,52.39314,4.92327,Entire home/apt,195,4,32,0.61,1,3,5,holland,"The area is defined by Noorderpark, a local park that provides significant green space and outdoor recreation for the neighborhood."
817,,Centrum-West,52.3703,4.87883,Entire home/apt,150,3,93,1.17,1,111,7,holland,"The area features the theatre De Toneelmakerij, which serves as a notable cultural venue for contemporary stage productions."
5019,,Osdorp,52.36008,4.80485,Private room,69,1,167,30.36,5,365,167,holland,"The area features the Inormation board Osdorpplein, which serves as a central point for local guidance and community details."
5018,,Osdorp,52.36023,4.80476,Private room,60,1,304,53.96,5,318,304,holland,"The area features the Inormation board Osdorpplein, which serves as a central point for local navigation and community updates."
4982,,Centrum-West,52.37045,4.87908,Private room,209,1,0,,4,362,0,holland,"The area is defined by the presence of the theatre De Toneelmakerij, a notable cultural venue that contributes to the local arts scene."
3305,,Oud-Oost,52.36045,4.92735,Entire home/apt,166,1,77,2.5,6,268,25,holland,The area features a garden.
3413,,De Aker - Nieuw Sloten,52.350323,4.816838,Private room,110,1,28,0.88,1,279,6,holland,The area is home to Johan's B&B.
3394,,De Pijp - Rivierenbuurt,52.34454,4.9098,Entire home/apt,194,2,11,0.35,1,64,1,holland,The area features a garden.
3374,,De Baarsjes - Oud-West,52.37241,4.86122,Entire home/apt,145,5,10,0.35,1,1,2,holland,The area is defined by a garden.
5075,,Oostelijk Havengebied - Indische Buurt,52.36962,4.94169,Entire home/apt,165,3,0,,1,25,0,holland,The surroundings feature a garden.
5069,,De Baarsjes - Oud-West,52.3682,4.86227,Entire home/apt,150,2,3,0.6,1,321,3,holland,The area features a garden.
5058,,De Pijp - Rivierenbuurt,52.34593,4.90871,Entire home/apt,140,25,0,,1,60,0,holland,The area features a garden.
758,,Centrum-Oost,52.364323,4.899321,Private room,60,2,195,2.39,4,7,34,holland,"The area is defined by the Deutsche Seemannsheim Amsterdam Guesthouse Keizersgracht, which serves as a historic guesthouse for seafarers located along the city's canal belt."
737,,Zuid,52.34808,4.85065,Entire home/apt,225,1,5,0.06,1,365,0,holland,The area features a garden.
693,,Oud-Noord,52.39293,4.93417,Entire home/apt,175,3,28,0.33,1,0,3,holland,There are no specific places listed to describe the surroundings.
681,,Watergraafsmeer,52.35396,4.93526,Private room,74,2,256,2.93,1,351,18,holland,The area is defined by a garden.
3565,,Oud-Oost,52.36607,4.92669,Private room,102,2,76,2.51,1,276,21,holland,The area features the pub Dorst.
3522,,Watergraafsmeer,52.33928,4.94218,Entire home/apt,80,5,9,0.33,1,5,4,holland,The area features a garden.
3521,,Noord-Oost,52.39451,4.9315,Entire home/apt,150,3,5,0.18,1,0,2,holland,The immediate area features a basketball pitch.
3715,,Bos en Lommer,52.38087,4.84922,Entire home/apt,189,3,8,0.28,1,0,2,holland,The surrounding area features a garden.
3588,,Bos en Lommer,52.37531,4.85683,Private room,200,2,0,,1,0,0,holland,The surroundings feature a multi pitch climbing area.
3845,,Centrum-West,52.36823,4.88483,Entire home/apt,271,2,11,0.38,1,13,3,holland,The area features a garden.
3835,,Oud-Oost,52.35389,4.91425,Hotel room,106,1,2,0.39,6,0,2,holland,The area features a garden.
3808,,De Baarsjes - Oud-West,52.37212,4.85364,Private room,70,3,35,1.24,3,0,4,holland,The area features a garden.
3795,,Slotervaart,52.36627,4.84852,Entire home/apt,50,6,5,0.21,1,0,0,holland,"The area is defined by Rembrandtpark, a significant green space that serves as a central recreational hub for the neighborhood."
3794,,De Baarsjes - Oud-West,52.35982,4.85187,Entire home/apt,521,2,8,0.28,1,0,2,holland,"The area features Café 't Vossie, which serves as a local pub."
3767,,Bos en Lommer,52.37434,4.84687,Entire home/apt,95,7,2,0.07,1,0,0,holland,The area is home to the school El Kadisia.
3955,,De Baarsjes - Oud-West,52.36712,4.86549,Entire home/apt,149,2,1,0.04,1,0,0,holland,The area features a pottery studio known as Debby Luiten.
3952,,Geuzenveld - Slotermeer,52.38012,4.81924,Private room,70,2,12,0.45,1,154,0,holland,"The area is characterized by the presence of Immanuelschool, which serves as the local educational institution."
3949,,Watergraafsmeer,52.35103,4.91967,Entire home/apt,160,2,0,,2,0,0,holland,"The area is home to the pub Vergulden Eenhoorn, a historic landmark known for its traditional atmosphere and garden setting."
620,,Oud-Noord,52.39729,4.91497,Entire home/apt,130,3,13,0.21,1,137,2,holland,The surroundings feature a garden.
592,,Westerpark,52.37418,4.86866,Entire home/apt,145,3,27,0.31,1,14,0,holland,The area is defined by the presence of a garden.
552,,De Baarsjes - Oud-West,52.36695,4.87465,Entire home/apt,199,2,16,0.3,1,0,4,holland,"The area features l'Affiche, a local pub."
4126,,De Baarsjes - Oud-West,52.37366,4.85632,Entire home/apt,90,6,1,0.04,1,31,0,holland,The area features a garden.
4121,,De Baarsjes - Oud-West,52.36721,4.86552,Entire home/apt,175,1,0,,6,93,0,holland,"The area features Debby Luiten, a pottery studio."
4111,,Centrum-West,52.37045,4.877,Entire home/apt,360,3,1,0.04,1,0,0,holland,This residential area consists solely of an apartment.
4105,,De Aker - Nieuw Sloten,52.34293,4.82206,Private room,64,3,26,1.52,2,133,21,holland,The area is home to the Spalenbühl studio.
4073,,De Pijp - Rivierenbuurt,52.34842,4.89671,Entire home/apt,210,3,4,0.17,1,15,1,holland,The area features a garden.
4044,,Geuzenveld - Slotermeer,52.38265,4.82872,Entire home/apt,113,2,12,0.5,1,0,0,holland,The area is centered around the Henricusschool.
4016,,Centrum-West,52.370358,4.877599,Private room,76,3,76,3.0,2,102,31,holland,"The area features nightlife centered around the Bluescafé Maloe Melo, a well-known music venue that serves as a staple for local live blues performances."
3987,,Westerpark,52.38975,4.8807,Private room,185,1,4,0.18,3,331,0,holland,"The area centers on Suikerplein, which serves as the local playground."
3984,,De Pijp - Rivierenbuurt,52.34163,4.89884,Private room,75,1,10,0.39,1,0,0,holland,The area features a garden.
507,,Slotervaart,52.36173,4.8454,Private room,35,2,286,3.09,3,128,10,holland,"The area is defined by Rembrandtpark, a significant green space that serves as a central recreational hub for the neighborhood."
427,,Oud-Oost,52.3522,4.91484,Entire home/apt,102,7,19,0.21,1,0,1,holland,The area features a garden.
415,,Oud-Noord,52.38745,4.91972,Entire home/apt,350,2,2,0.04,1,169,0,holland,The area features a garden.
412,,De Baarsjes - Oud-West,52.36984,4.87213,Entire home/apt,150,14,10,0.11,1,158,0,holland,"The area is centered around the arts centre De Nieuwe Liefde, a prominent cultural venue known for hosting literary events and public debates."
408,,De Pijp - Rivierenbuurt,52.34383,4.89273,Entire home/apt,230,3,29,0.45,1,0,0,holland,The area features a garden.
4274,,Watergraafsmeer,52.34935,4.9343,Entire home/apt,115,3,7,0.96,1,126,5,holland,The area features a garden.
4237,,De Baarsjes - Oud-West,52.36697,4.86057,Entire home/apt,180,5,4,0.25,1,0,3,holland,"The area features a garden, which serves as a notable local green space."
4231,,Gaasperdam - Driemond,52.29794,4.9753,Entire home/apt,100,1,4,0.19,1,0,0,holland,The area features a playground.
4134,,Centrum-Oost,52.3675,4.89571,Entire home/apt,500,1,0,,1,255,0,holland,"The area features the Universiteitstheater, which serves as a cultural venue for academic and theatrical performances."
4926,,Centrum-West,52.38394,4.89366,Private room,99,3,7,1.56,9,41,7,holland,"The area is defined by City Marina IJdock, a prominent marina that serves as a focal point for waterfront activity."
4924,,Oud-Noord,52.38822,4.9265,Entire home/apt,145,1,13,2.77,1,0,13,holland,"The area features Museum Amsterdam Noord, a cultural landmark that offers insight into the local history and development of the district."
4906,,Zuid,52.34497,4.86919,Entire home/apt,90,5,1,0.19,1,311,1,holland,"This area features a garden, which serves as a local green space."
4331,,Bos en Lommer,52.38322,4.84625,Hotel room,0,1,0,,1,0,0,holland,"The area is home to Dutchies Hostel, which serves as the primary accommodation option in the surroundings."
4304,,Watergraafsmeer,52.33701,4.93136,Private room,71,2,0,,11,0,0,holland,"The area features a garden, which serves as a notable local green space."
4287,,De Baarsjes - Oud-West,52.37022,4.87201,Private room,56,1,29,7.19,1,177,29,holland,"The area is home to the arts centre De Nieuwe Liefde, which serves as a cultural venue for debates and literary events."
4377,,Centrum-Oost,52.3675,4.89768,Private room,80,3,23,1.42,3,177,14,holland,"The area is defined by the Amstel Canal Guest House, which serves as the primary accommodation in the surroundings."
4967,,De Aker - Nieuw Sloten,52.3436,4.82264,Private room,49,7,3,0.97,2,83,3,holland,There are no specific places listed to describe the surroundings.
4958,,De Baarsjes - Oud-West,52.36922,4.87439,Entire home/apt,120,3,0,,2,0,0,holland,"The area features Bar MiMi, which serves as the local nightlife destination."
4934,,Westerpark,52.38351,4.88055,Entire home/apt,200,3,4,0.89,1,0,4,holland,The surroundings feature a garden.
399,,Slotervaart,52.35896,4.81951,Private room,150,2,41,0.44,3,317,1,holland,"The area is defined by Sloterpark, a large public park that serves as a central green space for outdoor recreation."
381,,Centrum-West,52.38778,4.88848,Private room,50,2,226,2.55,1,314,13,holland,There are no specific places listed to describe the surroundings.
369,,Oud-Noord,52.38772,4.93933,Entire home/apt,180,3,95,1.02,1,53,4,holland,The area features a single piece of artwork.
5398,,Watergraafsmeer,52.33871,4.91285,Entire home/apt,476,2,0,,1,46,0,holland,The area is defined by a garden.
4480,,Bos en Lommer,52.37598,4.84018,Entire home/apt,125,25,2,0.12,1,351,0,holland,The area features a garden.
4479,,De Baarsjes - Oud-West,52.36928,4.85808,Entire home/apt,90,3,3,0.18,1,1,1,holland,The area features a garden.
4469,,De Baarsjes - Oud-West,52.37032,4.8607,Private room,80,2,20,1.17,9,0,9,holland,The area features a garden.
4466,,Centrum-Oost,52.36432,4.89932,Private room,61,2,28,3.29,4,12,28,holland,"The area is home to the Deutsche Seemannsheim Amsterdam Guesthouse Keizersgracht, which serves as a historic guest house located along the city's iconic canal belt."
4460,,Centrum-Oost,52.36198,4.90903,Entire home/apt,109,3,7,6.0,1,0,5,holland,This area consists of a single guest house.
4459,,Oud-Noord,52.38727,4.9462,Private room,169,1,11,0.65,6,42,4,holland,There are no specific points of interest or amenities listed for this location.
4447,,Westerpark,52.37762,4.87355,Entire home/apt,110,1,5,0.91,1,0,5,holland,The surroundings feature a garden.
4617,,De Baarsjes - Oud-West,52.369919,4.857575,Entire home/apt,135,2,10,8.33,1,184,10,holland,The area features a garden.
4585,,IJburg - Zeeburgereiland,52.35972,4.99551,Entire home/apt,266,2,5,1.61,1,44,4,holland,There are no specific places listed to describe the surroundings.
4505,,Oud-Oost,52.35096,4.91362,Private room,350,2,30,1.94,1,313,23,holland,The area features a garden.
4489,,Watergraafsmeer,52.35153,4.92048,Entire home/apt,95,2,0,,2,0,0,holland,"The area features the pub Vergulden Eenhoorn, a historic landmark that serves as a traditional local gathering spot."
5356,,Noord-West,52.42016,4.89575,Entire home/apt,68,14,0,,1,59,0,holland,The area features a garden.
361,,De Pijp - Rivierenbuurt,52.34174,4.90396,Entire home/apt,220,3,62,0.67,1,188,0,holland,The area features a garden.
350,,Zuid,52.34736,4.87546,Private room,63,1,406,4.55,2,5,25,holland,The area features a garden.
331,,De Baarsjes - Oud-West,52.3603,4.86692,Entire home/apt,150,2,75,0.82,1,148,5,holland,The area features a garden.
4759,,Centrum-Oost,52.36315,4.90779,Entire home/apt,158,7,1,0.16,6,267,1,holland,"The area is home to the Concern Congres Centrum, which serves as a community centre for the local neighborhood."
4696,,Centrum-West,52.36605,4.88405,Private room,54,3,4,0.97,1,353,4,holland,The area features nightlife centered around Spijker Bar.
4674,,Centrum-Oost,52.37057,4.90594,Private room,151,1,0,,6,0,0,holland,The immediate surroundings feature a basketball pitch.
4667,,Noord-West,52.416,4.88533,Entire home/apt,150,2,6,1.49,1,110,6,holland,The immediate surroundings feature a playground.
4839,,Westerpark,52.39448,4.87636,Entire home/apt,114,3,18,6.14,9,290,18,holland,The immediate surroundings consist of a public bookcase.
4838,,De Pijp - Rivierenbuurt,52.34487,4.89883,Entire home/apt,136,2,4,1.28,1,3,4,holland,"The area features a garden, which serves as a notable local landmark providing a green space for the community."
4836,,Bos en Lommer,52.37635,4.86062,Entire home/apt,99,1,0,,1,0,0,holland,The surrounding area features a garden.
4824,,Watergraafsmeer,52.352,4.92119,Private room,166,2,6,1.84,6,349,6,holland,The immediate surroundings feature a garden.
4823,,Watergraafsmeer,52.35217,4.92153,Private room,166,2,7,2.04,6,345,7,holland,The area features a garden.
317,,Westerpark,52.38919,4.88846,Entire home/apt,220,1,7,0.18,1,0,0,holland,"This area features a garden, which serves as a local green space for outdoor recreation."
311,,Noord-Oost,52.39508,4.99186,Private room,77,2,130,1.29,10,247,6,holland,The area features a guest house known as Gypsy Waggon.
302,,Oud-Noord,52.39319,4.9435,Private room,59,4,97,1.05,1,123,0,holland,"The area features the Moeshoek garden, which serves as a local green space."
282,,Zuid,52.35749,4.87699,Entire home/apt,399,2,30,0.3,1,72,0,holland,The area features retail options such as Suitsupply.
267,,De Pijp - Rivierenbuurt,52.35043,4.90079,Entire home/apt,120,4,42,0.44,1,38,0,holland,The area features a garden.
266,,Oud-Oost,52.35823,4.92035,Entire home/apt,295,4,10,0.19,1,325,0,holland,There are no specific places listed to describe.
261,,Bos en Lommer,52.38231,4.84866,Entire home/apt,75,3,76,0.9,1,0,0,holland,"The area is primarily residential, anchored by the Multatulischool."
260,,Bijlmer-Centrum,52.31774,4.94647,Private room,46,1,408,4.16,1,329,17,holland,The area is home to the nursing home De Venser.
244,,IJburg - Zeeburgereiland,52.36064,4.97643,Entire home/apt,135,5,83,0.8,1,344,2,holland,This area features a playground.
19,,Slotervaart,52.34801,4.83639,Private room,42,2,205,1.89,1,355,10,holland,There are no specific places listed to describe the surroundings.
5475,,Bos en Lommer,52.37496,4.84744,Entire home/apt,165,1,0,,1,6,0,holland,The area features a garden.
5486,,Osdorp,52.37662,4.75351,Entire home/apt,52,5,0,,1,21,0,holland,The area is home to the school De Zwaan (locatie Wilgenlaan).
