neighbourhood,room_type,price,minimum_nights,number_of_reviews,reviews_per_month,calculated_host_listings_count,availability_365,number_of_reviews_ltm,surroundings_summary
Centrum-Oost,Private room,55,2,520,5.57,2,267,41,"You can visit the Kattenkabinet museum before enjoying a meal at Secret Garden. Later, you might head to Club NYX or BLEND XL for a night out.

[tier: premium | anchors: Kattenkabinet, Club NYX | character: vibrant city nightlife]"
Zuid,Entire home/apt,149,4,95,0.87,1,0,0,"Montessori Lyceum Amsterdam is located in the immediate vicinity of this area. There are no other gardens or schools from the provided list nearby.

[tier: mid | anchors: Montessori Lyceum Amsterdam | character: academic and quiet]"
Slotervaart,Private room,42,2,205,1.89,1,355,10,"There are no nearby places to list in this area.
[tier: budget | anchors: none | character: quiet and empty]"
Zuid,Entire home/apt,99,7,54,0.71,1,0,1,"Rosarium is a beautiful garden located within the expansive grounds of Vondelpark.

[tier: premium | anchors: Rosarium, Vondelpark | character: peaceful green oasis]"
Centrum-West,Entire home/apt,157,6,24,0.26,1,156,2,"Svaha Yoga - Jordaan Shala is located near a Sense of Place - Hi-Fidelity Coffee.

[tier: premium | anchors: Svaha Yoga - Jordaan Shala, a Sense of Place - Hi-Fidelity Coffee | character: wellness and coffee]"
De Pijp - Rivierenbuurt,Entire home/apt,250,21,29,0.23,2,47,2,"There are no nearby places listed to identify.
[tier: budget | anchors: none | character: empty location]"
Centrum-West,Private room,265,2,12,0.45,1,343,2,"Lanskroon is a popular pastry shop located near the cafe Eetcafe Singel 404. You can also visit Amsterdam Vintage Watches or The Lebanese Sajeria in this area.

[tier: premium | anchors: Lanskroon, Eetcafe Singel 404 | character: historic city center]"
De Pijp - Rivierenbuurt,Entire home/apt,145,18,92,0.81,1,90,2,"You can find MAX Hotel and Coffeeshop IBIZA located just a short distance from Lidl. Paul & Ninette Bike Rental and Paul & Ninette Vinotheque are also situated in the immediate vicinity.

[tier: mid | anchors: MAX Hotel, Coffeeshop IBIZA, Lidl | character: convenient urban hub]"
Centrum-Oost,Entire home/apt,707,2,99,0.88,2,281,0,"There are no nearby places listed to identify in this area.

[tier: budget | anchors: none | character: quiet empty space]"
De Pijp - Rivierenbuurt,Entire home/apt,200,3,27,0.26,1,363,0,"You can find Albert Heijn and Gall & Gall located right next to each other. Nearby establishments include the pub Café De Baron and the boxing fitness centre Boksschool VBSK Albert Cuyp.

[tier: mid | anchors: Albert Heijn, Gall & Gall, Café De Baron | character: vibrant local hub]"
Centrum-Oost,Private room,120,2,421,3.77,1,119,5,"You can enjoy a meal at Blin Queen or Pizza Beppe before visiting the nearby Mulligans. Accommodations are available at Amsterdam House Hotel and Hotel Amstelzicht, both of which are located near the Dancing Houses viewpoint.

[tier: premium | anchors: Amsterdam House Hotel, Hotel Amstelzicht, Dancing Houses | character: historic city charm]"
De Baarsjes - Oud-West,Entire home/apt,119,5,71,0.61,1,14,3,"Keu Poolcafe and Leonardo Hotel Amsterdam are located in close proximity to each other.

[tier: mid | anchors: Keu Poolcafe, Leonardo Hotel Amsterdam | character: lively urban hub]"
De Pijp - Rivierenbuurt,Entire home/apt,113,3,126,1.21,1,3,3,"Arrahman is a local place of worship located near the French restaurant Le Hollandais.

[tier: mid | anchors: Arrahman, Le Hollandais | character: diverse local dining]"
De Baarsjes - Oud-West,Private room,70,2,411,3.56,1,283,13,"There are no picnic tables or gardens located in the immediate vicinity.

[tier: budget | anchors: none | character: isolated quiet space]"
Centrum-West,Entire home/apt,171,3,35,0.65,1,0,4,"Dam is a central location near Dam Square Inn and the attraction 360 Amsterdam. You can also find shopping options like H&M and Foot Locker nearby.

[tier: mid | anchors: Dam, 360 Amsterdam, H&M, Foot Locker | character: bustling city center]"
Centrum-Oost,Entire home/apt,299,3,60,0.66,1,165,0,"You can visit the religious site Keizersgrachtkerk or browse the contemporary art at Slewe Gallery. Nearby, you will find the community hub Wijkcentrum d'Oude Stadt alongside specialized retailers like Azarius and House of Smart.

[tier: mid | anchors: Keizersgrachtkerk, Slewe Gallery, Wijkcentrum d'Oude Stadt, Azarius, House of Smart | character: diverse urban hub]"
Centrum-West,Entire home/apt,600,2,62,0.54,1,362,0,"Theo Thijssenschool is located in the immediate vicinity of a local playground and a table tennis pitch.

[tier: mid | anchors: Theo Thijssenschool | character: educational community hub]"
Oud-Noord,Entire home/apt,170,4,20,0.26,1,0,0,"Bike Laboratory is located nearby, along with Domino's and Isken. These establishments provide convenient access to professional services and quick meals.

[tier: mid | anchors: Bike Laboratory, Domino's, Isken | character: convenient local hub]"
Westerpark,Entire home/apt,250,26,1,0.01,3,299,0,"The artwork Gevallen Engel is located in this area. You can find Gevallen Engel nearby.

[tier: premium | anchors: Gevallen Engel | character: artistic and serene]"
De Pijp - Rivierenbuurt,Private room,65,1,464,5.18,1,154,31,"The Royal Treatment is located near a playground, a garden, and a soccer pitch.

[tier: premium | anchors: The Royal Treatment | character: professional shoe care]"
Centrum-Oost,Entire home/apt,120,14,84,0.84,1,33,2,"There are no nearby places to list based on the provided information.

[tier: budget | anchors: none | character: empty location data]"
Centrum-West,Private room,125,2,445,4.02,2,349,24,"Oude Kerk is a historic place of worship located near the Red Light Secrets museum. Visitors can also find refreshments at Cafe Pleinzicht or enjoy a meal at American Bar-bq.

[tier: mid | anchors: Oude Kerk, Red Light Secrets, Cafe Pleinzicht, American Bar-bq | character: historic urban center]"
Westerpark,Private room,81,3,362,3.33,1,337,8,"There are no nearby places to list based on the provided information.
[tier: budget | anchors: none | character: quiet and empty]"
Centrum-Oost,Entire home/apt,843,2,113,1.34,2,256,0,"Werf 't Kromhout is a historic shipyard museum located along the canal. It serves as a unique cultural landmark in the area.

[tier: mid | anchors: Werf 't Kromhout | character: historic maritime site]"
Westerpark,Entire home/apt,250,3,64,0.64,1,99,3,"The local area features the Apentafel, which serves as a notable piece of artwork.

[tier: mid | anchors: Apentafel | character: artistic public space]"
Centrum-Oost,Private room,118,3,414,3.88,2,219,5,"You can visit the historic Zuiderkerk and climb the iconic Zuiderkerkstoren for a view of the city.

[tier: premium | anchors: Zuiderkerk, Zuiderkerkstoren | character: historic city landmark]"
De Baarsjes - Oud-West,Entire home/apt,110,3,2,0.04,1,0,0,"Gurdwara Maan Sarovar Sahib is a local place of worship located near the NJMT - Nationaal Jeugd Musical Theater college.

[tier: mid | anchors: Gurdwara Maan Sarovar Sahib, NJMT - Nationaal Jeugd Musical Theater | character: spiritual and artistic]"
Centrum-West,Entire home/apt,399,2,52,0.48,1,103,4,"Postzegelpark and Postzegelmarkt are located in the immediate vicinity of Nova Hotel and Theater De Richel. These spots offer a mix of green space and cultural experiences for visitors.

[tier: mid | anchors: Postzegelpark, Nova Hotel | character: cultural and central]"
Centrum-Oost,Private room,77,1,901,8.2,1,301,154,"Sarphatihuis is a social facility located in the area. There is also a garden nearby.

[tier: premium | anchors: Sarphatihuis | character: quiet urban space]"
De Pijp - Rivierenbuurt,Entire home/apt,180,1,92,0.88,1,0,0,"De Avonturijn is a local school located near a nearby garden.

[tier: mid | anchors: De Avonturijn | character: educational community hub]"
Centrum-Oost,Private room,132,2,44,0.63,2,236,0,"Medisch Centrum Wetering is located in the immediate vicinity of this area. There are no other gardens or clinics nearby.

[tier: mid | anchors: Medisch Centrum Wetering | character: medical care hub]"
De Baarsjes - Oud-West,Entire home/apt,120,4,82,0.92,1,0,2,"Balboaplein features a playground and a garden for local recreation. The area also includes a field hockey pitch, a table tennis pitch, and a basketball pitch.

[tier: mid | anchors: Balboaplein | character: active community hub]"
Centrum-West,Entire home/apt,210,4,60,0.57,1,78,2,"Staverno Nassaukade is a local marina located near the Sonkran thai restaurant.

[tier: mid | anchors: Staverno Nassaukade, Sonkran | character: scenic waterfront dining]"
De Baarsjes - Oud-West,Entire home/apt,130,3,76,0.82,1,69,4,"You can find fresh produce at Marco's Groentespeciaalzaak and enjoy the outdoors at Tuin van Jan. Nearby options also include Etos, Café Cook, and Proeflokaal Vesp.

[tier: mid | anchors: Marco's Groentespeciaalzaak, Tuin van Jan, Etos, Café Cook, Proeflokaal Vesp | character: vibrant local hub]"
Watergraafsmeer,Entire home/apt,140,3,43,0.54,1,130,0,"There are no nearby places to list based on the provided information.

[tier: budget | anchors: none | character: empty location]"
IJburg - Zeeburgereiland,Entire home/apt,135,5,83,0.8,1,344,2,"There are no nearby places listed to identify.

[tier: budget | anchors: none | character: empty location]"
Osdorp,Private room,80,2,155,1.7,2,308,0,"There are no nearby places available to list in this area.
[tier: budget | anchors: none | character: quiet empty space]"
Bijlmer-Centrum,Private room,46,1,408,4.16,1,329,17,"De Venser is a nursing home located in the local area.

[tier: mid | anchors: De Venser | character: quiet residential care]"
Bos en Lommer,Entire home/apt,75,3,76,0.9,1,0,0,"Multatulischool is located in the immediate vicinity of this area. It serves as the primary educational institution for the local neighborhood.

[tier: mid | anchors: Multatulischool | character: educational community hub]"
Oud-Oost,Entire home/apt,295,4,10,0.19,1,325,0,"There are no nearby places to list in this area.

[tier: budget | anchors: none | character: quiet and empty]"
De Pijp - Rivierenbuurt,Entire home/apt,120,4,42,0.44,1,38,0,"There are no nearby places to list based on the provided information.

[tier: budget | anchors: none | character: empty location data]"
Zuid,Entire home/apt,399,2,30,0.3,1,72,0,"Suitsupply is located in the immediate vicinity. You can find high-quality menswear at Suitsupply.

[tier: premium | anchors: Suitsupply | character: professional refined style]"
Centrum-Oost,Entire home/apt,250,2,38,0.61,1,0,0,"Artis is a well-known zoo located near the restaurant De Waterkant.

[tier: mid | anchors: Artis, De Waterkant | character: lively urban escape]"
Bos en Lommer,Private room,108,3,316,3.21,1,220,2,"You can visit the garden at Rue de sevres or enjoy a meal at Warung Kamal Afhaalcentrum. Other nearby options include the shop Martins avondwinkel and the restaurant Biladi.

[tier: mid | anchors: Rue de sevres, Warung Kamal Afhaalcentrum | character: diverse local hub]"
De Baarsjes - Oud-West,Entire home/apt,155,2,3,0.03,1,263,1,"Gezondheidscentrum Borgerstraat and Tandartsengroep Borgerstraat are located nearby. You can also find Norah, Pearle, and Specsavers in the immediate vicinity.

[tier: mid | anchors: Gezondheidscentrum Borgerstraat, Norah, Pearle, Specsavers, Tandartsengroep Borgerstraat | character: convenient local hub]"
Oud-Noord,Private room,59,4,97,1.05,1,123,0,"Moeshoek is a nearby location that features a garden. This area is situated within the immediate vicinity of Moeshoek.

[tier: mid | anchors: Moeshoek | character: quiet local garden]"
Oud-Oost,Private room,140,1,124,1.37,3,247,0,"There are no nearby places from the provided list to mention.

[tier: budget | anchors: none | character: quiet and empty]"
Centrum-Oost,Entire home/apt,135,3,56,0.7,1,105,2,"Analogue is a nearby camera shop that offers a variety of photography equipment. This location also serves as a popular viewpoint for enthusiasts looking to capture the surrounding city scenery.

[tier: premium | anchors: Analogue | character: professional photography hub]"
Zuid,Entire home/apt,300,7,5,0.06,1,212,0,"Park de Schinkeleilanden is a nearby park, while Tenniseiland and Witte Huis provide local sports and recreational facilities.

[tier: mid | anchors: Park de Schinkeleilanden, Tenniseiland, Witte Huis | character: active green space]"
Noord-Oost,Private room,77,2,130,1.29,10,247,6,"Gypsy Waggon is a unique guest house located in the area. This accommodation offers a distinct stay for travelers visiting the region.

[tier: mid | anchors: Gypsy Waggon | character: charming rustic retreat]"
Westerpark,Entire home/apt,220,1,7,0.18,1,0,0,"There are no nearby places to list in this area.
[tier: budget | anchors: none | character: quiet and empty]"
De Pijp - Rivierenbuurt,Entire home/apt,285,1,64,0.9,1,44,5,"Anook Bakehouse and The Breakfast Club are located in the immediate vicinity. You can also find Jonkmans Bloemenhandel and Massage Ying Ying nearby.

[tier: premium | anchors: Anook Bakehouse, The Breakfast Club, Jonkmans Bloemenhandel, Massage Ying Ying | character: vibrant local hub]"
De Baarsjes - Oud-West,Entire home/apt,150,2,75,0.82,1,148,5,"There are no nearby places to list in this area.
[tier: budget | anchors: none | character: quiet and empty]"
Centrum-West,Entire home/apt,210,4,54,0.92,2,294,2,"A.N.M. van Grunsven & F.X.W.M. Hofman is a local doctors office located near the Bunbun bakery and the Noordermarkt marketplace.

[tier: mid | anchors: A.N.M. van Grunsven & F.X.W.M. Hofman, Bunbun, Noordermarkt | character: convenient urban hub]"
Centrum-West,Entire home/apt,153,2,66,0.91,1,0,0,"Curry Express and Ashoka are located in the immediate vicinity. You can also find La Bettola and Hotel Tourist INN nearby. [tier: mid | anchors: Curry Express, Ashoka, La Bettola, Hotel Tourist INN | character: vibrant city center]"
Oud-Oost,Entire home/apt,150,2,42,0.48,1,85,0,"Bam Boa and Troef are popular dining destinations located near Weesper. 

[tier: premium | anchors: Bam Boa, Troef, Weesper | character: vibrant riverside dining]"
De Pijp - Rivierenbuurt,Private room,70,2,279,2.99,1,332,4,"The 6e Montessorischool Anne Frank is located in the immediate vicinity of a local garden. This area is characterized by its proximity to the school.

[tier: mid | anchors: 6e Montessorischool Anne Frank | character: educational and green]"
Zuid,Private room,63,1,406,4.55,2,5,25,"There are no nearby places to list in this area.
[tier: budget | anchors: none | character: quiet and empty]"
Zuid,Entire home/apt,475,4,65,0.87,1,18,2,"Hotel Cornelisz and Hotel Museumzicht are located near the Indonesian restaurant Sama Sebo. You can also find the pub De Posthoorn and various clothing stores like Ba&sh and Canada Goose in the immediate vicinity.

[tier: premium | anchors: Hotel Cornelisz, Sama Sebo, Ba&sh | character: upscale retail hub]"
Centrum-Oost,Entire home/apt,397,3,48,0.62,1,2,4,"Atelier Hop is located near the Euphemia Budget Hotel and Alphega Apotheek. You can also find Autobedrijf Wassenberg, De Kleine Reus, and Studio AnnaMora in the immediate vicinity.

[tier: mid | anchors: Euphemia Budget Hotel, Alphega Apotheek | character: urban and diverse]"
De Pijp - Rivierenbuurt,Entire home/apt,220,3,62,0.67,1,188,0,"There are no nearby places to list based on the provided information.

[tier: budget | anchors: none | character: quiet empty space]"
Noord-West,Private room,75,2,245,2.63,1,286,8,"NoordRijk is a local playground situated in the neighborhood. It serves as the primary recreational space for families in the area.

[tier: budget | anchors: NoordRijk | character: family friendly park]"
Oud-Noord,Entire home/apt,180,3,95,1.02,1,53,4,"There are no nearby places to list based on the provided information.

[tier: budget | anchors: none | character: neutral location]"
Centrum-West,Private room,50,2,226,2.55,1,314,13,"There are no nearby places to list in this area.
[tier: budget | anchors: none | character: quiet and empty]"
Westerpark,Entire home/apt,122,4,52,0.55,1,2,2,"Robin Food Kollektief is a restaurant located near the bar De Nieuwe Anita. These venues are situated in the same neighborhood.

[tier: mid | anchors: De Nieuwe Anita, Robin Food Kollektief | character: local social hub]"
Oud-Oost,Entire home/apt,170,1,31,0.65,2,0,0,"Havo De Hof is a local school located near the restaurant Mi-Gudu. These sites serve as the primary landmarks in the immediate area. [tier: mid | anchors: Havo De Hof, Mi-Gudu | character: educational and culinary]"
Oud-Noord,Entire home/apt,557,2,4,2.35,2,32,4,"Sixhaven is a marina located along the waterfront. There are no gardens nearby.

[tier: mid | anchors: Sixhaven | character: nautical harbor retreat]"
De Pijp - Rivierenbuurt,Entire home/apt,400,2,35,0.4,1,363,4,"You can find stylish clothing at 7115 by Szeki and enjoy authentic meals at Spaghetteria. These establishments are located in a vibrant neighborhood alongside shops like Anna+Nina and Baskèts.

[tier: premium | anchors: 7115 by Szeki, Spaghetteria, Anna+Nina, Baskèts | character: chic urban retail]"
Slotervaart,Private room,150,2,41,0.44,3,317,1,"Sloterpark is located in the immediate vicinity. This expansive green space serves as the primary recreational area in the neighborhood.

[tier: premium | anchors: Sloterpark | character: serene green space]"
Noord-West,Entire home/apt,130,4,12,0.14,1,236,0,"Viskraam is a local seafood spot that features a convenient picnic_table for outdoor dining.

[tier: budget | anchors: Viskraam | character: casual coastal dining]"
De Pijp - Rivierenbuurt,Entire home/apt,230,3,29,0.45,1,0,0,"There are no nearby places to list based on the provided information.

[tier: budget | anchors: none | character: empty location data]"
De Baarsjes - Oud-West,Entire home/apt,150,14,10,0.11,1,158,0,"De Nieuwe Liefde is a prominent arts centre located in the heart of Amsterdam. This cultural venue hosts a variety of literary events, debates, and performances.

[tier: premium | anchors: De Nieuwe Liefde | character: cultural literary hub]"
De Baarsjes - Oud-West,Entire home/apt,130,4,76,0.85,1,11,0,"You can visit Albert Heijn for groceries or stop by George de Jong Optiek for eyewear. Nearby dining options include Warung Kamal Afhaalcentrum and Tandoori 2 Go.

[tier: mid | anchors: Albert Heijn, George de Jong Optiek | character: convenient local hub]"
Oud-Noord,Entire home/apt,350,2,2,0.04,1,169,0,"There are no nearby places to list based on the provided information.

[tier: budget | anchors: none | character: empty location data]"
Bos en Lommer,Entire home/apt,75,3,19,0.45,1,0,2,"Erasmuspark is a popular local green space located in the heart of the neighborhood. This park offers a peaceful setting for outdoor recreation and leisure.

[tier: mid | anchors: Erasmuspark | character: peaceful urban oasis]"
Oud-Oost,Entire home/apt,102,7,19,0.21,1,0,1,"There are no nearby places to list in this area.
[tier: budget | anchors: none | character: quiet and empty]"
Zuid,Entire home/apt,466,3,20,0.26,1,7,1,"Jacob Obrechtplein features a playground and a table tennis pitch within its garden area. The Raw Aron Schuster Synagoge is located in the immediate vicinity of this park.

[tier: mid | anchors: Jacob Obrechtplein, Raw Aron Schuster Synagoge | character: peaceful urban green]"
Centrum-West,Entire home/apt,175,2,70,0.76,2,0,0,"You can shop for groceries at Albert Heijn or visit the nearby Lapjesmarkt for a variety of fabrics. Other local options include the ramen restaurant Hinata and the pet store Petopia. [tier: mid | anchors: Albert Heijn, Lapjesmarkt, Hinata, Petopia | character: convenient local hub]"
Centrum-West,Entire home/apt,250,3,33,0.43,1,37,4,"Buenos Aires Tango, Pasito, and The Loft offer various dance instruction and studio spaces in the area. Nearby cultural options include Kim Sutherland, Zeni's Art, and the remaining studios.

[tier: mid | anchors: Buenos Aires Tango, The Loft | character: creative dance hub]"
Oud-Oost,Entire home/apt,170,12,7,0.27,1,0,0,"The area features a Cruyff Court alongside a fitness station, a garden, a table tennis pitch, and a playground.

[tier: mid | anchors: Cruyff Court | character: active community hub]"
De Pijp - Rivierenbuurt,Private room,79,2,66,0.92,1,277,7,"Sportcentrum De Pijp and Sporthal de Pijp are located in the immediate vicinity. These facilities provide local access to indoor sports and recreation.

[tier: mid | anchors: Sportcentrum De Pijp, Sporthal de Pijp | character: active sports hub]"
De Baarsjes - Oud-West,Private room,89,3,57,0.73,1,166,5,"Ashoka kinker is a restaurant located near the coffee cafe Cafecito. You can also find Dr. Falafel and Orange Copy in this immediate area.

[tier: mid | anchors: Ashoka kinker, Cafecito, Dr. Falafel, Orange Copy | character: vibrant urban hub]"
Zuid,Entire home/apt,215,2,21,0.28,1,183,0,"Best Bread Boba and Solo are located within walking distance of the Museumplein park. You can also visit the nearby Concertgebouw for a performance.

[tier: premium | anchors: Best Bread Boba, Concertgebouw, Museumplein, Solo | character: cultural urban hub]"
Slotervaart,Private room,35,2,286,3.09,3,128,10,"Rembrandtpark is located in the immediate vicinity. This green space offers a peaceful retreat for local residents.

[tier: mid | anchors: Rembrandtpark | character: peaceful green space]"
Centrum-Oost,Private room,101,2,66,0.72,1,11,42,"You can visit the Pijpenkabinet museum or grab a drink at De Biertuin Prinsengracht. Other nearby options include the Japan Inn restaurant and the Orfeo Hostel.

[tier: mid | anchors: Pijpenkabinet, De Biertuin Prinsengracht, Japan Inn, Orfeo Hostel | character: historic and lively]"
Centrum-West,Entire home/apt,180,2,38,0.68,1,37,0,"Café Tabac is a local establishment located in the immediate vicinity.

[tier: mid | anchors: Café Tabac | character: cozy urban spot]"
De Pijp - Rivierenbuurt,Entire home/apt,200,3,38,0.42,1,0,0,"Pestana Amsterdam Riverside is a hotel located near the library OBA CC Amstel and the arts centre CC Amstel. You can also visit the theatre Cinetol, the arts centre Cultuurhuis Diamantslijperij, and the artwork Revisiting The Cullinan nearby.

[tier: premium | anchors: Pestana Amsterdam Riverside, OBA CC Amstel, CC Amstel | character: luxurious riverside retreat]"
De Baarsjes - Oud-West,Entire home/apt,165,2,25,0.28,1,154,0,"Bilder & de Clercq is a nearby supermarket located close to the cafe Mook pancakes. You can also find Flowers & Powers and IJscuypje in the immediate vicinity.

[tier: premium | anchors: Bilder & de Clercq, Mook pancakes | character: vibrant urban hub]"
De Baarsjes - Oud-West,Entire home/apt,120,4,42,0.48,1,0,2,"Buongiorno Espressobar offers outdoor seating near the peaceful Natuurtuin Slatuinen. You can also visit Bloemenhoek Admiraal for flowers or stop by Gorillas, which serves as a local outpost.

[tier: mid | anchors: Natuurtuin Slatuinen, Bloemenhoek Admiraal | character: urban local hub]"
Oud-Oost,Entire home/apt,120,2,15,0.18,1,127,0,"There are no nearby places listed to reference.

[tier: budget | anchors: none | character: quiet and empty]"
De Baarsjes - Oud-West,Entire home/apt,199,2,16,0.3,1,0,4,"The pub l'Affiche is located in the immediate vicinity.

[tier: mid | anchors: l'Affiche | character: local neighborhood pub]"
Oud-Noord,Entire home/apt,99,3,58,0.65,1,8,1,"Taalschool is located in the immediate vicinity of the local playground and garden. 

[tier: mid | anchors: Taalschool | character: educational and quiet]"
Westerpark,Entire home/apt,241,2,30,1.76,1,0,3,"Albert Heijn is a nearby supermarket, and Coffeeshop de Supermarkt is located in the immediate vicinity. Dierenkliniek Amsterdam - Frederik Hendrikstraat provides veterinary services nearby.

[tier: mid | anchors: Albert Heijn, Coffeeshop de Supermarkt, Dierenkliniek Amsterdam - Frederik Hendrikstraat | character: convenient urban hub]"
De Aker - Nieuw Sloten,Private room,57,2,361,4.04,1,197,32,"The Sloterkerk is a historic place of worship located near the Speeltuin Sloten playground.

[tier: mid | anchors: Sloterkerk, Speeltuin Sloten | character: quiet local charm]"
De Pijp - Rivierenbuurt,Private room,100,3,433,4.82,1,58,29,"Ibis Styles Amsterdam Amstel and Ibis Styles Amsterdam City are located near the Fabric Inspired X Artitude gallery. [tier: mid | anchors: Ibis Styles Amsterdam Amstel, Ibis Styles Amsterdam City, Fabric Inspired X Artitude | character: modern urban stay]"
Westerpark,Entire home/apt,145,3,27,0.31,1,14,0,"There are no nearby places to list in this area.
[tier: budget | anchors: none | character: quiet and empty]"
De Baarsjes - Oud-West,Entire home/apt,90,6,30,0.34,1,0,0,"There are no nearby places to list in this area.
[tier: budget | anchors: none | character: quiet and empty]"
Westerpark,Entire home/apt,200,2,10,0.11,1,0,0,"Westerpark and Westergasfabriek are located in the immediate vicinity of this area. You can also find Vinseschool, TonTon Club Westergas, and Rainarai nearby.

[tier: premium | anchors: Westerpark, Westergasfabriek | character: vibrant cultural hub]"
Oud-Noord,Entire home/apt,130,3,13,0.21,1,137,2,"There are no nearby places to list in this area.
[tier: budget | anchors: none | character: quiet and empty]"
Watergraafsmeer,Private room,55,2,41,0.51,2,337,0,"Vergulden Eenhoorn is a historic pub that features a charming garden for outdoor seating.

[tier: premium | anchors: Vergulden Eenhoorn | character: historic garden pub]"
De Pijp - Rivierenbuurt,Entire home/apt,130,3,33,0.49,1,0,0,"You can visit Ace & Tate for eyewear or enjoy a meal at Pizza Beppe nearby. Other local options include Coffeeshop Carmona and the art at Wim Heldens Atelier/Studio.

[tier: premium | anchors: Ace & Tate, Pizza Beppe | character: vibrant urban hub]"
Centrum-Oost,Private room,105,1,331,3.86,2,0,0,"Museum Van Loon and Museum of Illusions are both located in the city center.

[tier: premium | anchors: Museum Van Loon, Museum of Illusions | character: cultural city gems]"
Centrum-West,Private room,65,2,494,5.62,2,185,24,"You can find dining options like Ashoka and Gauchos located near the Renaissance Amsterdam Hotel. Nearby amenities include King Bikes for rentals and the nightclub Bitterzoet.

[tier: premium | anchors: Renaissance Amsterdam Hotel, Gauchos | character: vibrant city center]"
Oostelijk Havengebied - Indische Buurt,Entire home/apt,80,2,54,0.84,1,0,0,"Cruyff Court Sjaak Swart features a soccer pitch, a basketball pitch, a boules pitch, a chess picnic_table, and a garden. This facility provides a variety of recreational spaces for the local community.

[tier: mid | anchors: Cruyff Court Sjaak Swart | character: active community hub]"
Watergraafsmeer,Private room,74,2,256,2.93,1,351,18,"There are no nearby places to list based on the provided information.

[tier: budget | anchors: none | character: empty location data]"
De Baarsjes - Oud-West,Entire home/apt,236,3,11,0.14,1,9,4,"Ten Katemarkt is a bustling marketplace located near the cozy cafe Fika Amsterdam. You can also find fresh flowers at Abraham Bloemen & Planten and enjoy a drink at Bar Centraal.

[tier: mid | anchors: Ten Katemarkt, Fika Amsterdam, Bar Centraal | character: vibrant local hub]"
Oud-Noord,Entire home/apt,175,3,28,0.33,1,0,3,"There are no nearby places to list in this area.
[tier: budget | anchors: none | character: quiet and empty]"
Zuid,Entire home/apt,168,2,32,0.49,1,95,2,"Olympiaschool is located in the immediate vicinity. This area also features a local playground.

[tier: mid | anchors: Olympiaschool | character: educational and active]"
Westerpark,Private room,126,2,101,1.2,1,70,21,"You can visit Het Veem Theater for a performance or stop by Apotheek Amsterdam for your pharmacy needs. Nearby, you will also find BAK, Profilex, and Werkgebouw Het Veem.

[tier: mid | anchors: Het Veem Theater, Apotheek Amsterdam | character: creative industrial hub]"
Noord-West,Private room,53,2,96,1.4,3,176,3,"Mondhygiëniste Praktijk Jolanda Heerschop and Tandartsenpraktijk Goos are both located in the immediate vicinity.

[tier: mid | anchors: Mondhygiëniste Praktijk Jolanda Heerschop, Tandartsenpraktijk Goos | character: professional dental care]"
Centrum-West,Entire home/apt,225,3,38,0.49,1,195,2,"You can find dining options like La Perla and Assaggi located near the educational facilities of Theo Thijssenschool. These establishments are situated in a vibrant area alongside shops such as Babylon Vintage and Gems.

[tier: premium | anchors: La Perla, Assaggi, Theo Thijssenschool | character: vibrant local hub]"
Centrum-Oost,Entire home/apt,185,3,36,0.47,1,2,3,"Bodyvita is a pilates fitness_centre located near the fish restaurant John Dory.

[tier: mid | anchors: Bodyvita, John Dory | character: active wellness hub]"
De Baarsjes - Oud-West,Entire home/apt,200,3,28,0.65,1,36,2,"Bilderdijkpark is a local park that features a playground and a soccer pitch. Nearby, families can also find childcare at Partou.

[tier: mid | anchors: Bilderdijkpark, Partou | character: family friendly green]"
Zuid,Entire home/apt,225,1,5,0.06,1,365,0,"There are no nearby places to list based on the provided information.

[tier: budget | anchors: none | character: empty location]"
De Pijp - Rivierenbuurt,Entire home/apt,164,3,44,0.55,1,0,1,"Individueel Voortgezet Kunstzinnig Onderwijs is a school located near the regional restaurant ctaste.

[tier: mid | anchors: Individueel Voortgezet Kunstzinnig Onderwijs, ctaste | character: artistic educational hub]"
Centrum-Oost,Entire home/apt,120,2,25,0.3,1,0,0,"Touwbaanpark is a local green space located just a short distance from the Bandenboot artwork.

[tier: mid | anchors: Bandenboot, Touwbaanpark | character: peaceful urban oasis]"
De Baarsjes - Oud-West,Entire home/apt,361,3,9,0.11,1,7,5,"You can visit Postkantoor West for postal services or grab a meal at Seoul Food and Vegitalian. Nearby shops include Xenos, Wildernis, and SuperBra for your shopping needs.

[tier: mid | anchors: Postkantoor West, Seoul Food, Vegitalian, Xenos, Wildernis, SuperBra | character: diverse local hub]"
Centrum-Oost,Private room,60,2,195,2.39,4,7,34,"Deutsche Seemannsheim Amsterdam Guesthouse Keizersgracht is located in the heart of the city near the canal district. This guest house provides convenient access to historic landmarks and local attractions.

[tier: mid | anchors: Deutsche Seemannsheim Amsterdam Guesthouse Keizersgracht | character: historic canal stay]"
De Baarsjes - Oud-West,Entire home/apt,248,4,32,0.47,1,154,1,"The pub l'Affiche is located near the artwork Aquacosta.

[tier: mid | anchors: Aquacosta, l'Affiche | character: vibrant local hub]"
Bos en Lommer,Entire home/apt,268,4,27,0.4,1,0,0,"There are no nearby places to list based on the provided information.
[tier: budget | anchors: none | character: quiet and empty]"
Oud-Oost,Private room,216,3,24,0.44,3,287,6,"There are no nearby places from the provided list to mention.

[tier: budget | anchors: none | character: quiet and empty]"
Westerpark,Entire home/apt,175,3,15,0.27,1,0,0,"Westerparkschool is located in the vicinity of Speeltuin. These locations are situated near a garden.

[tier: mid | anchors: Speeltuin, Westerparkschool | character: quiet local neighborhood]"
Centrum-West,Entire home/apt,160,1000,38,0.72,1,12,6,"Café R. de Rosa is a nearby deli, while Les petits canelés serves as a local pastry shop. Other nearby spots include the bar Roquebrun, the beauty salons OJAI and Reverse, the antique shop Ditjes & Datjes, and the clothing store Tiramisúp.

[tier: mid | anchors: Café R. de Rosa, Les petits canelés, Roquebrun, OJAI, Reverse, Ditjes & Datjes, Tiramisúp | character: diverse local shops]"
Centrum-Oost,Private room,207,1,14,0.2,2,135,2,"Huisartsenpraktijk M.F. Huijgen provides medical care near the relaxing services of The City Street Spa. You can also find the Kokadorus playground nearby.

[tier: mid | anchors: Huisartsenpraktijk M.F. Huijgen, Kokadorus, The City Street Spa | character: calm urban retreat]"
Centrum-West,Private room,189,3,79,1.04,1,340,13,"You can find Ekoplaza and The Movies located in the immediate vicinity. These establishments are situated near other local businesses like Ristorante Pizzeria Toscana and Eye Wish.

[tier: premium | anchors: Ekoplaza, The Movies, Ristorante Pizzeria Toscana, Eye Wish | character: vibrant local hub]"
Centrum-Oost,Entire home/apt,525,3,35,0.49,1,0,0,"De Witte Olifant is a school located near a local playground and a scenic viewpoint. These community facilities are all situated within the immediate vicinity of De Witte Olifant.

[tier: mid | anchors: De Witte Olifant | character: educational community hub]"
Centrum-West,Entire home/apt,150,3,93,1.17,1,111,7,"De Toneelmakerij is a prominent theatre company located in the city. It serves as a central hub for performing arts and cultural productions.

[tier: premium | anchors: De Toneelmakerij | character: artistic cultural hub]"
Westerpark,Entire home/apt,175,3,66,0.85,1,0,3,"Kosmos is a nearby restaurant located in the area. This spot is situated near a garden, a picnic_table, and a playground.
[tier: mid | anchors: Kosmos | character: vibrant dining destination]"
IJburg - Zeeburgereiland,Entire home/apt,499,3,11,0.14,1,175,0,"Theo van Goghpark is a local green space that features a playground and a soccer pitch. Nearby, you can find the dental office Mondzorg Haveneiland and the school Laterna Magica. [tier: mid | anchors: Laterna Magica, Mondzorg Haveneiland, Theo van Goghpark | character: community focused hub]"
Oud-Oost,Entire home/apt,120,2,5,0.07,4,337,0,"Amstelcampus is located near a soccer pitch, a table_tennis pitch, and bleachers. These facilities are situated directly on the university grounds.

[tier: mid | anchors: Amstelcampus | character: academic sports hub]"
Centrum-West,Private room,200,2,147,1.92,1,0,0,"You can find casual dining options like Maijard Smashburgers and Pizza Pasta Steaks located nearby. For shopping and services, the area features Blokker, Sneaker District, and Theatre de Coiffure.

[tier: mid | anchors: Maijard Smashburgers, Sneaker District, Blokker | character: diverse urban hub]"
Oud-Noord,Entire home/apt,100,3,30,0.47,1,0,0,"De muur is a local artwork located near a skateboard pitch and a garden. 

[tier: mid | anchors: De muur | character: artistic urban space]"
Centrum-West,Entire home/apt,600,3,25,0.52,1,69,2,"Egelantiersgracht is a scenic canal located in the historic Jordaan district of Amsterdam. This area is known for its charming bridges and proximity to various local attractions.

[tier: premium | anchors: Egelantiersgracht | character: historic canal charm]"
De Baarsjes - Oud-West,Entire home/apt,199,4,40,0.59,1,6,0,"You can find Toasty! and Don Burrito located in the immediate vicinity. These establishments are situated near the local cafe Coffeeshop Vondel and the restaurant Focacceria.

[tier: mid | anchors: Toasty!, Don Burrito, Coffeeshop Vondel, Focacceria | character: vibrant urban hub]"
Oud-Oost,Private room,69,1,433,5.55,1,32,31,"Tugelahuis is a local community centre located near a small garden and a playground.

[tier: mid | anchors: Tugelahuis | character: community focused hub]"
Westerpark,Entire home/apt,125,2,5,0.07,1,289,0,"Tegenbeeld and Checkpoint Charlie are located in the immediate vicinity of Westerpark Home. Bario Market and De Republiek are also situated nearby for your convenience.

[tier: mid | anchors: Tegenbeeld, Checkpoint Charlie | character: vibrant urban hub]"
Westerpark,Entire home/apt,97,3,331,4.19,1,121,16,"Florin is a nearby garden that offers a peaceful outdoor space. There is also a hairdresser located at Florin.

[tier: mid | anchors: Florin | character: serene garden oasis]"
De Baarsjes - Oud-West,Entire home/apt,325,4,16,0.21,1,145,1,"Bilderdijkpark is a nearby park, and Janszen is a local pub.
[tier: mid | anchors: Bilderdijkpark, Janszen | character: local neighborhood spot]"
Oud-Oost,Entire home/apt,121,4,27,0.34,1,111,2,"Amstelcampus is located near the Benno Premselahuis and Koetsier-Montaignehuis. You can also find YUSU nearby.

[tier: mid | anchors: Amstelcampus, Benno Premselahuis | character: academic urban hub]"
Oud-Noord,Entire home/apt,195,4,32,0.61,1,3,5,"Noorderpark is a large green space located in the northern part of the city. It offers various recreational facilities and walking paths for visitors to enjoy.

[tier: mid | anchors: Noorderpark | character: peaceful green space]"
Westerpark,Entire home/apt,113,3,35,0.46,1,0,0,"There are no nearby places to list based on the provided information.

[tier: budget | anchors: none | character: empty location data]"
Centrum-Oost,Entire home/apt,160,3,22,0.32,1,0,0,"There are no nearby places of the specified type available to list.
[tier: budget | anchors: none | character: quiet and empty]"
Centrum-West,Private room,65,3,12,0.18,1,0,0,"The Breakfast Club and De Smederij are located within the local area. You can also find Nous and Rent a Bikey nearby.

[tier: mid | anchors: The Breakfast Club, De Smederij | character: vibrant local hub]"
Centrum-Oost,Entire home/apt,199,2,57,0.73,1,213,1,"There are no nearby places to list in this area.
[tier: budget | anchors: none | character: quiet and empty]"
Centrum-West,Private room,175,2,232,4.0,1,79,2,"SportCity offers a variety of exercise equipment, while Piramide Speeltuin provides a dedicated area for children to play. [tier: mid | anchors: SportCity, Piramide Speeltuin | character: active and playful]"
Centrum-West,Entire home/apt,275,6,28,0.36,1,48,9,"Galerie Staaf is located in the immediate vicinity. This cultural destination serves as the primary point of interest in the area.

[tier: premium | anchors: Galerie Staaf | character: artistic cultural hub]"
Westerpark,Shared room,60,1,3,0.05,1,16,0,"Westergasfabriek is a cultural arts centre located within the expansive green space of Westerpark. Visitors can find information about the area at the main entrance of the park.

[tier: premium | anchors: Westergasfabriek, Westerpark | character: cultural green space]"
Oud-Oost,Entire home/apt,110,2,22,0.29,1,0,0,"Rijsel is a nearby French restaurant located close to the green spaces of Wibautpark. You can also find Marci Panis and Mr Watson in the immediate vicinity.

[tier: premium | anchors: Rijsel, Wibautpark | character: sophisticated urban dining]"
Gaasperdam - Driemond,Private room,46,1,220,3.3,1,318,10,"Gaasperzoom is a local park that offers open green spaces for outdoor recreation. 

[tier: budget | anchors: Gaasperzoom | character: peaceful green space]"
Centrum-West,Entire home/apt,193,5,19,0.27,1,8,1,"You can find fresh bread at Bakkerij Mediterrane and enjoy a film at The Movies. These establishments are located near the local pharmacy Medicijnman Apotheek Mouw & Kruysse and the shop Eardrum Buzz.

[tier: premium | anchors: The Movies, Bakkerij Mediterrane | character: vibrant local hub]"
Westerpark,Entire home/apt,80,3,61,0.78,1,1,0,"Gregario Cycling Services provides professional bicycle maintenance, while Saxomania specializes in musical instruments. 

[tier: mid | anchors: Gregario Cycling Services, Saxomania | character: active musical hub]"
De Baarsjes - Oud-West,Entire home/apt,121,3,54,0.7,1,174,2,"There are no nearby places to list based on the provided information.

[tier: budget | anchors: none | character: empty location data]"
De Pijp - Rivierenbuurt,Entire home/apt,279,4,16,0.21,1,0,0,"You can find groceries at Albert Heijn and enjoy a meal at The Bab or I Love Sushi. These locations are situated near Gall & Gall, Perry's Eethuis, and Zuid Stomerijen. [tier: mid | anchors: Albert Heijn, The Bab | character: convenient urban hub]"
Centrum-Oost,Entire home/apt,147,5,147,2.13,1,293,10,"Kilimanjaro is an ethiopian restaurant located near the Italian restaurant Verena. Café Scharrebier is a pub situated close to the information point Eenvistweevis and the restaurant Entrepotdok. [tier: mid | anchors: Kilimanjaro, Verena, Café Scharrebier, Eenvistweevis, Entrepotdok | character: diverse local dining]"
De Baarsjes - Oud-West,Entire home/apt,629,1,19,0.25,1,68,1,"Ten Katemarkt is a bustling marketplace located just a short walk from the delicious Massimo Gelato. You can also find Spaghetteria Pasta Bar, Cetas Satellite, and Gordijnenhuis Madina in this vibrant neighborhood.

[tier: mid | anchors: Ten Katemarkt, Massimo Gelato | character: lively urban hub]"
Oud-Oost,Entire home/apt,120,5,33,0.59,1,28,1,"Dappermarkt is a bustling marketplace located near the kebab fast food spot Beste Döner. You can also find the cannabis shop Happy People in this immediate area.

[tier: mid | anchors: Dappermarkt, Beste Döner, Happy People | character: lively urban hub]"
De Baarsjes - Oud-West,Entire home/apt,120,2,5,0.06,1,0,0,"There are no nearby places to list based on the provided information.

[tier: budget | anchors: none | character: empty location data]"
De Pijp - Rivierenbuurt,Entire home/apt,99,2,55,0.91,1,0,3,"Albert Cuyp-markt is a bustling local marketplace located near the fitness studio HIIT FIT. You can also find fresh flowers at De Plantenmarkt and quality clothing at Hollywood Mode in this vibrant area. [tier: mid | anchors: Albert Cuyp-markt, HIIT FIT, De Plantenmarkt, Hollywood Mode | character: lively urban hub]"
De Pijp - Rivierenbuurt,Entire home/apt,350,1,109,1.47,1,263,7,"En Japanese kitchen & Sake bar is a local japanese restaurant located near the pub known as Loop51.

[tier: mid | anchors: En Japanese kitchen & Sake bar, Loop51 | character: lively urban spot]"
Zuid,Entire home/apt,333,7,10,0.14,1,319,0,"Stadscafé van Mechelen is located near the green space of Legmeerplein. You can also visit De fietsentuin for outdoor activities.

[tier: mid | anchors: Stadscafé van Mechelen, Legmeerplein, De fietsentuin | character: lively urban hub]"
Oostelijk Havengebied - Indische Buurt,Private room,125,3,100,2.31,1,141,9,Subway is a sandwich fast_food restaurant that offers outdoor_seating for its customers. [tier: budget | anchors: Subway | character: quick casual dining]
De Pijp - Rivierenbuurt,Private room,66,1,637,8.57,2,65,44,"You can find Otemba and Tjin's located along the same street in the neighborhood. These spots are situated near the local Praxis and Badeta Koffiebranders.

[tier: mid | anchors: Otemba, Tjin's, Praxis, Badeta Koffiebranders | character: vibrant urban hub]"
IJburg - Zeeburgereiland,Private room,45,180,333,4.29,2,189,0,De Bakkersfiets is a local bakery located in the immediate vicinity. You can find fresh goods at De Bakkersfiets. [tier: mid | anchors: De Bakkersfiets | character: cozy artisanal shop]
Oostelijk Havengebied - Indische Buurt,Entire home/apt,125,2,27,0.35,1,323,0,"You can visit Basirco Vlees for fresh meat or stop by Bar Ristorante Gallizia for a meal. Other nearby options include the shop Phone Home and the bakery M. Merkato.

[tier: mid | anchors: Basirco Vlees, Bar Ristorante Gallizia, Phone Home, M. Merkato | character: diverse local hub]"
Bos en Lommer,Entire home/apt,131,5,41,0.59,1,290,2,"Café de Fluiter is located in the vicinity of this garden and pub.

[tier: mid | anchors: Café de Fluiter | character: cozy local spot]"
Watergraafsmeer,Entire home/apt,125,4,38,0.63,1,0,0,"De Amstel is a school located near a local garden and a playground.

[tier: mid | anchors: De Amstel | character: educational and serene]"
Bos en Lommer,Entire home/apt,71,2,34,0.44,1,9,3,"There are no nearby places listed to reference.

[tier: budget | anchors: none | character: empty location data]"
Oostelijk Havengebied - Indische Buurt,Entire home/apt,200,3,28,0.74,1,0,0,"De Indische Buurtschool is located near the supermarket Java Markt and the restaurant The Meets. You can also find the clothing store Zeeman and the Italian restaurant Bar Ristorante Gallizia in this area.

[tier: mid | anchors: De Indische Buurtschool, Java Markt, The Meets | character: vibrant urban hub]"
Centrum-Oost,Entire home/apt,295,3,165,2.32,2,311,9,"Koninklijk Theater Carré is located near The Bridge Hotel and Houseboat Orpheus.

[tier: premium | anchors: Koninklijk Theater Carré, The Bridge Hotel, Houseboat Orpheus | character: historic canal charm]"
De Pijp - Rivierenbuurt,Private room,126,2,290,3.85,2,293,44,"Elektrovisie is an electronics store located near the mobile phone shop SuperFly.

[tier: mid | anchors: Elektrovisie, SuperFly | character: tech and mobile]"
De Pijp - Rivierenbuurt,Entire home/apt,175,4,44,0.58,1,0,3,"There are no nearby places to list in this area.
[tier: budget | anchors: none | character: quiet empty space]"
Centrum-West,Entire home/apt,180,1,15,0.21,1,0,0,"Dr. Falafel is located near the Hoofdbureau van Politie.

[tier: mid | anchors: Dr. Falafel, Hoofdbureau van Politie | character: urban local hub]"
Oud-Oost,Entire home/apt,164,3,43,0.58,1,0,0,"Aldoende is a school located near the Oosterparkkerk place of worship. These two landmarks are situated in the same neighborhood.

[tier: mid | anchors: Aldoende, Oosterparkkerk | character: quiet local area]"
Westerpark,Entire home/apt,125,3,60,0.81,1,188,4,"Gregario Cycling Services provides bicycle maintenance and repairs, while Saxomania specializes in musical instruments.
[tier: mid | anchors: Gregario Cycling Services, Saxomania | character: active musical hub]"
Centrum-West,Entire home/apt,149,3,36,0.6,1,7,1,"Frank Feijen is a local hairdresser located near the tattoo studio Rob Admiraal.

[tier: mid | anchors: Frank Feijen, Rob Admiraal | character: professional local services]"
Zuid,Entire home/apt,220,2,21,0.31,1,0,0,"There are no nearby places of this type available to list.
[tier: budget | anchors: none | character: empty location]"
Oostelijk Havengebied - Indische Buurt,Entire home/apt,100,3,24,0.32,1,0,0,"De Indische Buurtschool is located in the immediate vicinity of a local garden. This school serves as the primary educational facility in the area.

[tier: mid | anchors: De Indische Buurtschool | character: educational and green]"
Centrum-West,Entire home/apt,266,7,65,2.68,2,72,0,"You can visit the nearby Dampkring and Popeye for cannabis or enjoy a meal at Maoz Falafel. These locations are situated close to Vinnies and BrandMission.

[tier: mid | anchors: Dampkring, Popeye, Maoz Falafel | character: urban local vibe]"
Centrum-West,Private room,66,3,164,2.61,1,266,3,"There are no nearby places to list based on the provided information.

[tier: budget | anchors: none | character: quiet empty space]"
De Baarsjes - Oud-West,Entire home/apt,110,5,36,0.52,1,135,2,"You can find Vodafone Ziggo and Hans Anders located in the immediate vicinity. These establishments are situated near Gekaapt and De Meesterslijpers.

[tier: mid | anchors: Vodafone Ziggo, Hans Anders, Gekaapt, De Meesterslijpers | character: diverse local retail]"
De Pijp - Rivierenbuurt,Entire home/apt,120,3,22,0.44,1,0,0,"There are no nearby places to list in this area.
[tier: budget | anchors: none | character: quiet and empty]"
Centrum-Oost,Entire home/apt,325,2,68,1.15,1,201,4,"Montelbaanstoren is a historic 16th-century tower located along the Oudeschans canal in Amsterdam. This landmark serves as a prominent example of the city's rich architectural heritage.

[tier: premium | anchors: Montelbaanstoren | character: historic canal tower]"
Centrum-Oost,Entire home/apt,185,2,41,0.64,1,38,3,"De Stadstuin is a local park that features a playground for children to enjoy.

[tier: mid | anchors: De Stadstuin | character: green urban space]"
Bos en Lommer,Entire home/apt,200,2,83,1.12,1,22,3,"Petruskerk is a local place of worship located near the historic site of Sloterdijk. You can find information about the area at the nearby Sloterdijk station.

[tier: mid | anchors: Petruskerk, Sloterdijk | character: historic local charm]"
Zuid,Entire home/apt,263,3,72,1.01,4,289,13,"Hotel Jan Luyken Amsterdam is located near luxury retailers such as Dior and Tiffany & Company. You can also find high-end fashion at Cucinelli and Hermès within the immediate vicinity.

[tier: premium | anchors: Hotel Jan Luyken Amsterdam, Dior, Tiffany & Company | character: luxury fashion hub]"
Westerpark,Private room,113,1,416,5.66,1,363,7,"There are no nearby places to list in this area.
[tier: budget | anchors: none | character: quiet outdoor space]"
De Pijp - Rivierenbuurt,Entire home/apt,140,3,27,0.43,1,0,0,"College ZUYD is situated in the immediate vicinity of the local garden.

[tier: mid | anchors: College ZUYD | character: educational and green]"
De Pijp - Rivierenbuurt,Private room,77,2,180,2.63,1,0,0,"There are no nearby places to list based on the provided information.

[tier: budget | anchors: none | character: empty location]"
Zuid,Entire home/apt,200,3,28,0.65,1,237,3,"You can dine at Classico or enjoy a drink at George W.P.A. before visiting the nearby Gruter, Oska, and SBK / Galerie59.

[tier: premium | anchors: Classico, George W.P.A., Gruter, Oska, SBK / Galerie59 | character: vibrant cultural hub]"
Zuid,Entire home/apt,345,3,44,0.61,1,28,1,"There are no nearby places to list in this area.

[tier: budget | anchors: none | character: quiet and empty]"
De Baarsjes - Oud-West,Private room,79,3,243,3.78,1,58,20,"Westermoskee is located in the immediate vicinity of a local playground. 

[tier: mid | anchors: Westermoskee | character: cultural community hub]"
Slotervaart,Entire home/apt,120,5,23,0.34,1,9,0,"Rembrandtpark is a large public green space located in the western part of the city. It offers various walking paths and recreational areas for visitors to enjoy.

[tier: mid | anchors: Rembrandtpark | character: peaceful urban park]"
Oud-Oost,Entire home/apt,161,2,66,0.99,1,10,10,"Wibautpark is a local green space located in the immediate vicinity. This area provides a quiet setting for outdoor recreation.

[tier: mid | anchors: Wibautpark | character: peaceful urban retreat]"
De Baarsjes - Oud-West,Entire home/apt,125,2,3,0.07,1,22,0,"Rembrandtpark is a large green space located near the artwork known as Wolk. You can also find dining options at Lunch Hoek and Wok day&night nearby.

[tier: mid | anchors: Rembrandtpark, Wolk, Lunch Hoek, Wok day&night | character: vibrant urban hub]"
Centrum-West,Entire home/apt,449,3,55,0.78,1,319,2,"Double Shift is a fitness centre located in the area. There is also a garden nearby.

[tier: mid | anchors: Double Shift | character: active local hub]"
Centrum-West,Entire home/apt,745,3,18,0.29,1,5,0,"Bistro-Brasserie Bleu and Café de Klepel are located in the immediate vicinity. You can also find De laatste kruimel and Twee Prinsen nearby.

[tier: premium | anchors: Bistro-Brasserie Bleu, Café de Klepel | character: historic city charm]"
Centrum-West,Entire home/apt,195,3,3,0.05,1,123,0,"Energie en tijd is an artwork located near a playground.

[tier: mid | anchors: Energie en tijd | character: artistic public space]"
Zuid,Entire home/apt,118,4,18,0.25,1,219,0,"You can find fresh produce at Klavertje and groceries at Albert Heijn. Nearby services include the bicycle shop Daniel Tweewielers and the pet store 't Dierenhoekje.

[tier: mid | anchors: Albert Heijn, Klavertje, Daniel Tweewielers, 't Dierenhoekje | character: local neighborhood hub]"
De Baarsjes - Oud-West,Entire home/apt,144,2,20,0.38,1,154,4,"Moskee an-Nour is located near the pizza restaurant Buurman & Buurman Eetwinkel De With. El Marssa Coffeeshop and Centrumkings are also situated in the immediate vicinity.

[tier: mid | anchors: Moskee an-Nour, Buurman & Buurman Eetwinkel De With | character: urban local hub]"
Centrum-West,Private room,150,2,179,2.58,2,0,0,"You can visit Bagels Sandwich Village or enjoy a meal at Humphrey's. These establishments are located near the local landmarks Akhnaton and Mortimer.

[tier: mid | anchors: Akhnaton, Mortimer | character: lively urban hub]"
Centrum-Oost,Entire home/apt,247,2,46,0.65,1,0,0,"You can grab a coffee at Luuk's Coffee or enjoy a meal at Proper. Indofood nearby. Other local options include Wash Queen Laundry and the tattoo studio Underground Ink.

[tier: mid | anchors: Luuk's Coffee, Proper. Indofood | character: urban local hub]"
Centrum-West,Entire home/apt,178,2,29,0.47,1,116,0,"Morlang and Walem offer outdoor seating in the city. BOXIE24 Opslag huren Amsterdam provides storage rental services nearby.

[tier: mid | anchors: Morlang, Walem, BOXIE24 Opslag huren Amsterdam | character: vibrant urban hub]"
De Baarsjes - Oud-West,Entire home/apt,232,3,6,0.15,1,0,0,"Citynet is an internet cafe located near the bar known as Flamingo's.

[tier: mid | anchors: Citynet, Flamingo's | character: social urban hub]"
Buitenveldert - Zuidas,Entire home/apt,225,4,9,0.13,1,0,0,"Beatrixpark is a spacious green area located in the city. It offers walking paths and recreational spaces for visitors.

[tier: premium | anchors: Beatrixpark | character: serene urban oasis]"
Zuid,Private room,85,2,15,0.33,5,125,0,"Hotel Jansen is located in the immediate vicinity. This property serves as the primary accommodation option in the area.

[tier: mid | anchors: Hotel Jansen | character: modern urban hub]"
Centrum-West,Entire home/apt,111,2,73,1.03,1,262,5,"Galerie Staaf is a local gallery located near Cafe de Muurbloem, which serves as a darts bar.
[tier: mid | anchors: Cafe de Muurbloem, Galerie Staaf | character: artistic social hub]"
Centrum-West,Private room,145,2,91,1.44,1,85,3,"You can visit Oude Kerk and enjoy a coffee at Koffieschenkerij nearby. Other options in the area include Black Bikes for rentals and Ganache for sweets.

[tier: mid | anchors: Oude Kerk, Koffieschenkerij | character: historic city center]"
Centrum-West,Private room,102,1,124,1.73,1,145,3,"Sebastian's is a hotel located near a public_bookcase.

[tier: premium | anchors: Sebastian's | character: quiet and cozy]"
De Baarsjes - Oud-West,Entire home/apt,207,3,43,0.62,1,0,0,"Daalder is a restaurant that offers outdoor seating, while Het Sieraad serves as a school in the local area. [tier: premium | anchors: Daalder, Het Sieraad | character: refined urban hub]"
De Baarsjes - Oud-West,Entire home/apt,149,7,12,0.19,1,7,1,"Brede School Annie M.G. Schmidt is located near the playground J.J. Cremerplein. You can also find Serhat Market and the restaurant A.S.K. in this area.

[tier: mid | anchors: Brede School Annie M.G. Schmidt, J.J. Cremerplein | character: lively urban hub]"
Oud-Oost,Entire home/apt,330,7,23,0.44,1,48,0,"Brouwerij Poesiat & Kater is a local pub that offers pleasant outdoor seating for its guests.

[tier: premium | anchors: Brouwerij Poesiat & Kater | character: lively craft brewery]"
Centrum-West,Entire home/apt,210,7,85,1.27,2,29,9,"You can enjoy a relaxing session at Koan Float before dining at Brasserie Ambassade. The nearby Ambassade Hotel and A. van Wees Proeflokaal offer excellent hospitality and drinks.

[tier: premium | anchors: Ambassade Hotel, Brasserie Ambassade | character: sophisticated canal charm]"
De Baarsjes - Oud-West,Private room,122,2,115,1.7,3,295,0,"Vondelpark is a large urban green space located near the dining establishment Fijnkost. These two locations are situated in close proximity to one another.

[tier: mid | anchors: Fijnkost, Vondelpark | character: urban local charm]"
De Pijp - Rivierenbuurt,Entire home/apt,200,3,32,0.48,1,0,0,"There are no nearby places to list based on the provided information.

[tier: budget | anchors: none | character: empty location data]"
De Baarsjes - Oud-West,Private room,122,2,101,1.49,3,289,0,"Vondelpark is a large green space located near the local pub Fijnkost. 

[tier: mid | anchors: Vondelpark, Fijnkost | character: lively urban retreat]"
Centrum-Oost,Entire home/apt,320,5,11,0.22,1,0,0,"The Hollandsche Schouwburg and Nationaal Holocaustmuseum are located in the immediate vicinity. The Elephant Hostel provides nearby accommodation for visitors.

[tier: mid | anchors: Hollandsche Schouwburg, Nationaal Holocaustmuseum | character: historic cultural hub]"
Westerpark,Entire home/apt,135,3,39,0.58,1,2,2,"There are no nearby places to list based on the provided information.

[tier: budget | anchors: none | character: empty location data]"
Centrum-West,Entire home/apt,200,4,29,0.42,1,0,0,"There are no nearby places available to list in this area.
[tier: budget | anchors: none | character: quiet empty space]"
De Baarsjes - Oud-West,Entire home/apt,149,3,16,0.24,1,0,0,"Lidl is a nearby supermarket located close to the school known as Muziekpakhuis.

[tier: mid | anchors: Lidl, Muziekpakhuis | character: convenient local hub]"
Zuid,Entire home/apt,109,2,73,1.05,1,360,6,"Tobiasschool is located in the immediate vicinity. This educational facility serves as the primary landmark in the area.

[tier: mid | anchors: Tobiasschool | character: quiet academic hub]"
Geuzenveld - Slotermeer,Private room,57,1,235,3.39,1,355,31,"Winkelcentrum Plein '40-'45 is a local shopping destination located near the Albert Heijn supermarket.

[tier: mid | anchors: Albert Heijn, Winkelcentrum Plein '40-'45 | character: convenient local hub]"
Westerpark,Entire home/apt,80,15,8,0.12,1,0,0,"Gregario Cycling Services is located in the immediate vicinity. This shop serves as the primary hub for local cycling enthusiasts.

[tier: mid | anchors: Gregario Cycling Services | character: cycling focused hub]"
Centrum-West,Entire home/apt,250,3,66,0.98,3,355,1,"You can visit the Bloemenmarkt for a stroll or stop by Old Amsterdam Cheese Store to sample local goods. Other nearby options include the Christmas Palace and the Old Dutch Pancake House.

[tier: premium | anchors: Bloemenmarkt, Old Amsterdam Cheese Store | character: vibrant city center]"
Bos en Lommer,Entire home/apt,95,2,17,0.25,1,0,2,"Mansveltschool is located near a garden, a soccer pitch, a fountain, and a community_centre.

[tier: mid | anchors: Mansveltschool | character: quiet local hub]"
De Pijp - Rivierenbuurt,Entire home/apt,150,2,9,0.14,1,0,0,"Sarphatipark is a popular green space located near the cozy Sol Coffee Bar. You can also visit the nearby Gentlemen's Club Park 118.

[tier: mid | anchors: Sarphatipark, Sol Coffee Bar, Gentlemen's Club Park 118 | character: vibrant urban hub]"
Zuid,Entire home/apt,75,3,8,0.12,1,0,0,"There are no nearby places to list in this area.

[tier: budget | anchors: none | character: quiet and empty]"
Oud-Oost,Entire home/apt,93,1,66,0.97,1,0,5,"Jungle Amsterdam is a local community centre located near the supermarket Lidl. You can also find the art gallery Atelier Maja Krtsic and the Turkish restaurant Nefis Etli Ekmek in this area.

[tier: mid | anchors: Jungle Amsterdam, Lidl, Atelier Maja Krtsic, Nefis Etli Ekmek | character: vibrant local hub]"
De Baarsjes - Oud-West,Entire home/apt,120,3,18,0.28,1,184,0,"There are no nearby places to list in this area.
[tier: budget | anchors: none | character: quiet open space]"
De Baarsjes - Oud-West,Entire home/apt,291,3,179,2.82,5,277,8,"Leidsebosje is a park located near the artworks Herman Heijermans and Horizontale compositie.

[tier: premium | anchors: Leidsebosje, Herman Heijermans, Horizontale compositie | character: artistic urban park]"
De Pijp - Rivierenbuurt,Entire home/apt,110,3,41,0.62,1,0,6,"Cinetol and Tempel / de Appel are arts centres located near the Theosophische Vereniging. These venues are situated in close proximity to the garden.

[tier: mid | anchors: Cinetol, Tempel / de Appel, Theosophische Vereniging | character: cultural arts hub]"
Westerpark,Entire home/apt,98,3,66,0.97,1,51,4,"Dandy Burger is located near the shops E.S.M. Phone House and Juhique. You can also find the garden Rolinka and the restaurant Semsema in this area.

[tier: mid | anchors: Dandy Burger, Semsema | character: convenient local hub]"
De Baarsjes - Oud-West,Entire home/apt,100,3,31,0.47,1,0,0,"Evert Snack is a fast food spot located near the clothing store Zeeman. You can also visit the bar 156 or the cannabis shop Coffeeshop 158 nearby. [tier: budget | anchors: Evert Snack, Zeeman | character: local urban vibe]"
Watergraafsmeer,Entire home/apt,110,4,36,0.56,2,136,2,"You can visit Tandartspraktijk Brinkman for dental care or browse the selection at Pieksman wijnen. Nearby services also include Autobedrijf H. van Vliet and Dave Haircreations.

[tier: mid | anchors: Tandartspraktijk Brinkman, Pieksman wijnen | character: professional local hub]"
De Baarsjes - Oud-West,Entire home/apt,103,2,277,4.07,1,59,19,"Vondelpark is a sprawling urban green space located near the artwork Parkzuid.

[tier: premium | anchors: Vondelpark, Parkzuid | character: lush urban oasis]"
Centrum-West,Private room,117,1,170,2.92,16,359,14,"Oude Kerk is a historic place of worship located near the Erotisch Museum. You can find American Bar-bq and Black Tiger Bar in the immediate vicinity.

[tier: mid | anchors: Oude Kerk, Erotisch Museum | character: historic urban center]"
Oostelijk Havengebied - Indische Buurt,Entire home/apt,79,5,8,0.15,1,0,0,"There are no nearby places available to list in this area.

[tier: budget | anchors: none | character: quiet empty space]"
Bos en Lommer,Entire home/apt,200,3,58,0.88,1,0,0,"There are no nearby places to list based on the provided information.

[tier: budget | anchors: none | character: empty location]"
De Baarsjes - Oud-West,Entire home/apt,189,2,26,0.4,1,33,0,"Kattencafé Kopjes is a cat_food cafe located near the gift shop Wild Whiskers.

[tier: premium | anchors: Kattencafé Kopjes, Wild Whiskers | character: cozy feline retreat]"
Centrum-West,Private room,114,1,128,1.92,16,358,1,"Oude Kerk is a historic place of worship located near the Erotisch Museum. You can find American Bar-bq and Black Tiger Bar in the immediate vicinity.

[tier: mid | anchors: Oude Kerk, Erotisch Museum | character: historic urban center]"
Noord-Oost,Entire home/apt,150,3,9,0.15,1,0,0,"This location features a basketball pitch and an area with outdoor seating.
[tier: mid | anchors: none | character: active outdoor space]"
Oud-Oost,Entire home/apt,190,2,9,0.15,1,0,0,"There are no nearby places of the specified types to list.
[tier: budget | anchors: none | character: quiet and empty]"
Watergraafsmeer,Entire home/apt,250,3,3,0.08,1,53,0,"There are no nearby places to list in this area.
[tier: budget | anchors: none | character: quiet and empty]"
Centrum-West,Entire home/apt,210,7,78,1.19,3,340,0,"You can visit the Art Zoo Museum or browse for unique items at Beadies Amsterdam. These spots are located near the stylish selections at The Odder Side and Zipper Vintage Clothing.

[tier: premium | anchors: Art Zoo Museum, The Odder Side | character: trendy urban hub]"
De Baarsjes - Oud-West,Private room,47,2,205,3.86,2,22,23,"There are no nearby places available to list in this area.

[tier: budget | anchors: none | character: quiet empty space]"
Centrum-Oost,Private room,89,2,90,1.36,1,0,0,"Leidseplein and Kleine-Gartmanplantsoen are located in the immediate vicinity of these establishments. You can find dining options like Yellow River and Ron Gastrobar Paris nearby.

[tier: premium | anchors: Leidseplein, Kleine-Gartmanplantsoen | character: vibrant city center]"
Oud-Oost,Entire home/apt,149,7,93,1.5,1,61,15,"Café Bica and Saffraan aan de Amstel are located in the immediate vicinity. You can also find Dough Studio, Form, Loulou Pizzabar, and PepeNero nearby.

[tier: mid | anchors: Café Bica, Saffraan aan de Amstel | character: vibrant local hub]"
Oud-Oost,Entire home/apt,130,3,51,0.78,1,0,1,"You can visit Stooker Roasting Company for coffee or drop off your clothes at Wasserette Kastanjeplein. World Explorers is also located nearby.

[tier: mid | anchors: Stooker Roasting Company, Wasserette Kastanjeplein, World Explorers | character: local urban charm]"
Centrum-West,Private room,131,2,42,0.88,2,0,6,"There are no nearby places of the requested type to list in this area.
[tier: budget | anchors: none | character: quiet and empty]"
Oud-Oost,Private room,85,2,35,0.54,1,33,0,"De Vijgenboom is a local garden located near a playground and a school.

[tier: mid | anchors: De Vijgenboom | character: peaceful green space]"
Oud-Noord,Entire home/apt,125,3,10,1.23,1,9,7,"Noorderpark is a large green space located in the northern part of the city. It offers various recreational facilities and walking paths for visitors.

[tier: mid | anchors: Noorderpark | character: peaceful green space]"
De Pijp - Rivierenbuurt,Private room,86,2,106,2.13,1,296,5,"There are no nearby places to list based on the provided information.

[tier: budget | anchors: none | character: empty location data]"
Westerpark,Entire home/apt,206,2,30,0.47,1,0,5,"There are no nearby places to list based on the provided information.

[tier: budget | anchors: none | character: empty location data]"
Westerpark,Entire home/apt,80,10,5,0.08,1,0,0,"Semsema is a nearby garden, while E.S.M. Phone House offers mobile phone services. Rolinka and Semsema are both beauty locations.

[tier: mid | anchors: E.S.M. Phone House, Rolinka, Semsema | character: diverse local services]"
IJburg - Zeeburgereiland,Private room,55,1,79,1.47,1,17,6,"Espressofabriek is a local coffee_shop cafe located near the clothes store Sarah Bridal and the turkish restaurant Merza.

[tier: mid | anchors: Espressofabriek, Merza, Sarah Bridal | character: trendy urban hub]"
Westerpark,Entire home/apt,260,2,11,2.46,3,116,6,"Apotheek Amsterdam is located near the creative hub of Werkgebouw Het Veem and the performance venue Het Veem Theater. You can also visit the art gallery BAK or utilize the coworking space Profilex in this area.

[tier: mid | anchors: Apotheek Amsterdam, BAK, Het Veem Theater, Profilex, Werkgebouw Het Veem | character: creative urban hub]"
Oostelijk Havengebied - Indische Buurt,Entire home/apt,185,4,18,0.36,2,0,0,"Stayokay Amsterdam Oost is located near the cinema Studio/K and the internet cafe Cybersoek. You can also find outdoor seating at Buurttafel Timorplein and drinks at The 5th.

[tier: mid | anchors: Studio/K, Cybersoek, Stayokay Amsterdam Oost | character: vibrant local hub]"
Watergraafsmeer,Entire home/apt,100,3,20,0.31,1,0,0,"De Amstel is located in the immediate vicinity of the local playground and school. 

[tier: mid | anchors: De Amstel | character: quiet local area]"
Westerpark,Entire home/apt,250,2,6,0.11,1,0,0,"There are no nearby parks or gardens to list in this area.
[tier: budget | anchors: none | character: quiet and secluded]"
Oostelijk Havengebied - Indische Buurt,Entire home/apt,85,28,6,0.28,1,132,0,"You can visit Bubble Trouble Tea for a drink or browse the selection at Java Bookshop. These establishments are located near the local landmark Elthetokerk and the shop Licht en Meubels.

[tier: mid | anchors: Bubble Trouble Tea, Java Bookshop, Elthetokerk, Licht en Meubels | character: vibrant local hub]"
Centrum-West,Private room,118,2,108,1.75,1,73,29,"The Amsterdam Museum and The Amsterdam Toy Museum are located near the historic Begijnhof garden. You can also visit the nearby Postzegelmarkt and Postzegelpark for a pleasant walk through the city.

[tier: premium | anchors: Amsterdam Museum, The Amsterdam Toy Museum, Begijnhof | character: historic cultural hub]"
De Baarsjes - Oud-West,Entire home/apt,275,3,4,0.08,1,0,0,"You can find a bicycle at Giant and a car rental at Avis. The fitness station is located at Movements.

[tier: mid | anchors: Avis, Giant, Movements | character: active urban hub]"
De Baarsjes - Oud-West,Entire home/apt,200,2,39,0.69,1,34,1,"The Burger Maffia and Bobos Chicken are located in the immediate vicinity. You can also find DA drogist and Pakketdienst de Kinker nearby.

[tier: mid | anchors: The Burger Maffia, Bobos Chicken, DA drogist, Pakketdienst de Kinker | character: convenient local hub]"
Bos en Lommer,Entire home/apt,99,2,9,0.14,1,0,0,"Multatulischool is located in the immediate vicinity of a local soccer pitch.

[tier: mid | anchors: Multatulischool | character: educational and active]"
Oud-Noord,Private room,72,1,224,3.58,1,75,19,"There are no nearby places to list based on the provided information.

[tier: budget | anchors: none | character: empty location]"
De Baarsjes - Oud-West,Entire home/apt,87,1,204,3.23,1,158,28,"Gertrude is a restaurant located near the public park known as Toussaint. You can also find the guest house Houseboat Lady Jane and the beauty salon SKIN in this vicinity. [tier: premium | anchors: Gertrude, Toussaint, Houseboat Lady Jane, SKIN | character: chic urban retreat]"
Westerpark,Entire home/apt,189,2,48,0.76,1,4,2,"Domela Nieuwenhuisplantsoen is a local park that features a public bookcase for community reading. 

[tier: budget | anchors: Domela Nieuwenhuisplantsoen | character: quiet green space]"
De Pijp - Rivierenbuurt,Private room,71,1,304,4.87,1,250,8,"Sarphatipark is a lush green space featuring a central fountain, a garden, and a playground for children. 

[tier: mid | anchors: Sarphatipark | character: serene urban oasis]"
Centrum-West,Entire home/apt,349,7,36,0.58,6,63,6,"You can find Zilch, Zipper, and Luba located near the Amsterdamse Scheepvaartbuurt. These shops are situated close to the specialty offerings of 't Kaaspunt and Jay's Juices.

[tier: mid | anchors: Zilch, Zipper, Luba | character: trendy urban shopping]"
Slotervaart,Entire home/apt,335,4,35,0.57,1,358,1,"Staalmanpark is a local green space located in the surrounding area. Visitors can enjoy recreational activities and open fields at Staalmanpark.

[tier: budget | anchors: Staalmanpark | character: peaceful local park]"
Centrum-West,Entire home/apt,100,3,192,3.12,1,2,0,"Café Thijssen is a popular cafe located near the pub Jardin and the convenience store De Oliewinkel.

[tier: premium | anchors: Café Thijssen, Jardin, De Oliewinkel | character: lively local charm]"
Noord-West,Private room,54,1,133,2.29,1,20,8,"There are no nearby places to list in this area.
[tier: budget | anchors: none | character: quiet outdoor space]"
Centrum-West,Private room,99,3,147,2.41,2,0,3,"You can visit the historic Sint Olofskapel or enjoy a meal at Kam Yin. These locations are situated near the popular Warmoesstraat and Zeedijk areas.

[tier: mid | anchors: Sint Olofskapel, Kam Yin | character: historic urban hub]"
De Pijp - Rivierenbuurt,Entire home/apt,250,2,32,0.57,1,341,4,"Badeta Koffiebranders and Café Bührs are located in the vibrant New Pijp neighborhood. You can also find Miri Mary and The String nearby.

[tier: premium | anchors: New Pijp, Badeta Koffiebranders | character: lively urban hub]"
Westerpark,Entire home/apt,106,2,8,0.2,1,0,0,"Dandy Burger is a popular spot for a quick meal located near the specialty shop E.S.M. Phone House. You can also find Enso and Juhique nearby in the same area.

[tier: mid | anchors: Dandy Burger, E.S.M. Phone House, Enso, Juhique | character: vibrant local hub]"
Westerpark,Private room,111,3,128,2.21,1,0,0,"Vrijeschool Amsterdam West is located in the vicinity of a nearby garden.

[tier: mid | anchors: Vrijeschool Amsterdam West | character: educational community space]"
IJburg - Zeeburgereiland,Private room,74,1,20,0.33,10,0,0,"KOH - Kitchen of Happiness is a local thai restaurant situated near the Haven WV IJburg and Haven Muider Compagnie marinas. Caña IJburg is another nearby restaurant located in the same vicinity as Barstow. [tier: mid | anchors: KOH - Kitchen of Happiness, Haven WV IJburg | character: vibrant waterfront dining]"
Centrum-West,Private room,93,1,188,3.12,4,72,26,"La Cuisine Ronde and Oriole Garden Bistro are popular restaurants located near the arts_centre Vlaams Cultuurhuis de Brakke Grond.

[tier: premium | anchors: La Cuisine Ronde, Oriole Garden Bistro, Vlaams Cultuurhuis de Brakke Grond | character: refined cultural hub]"
Oostelijk Havengebied - Indische Buurt,Entire home/apt,90,3,25,0.46,1,0,4,"Flevoparkschool is located near Zeeburg Tandartsen. Both are situated within the vicinity of the local garden.

[tier: mid | anchors: Flevoparkschool, Zeeburg Tandartsen | character: local community hub]"
Centrum-West,Private room,61,3,12,0.43,4,354,1,"You can visit the Allard Pierson Museum or explore the historic UvA Binnengasthuisterrein. Nearby dining options include De Laatste Kruimel and La Margarita.

[tier: mid | anchors: Allard Pierson Museum, UvA Binnengasthuisterrein | character: historic academic hub]"
Zuid,Entire home/apt,260,4,7,0.22,1,0,0,"There are no nearby places to list based on the provided information.

[tier: budget | anchors: none | character: empty location]"
Bos en Lommer,Entire home/apt,175,2,34,0.71,1,0,5,"Tijl Uilenspiegelschool is located in the immediate vicinity of a local garden, soccer pitch, and table_tennis pitch.

[tier: budget | anchors: Tijl Uilenspiegelschool | character: educational community hub]"
De Baarsjes - Oud-West,Entire home/apt,250,4,19,0.32,1,284,2,"Gertrude is a popular restaurant located near the scenic Houseboat Lady Jane. You can also visit the nearby artwork known as Beatrijs Smulders.

[tier: premium | anchors: Gertrude, Houseboat Lady Jane | character: refined urban retreat]"
Oud-Noord,Entire home/apt,360,1,154,2.81,3,270,15,"There are no nearby places available to list.

[tier: budget | anchors: none | character: quiet and empty]"
De Baarsjes - Oud-West,Private room,45,1,225,4.35,2,194,27,Balboaplein features a playground and a basketball pitch for local recreation. This area also includes a field_hockey pitch and a table_tennis pitch alongside an additional playground. [tier: mid | anchors: Balboaplein | character: active community space]
De Pijp - Rivierenbuurt,Private room,129,2,246,4.23,2,265,19,"Pizza Donna is a local spot for quick meals. There are no other gardens or playgrounds nearby.

[tier: budget | anchors: Pizza Donna | character: casual neighborhood eatery]"
De Baarsjes - Oud-West,Entire home/apt,136,2,40,0.95,1,0,4,"Rembrandtpark is a large public green space located in the western part of the city. It offers various walking paths and recreational areas for visitors to enjoy.

[tier: mid | anchors: Rembrandtpark | character: peaceful urban oasis]"
Westerpark,Entire home/apt,225,3,14,0.31,1,0,0,"Westerpark is a large public green space located in the city. It offers various recreational facilities and walking paths for visitors.

[tier: mid | anchors: Westerpark | character: urban green space]"
Oostelijk Havengebied - Indische Buurt,Entire home/apt,134,3,34,0.6,1,0,0,"Jachthaven Piet Hein is a marina located in the area. It serves as a docking facility for various watercraft.

[tier: mid | anchors: Jachthaven Piet Hein | character: nautical harbor retreat]"
Zuid,Entire home/apt,224,2,41,0.86,4,341,2,"Hervormd Lyceum Zuid is located near Hampshire Hotel Beethoven and the supermarket Albert Heijn. You can also find Alexanderhoeve, Centrale Vishandel, Etos, Fleur de Lys, Holland & Barrett, Oak Berry, and Pearle in this area.

[tier: premium | anchors: Albert Heijn, Hampshire Hotel Beethoven | character: convenient urban hub]"
De Baarsjes - Oud-West,Entire home/apt,150,3,52,0.99,1,2,7,"You can find groceries at Albert Heijn and enjoy a meal at Trattoria Totò. These locations are situated near the comfortable lodging at Hotel ABBA and Princess Hostel.

[tier: mid | anchors: Albert Heijn, Trattoria Totò, Hotel ABBA, Princess Hostel | character: convenient urban stay]"
De Pijp - Rivierenbuurt,Entire home/apt,133,7,21,1.33,1,190,9,"De Waaghals and ISSHIN are popular restaurants located near the community centre Buurtkamer Quellijn. You can also find Craft Wine and Rainbowls within the same vicinity.

[tier: premium | anchors: De Waaghals, ISSHIN, Craft Wine | character: vibrant local hub]"
Centrum-Oost,Entire home/apt,350,2,45,0.89,1,81,2,"Muziekschool Amsterdam - Centrum/Oost and Soop are both located in the surrounding area.

[tier: mid | anchors: Muziekschool Amsterdam - Centrum/Oost, Soop | character: artistic community hub]"
Centrum-West,Entire home/apt,175,2,34,0.62,1,20,7,"You can visit Bistrot Neuf for a meal or explore the selection at Chabrol Wines nearby. Other local options include Namaskar and Vintage Island.

[tier: mid | anchors: Bistrot Neuf, Chabrol Wines, Namaskar, Vintage Island | character: vibrant local hub]"
Oud-Noord,Entire home/apt,225,3,19,0.34,1,0,1,"There are no nearby places to list based on the provided information.

[tier: budget | anchors: none | character: empty location data]"
Buitenveldert - Zuidas,Entire home/apt,166,3,15,0.33,1,56,0,"Trainmore is a fitness centre located in the immediate vicinity.

[tier: mid | anchors: Trainmore | character: active urban gym]"
Oud-Oost,Entire home/apt,150,3,21,0.38,1,0,0,"Afrikanerplein is a local park and garden, while Eethuis Parie serves Surinamese fast food nearby.
[tier: budget | anchors: Afrikanerplein, Eethuis Parie | character: casual local spot]"
Oud-Noord,Private room,103,2,120,2.57,1,242,4,"Aparthotel North is located in the immediate vicinity of this residential area. It serves as the primary lodging option for visitors staying nearby.

[tier: mid | anchors: Aparthotel North | character: convenient urban stay]"
Centrum-Oost,Entire home/apt,174,3,286,5.25,1,57,59,"You can find Amstel Canal Guest House located near the dining options at Krua Thai and Sterk Staaltje. These establishments are situated in a vibrant area close to shops like @droog and Marbles Vintage.

[tier: premium | anchors: Amstel Canal Guest House, @droog | character: historic urban charm]"
Bos en Lommer,Entire home/apt,139,4,2,0.04,1,0,0,"There are no nearby places to list based on the provided information.
[tier: budget | anchors: none | character: quiet empty space]"
IJburg - Zeeburgereiland,Entire home/apt,300,3,57,1.05,1,350,8,"There are no nearby places to list in this area.
[tier: budget | anchors: none | character: quiet and empty]"
Centrum-Oost,Entire home/apt,190,4,10,0.23,1,0,0,"There are no nearby places to list in this area.
[tier: budget | anchors: none | character: quiet open space]"
Centrum-West,Private room,130,3,22,0.48,1,1,0,Formocha is located in the immediate vicinity. This establishment offers a variety of tea options for visitors. [tier: mid | anchors: Formocha | character: cozy tea spot]
Centrum-Oost,Entire home/apt,207,2,145,2.77,1,257,10,"Eden Hotel Amsterdam is located near the dining options Brasserie Flo and Graphite by Peter Gast. You can also find the nightclub John Doe and the coffee shop Cooldown Cafe Rembrandtplein in the immediate vicinity.

[tier: premium | anchors: Eden Hotel Amsterdam, Brasserie Flo | character: upscale urban hub]"
Oud-Oost,Entire home/apt,158,5,24,0.43,1,0,0,"Amstelcampus is a university located near the restaurant Amstelhaven.

[tier: mid | anchors: Amstelcampus, Amstelhaven | character: academic riverside dining]"
De Pijp - Rivierenbuurt,Entire home/apt,150,7,37,0.7,3,64,3,"You can visit Taalhuis Amsterdam for language classes or stop by Café De Baron for a drink nearby. Ajax Bike offers bicycle rentals while Hairstudio Pu-ma provides professional hair services.

[tier: mid | anchors: Taalhuis Amsterdam, Café De Baron, Ajax Bike, Hairstudio Pu-ma | character: vibrant local hub]"
Geuzenveld - Slotermeer,Entire home/apt,184,4,11,0.21,1,0,0,"There are no nearby places to list in this area.
[tier: budget | anchors: none | character: quiet and empty]"
Geuzenveld - Slotermeer,Entire home/apt,149,3,10,0.19,1,1,2,"Sloterpark is a large recreational area located right next to the marina known as De Duikelaar.

[tier: mid | anchors: De Duikelaar, Sloterpark | character: scenic waterfront park]"
De Pijp - Rivierenbuurt,Entire home/apt,124,2,30,0.78,1,30,0,"You can find fresh produce at Albert Cuyp-markt and enjoy a meal at Pho 91. These locations are situated near the retail shops 7115 by Szeki and Anna+Nina.

[tier: premium | anchors: Albert Cuyp-markt, Pho 91, 7115 by Szeki, Anna+Nina | character: vibrant urban hub]"
De Pijp - Rivierenbuurt,Entire home/apt,305,3,26,0.49,1,162,0,"Elisabeth Haarmode and Haar In De Wind are located in the immediate vicinity. You can also find Beauty & Mind nearby.

[tier: mid | anchors: Elisabeth Haarmode, Haar In De Wind, Beauty & Mind | character: professional local services]"
Oostelijk Havengebied - Indische Buurt,Entire home/apt,140,3,5,0.09,1,0,0,"Jachthaven Piet Hein is a local marina located along the waterfront. This facility serves as a primary docking point for vessels in the area.

[tier: mid | anchors: Jachthaven Piet Hein | character: nautical harbor retreat]"
De Baarsjes - Oud-West,Entire home/apt,290,3,6,0.13,1,9,0,"You can dine at Annapurna or enjoy a meal at Overtone Bistro nearby. De Pizzabakkers and YNK are also located in the immediate vicinity.

[tier: mid | anchors: Annapurna, Overtone Bistro, De Pizzabakkers, YNK | character: vibrant local hub]"
Zuid,Entire home/apt,120,7,7,0.13,1,0,0,"Tandartspraktijk de ZuidAs is located in the area, and Coffeeshop Pacific is also nearby.
[tier: mid | anchors: Coffeeshop Pacific, Tandartspraktijk de ZuidAs | character: urban local hub]"
De Baarsjes - Oud-West,Entire home/apt,181,2,27,1.65,1,363,2,"You can find fresh groceries at Albert Heijn or enjoy a meal at Konya Etliekmek and Lara. Other local options include the bakery Fort Negen and the wine shop Grapedistrict.

[tier: mid | anchors: Albert Heijn, Fort Negen, Konya Etliekmek | character: diverse local hub]"
Centrum-West,Entire home/apt,425,2,52,1.03,1,68,3,"Café 't Papeneiland and Café Thijssen are popular spots located near the dining options of Enté, Jardin, and Pompon.

[tier: premium | anchors: Café 't Papeneiland, Café Thijssen, Enté, Jardin, Pompon | character: historic canal charm]"
Centrum-Oost,Entire home/apt,440,2,21,1.25,2,0,6,"You can find the restaurant Ali Ocakbaşı and the coffee shop Boerejongens located in this area. These spots are situated near the cafe Social Coffee and the restaurant De Juwelier.

[tier: premium | anchors: Ali Ocakbaşı, Boerejongens, De Juwelier | character: vibrant urban hub]"
Noord-West,Entire home/apt,146,1,60,1.12,7,153,7,"Sportpark Melkweg is a local facility that includes both a pitch and a sports centre. This location serves as the primary hub for athletic activities in the immediate area.

[tier: mid | anchors: Sportpark Melkweg | character: active community hub]"
Buitenveldert - Zuidas,Private room,70,3,146,2.89,1,19,11,"Tennispark Buitenveldert is the only sports facility located in the immediate vicinity. This venue provides dedicated courts for local tennis enthusiasts.

[tier: mid | anchors: Tennispark Buitenveldert | character: active sports hub]"
Watergraafsmeer,Entire home/apt,155,28,10,0.31,1,0,0,"There are no nearby places listed in the provided data.
[tier: budget | anchors: none | character: empty location data]"
Bos en Lommer,Private room,47,2,176,3.36,2,49,18,"Beeld van brons en steen is located within the green space of Erasmuspark.

[tier: mid | anchors: Beeld van brons en steen, Erasmuspark | character: peaceful urban oasis]"
Centrum-Oost,Entire home/apt,240,3,168,3.46,1,192,34,"Our House and Restaurant 212 are located in the immediate vicinity. You can also find Coffeeshop Kooi and Gollem nearby.

[tier: premium | anchors: Our House, Restaurant 212 | character: upscale urban hub]"
Oud-Oost,Entire home/apt,92,4,21,0.4,1,0,3,"You can find India Roti Room and The Plug located in this neighborhood. These spots are near Bo-Mij and Spally's Kickboxing.

[tier: mid | anchors: India Roti Room, The Plug | character: local urban hub]"
Centrum-West,Entire home/apt,175,2,21,0.41,1,0,0,"You can visit the nearby Arttra gallery or grab a meal at Ristorante Pepe. Other local spots include the Noorderspeeltuin playground and the Medicijnman Apotheek Jordaan pharmacy. [tier: premium | anchors: Arttra, Ristorante Pepe | character: vibrant urban hub]"
De Pijp - Rivierenbuurt,Entire home/apt,629,3,7,0.13,1,11,1,"You can find Aston City Hotel and Petit Caron located in the immediate vicinity. These establishments are situated near Amsterdam Cosmetic Clinic and Van Beek Art Supplies.

[tier: premium | anchors: Aston City Hotel, Petit Caron | character: upscale urban hub]"
Oud-Oost,Entire home/apt,105,3,3,0.06,1,0,0,"Oosterpark is a large public green space located just a short walk from Café de Jeugd. This pub offers outdoor seating for guests to enjoy the atmosphere near the park.

[tier: mid | anchors: Café de Jeugd, Oosterpark | character: local neighborhood charm]"
Oud-Oost,Entire home/apt,130,5,4,0.08,1,0,0,Oosterpark is a large public park located in the eastern part of Amsterdam. This green space offers walking paths and a community garden. [tier: premium | anchors: Oosterpark | character: green urban oasis]
Centrum-West,Private room,183,2,19,0.36,2,342,1,"Beadies Amsterdam is a specialty jewelry store located near the artisanal sweets at Chocolaterie Pompadour.

[tier: premium | anchors: Beadies Amsterdam, Chocolaterie Pompadour | character: elegant local charm]"
Centrum-West,Private room,115,2,171,3.31,1,252,14,"Westerdokters is located in the immediate vicinity of this area.

[tier: mid | anchors: Westerdokters | character: clinical and local]"
De Baarsjes - Oud-West,Entire home/apt,99,1,29,0.67,1,0,0,"There are no nearby places to list based on the provided information.

[tier: budget | anchors: none | character: empty location data]"
Westerpark,Entire home/apt,185,5,6,0.12,1,0,0,"Staverno is a nearby marina located just a short distance from the NiDA Wasserij Stomerij laundry facility.
[tier: mid | anchors: Staverno, NiDA Wasserij Stomerij | character: convenient coastal service]"
Centrum-West,Private room,107,2,180,3.49,1,218,32,"You can visit Lotti's Dinner for a meal or browse the latest styles at Fabienne Chapot and Levi's. These locations are situated near The Hoxton and The Merchant House.

[tier: premium | anchors: The Hoxton, The Merchant House | character: stylish urban hub]"
De Baarsjes - Oud-West,Private room,125,3,159,3.13,1,0,0,"Café Bellamy is located near Huisarsten Bellamyplein and Kalender Kleermaker. You can also visit Tati, Login, Ekerbiçer, La Parole, and More in the surrounding area.

[tier: mid | anchors: Café Bellamy, Huisarsten Bellamyplein | character: vibrant local hub]"
Bos en Lommer,Entire home/apt,95,2,27,0.62,1,0,4,"There are no nearby places to list based on the provided information.

[tier: budget | anchors: none | character: empty location data]"
Centrum-West,Private room,73,1,174,3.44,2,280,46,"The Book Exchange is located near the historic Oost-Indisch Huis and the cultural venue Compagnietheater. You can also visit the pub De Engelbewaarder or the theatre Bagheera in the surrounding area.

[tier: mid | anchors: The Book Exchange, Oost-Indisch Huis, Compagnietheater, De Engelbewaarder, Bagheera | character: historic cultural hub]"
Westerpark,Entire home/apt,200,2,8,0.18,1,0,0,"Echobox is located in the vicinity of a local garden. This studio is situated near the garden.
[tier: mid | anchors: Echobox | character: creative media hub]"
Watergraafsmeer,Entire home/apt,240,3,10,0.23,1,70,1,"There are no nearby places to list based on the provided information.
[tier: budget | anchors: none | character: empty location data]"
Oud-Noord,Private room,90,2,39,0.86,1,230,1,"There are no nearby places to list in this area.
[tier: budget | anchors: none | character: quiet open space]"
De Pijp - Rivierenbuurt,Private room,65,3,173,3.44,1,154,13,"Sarphatipark is a public green space featuring a garden, a fountain, and a playground. It serves as a central recreational area for the surrounding neighborhood.

[tier: mid | anchors: Sarphatipark | character: serene urban oasis]"
Noord-Oost,Entire home/apt,150,15,2,0.04,1,10,1,"Baanakkerspark is located in the immediate vicinity of this area. It serves as the primary green space for local residents.

[tier: mid | anchors: Baanakkerspark | character: peaceful green space]"
Centrum-West,Entire home/apt,495,3,55,1.74,1,24,13,"Café Tabac is a local establishment located in the immediate vicinity.

[tier: mid | anchors: Café Tabac | character: cozy urban spot]"
De Baarsjes - Oud-West,Entire home/apt,250,1,1,0.02,1,89,0,"There are no nearby places to list in this area.
[tier: budget | anchors: none | character: quiet and empty]"
Centrum-West,Private room,74,2,142,3.05,2,248,14,"You can find the Amsterdam Duck Store and Bakery Cafe located in the heart of the city. These spots are situated near the popular attraction de Wallen and the restaurant Burgerzaken.

[tier: mid | anchors: Amsterdam Duck Store, Bakery Cafe, de Wallen, Burgerzaken | character: vibrant city center]"
Zuid,Entire home/apt,325,2,24,0.57,1,201,4,"There are no nearby places to list based on the provided information.

[tier: budget | anchors: none | character: empty location data]"
Centrum-West,Entire home/apt,215,2,12,0.78,1,3,0,"BBrood! and Bakkerij Wolf are both located in the immediate vicinity. You can also find Kapsalon Bianco, Domino's, and Shoarma Mesut 2 nearby.

[tier: mid | anchors: BBrood!, Bakkerij Wolf | character: convenient local hub]"
Centrum-West,Private room,80,1,153,3.46,1,44,50,"You can visit De Drie Fleschjes for a drink or stop by Amsterdam Seed Center nearby. These locations are situated close to the central area near Dam Square Inn.

[tier: mid | anchors: De Drie Fleschjes, Amsterdam Seed Center, Dam Square Inn | character: historic city center]"
Centrum-West,Private room,160,2,135,2.72,1,309,10,"Huis Marseille is a museum located near the Fotografie Bibliotheek. You can also find the artwork Jacob de Wit and Johannes Voorhout in this area.

[tier: premium | anchors: Huis Marseille, Fotografie Bibliotheek | character: cultural art hub]"
Bijlmer-Centrum,Private room,83,1,179,3.53,1,86,4,"Amsterdam Centraal Apartment is located in the city center near a local garden and a public playground. 

[tier: premium | anchors: Amsterdam Centraal Apartment | character: urban central living]"
Bijlmer-Oost,Private room,30,1,127,2.6,1,0,0,"Brasapark-Noord is a local green space located in the immediate vicinity. It serves as a primary outdoor recreational area for the surrounding neighborhood.

[tier: mid | anchors: Brasapark-Noord | character: peaceful urban oasis]"
Oud-Noord,Entire home/apt,188,3,20,0.5,1,17,4,"De IJsbreker is a cafe located near the school known as De Ruimte.

[tier: mid | anchors: De IJsbreker, De Ruimte | character: local community hub]"
Westerpark,Entire home/apt,160,2,3,0.09,1,0,0,"You can enjoy a coffee at Cafe de Oude Schaeper or visit the nearby Dr. Rijk Kramerschool. De Aardige Pers and Salvo Italian Bakehouse are also located in the immediate vicinity.

[tier: mid | anchors: Cafe de Oude Schaeper, Dr. Rijk Kramerschool | character: cozy neighborhood hub]"
Watergraafsmeer,Entire home/apt,225,4,2,0.05,1,0,0,"Darwinplantsoen is a local park and garden located in the neighborhood.

[tier: mid | anchors: Darwinplantsoen | character: serene green space]"
Centrum-West,Entire home/apt,587,3,54,1.85,3,334,12,"You can visit Greenwoods for a meal or stop by Hotel The Craftsmen for a stay near the Singel. These locations are situated close to the dining options at Tales & Spirits and the shopping at Vleeshouwerij D. Reinhart.

[tier: premium | anchors: Hotel The Craftsmen, Singel, Greenwoods | character: historic city center]"
Bos en Lommer,Entire home/apt,145,3,16,0.36,1,0,2,"There are no nearby places available to list in this area.
[tier: budget | anchors: none | character: quiet empty space]"
De Baarsjes - Oud-West,Entire home/apt,250,4,15,0.34,1,0,0,"You can find groceries at Albert Heijn and enjoy a meal at Warung Celebes nearby. 

[tier: mid | anchors: Albert Heijn, Warung Celebes | character: local urban hub]"
De Pijp - Rivierenbuurt,Entire home/apt,175,2,4,0.08,1,0,1,"There are no nearby places to list based on the provided information.

[tier: budget | anchors: none | character: empty location data]"
De Baarsjes - Oud-West,Entire home/apt,100,5,58,1.23,1,31,7,"You can visit the nearby De Hallen or enjoy a meal at Kanarie Club. Other local spots include Hotel De Hallen and the park Bellamyplein.

[tier: premium | anchors: De Hallen, Kanarie Club, Hotel De Hallen | character: vibrant cultural hub]"
Oostelijk Havengebied - Indische Buurt,Private room,231,7,21,0.46,1,179,0,"There are no nearby places to list based on the provided information.

[tier: budget | anchors: none | character: empty location data]"
De Baarsjes - Oud-West,Entire home/apt,187,2,13,0.38,1,6,0,"Dak Showroom is situated in a vibrant area known for its local businesses and community atmosphere. This location offers convenient access to the surrounding neighborhood amenities.

[tier: mid | anchors: Dak Showroom | character: modern urban space]"
Centrum-Oost,Private room,89,2,126,3.91,1,32,23,"You can find Peter Donkersloot and Spiegelgracht Jeweliers located in the immediate vicinity. These establishments are situated near Tinkerbell and Broodje Art.

[tier: premium | anchors: Peter Donkersloot, Spiegelgracht Jeweliers | character: refined cultural hub]"
De Pijp - Rivierenbuurt,Entire home/apt,130,2,28,0.75,2,20,5,"Layers Bakery & Deli and Reload Coffee are located near the local garden and antiques shop. You can also find Brasserie SenT and Amsterdam Wine Academy in this immediate area.

[tier: premium | anchors: Layers Bakery & Deli, Brasserie SenT | character: vibrant urban hub]"
Centrum-Oost,Entire home/apt,326,3,6,0.13,1,0,0,"Analogue is located near the community centre De Boomspijker and the playground Speeltuin De Waag.

[tier: mid | anchors: Analogue, De Boomspijker, Speeltuin De Waag | character: urban community hub]"
Centrum-Oost,Entire home/apt,540,3,19,0.55,1,0,3,"Fixjefiets! is a local shop that provides professional bicycle repair services.

[tier: mid | anchors: Fixjefiets! | character: reliable bike repair]"
Centrum-West,Private room,128,1,12,2.35,1,24,12,"The Multatuli Museum is located near the tattoo parlor Studio Sailor and The Blue Sheep B&B.

[tier: mid | anchors: Multatuli Museum, Studio Sailor, The Blue Sheep B&B | character: cultural urban hub]"
Zuid,Entire home/apt,200,3,7,0.22,1,165,0,"1e Montessorischool de Wielewaal is located in the immediate vicinity.

[tier: mid | anchors: 1e Montessorischool de Wielewaal | character: quiet educational hub]"
Westerpark,Private room,65,2,67,1.41,3,331,8,"Dignita Westerpark and Moos are popular cafes located near the Spaarndammer Apotheek pharmacy and Jumbo supermarket. You can also find Slagerij Westerpark Halal, Erol Doner kebab, and Fietspiraat in the immediate vicinity.

[tier: premium | anchors: Dignita Westerpark, Moos | character: vibrant local hub]"
Westerpark,Entire home/apt,179,3,12,0.46,1,0,0,"There are no nearby places to list in this area.
[tier: budget | anchors: none | character: quiet and empty]"
Centrum-Oost,Private room,68,2,160,3.47,1,73,10,"The GGD Amsterdam and GGD SOA Polikliniek are both located in the same vicinity. These clinics provide essential public health services to the local community.

[tier: mid | anchors: GGD Amsterdam, GGD SOA Polikliniek | character: professional health hub]"
Centrum-Oost,Entire home/apt,150,4,18,0.38,1,0,0,"Bakers and Roasters is a popular breakfast cafe located near the Regional cafe Café Orloff. You can also find the artwork Zeeman in the immediate vicinity.

[tier: mid | anchors: Bakers and Roasters, Café Orloff, Zeeman | character: vibrant local hub]"
Zuid,Entire home/apt,170,5,8,0.17,1,0,0,"Vondelpark is a sprawling urban green space located in the heart of the city. It serves as a popular destination for locals and tourists seeking outdoor recreation.

[tier: premium | anchors: Vondelpark | character: lush urban oasis]"
Oud-Oost,Entire home/apt,100,3,17,0.36,1,0,0,"Dappermarkt is a vibrant marketplace located near the community centre Dynamo Jong. You can also visit the nearby cafe Café Nieuwland or enjoy a drink at Café Publiek.

[tier: mid | anchors: Dappermarkt, Café Nieuwland, Café Publiek | character: local urban hub]"
De Baarsjes - Oud-West,Entire home/apt,170,3,0,,1,0,0,"Basisschool Corantijn is located near the PMP Star tobacco shop and a nearby playground.
[tier: mid | anchors: Basisschool Corantijn, PMP Star | character: convenient local hub]"
Noord-West,Private room,71,1,4,0.09,1,0,0,"Sportpark Buiksloterbanne is a local facility that features both a soccer pitch and a multi sports_centre.

[tier: mid | anchors: Sportpark Buiksloterbanne | character: active community hub]"
Zuid,Entire home/apt,220,3,0,,1,162,0,"There are no nearby places to list based on the provided information.

[tier: budget | anchors: none | character: empty location]"
Centrum-West,Private room,183,1,103,2.43,1,322,10,"Canal House and The Toren dependance are located near the dental clinics Lassus Tandartsen Keizersgracht and Tandartspraktijk Buisman.

[tier: premium | anchors: Canal House, The Toren dependance | character: historic canal district]"
Centrum-West,Private room,90,2,135,2.85,2,1,0,"Oude Kerk and de Wallen are prominent landmarks located within the historic district. You can also find dining and lodging options like Burger Fabriek and The White Tulip Hostel nearby.

[tier: mid | anchors: Oude Kerk, de Wallen, Burger Fabriek, The White Tulip Hostel | character: historic vibrant hub]"
Centrum-Oost,Entire home/apt,250,3,14,0.44,1,10,1,"De jonge Rembrandt is an artwork located near the hairdresser Amstel Hair and the social_facility Ouder- en Kindteams Amsterdam.

[tier: mid | anchors: Amstel Hair, De jonge Rembrandt, Ouder- en Kindteams Amsterdam | character: local community hub]"
Centrum-Oost,Private room,200,2,101,2.29,1,356,25,"Sarphatihuis is a social facility located near a garden.

[tier: mid | anchors: Sarphatihuis | character: historic community hub]"
Centrum-West,Private room,113,2,182,3.84,3,60,30,"You can find fresh groceries at Ekoplaza or enjoy a meal at Balthazar's Keuken. These spots are located near the local greenery of Looiersplantsoen.

[tier: premium | anchors: Ekoplaza, Balthazar's Keuken | character: local urban charm]"
De Pijp - Rivierenbuurt,Entire home/apt,636,1,6,0.17,1,261,0,"You can enjoy a meal at L'Antica Pizzeria da Michele or grab a coffee at Café Flamingo. These spots are located near the local shops like Cottoncake and We Are Labels.

[tier: premium | anchors: L'Antica Pizzeria da Michele, Café Flamingo, Cottoncake, We Are Labels | character: vibrant urban hub]"
De Pijp - Rivierenbuurt,Entire home/apt,180,3,16,0.37,1,0,0,"André Broos Massagepraktijk en Reiki Master is located in the vicinity of Coffeeshop Relax.

[tier: mid | anchors: André Broos Massagepraktijk en Reiki Master, Coffeeshop Relax | character: calm wellness hub]"
De Pijp - Rivierenbuurt,Entire home/apt,113,3,14,8.57,2,0,7,"There are no nearby places to list in this area.
[tier: budget | anchors: none | character: quiet and empty]"
Zuid,Private room,98,2,7,1.42,1,225,6,"Sportpark de Schinkel features a soccer pitch, an athletics track, and a soccer sports_centre, while Park de Schinkeleilanden offers a nearby park. [tier: mid | anchors: Sportpark de Schinkel, Park de Schinkeleilanden | character: active outdoor space]"
Oostelijk Havengebied - Indische Buurt,Entire home/apt,140,2,26,0.73,1,9,5,"OBA Javaplein is located near the Urban Bloom garden and the TrainMore sports centre. You can also find the Coffee Company nearby for a quick drink.

[tier: premium | anchors: OBA Javaplein, Urban Bloom, TrainMore | character: vibrant urban hub]"
Noord-Oost,Private room,59,2,91,2.17,1,347,9,"Schellingwouderpark is a local park that features a picnic_table for visitors to use.

[tier: premium | anchors: Schellingwouderpark | character: peaceful green space]"
De Pijp - Rivierenbuurt,Entire home/apt,250,2,12,0.28,1,132,0,"Layers Bakery & Deli and Reload Coffee are located just a short walk from the green space of Oeuf. You can also find dining options like Boeuf and Brasserie SenT nearby.

[tier: premium | anchors: Boeuf, Brasserie SenT | character: upscale urban dining]"
Slotervaart,Entire home/apt,220,3,30,0.7,1,13,6,"Amsterdam offers a scenic viewpoint overlooking its historic canal network. 

[tier: premium | anchors: Amsterdam | character: historic scenic city]"
Centrum-Oost,Private room,54,2,214,4.67,2,76,35,"David's Boat is a hotel located near a playground.

[tier: mid | anchors: David's Boat | character: quiet coastal retreat]"
Oud-Oost,Entire home/apt,160,3,8,0.18,1,0,0,"You can visit East Cycling for your bicycle needs or stop by Dierenwinkel Amsterdam for pet supplies. Nearby dining options include Marhaba, Sinbad, and Pizzeria Steakhouse Oost.

[tier: mid | anchors: East Cycling, Dierenwinkel Amsterdam, Marhaba | character: vibrant local hub]"
Centrum-West,Private room,89,1,517,11.44,1,288,142,"De Dierencapel is a local zoo located near a playground. 

[tier: mid | anchors: De Dierencapel | character: family friendly destination]"
Centrum-West,Private room,100,1,65,1.44,1,5,0,"You can visit McDonald's for a quick meal or stop by Bakery Cafe for a fresh treat. These locations are situated near the retail offerings of Guess and Sidestep.

[tier: mid | anchors: McDonald's, Bakery Cafe, Guess, Sidestep | character: convenient urban hub]"
Noord-Oost,Entire home/apt,250,4,2,0.05,1,0,0,"There are no nearby places to list in this area.
[tier: budget | anchors: none | character: quiet and empty]"
De Baarsjes - Oud-West,Entire home/apt,80,4,24,0.53,1,0,2,"De Visserschool is located in the immediate vicinity of a local playground, a table tennis pitch, and a garden.

[tier: mid | anchors: De Visserschool | character: educational community hub]"
De Pijp - Rivierenbuurt,Entire home/apt,97,1,41,0.99,2,354,6,"Haut Fitnessclub is located in the immediate vicinity. This area offers convenient access to a fitness fitness_centre.

[tier: mid | anchors: Haut Fitnessclub | character: active wellness hub]"
Centrum-Oost,Private room,74,1,280,6.29,2,340,50,"Leidseplein and Kleine-Gartmanplantsoen are located in the immediate vicinity of these venues. You can find Apple Store and De Balie nearby as well.

[tier: premium | anchors: Apple Store, De Balie | character: vibrant city center]"
Centrum-Oost,Private room,69,1,235,5.19,2,337,48,"Leidseplein and Kleine-Gartmanplantsoen are located in the immediate vicinity of these venues. You can also find De Balie and Apple Store nearby.

[tier: premium | anchors: Apple Store, De Balie, Leidseplein | character: vibrant urban hub]"
De Pijp - Rivierenbuurt,Entire home/apt,165,2,16,0.54,1,0,0,"The Wethouder Wibaut is located near a garden, a public_bookcase, a field_hockey pitch, and an artwork. These amenities are all situated in the immediate vicinity of the Wethouder Wibaut.

[tier: mid | anchors: Wethouder Wibaut | character: peaceful local hub]"
Zuid,Entire home/apt,133,2,173,4.2,2,231,31,"You can find De Bakkerswinkel and Pizza Beppe located within the same neighborhood. These spots are situated near the professional services of Tandartspraktijk de ZuidAs.

[tier: mid | anchors: De Bakkerswinkel, Pizza Beppe, Tandartspraktijk de ZuidAs | character: vibrant urban hub]"
Bos en Lommer,Entire home/apt,375,3,17,0.51,1,0,0,"Multatulischool is located in the immediate vicinity of the area. There is also a garden nearby.
[tier: mid | anchors: Multatulischool | character: quiet local area]"
Centrum-West,Entire home/apt,150,4,17,0.48,1,13,2,"Bakkerij Wolf and BBrood! are popular local bakeries located near Ali Baba and Domino's. Kapsalon Bianco provides hair services in the immediate vicinity of these dining options.

[tier: mid | anchors: Bakkerij Wolf, BBrood!, Ali Baba, Domino's, Kapsalon Bianco | character: vibrant local hub]"
Bos en Lommer,Entire home/apt,250,3,19,0.43,1,79,1,"There are no nearby places to list based on the provided data.
[tier: budget | anchors: none | character: quiet and empty]"
Centrum-West,Private room,199,3,109,2.5,1,236,11,"Bonboon is a nearby restaurant, and A Space Oddity is a local shop for toys.
[tier: mid | anchors: Bonboon, A Space Oddity | character: quirky local gems]"
IJburg - Zeeburgereiland,Entire home/apt,200,3,14,0.39,1,7,0,"Skatepark Zeeburgereiland is the primary destination for skaters in this area. It serves as the only local facility for those practicing on a skateboard pitch.

[tier: mid | anchors: Skatepark Zeeburgereiland | character: energetic urban hub]"
Centrum-West,Private room,71,3,76,1.77,2,0,17,"Beurs van Berlage and Rederij Plas are prominent attractions located in the immediate vicinity. You can also visit the nearby Meet Berlage for coworking or enjoy a treat at Tony's Chocolonely. [tier: premium | anchors: Beurs van Berlage, Rederij Plas | character: historic city center]"
Centrum-Oost,Entire home/apt,75,7,36,1.13,22,321,5,"Amsterdam Inn and Hotel Titus are located near the cultural venue Melkweg and the restaurant La Bohème. You can also find Bar Weber and Lux in this immediate vicinity.

[tier: mid | anchors: Melkweg, La Bohème | character: vibrant urban hub]"
IJburg - Zeeburgereiland,Private room,80,3,8,0.28,2,0,0,"Willibrordschool is located in the immediate vicinity. This educational facility serves the local community.

[tier: mid | anchors: Willibrordschool | character: educational local hub]"
Noord-West,Entire home/apt,130,3,26,0.68,1,0,2,"There are no nearby places to list in this area.
[tier: budget | anchors: none | character: quiet and empty]"
De Pijp - Rivierenbuurt,Private room,100,5,60,1.68,1,2,6,"There are no nearby places listed to identify.
[tier: budget | anchors: none | character: quiet and empty]"
Oud-Noord,Entire home/apt,99,2,16,0.38,1,6,1,"There are no nearby places to list in this area.
[tier: budget | anchors: none | character: quiet and empty]"
Centrum-West,Entire home/apt,176,3,16,0.38,2,13,0,"You can visit the historic Waalse kerk or enjoy a meal at the nearby restaurant Samrat. These locations are situated within the vibrant area of de Wallen.

[tier: mid | anchors: Waalse kerk, Samrat, de Wallen | character: historic city center]"
Oud-Noord,Entire home/apt,90,3,4,0.09,1,0,2,"Papaverplantsoen is a local park that features a picnic_table for visitors.

[tier: budget | anchors: Papaverplantsoen | character: quiet green space]"
Westerpark,Entire home/apt,140,2,11,0.26,1,0,0,"You can enjoy a meal at Dandy Burger or visit the nearby community centre known as Rip van Winkel's. Other local spots include the craft shop De Steek, the garden Enso, and the clothes store Juhique. [tier: mid | anchors: Dandy Burger, Rip van Winkel's, De Steek, Enso, Juhique | character: vibrant local hub]"
Oostelijk Havengebied - Indische Buurt,Entire home/apt,90,5,14,0.33,1,0,4,"You can grab a quick bite at FEBO or enjoy a drink at Coffee Company. Nearby amenities include OBA Javaplein, Urban Bloom, and TrainMore.

[tier: mid | anchors: Coffee Company, FEBO, OBA Javaplein | character: urban community hub]"
Centrum-Oost,Private room,93,1,80,2.32,2,238,32,"Opera & Ballet is located near the casual dining spot Hapjeshoek. These establishments are situated in close proximity to one another.

[tier: mid | anchors: Opera & Ballet, Hapjeshoek | character: cultured and culinary]"
De Pijp - Rivierenbuurt,Entire home/apt,300,5,10,0.33,1,0,0,"Vredeskerk is a local place of worship situated near a quiet garden.

[tier: mid | anchors: Vredeskerk | character: peaceful local landmark]"
Centrum-Oost,Entire home/apt,209,7,0,,9,283,0,"Flower Loves Me is a local florist situated near the restaurant Red and the place of worship Keizersgrachtkerk.

[tier: mid | anchors: Flower Loves Me, Keizersgrachtkerk, Red | character: charming urban oasis]"
Zuid,Entire home/apt,140,5,3,0.08,1,0,0,"There are no nearby places to list in this area.
[tier: budget | anchors: none | character: quiet and empty]"
Oud-Oost,Entire home/apt,282,2,14,0.37,1,117,0,"Framer Framed is located near Kunstmagneetschool De Kraal. These cultural and educational sites are situated in the same vicinity.

[tier: premium | anchors: Framer Framed, Kunstmagneetschool De Kraal | character: cultural educational hub]"
De Baarsjes - Oud-West,Entire home/apt,200,3,14,0.35,1,0,3,"You can visit 020 Fietsen Amsterdam for bicycle repairs or browse the selection at Boeken Ruilbeurs. Nearby options also include the cafe ted. and the tailor de zuivere naald.

[tier: mid | anchors: 020 Fietsen Amsterdam, Boeken Ruilbeurs, ted., de zuivere naald | character: urban local hub]"
De Baarsjes - Oud-West,Entire home/apt,175,3,3,0.1,1,0,0,"De Nieuwe Liefde is an arts centre located near the motorcycle shop Moto Dick.

[tier: mid | anchors: De Nieuwe Liefde, Moto Dick | character: cultural and mechanical]"
Centrum-West,Private room,224,2,119,3.05,1,258,29,"Galerie Staaf is located nearby. There is also a public_bookcase in the immediate vicinity.
[tier: mid | anchors: Galerie Staaf | character: artistic and quiet]"
Geuzenveld - Slotermeer,Entire home/apt,130,4,4,0.1,1,154,0,"There are no nearby places to list in this area.
[tier: budget | anchors: none | character: quiet and empty]"
Centrum-Oost,Entire home/apt,250,4,21,0.65,1,1,0,"You can find Hans Brinker and Wijkcentrum d'Oude Stadt located within the same neighborhood. Nearby options include Azarius, House of Smart, King Bikes, Mirror, and Ms. Chelin.

[tier: mid | anchors: Hans Brinker, Wijkcentrum d'Oude Stadt | character: urban local hub]"
De Baarsjes - Oud-West,Entire home/apt,214,2,28,0.72,1,0,0,"Albert Heijn and Odin are located nearby for your grocery needs. You can also visit Decathlon and Freewheel for sporting goods.

[tier: premium | anchors: Albert Heijn, Decathlon | character: convenient local hub]"
De Pijp - Rivierenbuurt,Private room,120,2,141,3.57,1,10,3,"You can visit Ajax Bike for rentals or stop by Café De Baron for a drink. Nearby options also include Dental 220 and Hairstudio Pu-ma.

[tier: mid | anchors: Ajax Bike, Café De Baron, Dental 220, Hairstudio Pu-ma | character: local urban hub]"
Centrum-West,Private room,203,1,75,3.14,1,319,32,"You can find Amac for electronics and COPA Football Flagship Store for apparel nearby. Other local options include A-Train Hotel, Hotel Plant, Albert Heijn, Het Zwarte Fietsenplan, and Marina Tabak Souvenier Supermarkt.

[tier: mid | anchors: A-Train Hotel, Albert Heijn | character: urban retail hub]"
Zuid,Private room,100,1,0,,1,0,0,"There are no nearby places to list in this area.
[tier: budget | anchors: none | character: quiet and empty]"
Oostelijk Havengebied - Indische Buurt,Entire home/apt,136,3,1,0.04,1,96,0,"Eatmosfera serves authentic Italian cuisine, while Volendammer Vishandel offers a variety of fresh seafood. You can also find Döner van Oost and Çinar nearby for quick dining options.

[tier: mid | anchors: Eatmosfera, Volendammer Vishandel | character: vibrant local hub]"
Centrum-West,Private room,150,2,12,0.38,2,0,0,"Toki is a cafe located near the wine bar Troppo Giovane.

[tier: mid | anchors: Toki, Troppo Giovane | character: chic urban spot]"
Zuid,Entire home/apt,444,5,9,2.33,1,304,3,"Juliette is a restaurant located near the social facility Stichting Kuria. Kooy's Delicatessen is a nearby sandwich fast_food establishment. [tier: mid | anchors: Juliette, Kooy's Delicatessen, Stichting Kuria | character: charming local spots]"
Oud-Oost,Entire home/apt,217,3,14,0.35,1,209,2,"There are no nearby places listed to identify.
[tier: budget | anchors: none | character: neutral location]"
Zuid,Entire home/apt,300,4,7,0.18,1,128,0,"Chef is a local bar located in the immediate vicinity.

[tier: mid | anchors: Chef | character: lively local spot]"
Oud-Oost,Entire home/apt,150,2,13,0.33,1,0,0,"There are no nearby places to list in this area.
[tier: budget | anchors: none | character: quiet and empty]"
De Pijp - Rivierenbuurt,Entire home/apt,200,3,4,0.14,1,0,0,"Omahe is an Indonesian restaurant located near the place of worship Hare Krishna Nederland and the hot dog fast food spot The Fat Dog.

[tier: mid | anchors: Hare Krishna Nederland, Omahe, The Fat Dog | character: diverse local dining]"
Centrum-Oost,Private room,80,3,91,2.27,2,274,21,"Magere Brug is a historic drawbridge located in the heart of Amsterdam. It serves as a popular attraction for visitors exploring the city's scenic canal network.

[tier: premium | anchors: Magere Brug | character: historic canal bridge]"
De Pijp - Rivierenbuurt,Entire home/apt,214,2,14,0.36,1,9,0,"Maarten Lutherkerk is a place of worship located in the area. This site serves as a local landmark for the community.

[tier: mid | anchors: Maarten Lutherkerk | character: quiet historic site]"
Centrum-Oost,Private room,75,3,79,1.99,2,0,1,"Magere Brug is a historic drawbridge located in the heart of Amsterdam. It serves as a popular scenic attraction for visitors and locals alike.

[tier: premium | anchors: Magere Brug | character: historic scenic landmark]"
De Pijp - Rivierenbuurt,Entire home/apt,140,7,13,0.32,1,0,0,"There are no nearby places of the requested type to list in this area.
[tier: budget | anchors: none | character: quiet and sparse]"
Zuid,Entire home/apt,299,4,9,0.61,6,0,4,"Knokki is a specialized hifi store located in the immediate vicinity. It serves as the primary destination for high-end audio equipment in the area.

[tier: premium | anchors: Knokki | character: high-end audio]"
Oostelijk Havengebied - Indische Buurt,Private room,76,2,40,1.0,1,1,0,"Keesje Brijdeplantsoen is a local park that features a playground for children. 

[tier: mid | anchors: Keesje Brijdeplantsoen | character: quiet urban green]"
Centrum-Oost,Entire home/apt,180,3,16,0.4,1,141,3,"You can enjoy a craft beer at Brouwerij 't IJ or grab a meal at De Kop van Oost and Foodhal Mooie Boules. These venues offer a variety of dining and social experiences in the local area.

[tier: mid | anchors: Brouwerij 't IJ, De Kop van Oost, Foodhal Mooie Boules | character: vibrant social hub]"
Zuid,Hotel room,151,1,47,1.25,20,267,3,"Gent is home to a charming guest house and a local pub. A nearby playground and garden offer pleasant outdoor spaces for visitors.

[tier: mid | anchors: Gent | character: historic urban charm]"
Oud-Oost,Entire home/apt,100,2,13,4.94,1,0,3,"Form is a yoga fitness_centre located near the sandwich fast_food shop Dough Studio. Velespit serves as a bicycle shop in the same vicinity as the bar Bo-Mij, the cannabis store The Plug, the doityourself shop Five Stars, and the garden.

[tier: mid | anchors: Form, Dough Studio, Velespit, Bo-Mij, The Plug, Five Stars | character: diverse local hub]"
De Baarsjes - Oud-West,Entire home/apt,150,2,20,0.59,1,0,5,"You can find WarungRahayu and Papa John's located near the public spaces of J.J. Cremerplein. Supervorm and Serhat Market are also situated in this immediate vicinity.

[tier: mid | anchors: J.J. Cremerplein, WarungRahayu | character: local urban hub]"
Oud-Oost,Entire home/apt,225,5,6,0.16,1,0,0,"There are no nearby places to list in this area.
[tier: budget | anchors: none | character: quiet and empty]"
Noord-West,Private room,54,2,101,2.57,1,10,24,"There are no nearby places to list based on the provided information.

[tier: budget | anchors: none | character: quiet empty space]"
Oud-Oost,Entire home/apt,400,4,12,0.3,1,0,0,"There are no nearby places to list based on the provided information.

[tier: budget | anchors: none | character: empty location data]"
Centrum-Oost,Entire home/apt,75,7,15,1.08,22,339,3,"DeLaMar and Melkweg are prominent cultural venues located near Boutique Hotel View and Weber Hotel. 

[tier: premium | anchors: DeLaMar, Melkweg, Boutique Hotel View | character: vibrant cultural hub]"
Bos en Lommer,Private room,47,2,37,0.96,2,0,0,"There are no nearby places to list in this area.
[tier: budget | anchors: none | character: quiet and empty]"
De Baarsjes - Oud-West,Entire home/apt,200,3,12,0.42,1,0,0,"There are no nearby places to list in this area.
[tier: budget | anchors: none | character: quiet and empty]"
De Baarsjes - Oud-West,Entire home/apt,110,2,18,0.45,1,0,6,"Broodje Daan is a nearby sandwich fast_food restaurant located in the area. There are no gardens within the provided list.

[tier: mid | anchors: Broodje Daan | character: quick casual dining]"
Centrum-West,Private room,89,3,97,2.47,2,0,0,"Beurs van Berlage and Rederij Plas are popular attractions located in the heart of the city. You can also visit nearby spots such as Meet Berlage and The Grasshopper.

[tier: premium | anchors: Beurs van Berlage, Rederij Plas | character: historic city center]"
Westerpark,Hotel room,161,2,27,1.0,20,269,3,"Boekenkast is a public bookcase situated within a nearby park.

[tier: budget | anchors: Boekenkast | character: quiet community spot]"
De Baarsjes - Oud-West,Hotel room,151,2,39,0.98,20,239,1,"Café Thuys and Le French Cafe are located in the immediate vicinity. You can also find the artwork Ankh nearby.

[tier: mid | anchors: Café Thuys, Le French Cafe, Ankh | character: vibrant urban spot]"
Centrum-West,Entire home/apt,220,3,25,0.72,2,279,2,"Noordermarkt is a historic marketplace located near the artwork known as Woutertje Pieterse & Femke.

[tier: premium | anchors: Noordermarkt, Woutertje Pieterse & Femke | character: historic city charm]"
Centrum-Oost,Private room,242,1,17,1.1,2,0,0,"Galerie AdK Actuele Kunst is located near Hotel Mozart.

[tier: mid | anchors: Galerie AdK Actuele Kunst, Hotel Mozart | character: artistic urban stay]"
De Baarsjes - Oud-West,Entire home/apt,247,2,15,0.38,1,0,0,"There are no nearby places to list based on the provided information.

[tier: budget | anchors: none | character: empty location]"
Centrum-Oost,Entire home/apt,180,3,18,0.47,1,6,3,"Wertheimpark is a local park and garden located near the Swift/PST korfball pitch.

[tier: mid | anchors: Swift/PST, Wertheimpark | character: serene urban space]"
De Pijp - Rivierenbuurt,Entire home/apt,220,3,15,0.49,1,0,3,"You can find the hotel Ibis Styles Amsterdam Amstel and the fitness centre TrainMore located in this area. Nearby dining options include the Italian restaurant Pasta e Pizza and the Japanese restaurant Tsunarié.

[tier: mid | anchors: Ibis Styles Amsterdam Amstel, TrainMore | character: vibrant urban hub]"
Noord-West,Private room,30,1,12,0.37,2,0,1,"There are no nearby places to list based on the provided information.
[tier: budget | anchors: none | character: empty location data]"
IJburg - Zeeburgereiland,Private room,80,3,21,0.56,1,0,0,"There are no nearby places to list in this area.
[tier: budget | anchors: none | character: quiet and empty]"
Centrum-West,Private room,164,3,54,1.9,1,271,28,"Café 't Papeneiland is a historic cafe located near the florist Pompon. You can also find Café Tabac situated in the same general vicinity.

[tier: premium | anchors: Café 't Papeneiland, Pompon, Café Tabac | character: historic canal charm]"
IJburg - Zeeburgereiland,Hotel room,161,1,7,0.23,20,271,0,"SWEETS is a nearby hotel located in the immediate vicinity.

[tier: mid | anchors: SWEETS | character: cozy urban retreat]"
Centrum-West,Entire home/apt,140,2,15,0.68,1,0,1,"You can find Billy's Thai Restaurant and Verse located in the immediate vicinity. De Knipkamer 352 and Prinsheerlijk Antiek are also situated nearby.

[tier: mid | anchors: Billy's Thai Restaurant, Verse | character: local shopping hub]"
Centrum-West,Private room,70,3,235,6.17,1,148,57,"You can visit De Drie Graefjes for a meal or explore the selection at Amsterdam Seed Center nearby. These establishments are located close to the central area near Green Budget Bikes.

[tier: mid | anchors: De Drie Graefjes, Amsterdam Seed Center, Green Budget Bikes | character: central urban hub]"
Centrum-West,Private room,76,1,87,2.31,3,309,26,"Bridges and Oriole Garden Bistro are popular dining spots located near The Grand hotel.

[tier: premium | anchors: Bridges, Oriole Garden Bistro, The Grand | character: upscale urban retreat]"
De Baarsjes - Oud-West,Entire home/apt,119,2,15,0.4,1,0,0,"Brede school De Kinkerbuurt is located near the green spaces of Burtmoestuin 'Het eetbare plantsoen' and Nicolaas Beetsplantsoen.

[tier: mid | anchors: Brede school De Kinkerbuurt, Burtmoestuin 'Het eetbare plantsoen', Nicolaas Beetsplantsoen | character: community green space]"
Slotervaart,Entire home/apt,90,3,3,0.11,1,0,0,Broedplaats HW10 is an arts centre located in the area. There is also a table tennis pitch situated near Broedplaats HW10. [tier: mid | anchors: Broedplaats HW10 | character: creative community hub]
Oostelijk Havengebied - Indische Buurt,Entire home/apt,150,3,13,5.13,1,337,6,"Marijke's guestroom is a cozy hotel located near the local garden.

[tier: budget | anchors: Marijke's guestroom | character: quiet cozy retreat]"
Oostelijk Havengebied - Indische Buurt,Private room,49,1,48,1.26,2,139,1,"There are no nearby places to list in this area.
[tier: budget | anchors: none | character: quiet and empty]"
De Baarsjes - Oud-West,Private room,129,4,96,2.77,2,64,11,"Amsterdam Flora is a nearby florist, while Cafe Kompleet serves as a local cafe. The Bab is a restaurant located near the chemist Kruidvat.

[tier: mid | anchors: Amsterdam Flora, Cafe Kompleet, The Bab, Kruidvat | character: local urban hub]"
Centrum-Oost,Entire home/apt,300,3,27,0.82,1,0,0,"Café Café is a restaurant with outdoor seating located near the artwork Zonder titel and the townhall Stadsloket Centrum. The nearby Spinoza is another notable artwork in the area.

[tier: mid | anchors: Café Café, Spinoza, Stadsloket Centrum, Zonder titel | character: vibrant urban hub]"
Oud-Oost,Entire home/apt,195,3,6,0.17,1,0,0,"Bassischool Frankendael is located adjacent to the Transvaalplein playground. You can also find a Buurtbiep nearby for local book sharing. [tier: mid | anchors: Bassischool Frankendael, Transvaalplein, Buurtbiep | character: family friendly community]"
Westerpark,Private room,165,1,0,,2,0,0,"Frederik Hendrikplantsoen features a well-maintained park, a playground, and a garden for visitors to enjoy. 

[tier: mid | anchors: Frederik Hendrikplantsoen | character: green urban oasis]"
Centrum-West,Entire home/apt,487,1,3,3.0,5,268,3,"Palmentuin Prinseneiland is a quiet green space located in the heart of the Prinseneiland neighborhood. This garden offers a peaceful retreat for residents and visitors exploring the area.

[tier: premium | anchors: Palmentuin Prinseneiland | character: serene urban oasis]"
Westerpark,Entire home/apt,165,8,23,0.63,2,0,0,"You can visit Nick's Rijwielherstel for bicycle repairs or enjoy the greenery at Trail.NL. Westerpark Maryam Hair & Beauty is also located nearby for your grooming needs.

[tier: mid | anchors: Nick's Rijwielherstel, Trail.NL, Westerpark Maryam Hair & Beauty | character: local urban services]"
De Pijp - Rivierenbuurt,Entire home/apt,200,2,8,0.23,1,0,0,"9e Montessorischool De Scholekster is located in the vicinity of a local garden. 

[tier: mid | anchors: 9e Montessorischool De Scholekster | character: educational and green]"
Westerpark,Entire home/apt,110,2,3,0.08,1,0,0,"Gregario Cycling Services provides professional maintenance for your bicycle, while Saxomania offers a wide selection of musical instruments. Chapiteau serves as a nearby destination for those seeking cannabis products.

[tier: premium | anchors: Chapiteau, Gregario Cycling Services, Saxomania | character: vibrant local hub]"
Watergraafsmeer,Entire home/apt,147,14,8,0.3,1,0,0,"Bassischool Frankendael (locatie Hogeweg) is located in the immediate vicinity of the Frankendael Park garden. 

[tier: mid | anchors: Bassischool Frankendael (locatie Hogeweg) | character: educational community hub]"
Centrum-West,Private room,112,1,191,5.37,2,215,84,"The Hash Marihuana & Hemp Museum and Cannabis College are located in the historic center of the city. Visitors can also find B&B 1680 and the hotel Princehof nearby.

[tier: mid | anchors: Hash Marihuana & Hemp Museum, Cannabis College | character: historic city center]"
Oud-Noord,Entire home/apt,140,3,9,0.39,1,189,0,"There are no nearby places to list based on the provided information.

[tier: budget | anchors: none | character: empty location]"
Zuid,Entire home/apt,400,2,3,0.08,1,0,0,"Tandartspraktijk De Liefde is a local dentist located near the Tobiasschool and Flores & Puck.

[tier: mid | anchors: Flores & Puck, Tandartspraktijk De Liefde, Tobiasschool | character: convenient urban hub]"
Bos en Lommer,Entire home/apt,100,2,14,0.38,1,0,2,"There are no nearby places to list in this area.
[tier: budget | anchors: none | character: quiet and empty]"
Centrum-West,Entire home/apt,250,2,13,0.39,2,0,1,"Westerkerk is a historic place of worship located right next to the Anne Frank Huis. You can also find Huisartsenpraktijk Westertoren and Lunchcafé Dialoog in the immediate vicinity.

[tier: premium | anchors: Anne Frank Huis, Westerkerk | character: historic cultural hub]"
Oud-Oost,Entire home/apt,198,1,36,1.04,6,354,11,"Sranang Makmur is an asian restaurant located near the garden at Tres Amigos.

[tier: mid | anchors: Sranang Makmur, Tres Amigos | character: local dining spot]"
Oud-Oost,Entire home/apt,166,1,77,2.5,6,268,25,"There are no nearby places to list in this area.
[tier: budget | anchors: none | character: quiet and empty]"
Westerpark,Entire home/apt,250,1,15,0.42,1,0,1,"De Nieuwe Anita is a well-known bar located in the neighborhood. There is also a garden nearby.

[tier: mid | anchors: De Nieuwe Anita | character: cozy local venue]"
Oud-Noord,Entire home/apt,100,2,6,0.18,1,158,0,"Over Y College is located in the immediate vicinity of the local garden.

[tier: mid | anchors: Over Y College | character: academic and green]"
De Baarsjes - Oud-West,Shared room,225,2,14,1.03,6,83,2,"You can visit DC Klinieken for medical care or grab a treat at Sotto Zero. Other local spots include Little Plant Pantry, Teds place, and springlet.

[tier: mid | anchors: DC Klinieken, Sotto Zero | character: diverse local hub]"
Centrum-Oost,Private room,89,2,137,3.97,2,76,51,"Museumhaven is a nearby maritime museum located adjacent to the local slipway. 

[tier: mid | anchors: Museumhaven | character: historic maritime site]"
Bos en Lommer,Entire home/apt,149,2,18,0.54,1,86,1,"Willem Augustinpark is a local park that features a playground for children to enjoy.

[tier: mid | anchors: Willem Augustinpark | character: peaceful green space]"
De Pijp - Rivierenbuurt,Entire home/apt,158,3,6,0.23,4,16,1,"You can enjoy a meal at Annavilaas or Nazka before visiting the nearby Bakery Van Wou. Coffee Bru and Tapmarin are also located within this vibrant neighborhood.

[tier: premium | anchors: Annavilaas, Nazka, Bakery Van Wou | character: vibrant local hub]"
De Pijp - Rivierenbuurt,Entire home/apt,200,3,14,0.48,1,21,3,"Albert Cuyp-markt is a bustling marketplace located near the Gerard Dou Synagogue. You can also find dining options like Franggo and Thai Roof in the immediate vicinity.

[tier: mid | anchors: Albert Cuyp-markt, Gerard Dou Synagogue | character: vibrant local hub]"
Centrum-West,Entire home/apt,506,2,15,0.57,1,75,4,"Bizarre Design and The Arch are located near dé Beeldhouwschool. These spots offer a variety of creative and recreational options in the immediate area.

[tier: mid | anchors: Bizarre Design, The Arch, dé Beeldhouwschool | character: creative local hub]"
Centrum-Oost,Private room,330,2,2,0.07,3,176,0,"Budget Hotel Hortus is located just a short walk away from the beautiful Hortus Botanicus. These two sites are situated in the same neighborhood.

[tier: budget | anchors: Budget Hotel Hortus, Hortus Botanicus | character: historic city charm]"
De Pijp - Rivierenbuurt,Entire home/apt,135,1,15,0.53,1,0,0,"Slob fietsen is a local establishment that provides bicycle services. There are no gardens located in the immediate vicinity.

[tier: mid | anchors: Slob fietsen | character: local bike shop]"
De Baarsjes - Oud-West,Entire home/apt,145,5,10,0.35,1,1,2,"There are no nearby places to list based on the provided information.

[tier: budget | anchors: none | character: empty location data]"
De Pijp - Rivierenbuurt,Entire home/apt,194,2,11,0.35,1,64,1,"There are no nearby places to list in this area.
[tier: budget | anchors: none | character: quiet and empty]"
Centrum-West,Private room,135,4,38,1.22,1,8,0,"Theo Thijssenschool is located in the immediate vicinity of a local playground. This area serves the educational and recreational needs of the neighborhood.

[tier: mid | anchors: Theo Thijssenschool | character: educational and active]"
Oud-Oost,Entire home/apt,300,4,1,0.03,1,343,0,"Amstelcampus is a prominent university located in the city. This area is situated near a peaceful garden.

[tier: mid | anchors: Amstelcampus | character: academic urban hub]"
Oostelijk Havengebied - Indische Buurt,Private room,105,3,24,0.76,1,52,2,"Gentleman is a hairdresser located in the immediate vicinity. There are no other playgrounds, soccer pitches, or gardens nearby.

[tier: mid | anchors: Gentleman | character: professional grooming services]"
De Aker - Nieuw Sloten,Private room,110,1,28,0.88,1,279,6,"Johan's B&B is the only accommodation facility located in this area.

[tier: mid | anchors: Johan's B&B | character: cozy local stay]"
Centrum-West,Private room,106,1,144,4.39,2,336,32,"Ali Baba is a kebab fast_food restaurant located near the bakery Bakkerij Wolf and the hairdresser Kapsalon Bianco. 

[tier: mid | anchors: Ali Baba, Bakkerij Wolf, Kapsalon Bianco | character: local neighborhood hub]"
Centrum-Oost,Entire home/apt,161,7,2,0.07,15,364,0,"Hortus Botanicus is a beautiful garden located near the Luther Museum Amsterdam. You can also visit the J.W. van Overloopplantsoen park and see the Afscheid artwork nearby.

[tier: premium | anchors: Hortus Botanicus, Luther Museum Amsterdam | character: historic botanical charm]"
Centrum-Oost,Entire home/apt,248,7,0,,15,361,0,"The Luther Museum Amsterdam is located near the J.W. van Overloopplantsoen. You can also view the artwork Afscheid in the surrounding area.

[tier: mid | anchors: Luther Museum Amsterdam, J.W. van Overloopplantsoen | character: cultural urban oasis]"
De Baarsjes - Oud-West,Entire home/apt,150,2,3,0.09,1,0,0,"Rembrandtpark is a large green space located near the local bar known as Patio. The area also features the unique public artwork installation called Wormenhotel.

[tier: mid | anchors: Rembrandtpark, Patio, Wormenhotel | character: vibrant local hub]"
De Pijp - Rivierenbuurt,Private room,69,3,32,1.04,2,353,10,"Lycée français Vincent van Gogh and Kindcentrum Sarphati are schools located in the vicinity. Love Cycle is a nearby bicycle shop.

[tier: mid | anchors: Lycée français Vincent van Gogh, Kindcentrum Sarphati, Love Cycle | character: educational and active]"
De Baarsjes - Oud-West,Entire home/apt,255,3,13,0.42,1,128,4,"You can find GVB Servicepunt and Princess Hostel located in the immediate vicinity. These establishments are situated near the local shops and dining spots like Toko Ikan Mas and Café Helmers.

[tier: mid | anchors: GVB Servicepunt, Princess Hostel, Toko Ikan Mas, Café Helmers | character: convenient urban hub]"
De Pijp - Rivierenbuurt,Private room,100,2,131,4.06,2,84,26,"Renato's Pizzeria is located near the cafe Elevate Coffee Lab and the garden Strips. You can also find the yoga fitness_centre Yagoy and the music school auf dem Brinke - music school in this vicinity.

[tier: mid | anchors: Renato's Pizzeria, Elevate Coffee Lab, Strips | character: vibrant local hub]"
Oud-Noord,Hotel room,108,1,53,1.75,12,329,1,"Albert Heijn is a convenient supermarket located near the coffee shop Bagels & Beans. You can also enjoy the outdoor seating at Public Space or take a relaxing walk through Schegpark.

[tier: mid | anchors: Albert Heijn, Bagels & Beans, Public Space, Schegpark | character: urban green retreat]"
Oostelijk Havengebied - Indische Buurt,Entire home/apt,135,2,26,0.86,1,0,9,"You can find fresh seafood at El Pescado and browse affordable clothing at Zeeman.
[tier: budget | anchors: El Pescado, Zeeman | character: local neighborhood hub]"
De Pijp - Rivierenbuurt,Entire home/apt,157,7,5,0.17,1,66,2,"You can find fresh pastries at Bakery Van Wou and high-quality groceries at Stadsmarkt De Pijp. These establishments are located in the vibrant neighborhood near Mokum Motors and Nazka.

[tier: premium | anchors: Bakery Van Wou, Stadsmarkt De Pijp, Mokum Motors, Nazka | character: vibrant urban hub]"
Noord-Oost,Entire home/apt,150,3,5,0.18,1,0,2,"There are no nearby places to list in this area.
[tier: budget | anchors: none | character: quiet and empty]"
Watergraafsmeer,Entire home/apt,80,5,9,0.33,1,5,4,"There are no nearby places to list based on the provided information.

[tier: budget | anchors: none | character: empty location data]"
Centrum-West,Entire home/apt,225,3,15,0.46,1,118,2,"Felix Meritis is a historic cultural venue located near the clothing store Episode. 

[tier: mid | anchors: Episode, Felix Meritis | character: cultural and stylish]"
De Baarsjes - Oud-West,Entire home/apt,285,3,7,0.22,1,359,0,"There are no nearby locations available to list from the provided information.

[tier: budget | anchors: none | character: empty location data]"
De Baarsjes - Oud-West,Entire home/apt,140,2,12,0.37,1,2,4,"Helmersplantsoen is a local park that also features a garden and a public_bookcase.

[tier: mid | anchors: Helmersplantsoen | character: green urban oasis]"
Centrum-West,Entire home/apt,154,1,0,,4,0,0,"Toon Ylandplantsoen is a local park that features a picnic_table for visitors to enjoy.

[tier: budget | anchors: Toon Ylandplantsoen | character: quiet green space]"
Centrum-Oost,Private room,107,2,98,3.07,1,82,14,"Eerste Weteringplantsoen is a peaceful park located near the Kruidenpluktuin Weteringbuurt garden. You can also find the Simon Carmiggelt artwork and the Ekoplaza supermarket in this vicinity.

[tier: mid | anchors: Eerste Weteringplantsoen, Ekoplaza | character: green urban oasis]"
Oud-Oost,Private room,102,2,76,2.51,1,276,21,"Dorst is a local pub located in the neighborhood.

[tier: mid | anchors: Dorst | character: cozy local pub]"
De Pijp - Rivierenbuurt,Private room,76,1,26,0.84,8,361,4,"Sarphatipark features a variety of recreational facilities including a playground, a soccer pitch, and a garden. This park also offers a basketball pitch, a table_tennis pitch, a fitness fitness_station, and a dog_park for visitors to enjoy.

[tier: premium | anchors: Sarphatipark | character: vibrant urban oasis]"
Centrum-West,Entire home/apt,275,3,23,0.72,1,5,3,"Jouw Groenteman is a local greengrocer situated near the peaceful Constantiahofje garden. You can also find O Bistro and Café Lowietje in the immediate vicinity.

[tier: mid | anchors: Café Lowietje, Constantiahofje, Jouw Groenteman, O Bistro | character: charming local hub]"
IJburg - Zeeburgereiland,Private room,74,1,4,0.13,10,0,0,"DOK48 is a restaurant located right next to the Haven WV IJburg marina.

[tier: mid | anchors: DOK48, Haven WV IJburg | character: waterfront dining spot]"
Bos en Lommer,Private room,200,2,0,,1,0,0,"There are no nearby places listed to identify.
[tier: budget | anchors: none | character: no locations found]"
De Pijp - Rivierenbuurt,Entire home/apt,175,2,4,0.38,1,146,3,"You can find Massimo Gelato and De Pizzakamer located within the immediate neighborhood. Nearby establishments also include Rialto and Bicycle Hotel.

[tier: premium | anchors: Massimo Gelato, De Pizzakamer, Rialto, Bicycle Hotel | character: vibrant urban hub]"
Oud-Oost,Entire home/apt,199,2,3,0.73,1,4,3,"Velespit is a nearby bicycle shop located near the cannabis store known as The Plug. You can also find the garden center Bo-Mij and the hairdresser Flama Farah in this area.

[tier: mid | anchors: Velespit, The Plug, Bo-Mij, Flama Farah | character: urban local hub]"
De Pijp - Rivierenbuurt,Entire home/apt,150,3,13,1.15,1,0,5,"Kinderboerderij de Pijp is a local zoo located near the Savoy Hotel.

[tier: mid | anchors: Kinderboerderij de Pijp, Savoy Hotel | character: urban local charm]"
De Baarsjes - Oud-West,Entire home/apt,160,3,6,0.21,1,5,2,"Buurthuis De Tagerijn is a local community centre located near the public space of Balboaplein.

[tier: mid | anchors: Balboaplein, Buurthuis De Tagerijn | character: vibrant local hub]"
De Pijp - Rivierenbuurt,Entire home/apt,125,3,11,0.37,1,0,0,"You can visit the historic Huis met de Kabouters or enjoy a meal at Impero Romano. Nearby amenities include Aroba Bandenservice and Café Gijs. [tier: mid | anchors: Huis met de Kabouters, Impero Romano | character: historic urban charm]"
Westerpark,Entire home/apt,400,5,1,0.03,1,0,0,"Staverno is a nearby marina located close to the laundry service NiDA Wasserij Stomerij and the hairdresser Knippen bij Wendy.

[tier: mid | anchors: Staverno, NiDA Wasserij Stomerij, Knippen bij Wendy | character: convenient local hub]"
De Pijp - Rivierenbuurt,Entire home/apt,181,3,4,0.15,1,339,0,"There are no nearby places to list based on the provided information.
[tier: budget | anchors: none | character: quiet and empty]"
De Baarsjes - Oud-West,Entire home/apt,100,2,6,0.21,1,15,1,"You can find De Japanner and De Oost serving delicious meals nearby. Other local spots include the bicycle shop Alex Bikes and the clothing store Jutka & Riska.

[tier: mid | anchors: De Japanner, De Oost, Alex Bikes, Jutka & Riska | character: vibrant local hub]"
Oostelijk Havengebied - Indische Buurt,Private room,93,1,43,1.46,2,86,9,"Rietlandpark features a playground and a garden area for visitors to enjoy.

[tier: mid | anchors: Rietlandpark | character: green urban space]"
De Baarsjes - Oud-West,Entire home/apt,125,2,11,0.37,3,0,8,"De Italiaan is an italian restaurant located near the beauty salon SKIN and the pub Gertrude. You can also find the playground Slot Meesenstijn and the kindergarten Toussaint in the immediate vicinity.

[tier: mid | anchors: De Italiaan, SKIN, Gertrude | character: vibrant local hub]"
Bos en Lommer,Entire home/apt,189,3,8,0.28,1,0,2,"There are no nearby places to list based on the provided information.

[tier: budget | anchors: none | character: empty location]"
Centrum-West,Entire home/apt,464,3,6,2.12,7,22,2,"De Waag is a historic attraction located near the authentic Chinese cuisine of New King and Nam Kee. You can also visit the nearby Fo Guang Shan He Hua Tempel or enjoy a drink at Lime Bar.

[tier: mid | anchors: De Waag, New King, Nam Kee | character: historic cultural hub]"
Bos en Lommer,Entire home/apt,65,2,8,0.27,1,0,0,"The Ruige Speelplek is a local playground located just a short walk from the scenic Bolwerk. These two areas provide green space and recreational opportunities for visitors in the immediate vicinity.

[tier: mid | anchors: Bolwerk, Ruige Speelplek | character: green recreational space]"
De Pijp - Rivierenbuurt,Private room,79,3,39,1.52,1,19,1,"Maarten Lutherkerk and CompaNanny are located in the immediate vicinity. These sites serve as key landmarks within the local area.

[tier: mid | anchors: Maarten Lutherkerk, CompaNanny | character: quiet urban space]"
De Baarsjes - Oud-West,Hotel room,273,1,1,0.05,3,0,0,"You can find bicycles at De Stadsfiets and enjoy a meal at Soytasty. Nearby options include the florist PAMELA and the hairdresser Menspire.

[tier: premium | anchors: De Stadsfiets, Soytasty, PAMELA, Menspire | character: vibrant urban hub]"
De Baarsjes - Oud-West,Entire home/apt,185,3,3,0.74,1,280,3,"There are no nearby places to list in this area.
[tier: budget | anchors: none | character: quiet and empty]"
Bos en Lommer,Entire home/apt,95,7,2,0.07,1,0,0,"El Kadisia is a school located in the immediate vicinity.

[tier: budget | anchors: El Kadisia | character: educational local site]"
De Pijp - Rivierenbuurt,Entire home/apt,450,1,5,0.17,1,0,0,"Vork is a sandwich restaurant located near the coffee shop gratitude espresso. You can also find the laundry service Maas wasserette & stomerij and the clothing store Miller & Canefield in this area. [tier: mid | anchors: Vork, gratitude espresso, Maas wasserette & stomerij, Miller & Canefield | character: vibrant local hub]"
Oud-Noord,Entire home/apt,115,3,10,0.38,1,0,6,"Ambulia Dierenwinkel is a local pet store located in the area. There are no nearby gardens or car sharing services listed.

[tier: mid | anchors: Ambulia Dierenwinkel | character: pet focused shop]"
Oud-Noord,Entire home/apt,90,1,3,0.1,2,0,0,"Papillon is a restaurant located near the boat known as Beaut.

[tier: mid | anchors: Beaut, Papillon | character: scenic waterfront dining]"
Centrum-West,Entire home/apt,225,2,22,1.41,6,76,10,"You can visit Gallery238 for art or stop by Keurslagerij Pouw for fresh meat. Nearby shopping options include The Swap Shop and Lof.

[tier: mid | anchors: Gallery238, Keurslagerij Pouw, The Swap Shop, Lof | character: local boutique hub]"
De Baarsjes - Oud-West,Entire home/apt,150,1,3,0.11,1,0,0,"You can find fresh ingredients at Ten Katemarkt and grab a quick meal at McDonald's. These establishments are located in a bustling area alongside shops like Baby Boem and Kema Vlees.

[tier: mid | anchors: Ten Katemarkt, McDonald's, Baby Boem, Kema Vlees | character: vibrant local hub]"
Oud-Noord,Private room,56,1,75,2.62,1,76,5,"Aeolus is a nearby marina located in the vicinity of the garden. 

[tier: mid | anchors: Aeolus | character: scenic coastal retreat]"
De Baarsjes - Oud-West,Entire home/apt,521,2,8,0.28,1,0,2,"Café 't Vossie is located in the immediate vicinity.

[tier: mid | anchors: Café 't Vossie | character: cozy local spot]"
Slotervaart,Entire home/apt,50,6,5,0.21,1,0,0,"Rembrandtpark is a large public green space located in the western part of the city. It offers various walking paths and recreational areas for visitors to enjoy.

[tier: mid | anchors: Rembrandtpark | character: peaceful urban park]"
De Pijp - Rivierenbuurt,Entire home/apt,180,2,10,0.35,1,17,5,"Coffeeshop Nice Place is located near Ubbens & Statius Muller, huisartsen.

[tier: mid | anchors: Coffeeshop Nice Place, Ubbens & Statius Muller, huisartsen | character: local urban hub]"
De Baarsjes - Oud-West,Entire home/apt,150,2,39,1.34,9,0,12,"Natuurtuin Slatuinen is a beautiful garden located near the supermarket ALDI. You can also find the billiards pub Club 8 and the pizza fast_food restaurant De Krommert in this area. [tier: mid | anchors: Natuurtuin Slatuinen, ALDI, Club 8, De Krommert | character: vibrant local hub]"
De Baarsjes - Oud-West,Private room,70,3,35,1.24,3,0,4,"There are no nearby places to list in this area.
[tier: budget | anchors: none | character: quiet and empty]"
De Pijp - Rivierenbuurt,Entire home/apt,100,3,11,0.38,1,1,3,"You can visit Bakery Van Wou for fresh bread or enjoy a meal at Nazka and Annavilaas. Nearby amenities include Stadsmarkt De Pijp for groceries and Mokum Motors for vehicle maintenance.

[tier: premium | anchors: Nazka, Annavilaas, Stadsmarkt De Pijp | character: vibrant urban hub]"
De Baarsjes - Oud-West,Entire home/apt,150,2,31,1.1,9,0,7,"Natuurtuin Slatuinen is a nearby garden, while Buongiorno Espressobar serves as a local cafe. Mehtap offers Turkish cuisine and The Wine Spot provides alcohol.

[tier: mid | anchors: Natuurtuin Slatuinen, Buongiorno Espressobar, Mehtap, The Wine Spot | character: vibrant local hub]"
Oud-Oost,Hotel room,106,1,2,0.39,6,0,2,"There are no nearby places to list based on the provided information.

[tier: budget | anchors: none | character: empty location]"
De Baarsjes - Oud-West,Entire home/apt,140,3,7,0.25,1,13,1,"You can visit Ten Katemarkt for fresh produce or explore the various dining options at Foodhallen. Nearby services include SNS Bank and KPN for your banking and telecommunication needs.

[tier: premium | anchors: Foodhallen, Ten Katemarkt | character: vibrant urban hub]"
Centrum-West,Private room,120,2,21,0.77,1,152,7,"You can find authentic Italian cuisine at La Maschera and Donna Sofia, or enjoy a selection of bottles at Benelux Wine Co. Nearby options also include the bakery Comestibles Kinders and the ice cream shop Monte Pelmo Cons. IJS fabriek.

[tier: premium | anchors: La Maschera, Donna Sofia, Benelux Wine Co | character: refined urban dining]"
Centrum-West,Entire home/apt,271,2,11,0.38,1,13,3,"There are no nearby places to list in this area.
[tier: budget | anchors: none | character: quiet and empty]"
De Baarsjes - Oud-West,Entire home/apt,160,3,5,0.18,1,0,1,"Huisartsenpraktijk Fijnhout is located near the playground at Lootsstraat. You can also find Yona's Kids&Cuts and Bon Burger in the immediate vicinity.

[tier: mid | anchors: Huisartsenpraktijk Fijnhout, Yona's Kids&Cuts, Bon Burger | character: local community hub]"
Zuid,Entire home/apt,654,2,8,0.37,1,172,6,"Valerius Apartments is a local hotel located just a short walk away from the convenience store known as Organic.

[tier: mid | anchors: Valerius Apartments, Organic | character: quiet urban living]"
Buitenveldert - Zuidas,Entire home/apt,60,5,3,0.5,1,0,1,"De Ark is a nearby school that features an adjacent playground. 

[tier: mid | anchors: De Ark | character: educational community hub]"
Bos en Lommer,Entire home/apt,135,3,6,0.22,1,7,1,"You can visit Boulangerie Nador for fresh bread or stop by Kahvealti for a meal at the Turkish restaurant. These locations are situated near the Primera newsagent and the De Prijshamer hardware store.

[tier: mid | anchors: Boulangerie Nador, Kahvealti, Primera, De Prijshamer | character: local shopping hub]"
Bos en Lommer,Entire home/apt,160,2,33,1.26,1,68,8,"De Ruijter Scooters is located near the public space of Terminal 18 and the nearby garden of Raina SR. You can also find dining options at Hap Li and Chadni Chowk in this area.

[tier: mid | anchors: De Ruijter Scooters, Terminal 18 | character: urban transit hub]"
Zuid,Private room,84,2,12,0.42,1,1,8,"Poppy's Zuid is a nearby restaurant located in the vicinity of the local garden.

[tier: mid | anchors: Poppy's Zuid | character: vibrant dining spot]"
De Pijp - Rivierenbuurt,Private room,150,1,0,,2,89,0,"Philadelphia features a school and a playground located near a garden, a pitch, and a water_point.
[tier: mid | anchors: Philadelphia | character: urban community hub]"
De Baarsjes - Oud-West,Hotel room,105,2,45,1.59,2,107,3,"Flowers & Powers is a local florist located near the ice cream shop IJscuypje and the pub Janszen. You can also find artwork displayed at Janszen.

[tier: mid | anchors: Flowers & Powers, IJscuypje, Janszen | character: local neighborhood charm]"
Centrum-Oost,Private room,263,2,23,0.91,1,292,14,"You can enjoy a meal at Antonio's Restaurante or grab a drink at Bourbon Street Music Club. Other nearby options include the Orfeo Hostel and the Wash Place.

[tier: mid | anchors: Antonio's Restaurante, Bourbon Street Music Club, Orfeo Hostel, Wash Place | character: lively urban hub]"
De Pijp - Rivierenbuurt,Private room,150,2,0,,2,146,0,"There are no specific locations available to list for this area. Please check the map again for nearby points of interest.

[tier: budget | anchors: none | character: quiet open space]"
Oud-Noord,Entire home/apt,75,5,4,0.15,1,0,0,"Tennispark Elzenhagen is located right next to the green space of W.H. Vliegenbos. These two sites provide both active sports facilities and natural areas for visitors.

[tier: mid | anchors: Tennispark Elzenhagen, W.H. Vliegenbos | character: active green space]"
Oud-Oost,Entire home/apt,93,3,16,16.0,2,51,11,"Volkshotel features a variety of amenities including Werkplaats, Canvas, and Doka. You can also visit nearby spots like Badplaats, Klein Canvas, Fransje, Riet, and Truus.

[tier: premium | anchors: Volkshotel, Canvas, Doka | character: vibrant urban hub]"
Centrum-Oost,Private room,248,1,22,1.01,1,328,13,"Museumhaven is located right next to the local slipway. 

[tier: mid | anchors: Museumhaven | character: maritime historic site]"
Centrum-West,Private room,120,2,5,0.19,1,0,0,"Tweede Marnixplantsoen is a nearby park, while Café 't Mannetje serves as a local pub.
[tier: mid | anchors: Tweede Marnixplantsoen, Café 't Mannetje | character: relaxed urban hub]"
De Pijp - Rivierenbuurt,Private room,75,2,17,0.63,1,0,0,"Dongeschool is located in the immediate vicinity of the local garden.

[tier: mid | anchors: Dongeschool | character: educational and green]"
Watergraafsmeer,Entire home/apt,160,2,0,,2,0,0,"Vergulden Eenhoorn is a historic pub located in a quiet area of the city. It offers a cozy atmosphere and a spacious outdoor terrace for visitors.

[tier: premium | anchors: Vergulden Eenhoorn | character: historic cozy pub]"
Geuzenveld - Slotermeer,Private room,70,2,12,0.45,1,154,0,"Immanuelschool is located in the immediate vicinity. This educational institution serves the local community.

[tier: mid | anchors: Immanuelschool | character: educational community hub]"
De Baarsjes - Oud-West,Entire home/apt,149,2,1,0.04,1,0,0,"Debby Luiten is a local pottery studio where visitors can explore handmade ceramic art. This creative space is located in the heart of the community.

[tier: mid | anchors: Debby Luiten | character: artistic pottery studio]"
Centrum-Oost,Entire home/apt,125,7,23,23.0,1,42,10,"Lo Stivale d'Oro is a nearby italian restaurant, and La Panetteria is a local bakery.
[tier: mid | anchors: Lo Stivale d'Oro, La Panetteria | character: cozy local charm]"
De Pijp - Rivierenbuurt,Private room,75,1,10,0.39,1,0,0,"There are no nearby places to list in this area.
[tier: budget | anchors: none | character: quiet and empty]"
Westerpark,Private room,185,1,4,0.18,3,331,0,"Suikerplein is a local playground located in the surrounding neighborhood. It serves as the primary recreational space for residents in the immediate vicinity.

[tier: budget | anchors: Suikerplein | character: quiet local park]"
Oud-Oost,Private room,96,2,2,0.08,2,0,0,"Fuku Ramen is a nearby ramen restaurant located in the area. There are no other gardens or playgrounds listed in the vicinity.

[tier: mid | anchors: Fuku Ramen | character: cozy noodle spot]"
De Pijp - Rivierenbuurt,Hotel room,80,2,33,1.47,3,354,15,"You can find coffee at Badeta Koffiebranders and enjoy a meal at Otemba nearby. These spots are located in a vibrant area featuring various shops and dining options.

[tier: premium | anchors: Badeta Koffiebranders, Otemba | character: vibrant urban hub]"
Centrum-West,Private room,76,3,76,3.0,2,102,31,"Bluescafé Maloe Melo is a well-known live music venue located in the heart of Amsterdam. This historic spot is a popular destination for blues enthusiasts and local musicians.

[tier: mid | anchors: Bluescafé Maloe Melo | character: soulful blues venue]"
Noord-West,Private room,75,2,11,0.42,4,0,0,"There are no nearby places to list in this area.
[tier: budget | anchors: none | character: quiet open space]"
Bos en Lommer,Entire home/apt,100,12,4,0.16,1,0,2,"Erasmuspark offers a green space for relaxation, while Domino's serves quick meals nearby. Campingsport Amsterdam provides outdoor gear, and Kaak Medisch Centrum is available for dental needs.

[tier: mid | anchors: Erasmuspark, Domino's | character: urban local hub]"
Bos en Lommer,Entire home/apt,300,1,4,0.17,3,337,2,"Tijl Uilenspiegelschool is located in the immediate vicinity of a local garden and a soccer pitch.

[tier: mid | anchors: Tijl Uilenspiegelschool | character: educational community hub]"
Geuzenveld - Slotermeer,Entire home/apt,113,2,12,0.5,1,0,0,"Henricusschool is located in the immediate vicinity. This educational facility serves the local community.

[tier: mid | anchors: Henricusschool | character: educational and local]"
De Pijp - Rivierenbuurt,Entire home/apt,210,3,4,0.17,1,15,1,"There are no nearby places to list in this area.
[tier: budget | anchors: none | character: quiet and empty]"
De Pijp - Rivierenbuurt,Private room,79,1,19,0.77,1,168,9,"You can enjoy a meal at Café Caron or Petit Caron before visiting the nearby De Föhnbar for a haircut. These local businesses are located within walking distance of the creative space De Steek.

[tier: premium | anchors: Café Caron, Petit Caron, De Föhnbar, De Steek | character: vibrant local hub]"
Centrum-West,Private room,264,2,1,0.14,1,45,1,"You can explore the Amsterdam Tulip Museum and Amsterdam Cheese Museum located near the scenic Egelantiersgracht. Nearby dining and social options include Cafe de Prins and the bar Twee Zwaantjes.

[tier: mid | anchors: Amsterdam Tulip Museum, Amsterdam Cheese Museum | character: historic canal charm]"
Westerpark,Entire home/apt,220,4,5,0.21,1,88,1,"Albert Heijn is a local supermarket located near the convenience store El Fath. You can also find the florist 't Lieveheersbeestje and the garden Sevgi in this area.

[tier: mid | anchors: Albert Heijn, El Fath | character: convenient local hub]"
De Aker - Nieuw Sloten,Private room,64,3,26,1.52,2,133,21,"Spalenbühl is a studio located in the immediate vicinity.

[tier: mid | anchors: Spalenbühl | character: quiet creative space]"
Centrum-West,Entire home/apt,360,3,1,0.04,1,0,0,"There are no nearby places to list in this area.
[tier: budget | anchors: none | character: quiet residential area]"
Oostelijk Havengebied - Indische Buurt,Entire home/apt,189,3,13,0.53,1,0,3,"Anne&Max Zeeburg is a cozy cafe located just steps away from the shopping center Brazilië. You can also enjoy authentic dishes at the nearby Spanish restaurant Taparia.

[tier: mid | anchors: Anne&Max Zeeburg, Brazilië, Taparia | character: vibrant urban hub]"
De Baarsjes - Oud-West,Entire home/apt,175,1,0,,6,93,0,"Debby Luiten is a pottery studio located in the local area.

[tier: mid | anchors: Debby Luiten | character: artistic pottery studio]"
De Baarsjes - Oud-West,Entire home/apt,90,6,1,0.04,1,31,0,"There are no nearby places to list based on the provided information.

[tier: budget | anchors: none | character: empty location]"
Centrum-Oost,Entire home/apt,500,1,0,,1,255,0,"Universiteitstheater is located in the heart of the city near various cultural venues. This historic theatre serves as a prominent landmark in the local area.

[tier: mid | anchors: Universiteitstheater | character: historic cultural hub]"
Oostelijk Havengebied - Indische Buurt,Entire home/apt,215,1,143,5.89,6,297,83,"The Harbour Club is a popular fish restaurant located right next to the Port Entrepôt Jachthaven marina.

[tier: premium | anchors: Port Entrepôt Jachthaven, The Harbour Club | character: upscale waterfront dining]"
Oostelijk Havengebied - Indische Buurt,Entire home/apt,322,1,6,1.15,6,362,6,"Cruquiustuin is a nearby garden, and Tony Singh is a local burger fast_food spot.
[tier: mid | anchors: Cruquiustuin, Tony Singh | character: local dining spot]"
Centrum-Oost,Entire home/apt,300,2,9,0.38,1,314,4,"You can find dining options like The Pantry and De blauwe Hollander located near Amsterdam Hostel Leidseplein. Nearby nightlife spots include Club Up and Jazz Cafe Alto.

[tier: mid | anchors: The Pantry, De blauwe Hollander, Club Up | character: lively urban hub]"
De Baarsjes - Oud-West,Entire home/apt,120,3,6,0.41,1,14,1,"De Visserschool is located in the immediate vicinity of a local playground and a garden.

[tier: mid | anchors: De Visserschool | character: educational community hub]"
Centrum-West,Entire home/apt,570,7,2,0.18,4,339,2,"You can visit the Venustempel Sexmuseum or enjoy a meal at Crêpes Restaurant nearby. These locations are located close to the Damrak Supermarket and Tours & Tickets.

[tier: mid | anchors: Venustempel Sexmuseum, Crêpes Restaurant, Damrak Supermarket, Tours & Tickets | character: central tourist hub]"
De Baarsjes - Oud-West,Entire home/apt,117,5,6,0.26,1,20,1,"l'Affiche is a local pub situated near a playground. 

[tier: mid | anchors: l'Affiche | character: lively local spot]"
Centrum-Oost,Entire home/apt,132,3,7,0.31,2,76,4,"Oostenburgerpark features a local playground and a quiet garden area for visitors.

[tier: mid | anchors: Oostenburgerpark | character: serene urban green]"
Centrum-West,Private room,94,3,40,1.7,1,89,21,"You can enjoy a meal at Box Sociaal or grab a coffee at Kafenion. These spots are located near Bike City and Coffeeshop Paradox.

[tier: mid | anchors: Box Sociaal, Kafenion, Bike City, Coffeeshop Paradox | character: vibrant local hub]"
Oud-Oost,Private room,105,1,4,0.23,1,80,3,"Dappermarkt is a bustling marketplace located near the bakery L'Abeille and the restaurant Café Wu. You can also find the convenience store Tabakshop Rex and the restaurant Primo Passo in this vicinity.

[tier: mid | anchors: Dappermarkt, L'Abeille, Café Wu | character: vibrant local hub]"
IJburg - Zeeburgereiland,Entire home/apt,200,3,1,0.06,1,0,0,"There are no nearby locations available to list from the provided information. 

[tier: budget | anchors: none | character: empty location data]"
Oud-Noord,Private room,55,1,0,,3,0,0,"Papillon is a restaurant located near the information center. 

[tier: mid | anchors: Papillon | character: elegant dining spot]"
Watergraafsmeer,Entire home/apt,235,4,0,,1,40,0,"There are no nearby places to list in this area.

[tier: budget | anchors: none | character: quiet empty space]"
Centrum-West,Private room,132,1,0,,9,0,0,"The area features the Amsterdam Exchange Experience and the nearby gallery W139. You can also find the hostel St. Christopher's at The Winston situated along the historic Warmoesstraat.

[tier: mid | anchors: Amsterdam Exchange Experience, W139, St. Christopher's at The Winston | character: lively urban hub]"
Centrum-West,Shared room,27,1,1,0.05,9,0,0,"You can explore the Amsterdam Exchange Experience or visit the art gallery W139. Nearby, you will find the hostel St. Christopher's at The Winston and the pub Durty Nelly's.

[tier: mid | anchors: Amsterdam Exchange Experience, W139, St. Christopher's at The Winston, Durty Nelly's | character: vibrant city center]"
Gaasperdam - Driemond,Entire home/apt,100,1,4,0.19,1,0,0,"There are no nearby places to list in this area.
[tier: budget | anchors: none | character: quiet and empty]"
Zuid,Entire home/apt,350,4,0,,1,365,0,"Tenniseiland is a nearby tennis sports_centre, while Park de Schinkeleilanden serves as both a garden and a park.
[tier: mid | anchors: Park de Schinkeleilanden, Tenniseiland | character: active green space]"
De Baarsjes - Oud-West,Entire home/apt,180,5,4,0.25,1,0,3,"There are no nearby places available to list in this area.
[tier: budget | anchors: none | character: quiet empty space]"
Centrum-West,Private room,90,1,1,0.05,9,0,0,"You can explore the Amsterdam Exchange Experience or visit the art exhibits at W139. These locations are situated in the vibrant area of de Wallen near the Winston.

[tier: mid | anchors: Amsterdam Exchange Experience, W139, de Wallen, Winston | character: vibrant urban center]"
Centrum-Oost,Entire home/apt,190,1,0,,1,170,0,"Villa Nieuwmarkt is located near a local pub, a basketball pitch, and a park.

[tier: premium | anchors: Villa Nieuwmarkt | character: peaceful urban retreat]"
Watergraafsmeer,Entire home/apt,115,3,7,0.96,1,126,5,"There are no nearby places to list in this area.
[tier: budget | anchors: none | character: quiet and empty]"
De Baarsjes - Oud-West,Private room,56,1,29,7.19,1,177,29,"De Nieuwe Liefde is a prominent arts centre located in the heart of Amsterdam. This cultural venue hosts a variety of literary events and performances.

[tier: premium | anchors: De Nieuwe Liefde | character: cultural literary hub]"
Watergraafsmeer,Private room,71,2,0,,11,0,0,"There are no nearby places to list based on the provided information.

[tier: budget | anchors: none | character: empty location data]"
Noord-Oost,Entire home/apt,220,3,11,1.45,1,85,9,"You can find KFC and Snackbar 't Puntje located nearby for quick meals. Stomerij Propershop and Janneh Beauty salon are also available in the immediate area.

[tier: mid | anchors: KFC, Snackbar 't Puntje | character: convenient local hub]"
Bos en Lommer,Hotel room,0,1,0,,1,0,0,"Dutchies Hostel is located in the immediate vicinity of the area. This establishment serves as the primary accommodation option for travelers in this location.

[tier: mid | anchors: Dutchies Hostel | character: social budget stay]"
De Pijp - Rivierenbuurt,Private room,49,2,34,1.94,3,352,23,"There are no nearby places of the specified types available in the provided list.
[tier: budget | anchors: none | character: empty location data]"
Bos en Lommer,Private room,49,1,19,3.77,1,32,19,"Hertspieghelplein is a local garden that features a small playground for children.

[tier: mid | anchors: Hertspieghelplein | character: quiet neighborhood park]"
Zuid,Entire home/apt,350,3,3,0.85,1,90,3,"Asian Flavours and Swagat are popular dining spots located near the butcher shop Ton van Schaick and the local bar Baut. You can also enjoy a relaxing visit to the nearby garden.

[tier: mid | anchors: Asian Flavours, Swagat, Baut, Ton van Schaick | character: vibrant local hub]"
De Pijp - Rivierenbuurt,Private room,309,1,1,0.08,8,325,1,"Cinetol and Tempel / de Appel serve as local arts centres. Theosophische Vereniging is a nearby place of worship.

[tier: mid | anchors: Cinetol, Tempel / de Appel, Theosophische Vereniging | character: cultural community hub]"
Centrum-Oost,Private room,80,3,23,1.42,3,177,14,"Amstel Canal Guest House is located along the scenic waterways of the city. This property offers a convenient base for exploring the surrounding historic district.

[tier: mid | anchors: Amstel Canal Guest House | character: historic canal charm]"
Centrum-West,Private room,511,3,0,,1,365,0,"You can visit the nearby De Papegaai for a place of worship or grab a treat at Captain Candy. Other notable spots in the area include the Lego store and the McDonald's restaurant.

[tier: premium | anchors: De Papegaai, Lego, McDonald's | character: vibrant city center]"
Centrum-Oost,Private room,195,3,9,6.14,4,163,9,"Frederiksplantsoen is a nearby park located just a short walk from the Archive Store.

[tier: mid | anchors: Frederiksplantsoen, Archive Store | character: urban green space]"
Centrum-West,Private room,65,1,79,4.04,2,346,51,"You can visit the Theo Thijssen Museum or grab a drink at De Reiger. These locations are located near Design Studio Lumineus and Frame.

[tier: premium | anchors: Theo Thijssen Museum, De Reiger | character: cultural and stylish]"
Zuid,Entire home/apt,100,3,0,,1,0,0,"Retort serves as a local arts_centre, while Warung Barokah offers a variety of dishes as an asian restaurant.
[tier: mid | anchors: Retort, Warung Barokah | character: creative cultural hub]"
Bijlmer-Centrum,Private room,128,3,27,1.53,4,119,15,"Xior Karspeldreef is a student accommodation located near a picnic_table.

[tier: mid | anchors: Xior Karspeldreef | character: quiet student living]"
Centrum-West,Private room,162,2,4,1.18,2,42,4,"You can visit UvA PC Hoofthuis for academic pursuits or enjoy a meal at Pho Le and Pane e Olio. These locations are situated near the charming Cafe Van Zuylen and the unique Oode gallery.

[tier: premium | anchors: UvA PC Hoofthuis, Pho Le, Pane e Olio, Cafe Van Zuylen, Oode | character: vibrant urban hub]"
Oud-Oost,Entire home/apt,115,2,6,0.73,2,0,3,"You can find Mokumboot Amsterdam Amstel located near the water for boat rentals. There are no gardens listed in the immediate vicinity.

[tier: mid | anchors: Mokumboot Amsterdam Amstel | character: nautical city escape]"
De Pijp - Rivierenbuurt,Private room,111,1,0,,8,205,0,"Sarphatipark features a beautiful garden and a dog_park for visitors to enjoy. The area also includes the Paleisbeeld artwork nearby.

[tier: premium | anchors: Paleisbeeld, Sarphatipark | character: scenic urban retreat]"
Centrum-Oost,Private room,1200,1,0,,2,365,0,"Museum Van Loon is located near the Impacto Seedbank. You can also find Pesto Presto, Priwet Rossia, and Wake 'n Bake in the surrounding area. [tier: mid | anchors: Museum Van Loon, Impacto Seedbank | character: historic urban charm]"
Westerpark,Entire home/apt,44,2,18,1.04,4,0,6,"Westerpark and Volta are located in the immediate vicinity. You can also find Billie, Dumplings, and Zonder Titel nearby.

[tier: mid | anchors: Westerpark, Volta | character: vibrant urban hub]"
Westerpark,Private room,89,1,72,4.15,9,353,32,"Westerpark is a large public park that features a playground and a tennis pitch. This green space is a popular destination for outdoor recreation.

[tier: premium | anchors: Westerpark | character: vibrant green space]"
Centrum-Oost,Private room,139,2,40,2.65,2,338,32,"You can find the Italian restaurant Fiaschetteria and the hotel Hotel de Munck located in the immediate vicinity. These spots are situated near the park Frederiksplantsoen and the bicycle shop Fietsconsult.

[tier: mid | anchors: Fiaschetteria, Hotel de Munck, Frederiksplantsoen | character: lively urban hub]"
De Pijp - Rivierenbuurt,Entire home/apt,167,3,21,1.34,3,57,12,"You can enjoy a peaceful walk through Sarphatipark or take in the scenic views at Kijkpunt muPe.

[tier: premium | anchors: Kijkpunt muPe, Sarphatipark | character: scenic urban retreat]"
De Baarsjes - Oud-West,Private room,130,2,26,1.49,9,0,12,"Speeltuin Baarsjes is a local playground located in the neighborhood. It is situated near a garden and a fountain.

[tier: mid | anchors: Speeltuin Baarsjes | character: family friendly park]"
Westerpark,Entire home/apt,110,1,5,0.91,1,0,5,"There are no nearby places to list in this area.
[tier: budget | anchors: none | character: quiet and empty]"
Gaasperdam - Driemond,Private room,70,1,9,0.52,1,311,2,"There are no nearby places listed to identify.
[tier: budget | anchors: none | character: empty location data]"
Centrum-West,Private room,139,2,8,0.48,1,47,6,"Expat Medical Centre is a local healthcare provider, and Mr Jordaan is a nearby hotel.
[tier: mid | anchors: Expat Medical Centre, Mr Jordaan | character: professional and convenient]"
Centrum-Oost,Entire home/apt,429,2,2,2.0,1,66,2,"Hotel Mozart is located within walking distance of Snooker - FinalTouch.

[tier: mid | anchors: Hotel Mozart, Snooker - FinalTouch | character: quiet urban area]"
Oud-Noord,Private room,169,1,11,0.65,6,42,4,"There are no nearby places to list in this area.
[tier: budget | anchors: none | character: quiet outdoor space]"
Centrum-Oost,Entire home/apt,109,3,7,6.0,1,0,5,"There are no nearby places available to list in this area.
[tier: budget | anchors: none | character: quiet and remote]"
Centrum-Oost,Private room,61,2,28,3.29,4,12,28,Deutsche Seemannsheim Amsterdam Guesthouse Keizersgracht is located in the heart of the city near the canal district. This guest house provides convenient access to historic landmarks and local transit. [tier: mid | anchors: Deutsche Seemannsheim Amsterdam Guesthouse Keizersgracht | character: historic canal stay]
De Baarsjes - Oud-West,Private room,80,2,20,1.17,9,0,9,"There are no nearby places to list based on the provided information.

[tier: budget | anchors: none | character: empty location]"
De Baarsjes - Oud-West,Entire home/apt,115,3,2,0.12,1,0,1,"There are no nearby places to list based on the provided information.
[tier: budget | anchors: none | character: quiet and empty]"
De Baarsjes - Oud-West,Entire home/apt,90,3,3,0.18,1,1,1,"There are no nearby places to list in this area.
[tier: budget | anchors: none | character: quiet and empty]"
Bos en Lommer,Entire home/apt,125,25,2,0.12,1,351,0,"There are no nearby places to list in this area.
[tier: budget | anchors: none | character: quiet and empty]"
Oud-Noord,Entire home/apt,129,10,0,,1,0,0,"Azalea I is a local school situated near the Azalea Buurtwinkel convenience store.

[tier: budget | anchors: Azalea Buurtwinkel, Azalea I | character: quiet local neighborhood]"
Watergraafsmeer,Entire home/apt,95,2,0,,2,0,0,"Vergulden Eenhoorn is a historic pub located in a charming setting. It serves as a popular local destination for drinks and dining.

[tier: premium | anchors: Vergulden Eenhoorn | character: historic city charm]"
De Baarsjes - Oud-West,Private room,157,3,27,1.69,1,191,20,"Orange Copy and TeleWorld are located near Cafecito and Dr. Falafel. 

[tier: mid | anchors: Cafecito, Dr. Falafel, Orange Copy, TeleWorld | character: vibrant urban hub]"
Slotervaart,Entire home/apt,125,2,2,0.13,1,0,0,"Terra is a medical office located near the artwork installation titled Erotica.

[tier: mid | anchors: Erotica, Terra | character: professional medical space]"
Oud-Oost,Private room,350,2,30,1.94,1,313,23,"There are no nearby places to list in this area.
[tier: budget | anchors: none | character: quiet and empty]"
De Pijp - Rivierenbuurt,Entire home/apt,135,3,8,0.5,1,0,3,"Impero Romano is an Italian restaurant located near the studio Voyeur by Kaosz Atelier. Aroba Bandenservice provides car repair services in the immediate vicinity.

[tier: mid | anchors: Impero Romano, Aroba Bandenservice, Voyeur by Kaosz Atelier | character: urban professional hub]"
Centrum-West,Private room,117,1,35,2.22,8,167,33,"Sint-Franciscus Xaveriuskerk is a historic place of worship located near the Art of Colors Makeup Artist School. You can also find fine dining at Beulings, Casa di David, and Pianeta Terra nearby.

[tier: premium | anchors: Beulings, Casa di David, Pianeta Terra | character: refined culinary hub]"
Centrum-West,Private room,149,1,39,2.51,3,113,14,"You can find Albert Heijn and Cafe de Eland located in the immediate vicinity. These spots offer convenient access to daily essentials and local social life.

[tier: mid | anchors: Albert Heijn, Cafe de Eland | character: convenient local hub]"
Centrum-Oost,Entire home/apt,164,7,39,2.48,1,357,31,"You can enjoy a meal at Gandhi or The Guru of India before heading to the nightclub Jimmy Woo. These venues are located near the bar The Waterhole and the pub Café Eijlders.

[tier: mid | anchors: Gandhi, Jimmy Woo, The Waterhole | character: vibrant city nightlife]"
Buitenveldert - Zuidas,Private room,65,3,1,0.07,2,0,0,"The park located nearby is 't Kleine Loopveld. This area provides a green space for outdoor recreation.

[tier: mid | anchors: 't Kleine Loopveld | character: peaceful green space]"
Centrum-West,Private room,122,3,17,1.11,1,349,11,"You can find dining options like Ashoka and SUMO located near the Renaissance Amsterdam Hotel. King Bikes offers bicycle rentals in the immediate vicinity of these establishments. [tier: premium | anchors: Renaissance Amsterdam Hotel, SUMO | character: Vibrant city center]"
Centrum-West,Entire home/apt,74,3,4,0.27,1,319,2,"You can find Eichholtz Delicatessen and Bagels & Beans located within the immediate vicinity. These popular spots offer a variety of dining options for visitors in the area.

[tier: mid | anchors: Eichholtz Delicatessen, Bagels & Beans | character: vibrant urban hub]"
De Baarsjes - Oud-West,Private room,74,1,698,44.84,4,365,597,"Conscious Hotel Vondelpark is located near the Adam Restaurant and Bar Kosta. You can also find Beré Nali and Drukkerij Overtoom in this vicinity.

[tier: premium | anchors: Conscious Hotel Vondelpark, Adam Restaurant | character: vibrant urban hub]"
Zuid,Private room,130,1,44,2.8,4,363,34,"Conscious Hotel Museum Square is located in the immediate vicinity of a tennis pitch. 

[tier: premium | anchors: Conscious Hotel Museum Square | character: sophisticated urban retreat]"
Zuid,Hotel room,22,1,31,1.99,3,0,0,"Sonder Park House is a hotel located just a short walk from the expansive green space of Vondelpark. Nearby, travelers can also find accommodation at The Flying Pig Hotel Uptown.

[tier: mid | anchors: Sonder Park House, The Flying Pig Hotel Uptown, Vondelpark | character: urban travel hub]"
IJburg - Zeeburgereiland,Entire home/apt,266,2,5,1.61,1,44,4,"There are no nearby places of the specified type available in the provided list. 

[tier: budget | anchors: none | character: empty location]"
De Baarsjes - Oud-West,Entire home/apt,135,2,10,8.33,1,184,10,"There are no nearby places to list in this area.
[tier: budget | anchors: none | character: quiet and empty]"
Oud-Noord,Private room,111,1,0,,12,279,0,"BUNK Hotel Amsterdam is located right next to Bunk Restaurant. These two venues are situated in the same building.

[tier: mid | anchors: BUNK Hotel Amsterdam, Bunk Restaurant | character: modern social hub]"
Centrum-Oost,Private room,187,1,2,0.16,8,337,1,"City Hotel Amsterdam and Mansion are both located in the immediate vicinity.

[tier: mid | anchors: City Hotel Amsterdam, Mansion | character: historic urban stay]"
Centrum-Oost,Private room,115,1,26,2.25,6,86,26,"Poopy Cat and Soma Mission of Sacred Plants are located in the immediate vicinity. These establishments provide specialized pet supplies and botanical services to the local community. [tier: mid | anchors: Poopy Cat, Soma Mission of Sacred Plants | character: local specialty hub]"
Centrum-Oost,Entire home/apt,102,21,0,,1,0,0,"WSV Albatros and WSV De Oostvaarders are two marinas located in the immediate vicinity. [tier: mid | anchors: WSV Albatros, WSV De Oostvaarders | character: scenic waterfront hub]"
Centrum-Oost,Entire home/apt,204,1,0,,15,356,0,"Roeterseiland (UvA) is located near Coffee Company and De Pizzabakkers To Go. You can also find Het Rijwielherstellingsoord in this immediate area. [tier: mid | anchors: Roeterseiland (UvA), Coffee Company | character: academic urban hub]"
Noord-West,Entire home/apt,150,2,6,1.49,1,110,6,"There are no nearby places to list in this area.
[tier: budget | anchors: none | character: quiet and empty]"
Centrum-Oost,Private room,151,1,0,,6,0,0,"There are no nearby places to list in this area.
[tier: budget | anchors: none | character: quiet and empty]"
Centrum-West,Private room,155,2,17,3.59,1,99,17,"The Grand is a luxury hotel located near the historic attraction de Wallen. You can also find the restaurant Siga La Vaca and the pub Proeflokaal 't Kelkje in the immediate vicinity.

[tier: premium | anchors: The Grand, de Wallen | character: Historic luxury hub]"
Centrum-West,Private room,269,1,1,0.6,3,45,1,"You can find Andaz Amsterdam Prinsengracht, by Hyatt and Prinsheerlijk Antiek located in the immediate vicinity. De Knipkamer 352 and Verse are also situated nearby.

[tier: premium | anchors: Andaz Amsterdam Prinsengracht, by Hyatt, Prinsheerlijk Antiek | character: upscale historic charm]"
Centrum-West,Private room,54,3,4,0.97,1,353,4,"Spijker Bar is located in the immediate vicinity. This establishment serves as the primary destination in the area.

[tier: mid | anchors: Spijker Bar | character: lively local spot]"
De Baarsjes - Oud-West,Entire home/apt,160,2,2,0.18,1,0,2,"You can find Abyssinia for dining and Otto-bikes for cycling needs in the local area. Nearby amenities also include Staring apotheek and the community centre known as OT301.

[tier: mid | anchors: Abyssinia, Otto-bikes, OT301 | character: diverse local hub]"
Centrum-West,Entire home/apt,46,1,1,0.09,3,0,1,"You can find Bershka and New Yorker located along the busy shopping street of Nieuwendijk. Nearby, you can also visit Kruidvat for your health and beauty needs.

[tier: mid | anchors: Bershka, New Yorker, Nieuwendijk, Kruidvat | character: busy shopping hub]"
De Pijp - Rivierenbuurt,Private room,51,1,24,6.32,9,353,24,"MAX Hotel is located near the breakfast cafe Paul & Ninette Vinotheque. You can also find Brow Atelier and Galya Gisca Tattoo in the immediate vicinity.

[tier: mid | anchors: MAX Hotel, Paul & Ninette Vinotheque | character: urban professional hub]"
De Pijp - Rivierenbuurt,Private room,51,1,17,2.51,9,329,17,"MAX Hotel is located near the breakfast cafe Paul & Ninette Vinotheque. You can also find Brow Atelier and Galya Gisca Tattoo in the immediate vicinity.
[tier: mid | anchors: MAX Hotel, Paul & Ninette Vinotheque | character: vibrant urban hub]"
Oud-Oost,Entire home/apt,177,1,13,2.09,6,298,13,"You can visit Cornea Optiek for eye care or enjoy a meal at Mister Chen Cha House. Dental Care East & West is also located in the immediate vicinity.

[tier: mid | anchors: Cornea Optiek, Mister Chen Cha House, Dental Care East & West | character: convenient urban hub]"
Centrum-Oost,Entire home/apt,158,7,1,0.16,6,267,1,"Concern Congres Centrum is a community centre located in the area. It serves as a primary hub for local gatherings and events.

[tier: mid | anchors: Concern Congres Centrum | character: professional community hub]"
Centrum-West,Entire home/apt,188,7,1,0.15,3,241,1,"You can find the Pianola Museum and the Lapjesmarkt located within the historic Jordaan neighborhood. Nearby dining options include La Reinita Empanadas and the restaurant Schout bij-nacht.

[tier: premium | anchors: Pianola Museum, Lapjesmarkt | character: historic urban charm]"
Centrum-West,Private room,271,1,0,,5,0,0,"Herengracht 21 is a guest house located in the same area as the Max Brown Hotel.

[tier: premium | anchors: Herengracht 21, Max Brown Hotel | character: historic canal charm]"
Centrum-West,Private room,161,1,30,3.77,5,0,30,"Herengracht 21 is a guest house located in the same vicinity as the Max Brown Hotel.

[tier: premium | anchors: Herengracht 21, Max Brown Hotel | character: historic canal charm]"
Centrum-West,Hotel room,171,1,0,,5,0,0,"Herengracht 21 is a guest house located near the Max Brown Hotel.

[tier: mid | anchors: Herengracht 21, Max Brown Hotel | character: historic canal charm]"
Westerpark,Entire home/apt,133,4,0,,1,0,0,"There are no nearby places to list in this area.

[tier: budget | anchors: none | character: quiet empty space]"
Watergraafsmeer,Private room,166,2,7,2.04,6,345,7,"There are no nearby places available to list in this area.
[tier: budget | anchors: none | character: quiet empty space]"
Watergraafsmeer,Private room,166,2,6,1.84,6,349,6,"There are no nearby places to list based on the provided information.

[tier: budget | anchors: none | character: empty location data]"
Oostelijk Havengebied - Indische Buurt,Entire home/apt,131,2,5,1.06,1,11,5,"The Meets is a regional restaurant located near the garden and the pub. Café Insulinde is also situated in this immediate vicinity.

[tier: mid | anchors: Café Insulinde, The Meets | character: cozy local charm]"
Bijlmer-Oost,Entire home/apt,60,3,0,,1,2,0,"Bijlmerweide is a local park that features a beautiful garden area for visitors to enjoy.
[tier: mid | anchors: Bijlmerweide | character: serene green space]"
Bos en Lommer,Entire home/apt,99,1,0,,1,0,0,"There are no nearby places to list in this area.
[tier: budget | anchors: none | character: quiet and empty]"
De Pijp - Rivierenbuurt,Entire home/apt,136,2,4,1.28,1,3,4,"There are no nearby places to list based on the provided information.

[tier: budget | anchors: none | character: quiet empty space]"
Westerpark,Entire home/apt,114,3,18,6.14,9,290,18,"There are no nearby places of the specified type available to list.
[tier: budget | anchors: none | character: empty location data]"
Westerpark,Entire home/apt,126,3,36,4.89,9,297,36,"There are no nearby places listed to identify.

[tier: budget | anchors: none | character: empty location data]"
Westerpark,Entire home/apt,300,2,0,,1,0,0,"Apotheek Frederik Hendrik is a nearby pharmacy, while Kappeyne van de Coppello and Matijn Roest are local doctors.

[tier: mid | anchors: Apotheek Frederik Hendrik, Kappeyne van de Coppello, Matijn Roest | character: professional medical hub]"
Oud-Noord,Entire home/apt,500,3,0,,6,59,0,"Aparthotel North is located in the immediate vicinity of the green space known as Papaverplantsoen.

[tier: mid | anchors: Aparthotel North, Papaverplantsoen | character: quiet urban retreat]"
De Baarsjes - Oud-West,Entire home/apt,200,5,1,0.19,1,0,1,"The neighborhood features Buurtcentrum Cremerplein and Buurthuis Cremerplein, both located near J.J. Cremerplein.

[tier: mid | anchors: Buurtcentrum Cremerplein, Buurthuis Cremerplein, J.J. Cremerplein | character: community focused hub]"
Zuid,Private room,76,1,65,11.96,7,365,65,"You can visit the luxury hotel Conservatorium or shop for high-end jewelry at Bonebakker. These establishments are located near various fashion retailers like Essentiel Antwerp and Zara Home.

[tier: premium | anchors: Conservatorium, Bonebakker | character: upscale and refined]"
Zuid,Private room,74,1,5,0.97,7,330,5,"You can find luxury goods at Bonebakker and Conservatorium, or browse for clothing at Diesel, Hackett, Hilfiger, Marina Rinaldi, Massimu Dutti, Petit Bateau, and Caroline Biss. Zara Home offers interior decoration while you can visit a bakery nearby.

[tier: premium | anchors: Bonebakker, Conservatorium | character: upscale shopping hub]"
Zuid,Private room,135,1,0,,7,330,0,"City Garden is a beautiful public space located just a short walk from the boutique clothing store Flâneur.

[tier: mid | anchors: City Garden, Flâneur | character: urban chic style]"
Zuid,Private room,74,2,40,7.41,7,330,40,"Ottolenghi is a popular restaurant located near the jewelry store Bonebakker. You can also find Zara Home and the school Christelijke basisschool Instituut Schreuder in the surrounding area.

[tier: premium | anchors: Bonebakker, Ottolenghi, Zara Home | character: upscale urban center]"
Geuzenveld - Slotermeer,Entire home/apt,150,3,0,,1,364,0,"There are no nearby places to list in this area.
[tier: budget | anchors: none | character: quiet empty space]"
Zuid,Private room,91,1,3,2.14,7,330,3,"You can find high-end fashion at Cartier and Michael Kors, or browse home goods at Zara Home. These stores are located near other retailers like Paul Smith and Diesel.

[tier: premium | anchors: Cartier, Michael Kors, Zara Home | character: upscale retail hub]"
Zuid,Entire home/apt,90,5,1,0.19,1,311,1,"There are no nearby places to list in this area.
[tier: budget | anchors: none | character: quiet and empty]"
Centrum-West,Private room,143,2,8,2.07,1,219,8,"Expat Medical Centre provides professional healthcare services, while Drukkerij De Haan is located nearby for your printing needs. You can also find comfortable accommodations at Mr Jordaan.

[tier: mid | anchors: Drukkerij De Haan, Expat Medical Centre, Mr Jordaan | character: convenient urban hub]"
Centrum-West,Entire home/apt,119,5,3,0.54,6,135,3,"De Reiger is an international restaurant located near the scenic Egelantiersgracht. You can also visit Galilea and patina for jewelry and gallery experiences.

[tier: premium | anchors: De Reiger, Egelantiersgracht, Galilea, patina | character: historic canal charm]"
Oud-Oost,Entire home/apt,265,3,2,2.0,1,85,2,"Mokumboot Amsterdam Weesper offers boat rentals near the restaurant Troef and the garden Weesper.

[tier: premium | anchors: Mokumboot Amsterdam Weesper, Troef, Weesper | character: scenic waterfront dining]"
Oud-Noord,Entire home/apt,145,1,13,2.77,1,0,13,"Museum Amsterdam Noord is located in the northern part of the city. It is the only museum in this area.
[tier: mid | anchors: Museum Amsterdam Noord | character: cultural local landmark]"
Centrum-West,Private room,99,3,7,1.56,9,41,7,"City Marina IJdock is located directly along the waterfront. This facility provides convenient docking services for boats in the area.

[tier: premium | anchors: City Marina IJdock | character: modern waterfront hub]"
Bos en Lommer,Entire home/apt,120,3,0,,1,22,0,"Apotheek Bos en Lommer is a nearby pharmacy, and you can find coffee at Coffee Company. Meram is a local Turkish restaurant, while Apino and La Peri offer clothes.

[tier: mid | anchors: Apotheek Bos en Lommer, Coffee Company, Meram | character: convenient urban hub]"
De Baarsjes - Oud-West,Entire home/apt,350,3,0,,1,365,0,"Amsterdamse Fietswinkel is located near the dining options of Sebonsa Bodega and Warung Redjo Kim & Jane.

[tier: mid | anchors: Amsterdamse Fietswinkel, Sebonsa Bodega, Warung Redjo Kim & Jane | character: local urban hub]"
Westerpark,Entire home/apt,200,3,4,0.89,1,0,4,"There are no nearby places to list based on the provided information.

[tier: budget | anchors: none | character: empty location data]"
Centrum-Oost,Entire home/apt,180,7,5,3.49,2,336,5,"You can visit the Rita Community Center or browse for unique items at Secret Village. Nearby options also include the Galerie WIHH and the Shirt Shop.

[tier: mid | anchors: Rita Community Center, Galerie WIHH | character: vibrant local hub]"
Buitenveldert - Zuidas,Private room,59,2,8,1.44,2,363,8,"You can find fresh groceries at Ekoplaza and quality meats at van de Raa. Nearby amenities include the medical services at Huisartsen MC Gelderlandplein and Medisch Centrum Gelderlandplein.

[tier: premium | anchors: Ekoplaza, van de Raa, Huisartsen MC Gelderlandplein, Medisch Centrum Gelderlandplein | character: convenient urban living]"
De Baarsjes - Oud-West,Entire home/apt,113,3,3,0.62,1,0,3,"Mano Bakery and Teahouse are located within walking distance of OTEMBA - ramen and Tandoori Express. You can also find Da Costa, GO NKD, and the community_centre nearby. [tier: mid | anchors: Mano Bakery, OTEMBA - ramen | character: vibrant local hub]"
De Baarsjes - Oud-West,Entire home/apt,120,3,0,,2,0,0,"Bar MiMi is located in the immediate vicinity. This is the only establishment available in the area.

[tier: mid | anchors: Bar MiMi | character: intimate local spot]"
De Aker - Nieuw Sloten,Private room,49,7,3,0.97,2,83,3,"There are no nearby places to list in this area.
[tier: budget | anchors: none | character: quiet and empty]"
Westerpark,Entire home/apt,120,3,0,,1,0,0,"You can visit Nick's Rijwielherstel for bicycle repairs or enjoy the greenery at Trail.NL. Westerpark Maryam Hair & Beauty is also located nearby.

[tier: mid | anchors: Nick's Rijwielherstel, Trail.NL, Westerpark Maryam Hair & Beauty | character: local urban services]"
Centrum-West,Private room,209,1,0,,4,362,0,"De Toneelmakerij is a professional theatre company located in Amsterdam. It is a prominent venue for youth theatre productions.

[tier: premium | anchors: De Toneelmakerij | character: artistic youth theatre]"
De Baarsjes - Oud-West,Entire home/apt,100,3,2,0.52,1,8,2,"Sebonsa Bodega is a local restaurant located near the bicycle shop Amsterdamse Fietswinkel.

[tier: mid | anchors: Amsterdamse Fietswinkel, Sebonsa Bodega | character: Urban local charm]"
Westerpark,Entire home/apt,275,2,7,1.83,1,138,7,"Westerpark is a prominent green space located in the city. This area features a playground and a park for local recreation.

[tier: premium | anchors: Westerpark | character: scenic urban green]"
Centrum-Oost,Entire home/apt,134,5,2,0.44,1,0,2,"Cantina Caliente is a nearby Spanish restaurant located close to the cinema Kriterion and Hotel Allure. The area also features the social facility Jellinek / Sinai Centrum / Punt P / Arkin Basis GGZ.

[tier: premium | anchors: Cantina Caliente, Hotel Allure, Kriterion, Jellinek / Sinai Centrum / Punt P / Arkin Basis GGZ | character: vibrant urban hub]"
Osdorp,Private room,60,1,304,53.96,5,318,304,"The Inormation board Osdorpplein is located in the heart of the Osdorp district. It provides visitors with maps and details about the surrounding area.

[tier: premium | anchors: Inormation board Osdorpplein | character: informative local guide]"
Osdorp,Private room,69,1,167,30.36,5,365,167,"The Inormation board Osdorpplein is located in the heart of the Osdorpplein shopping area. It provides helpful details for visitors navigating the local surroundings.

[tier: budget | anchors: Inormation board Osdorpplein | character: helpful local guide]"
Slotervaart,Entire home/apt,275,5,0,,1,0,0,"Rembrandtpark is a large green space located just a short walk away from the Sky Home apartment.

[tier: mid | anchors: Rembrandtpark, Sky Home | character: serene urban living]"
Centrum-Oost,Private room,94,2,3,0.74,1,14,3,"You can watch a film at Kriterion, grab a meal at Lebkov & Sons, or visit the Roeterseiland (UvA) campus. 

[tier: mid | anchors: Kriterion, Lebkov & Sons, Roeterseiland (UvA) | character: vibrant academic hub]"
De Baarsjes - Oud-West,Entire home/apt,338,2,3,0.67,1,96,3,"Gertrude is a nearby restaurant located close to the playground at Slot Meesenstijn. You can also find the guest house Houseboat Lady Jane and the artwork Beatrijs Smulders in this area.

[tier: mid | anchors: Gertrude, Slot Meesenstijn, Houseboat Lady Jane, Beatrijs Smulders | character: local urban charm]"
De Baarsjes - Oud-West,Entire home/apt,350,2,1,0.25,1,0,1,"You can enjoy a meal at Night Kitchen or visit the nearby bakery Levain et le vin. These establishments are located within walking distance of the cozy Annette's Bed & Breakfast.

[tier: mid | anchors: Night Kitchen, Levain et le vin, Annette's Bed & Breakfast | character: vibrant local charm]"
De Pijp - Rivierenbuurt,Entire home/apt,140,25,0,,1,60,0,"There are no nearby places to list based on the provided information.

[tier: budget | anchors: none | character: empty location data]"
De Baarsjes - Oud-West,Entire home/apt,150,3,3,2.0,2,64,3,"PC Dokter is a local computer repair shop located near the Indian restaurant Rangla Punjab. You can also find the cannabis shop Blue Lagoon in the immediate vicinity.

[tier: mid | anchors: Blue Lagoon, PC Dokter, Rangla Punjab | character: diverse local hub]"
IJburg - Zeeburgereiland,Entire home/apt,95,7,1,0.75,1,166,1,"Antonio's Barbershop is located in the immediate vicinity. There is also a playground nearby.

[tier: budget | anchors: Antonio's Barbershop | character: local community hub]"
De Baarsjes - Oud-West,Entire home/apt,150,2,3,0.6,1,321,3,"There are no nearby places to list in this area.
[tier: budget | anchors: none | character: quiet and empty]"
Oostelijk Havengebied - Indische Buurt,Entire home/apt,165,3,0,,1,25,0,"There are no nearby places to list based on the provided information.

[tier: budget | anchors: none | character: empty location data]"
Centrum-West,Entire home/apt,300,2,1,0.27,1,13,1,"You can find fresh produce at Jouw Groenteman and enjoy the outdoors at Noorderspeeltuin. Nearby services include Daniel International Hairstylist and MacRepair.nl.

[tier: mid | anchors: Jouw Groenteman, Noorderspeeltuin, Daniel International Hairstylist, MacRepair.nl | character: convenient local hub]"
Geuzenveld - Slotermeer,Entire home/apt,150,6,0,,1,0,0,"There are no nearby places to list in this area.
[tier: budget | anchors: none | character: quiet residential area]"
Oud-Oost,Entire home/apt,195,7,0,,1,95,0,"There are no nearby places to list based on the provided information.

[tier: budget | anchors: none | character: empty location]"
Bos en Lommer,Entire home/apt,44,3,1,0.24,1,59,1,"Multatulischool is located in the immediate vicinity of this area. This educational institution serves as the primary landmark for the neighborhood.

[tier: mid | anchors: Multatulischool | character: educational community hub]"
Centrum-West,Entire home/apt,120,3,5,1.39,4,0,5,"DierenDokters is a local veterinary clinic located near the Kazerne Hendrik fire station.

[tier: mid | anchors: DierenDokters, Kazerne Hendrik | character: professional local services]"
De Baarsjes - Oud-West,Entire home/apt,108,2,0,,1,0,0,"Bieb is a public bookcase located near Tandarts Tanis.

[tier: mid | anchors: Bieb, Tandarts Tanis | character: quiet local hub]"
Centrum-West,Entire home/apt,105,1,5,1.32,1,10,5,"Mr Jordaan is a nearby hotel, and De Nieuwe Lelie is a local pub. 
[tier: mid | anchors: Mr Jordaan, De Nieuwe Lelie | character: cozy urban retreat]"
De Baarsjes - Oud-West,Entire home/apt,100,7,2,0.49,1,8,2,"Mini Mix (Russian Store) is located in the immediate vicinity of a local playground. 

[tier: budget | anchors: Mini Mix (Russian Store) | character: convenient neighborhood spot]"
Oostelijk Havengebied - Indische Buurt,Entire home/apt,600,3,0,,1,3,0,"Jachthaven Piet Hein is a local marina located near the green space of Keesje Brijdeplantsoen. You can also enjoy the unique architecture of Pythonbrug which offers a scenic viewpoint over the water.

[tier: premium | anchors: Jachthaven Piet Hein, Keesje Brijdeplantsoen, Pythonbrug | character: scenic urban escape]"
Centrum-West,Entire home/apt,200,3,2,0.51,1,34,2,"You can find the Di-Ann City Centre Hotel and Hotel de Westertoren located near the Dam. The area also features the restaurant Il Panorama and the confectionery Bakkerij Andere Koek.

[tier: mid | anchors: Dam, Di-Ann City Centre Hotel, Hotel de Westertoren | character: historic city center]"
Watergraafsmeer,Private room,62,2,23,5.66,1,57,23,"There are no nearby places to list in this area.

[tier: budget | anchors: none | character: quiet empty space]"
Centrum-West,Private room,99,2,0,,4,0,0,"INK Hotel Amsterdam and The Highlander are located in the immediate vicinity. You can also find dining options like Angus Steak House and Made in Sud nearby.

[tier: mid | anchors: INK Hotel Amsterdam, The Highlander, Angus Steak House, Made in Sud | character: urban central hub]"
Bos en Lommer,Entire home/apt,100,4,0,,1,0,0,"You can find Lezzet Grillroom and Slagerij Beyaz Saray located in the immediate vicinity. These establishments are situated near other local shops like De Prijshamer and Etos.

[tier: mid | anchors: Lezzet Grillroom, Slagerij Beyaz Saray | character: local shopping hub]"
Westerpark,Entire home/apt,225,3,4,1.28,1,38,4,"Cartesius Lyceum is located near the green space of Frederik Hendrikplantsoen. Both sites are situated within the same neighborhood.

[tier: mid | anchors: Cartesius Lyceum, Frederik Hendrikplantsoen | character: educational and recreational]"
De Pijp - Rivierenbuurt,Private room,127,2,4,2.5,1,355,4,"Cultuurhuis Diamantslijperij serves as a local arts centre, while Theosophische Vereniging functions as a place of worship nearby.

[tier: mid | anchors: Cultuurhuis Diamantslijperij, Theosophische Vereniging | character: cultural and spiritual]"
Bos en Lommer,Entire home/apt,279,4,0,,1,6,0,"There are no nearby places of the specified types to list in this area.
[tier: budget | anchors: none | character: quiet and empty]"
Centrum-Oost,Entire home/apt,155,3,5,1.38,1,0,5,"There are no nearby places to list in this area.
[tier: budget | anchors: none | character: quiet and empty]"
Bijlmer-Oost,Entire home/apt,179,1,5,1.39,1,0,5,"Professor Joop van Stigtpark is a local park that features a playground, a basketball pitch, and a garden. The school Wereldwijs is located in the immediate vicinity of this park.

[tier: premium | anchors: Professor Joop van Stigtpark, Wereldwijs | character: vibrant community space]"
Slotervaart,Private room,49,2,7,1.88,1,86,7,"Herdenkingskerk is a nearby place of worship located close to the artwork known as Raammannetjes and the garden.

[tier: mid | anchors: Herdenkingskerk, Raammannetjes | character: serene cultural site]"
Oud-Oost,Entire home/apt,114,1,5,3.13,2,6,5,"There are no specific locations currently available in the provided list to reference. 

[tier: budget | anchors: none | character: neutral location]"
Centrum-Oost,Private room,60,1,5,1.34,20,0,5,"You can enjoy a meal at Fantasia Trattoria or Grand Café DeLaMar before catching a performance at DeLaMar. These venues are located near Internationaal Theater Amsterdam and the music venue Melkweg.

[tier: premium | anchors: DeLaMar, Internationaal Theater Amsterdam | character: cultural and vibrant]"
De Baarsjes - Oud-West,Entire home/apt,70,2,4,1.54,1,1,4,"Caspar Flickhof is a local park located in the area. 

[tier: mid | anchors: Caspar Flickhof | character: quiet green space]"
Centrum-West,Private room,374,1,3,3.0,2,66,3,"Busstation Elandsgracht is located near the Esso fuel station and the Bluescafé Maloe Melo bar.

[tier: mid | anchors: Bluescafé Maloe Melo, Busstation Elandsgracht, Esso | character: lively urban hub]"
Bijlmer-Centrum,Entire home/apt,188,2,4,2.11,1,363,4,"There are no nearby places available to list in this area.

[tier: budget | anchors: none | character: quiet outdoor space]"
Centrum-Oost,Entire home/apt,75,7,0,,22,265,0,"DeLaMar and Melkweg are prominent cultural venues located near Boutique Hotel View and Weber Hotel. 

[tier: premium | anchors: DeLaMar, Melkweg | character: vibrant cultural hub]"
De Baarsjes - Oud-West,Private room,45,1,6,2.73,2,359,6,"Café Cook is a restaurant located near the Jeruzalemkerk place of worship.

[tier: mid | anchors: Café Cook, Jeruzalemkerk | character: historic urban charm]"
Westerpark,Entire home/apt,125,3,0,,1,0,0,"Staverno is a nearby garden, and Sloepdelen.nl offers boat rental services. Why not is a local artwork located in the area.

[tier: mid | anchors: Sloepdelen.nl, Staverno, Why not | character: scenic waterfront hub]"
Centrum-West,Entire home/apt,225,2,2,1.18,1,5,2,"You can find the hotel The Albus and the restaurant Senses by Lard Bertelsen located in this area. Nearby dining options include Memories of India and Restaurant Shiva.

[tier: premium | anchors: The Albus, Senses by Lard Bertelsen | character: upscale urban hub]"
Centrum-West,Entire home/apt,188,4,4,2.4,1,25,4,"You can find delicious meals at Omelegg and Raïnaraï, or browse for unique items at Mechanisch Speelgoed and Island Bookstore. These establishments are located near the specialized services of Ralph Optiek and De Gouden Schaar. [tier: mid | anchors: Omelegg, Raïnaraï, Mechanisch Speelgoed, Island Bookstore | character: vibrant local hub]"
Oud-Oost,Entire home/apt,214,7,1,1.0,1,50,1,"Amsterdental is a local dentist located near a garden and an outdoor seating area.

[tier: mid | anchors: Amsterdental | character: professional dental care]"
Oostelijk Havengebied - Indische Buurt,Entire home/apt,99,4,2,2.0,1,341,2,"There are no nearby places to list based on the provided information.

[tier: budget | anchors: none | character: empty location data]"
Oud-Noord,Entire home/apt,120,7,0,,1,281,0,"There are no nearby places to list based on the provided information.

[tier: budget | anchors: none | character: empty location data]"
Buitenveldert - Zuidas,Entire home/apt,148,3,0,,1,0,0,"Cheider is a college located in the vicinity of a local playground. 

[tier: mid | anchors: Cheider | character: academic and recreational]"
Watergraafsmeer,Entire home/apt,175,2,2,2.0,1,28,2,"There are no nearby places available to list in this area.
[tier: budget | anchors: none | character: quiet and empty]"
De Pijp - Rivierenbuurt,Entire home/apt,275,7,0,,1,41,0,"Albert Cuyp-markt is a bustling marketplace located near the fitness centre TrainMore and the Italian restaurant Pasta e Pizza. You can also find the locksmith De Sleutelkluis and the optician Kidzz Eyezz in this vibrant neighborhood.

[tier: mid | anchors: Albert Cuyp-markt, TrainMore | character: lively urban hub]"
Centrum-West,Entire home/apt,395,3,0,,6,95,0,"You can visit the historic Westerkerk and Westertoren or enjoy a meal at Pancakes Amsterdam. Nearby options also include the Cheese Store and Haringkar de Gigant for local snacks.

[tier: mid | anchors: Westerkerk, Pancakes Amsterdam, Cheese Store | character: historic city charm]"
Zuid,Entire home/apt,175,3,2,1.67,1,0,2,"Swagat is an indian restaurant located near the asian restaurant Asian Flavours. You can also find the butcher Ton van Schaick and the bar Baut in the immediate vicinity.

[tier: mid | anchors: Swagat, Asian Flavours, Ton van Schaick, Baut | character: vibrant local hub]"
Noord-West,Entire home/apt,68,14,0,,1,59,0,"There are no nearby places to list based on the provided information.

[tier: budget | anchors: none | character: empty location data]"
De Baarsjes - Oud-West,Private room,78,2,10,8.57,1,290,10,"You can visit DC Klinieken for medical services or grab a bite at Pizza Amsterdam and Sotto Zero. Teds place and Little Plant Pantry are also located in the immediate vicinity.

[tier: mid | anchors: DC Klinieken, Pizza Amsterdam, Sotto Zero | character: diverse local hub]"
Bos en Lommer,Entire home/apt,240,6,0,,1,155,0,"Erasmuspark is a popular local park located in the neighborhood.

[tier: mid | anchors: Erasmuspark | character: green urban space]"
Bos en Lommer,Entire home/apt,120,2,0,,1,259,0,"Tijl Uilenspiegelschool is located in the immediate vicinity. This area features a garden, a soccer pitch, and a playground near the school.

[tier: mid | anchors: Tijl Uilenspiegelschool | character: quiet local hub]"
Zuid,Private room,149,1,0,,6,271,0,"You can find G-Star Raw and Tea Kee located near the Hotel Cornelisz and Park Centraal. Additional dining options in the area include Momo and Srikandi.

[tier: premium | anchors: Hotel Cornelisz, Park Centraal, Momo | character: upscale urban hub]"
Zuid,Private room,416,1,0,,6,76,0,"You can find G-Star Raw and Tea Kee located near the Hotel Cornelisz and Park Centraal. Srikandi and Momo are also situated in this immediate area.

[tier: premium | anchors: Hotel Cornelisz, Park Centraal | character: upscale urban hub]"
Centrum-Oost,Entire home/apt,75,7,1,1.0,22,254,1,"DeLaMar and Melkweg are prominent cultural venues located near Boutique Hotel View and Hotel Titus.

[tier: premium | anchors: DeLaMar, Melkweg, Boutique Hotel View | character: vibrant cultural hub]"
Watergraafsmeer,Entire home/apt,476,2,0,,1,46,0,"There are no nearby places to list in this area.
[tier: budget | anchors: none | character: quiet and empty]"
De Pijp - Rivierenbuurt,Entire home/apt,105,5,0,,1,8,0,"Shri Vishnu Mandir is located near 9e Montessorischool De Scholekster and College ZUYD. These institutions are situated within close proximity to each other.

[tier: mid | anchors: 9e Montessorischool De Scholekster, College ZUYD, Shri Vishnu Mandir | character: educational and spiritual]"
Zuid,Entire home/apt,180,4,0,,1,218,0,"There are no nearby locations to list based on the provided information.

[tier: budget | anchors: none | character: quiet empty space]"
Centrum-Oost,Entire home/apt,500,3,0,,1,78,0,"Bouchon du Centre is a popular french restaurant located near the hotel known as The Black Beauty. These establishments are situated in the vicinity of the common and the garden, with Soda serving as a nearby fitness_centre.

[tier: premium | anchors: Bouchon du Centre, The Black Beauty, Soda | character: sophisticated urban charm]"
Westerpark,Entire home/apt,121,2,0,,1,16,0,"Bilderdijkpark is a local green space located in the heart of the neighborhood. This park offers a quiet garden area for residents to enjoy.

[tier: mid | anchors: Bilderdijkpark | character: peaceful urban oasis]"
Centrum-West,Entire home/apt,250,2,0,,1,38,0,"Lindenmarkt is a popular local marketplace located near the artisanal bakery Leauf. You can also find the Argentinian restaurant Louman and the gallery Kersgallery in this vibrant neighborhood. [tier: mid | anchors: Lindenmarkt, Leauf, Louman, Kersgallery | character: vibrant local hub]"
Centrum-West,Entire home/apt,400,1,1,1.0,1,339,1,"Pulitzer is a hotel located in the heart of the city. It offers luxurious accommodations and proximity to major cultural landmarks.

[tier: premium | anchors: Pulitzer | character: elegant historic stay]"
Centrum-West,Entire home/apt,396,1,1,1.0,7,329,1,"Red Light Secrets and Erotisch Museum are located in the historic area of de Wallen. Nearby venues include the American Bar-bq and the Black Tiger Bar.

[tier: mid | anchors: Red Light Secrets, Erotisch Museum, de Wallen | character: historic adult district]"
De Baarsjes - Oud-West,Entire home/apt,159,2,1,1.0,1,19,1,"Balboaplein features a playground and a garden for visitors to enjoy. 

[tier: mid | anchors: Balboaplein | character: quiet urban retreat]"
Oud-Oost,Shared room,23,1,0,,6,322,0,"Metis Montessori Lyceum is located near Skatepark Oosterpark and Vincent Hall. Plastic2Print is also situated in this vicinity.

[tier: mid | anchors: Metis Montessori Lyceum, Skatepark Oosterpark | character: educational and active]"
Zuid,Private room,150,1,0,,2,258,0,"You can visit the supermarket Dirk or the department store HEMA nearby. The park Legmeerplein and the pub Stadscafé van Mechelen are also located in the area.

[tier: mid | anchors: Dirk, HEMA, Legmeerplein, Stadscafé van Mechelen | character: convenient local hub]"
Bos en Lommer,Entire home/apt,165,1,0,,1,6,0,"There are no nearby places to list based on the provided information.

[tier: budget | anchors: none | character: empty location data]"
Centrum-West,Entire home/apt,272,2,0,,1,12,0,"Kresj Lindengracht is a local kindergarten situated near the supermarket Albert Heijn. You can also find clothes at La maison de sophie, toys at Mechanisch Speelgoed, appliances at De Anjelier, and deli items at Terre Lente. [tier: mid | anchors: Albert Heijn, Kresj Lindengracht | character: local urban hub]"
De Baarsjes - Oud-West,Entire home/apt,256,3,0,,1,5,0,"Huisartsenpraktijk Fijnhout is located near the artwork De Batavier and De droom van een hond. You can also find fast food options at The Burger Maffia and The Burger Mafia. [tier: mid | anchors: Huisartsenpraktijk Fijnhout, The Burger Maffia | character: local urban hub]"
Osdorp,Entire home/apt,52,5,0,,1,21,0,"De Zwaan (locatie Wilgenlaan) is a school located in the immediate vicinity.

[tier: mid | anchors: De Zwaan (locatie Wilgenlaan) | character: educational community hub]"
Oostelijk Havengebied - Indische Buurt,Entire home/apt,120,5,0,,1,324,0,"Great Club is a fitness centre located near the cafe Joki and the picnic_table Jōki. You can also find a hairdresser nearby.

[tier: mid | anchors: Great Club, Joki, Jōki | character: active local hub]"
Centrum-Oost,Entire home/apt,304,30,0,,1,365,0,"Leidseplein is a vibrant square located near the green space of Kleine-Gartmanplantsoen. Visitors can dine at Ron Gastrobar Paris or enjoy a drink at NJOY Cocktailbar.

[tier: premium | anchors: Leidseplein, Ron Gastrobar Paris, NJOY Cocktailbar | character: vibrant city center]"
De Baarsjes - Oud-West,Entire home/apt,150,1,0,,1,44,0,"You can find Wash-o-matic for your laundry needs and Sterk for alcohol nearby.
[tier: mid | anchors: Sterk, Wash-o-matic | character: convenient local services]"
Oud-Noord,Entire home/apt,150,3,0,,1,20,0,"Elit Pide is a nearby pizza fast_food restaurant, and Tweewielers Joop Harmans is a local bicycle shop. [tier: mid | anchors: Elit Pide, Tweewielers Joop Harmans | character: local urban services]"
Centrum-West,Entire home/apt,469,1,0,,2,365,0,"You can visit the Amsterdam Exchange Experience or explore the nearby de Wallen area. These locations are situated close to the vibrant Warmoesstraat and the popular Winston nightclub.

[tier: mid | anchors: Amsterdam Exchange Experience, de Wallen, Warmoesstraat, Winston | character: lively urban hub]"
De Pijp - Rivierenbuurt,Entire home/apt,65,28,0,,1,47,0,"You can find Craft Coffee & Pastry and Dito Deli located right next to each other in the neighborhood. Nearby shops like Penny Lane Vintage and The Weavery offer unique goods for visitors to explore.

[tier: mid | anchors: Craft Coffee & Pastry, Dito Deli, Penny Lane Vintage, The Weavery | character: vibrant local hub]"
De Pijp - Rivierenbuurt,Entire home/apt,120,20,0,,1,365,0,"You can find fresh treats at Remko's brood & taartjes and enjoy a meal at Waroeng Bamboe. Nearby options also include the boutique Yvon and the outdoor shop Carl Denig Pre-Owned.

[tier: premium | anchors: Remko's brood & taartjes, Waroeng Bamboe, Yvon, Carl Denig Pre-Owned | character: diverse local hub]"
