neighbourhood,room_type,price,minimum_nights,number_of_reviews,reviews_per_month,calculated_host_listings_count,availability_365,number_of_reviews_ltm,surroundings_summary
Centrum-Oost,Private room,55,2,520,5.57,2,267,41,"Museum: Kattenkabinet
Pub: Secret Garden
Nightclub: Club NYX
Restaurant: BLEND XL

The area reads as tourist-prominent. It is defined by the presence of the Kattenkabinet, a well-known cultural attraction that draws visitors to the area, alongside a concentrated nightlife and dining scene typical of high-traffic tourist districts in Amsterdam."
Zuid,Entire home/apt,149,4,95,0.87,1,0,0,"School: Montessori Lyceum Amsterdam
Garden: None

The area reads as everyday-residential. The specific draw is the Montessori Lyceum Amsterdam, which serves the local community rather than acting as a tourist landmark."
Slotervaart,Private room,42,2,205,1.89,1,355,10,"Place types: playground (1)

The area reads as everyday-residential, as there are no famous landmarks or attractions nearby."
Zuid,Entire home/apt,99,7,54,0.71,1,0,1,"Garden: Rosarium
Park: Vondelpark

The area reads as tourist-prominent. The specific draw is Vondelpark, which is a famous landmark and major attraction that draws large numbers of visitors."
Centrum-West,Entire home/apt,157,6,24,0.26,1,156,2,"Cafe: a Sense of Place - Hi-Fidelity Coffee
Yoga fitness_centre: Svaha Yoga - Jordaan Shala

The area reads as everyday-residential. The specific draws that make it so are the inclusion of a local yoga studio and a neighborhood coffee shop, which serve the daily routines of local residents rather than catering to tourists visiting famous landmarks."
De Pijp - Rivierenbuurt,Entire home/apt,250,21,29,0.23,2,47,2,"Place types: garden (1), vacant (1), park (1)

The area reads as everyday-residential, as there are no famous landmarks or major tourist attractions listed."
Centrum-West,Private room,265,2,12,0.45,1,343,2,"Pastry: Lanskroon
Jewelry: Amsterdam Vintage Watches
Lebanese fast_food: The Lebanese Sajeria
Coffee_shop cafe: Dutch Flowers Coffee Shop
Cafe: Eetcafe Singel 404, Amsterdam cheese company
Tiles: Story Tiles
Hairdresser: Kapsalon Jeroen Bruggeman

The area reads as tourist-prominent. The specific draws that make it so are Amsterdam Vintage Watches, Amsterdam cheese company, and Story Tiles, which are businesses typically catering to visitors looking for souvenirs and high-end specialty goods in a central, historic location."
De Pijp - Rivierenbuurt,Entire home/apt,145,18,92,0.81,1,90,2,"Cannabis: Coffeeshop IBIZA
Bicycle_rental: Paul & Ninette Bike Rental
Breakfast cafe: Paul & Ninette Vinotheque
Hotel: MAX Hotel
Garden: None
Supermarket: Lidl

The area reads as tourist-prominent. The specific draws that make it so are the presence of a hotel, a bicycle rental service, and a coffeeshop, which are services primarily targeted at visitors rather than local residents."
Centrum-Oost,Entire home/apt,707,2,99,0.88,2,281,0,"The area contains no places from the provided list. Therefore, it cannot be categorized as either tourist-prominent or everyday-residential based on the given data."
De Pijp - Rivierenbuurt,Entire home/apt,200,3,27,0.26,1,363,0,"restaurant: Warung Swietie Lelydorp
hairdresser: Hairstudio Pu-ma
boxing fitness_centre: Boksschool VBSK Albert Cuyp
vacant: Badcuyp
language_school: Taalhuis Amsterdam
dentist: Dental 220
asian fast_food: Thai Roof
thai restaurant: Thai Roof
pub: Café De Baron
garden: Albert Heijn
childcare: Partou
supermarket: Albert Heijn
alcohol: Gall & Gall

The area reads as everyday-residential. The specific draws that make it so are the presence of essential local services including a supermarket (Albert Heijn), a dentist (Dental 220), childcare (Partou), and a hair salon (Hairstudio Pu-ma), which cater to the daily needs of local residents rather than transient visitors."
Centrum-Oost,Private room,120,2,421,3.77,1,119,5,"Breakfast restaurant: Blin Queen
Pizza restaurant: Pizza Beppe
Irish pub: Mulligans
Hotel: Amsterdam House Hotel, Hotel Amstelzicht
Viewpoint: Dancing Houses

The area reads as tourist-prominent. The specific draws that make it so are the presence of multiple hotels, a viewpoint, and an Irish pub, which are typical features of a high-traffic area catering to visitors rather than long-term residents."
De Baarsjes - Oud-West,Entire home/apt,119,5,71,0.61,1,14,3,"Billiards pub: Keu Poolcafe
Hotel: Leonardo Hotel Amsterdam

The area reads as everyday-residential. The specific draws that make it so are the presence of a local poolcafe and a standard hotel, which cater to routine leisure and transient lodging rather than serving as famous landmarks or major tourist attractions."
De Pijp - Rivierenbuurt,Entire home/apt,113,3,126,1.21,1,3,3,"place_of_worship: Arrahman
french restaurant: Le Hollandais

The area reads as everyday-residential. The specific draws that make it so are the inclusion of a local place of worship and a neighborhood restaurant, neither of which function as major tourist-prominent landmarks or attractions."
De Baarsjes - Oud-West,Private room,70,2,411,3.56,1,283,13,"Place types: picnic_table (1), garden (1)

This area reads as everyday-residential, as there are no famous landmarks or attractions present to draw tourists."
Centrum-West,Entire home/apt,171,3,35,0.65,1,0,4,"attraction: Dam
clothes: H&M, Pop Up Store Marcous Vintage
jewelry: Swarovski, Tulashi
ice_cream: Ice Bakery
cheese: Cheese & More
turkish bakery: Simit Sarayi
sandwich fast_food: Subway
friture fast_food: FEBO
perfumery: ICI PARIS XL
burger fast_food: Burger King, McDonald's
cosmetics: KIKO, Pink Gellac
shoes: Foot Locker, Manfield, Nelson Schoenen
bag: Louisa
toys: Pop Mart
american cafe: De Drie Graefjes
restaurant: Barraka
cannabis: Amsterdam Seed Center, De Drie Monnikjes
tattoo: Tattoo & Art
pancake restaurant: De Pannenkoekerij
pub: De Nieuwe Pilserij
gift: Bon Dia, Dal Migliore
hotel: Dam Square Inn
information: 360 Amsterdam
ticket: Amsterdam nightlife ticket
cafe: 't Nieuwe Kafé, Dam Good Coffee
outdoor_seating: 't Nieuwe Kafé
photo: Museumfoto

The area reads as tourist-prominent. The presence of major landmarks like Dam, services catering specifically to visitors such as Amsterdam nightlife ticket, 360 Amsterdam, and Dam Square Inn, and high-traffic international retail and fast-food chains confirm its status as a central tourist hub."
Centrum-Oost,Entire home/apt,299,3,60,0.66,1,165,0,"smartshop: Azarius
community_centre: Wijkcentrum d'Oude Stadt
place_of_worship: Keizersgrachtkerk
cannabis: House of Smart
gallery: Slewe Gallery

The area reads as everyday-residential. While the presence of a smartshop and cannabis store suggests a central urban location, the inclusion of a Wijkcentrum d'Oude Stadt and Keizersgrachtkerk indicates a neighborhood focused on local community services and religious life rather than major tourist landmarks."
Centrum-West,Entire home/apt,600,2,62,0.54,1,362,0,"Playground: None
Table tennis pitch: None
School: Theo Thijssenschool

The area reads as everyday-residential. The specific draw is the Theo Thijssenschool, which serves the local community rather than acting as a tourist attraction."
Oud-Noord,Entire home/apt,170,4,20,0.26,1,0,0,"Bakery: Isken
Bicycle: Bike Laboratory
Pizza fast_food: Domino's
Garden: None

This area reads as everyday-residential. The presence of a local pizza chain, a bicycle repair shop, and a bakery indicates a neighborhood focused on routine services and local errands rather than famous landmarks or tourist attractions."
Westerpark,Entire home/apt,250,26,1,0.01,3,299,0,"artwork: Gevallen Engel

The area reads as everyday-residential, as the presence of a single piece of artwork does not constitute a major tourist destination or a cluster of famous landmarks."
De Pijp - Rivierenbuurt,Private room,65,1,464,5.18,1,154,31,"shoe_repair: The Royal Treatment
playground: None
garden: None
soccer pitch: None

The area reads as everyday-residential. The presence of a single local service business like The Royal Treatment suggests a neighborhood focused on routine maintenance rather than a hub for visitors."
Centrum-Oost,Entire home/apt,120,14,84,0.84,1,33,2,"The provided list contains no places. Therefore, the area cannot be categorized as either tourist-prominent or everyday-residential."
Centrum-West,Private room,125,2,445,4.02,2,349,24,"Place types:
Attraction: de Wallen
Confectionery: Life is So Sweet
Cafe: Cafe Pleinzicht, Koffieschenkerij
Brothel: Bananenbar
Museum: Erotisch Museum, Red Light Secrets, Oude Kerk
Bar: Anco, Les Deux Frêres, New Castle Bar, Old Sailor
Erotic: Casa Rosso, Erotic Shop
Pub: American Bar-bq
Stripclub: Excalibur
Adult gaming centre: Casino City
Restaurant: Brutus Bros
Place of worship: The Tabernacle
Tattoo: Star Shop
Clothes: (None listed)

The area reads as tourist-prominent. The specific draws that make it so are de Wallen, Erotisch Museum, Red Light Secrets, and Casa Rosso."
Westerpark,Private room,81,3,362,3.33,1,337,8,"No places were provided to categorize. As there are no landmarks or residential draws listed, the area cannot be classified as either tourist-prominent or everyday-residential."
Centrum-Oost,Entire home/apt,843,2,113,1.34,2,256,0,"Museum: Werf 't Kromhout

The area reads as tourist-prominent due to the presence of Werf 't Kromhout, a historical shipyard museum that serves as a specific cultural draw for visitors."
Westerpark,Entire home/apt,250,3,64,0.64,1,99,3,"Playground: Apentafel
Boules pitch: Apentafel
Artwork: Apentafel

The area reads as everyday-residential. The specific draw is the Apentafel, which serves as a local recreational facility for residents rather than a landmark designed for tourism."
Centrum-Oost,Private room,118,3,414,3.88,2,219,5,"Attraction: Zuiderkerk, Zuiderkerkstoren

The area reads as tourist-prominent. The specific draws are the Zuiderkerk and Zuiderkerkstoren, which are historic landmarks that attract visitors interested in architecture and city history."
De Baarsjes - Oud-West,Entire home/apt,110,3,2,0.04,1,0,0,"Place types:
place_of_worship: Gurdwara Maan Sarovar Sahib
college: NJMT - Nationaal Jeugd Musical Theater

The area reads as everyday-residential. The specific draws are the local community-focused Gurdwara Maan Sarovar Sahib and the specialized educational institution NJMT - Nationaal Jeugd Musical Theater, which serve the local population rather than attracting large-scale tourist crowds."
Centrum-West,Entire home/apt,399,2,52,0.48,1,103,4,"artwork: Kabouter, Stadspaleis
park: Postzegelpark
theatre: Theater De Richel
cafe: Argus, Diep
attraction: Postzegelmarkt
outdoor_seating: Diep
hotel: Nova Hotel
playground: Postzegelpark
antiques: Vintage Clothes & Design

The area reads as tourist-prominent. The specific draws that make it so are the Nova Hotel, which caters to visitors, and the Postzegelmarkt, which serves as a notable local attraction."
Centrum-Oost,Private room,77,1,901,8.2,1,301,154,"social_facility: Sarphatihuis
garden: Sarphatihuis

The area reads as everyday-residential. The specific draw is the Sarphatihuis, which functions as a residential care facility for the elderly rather than a tourist attraction."
De Pijp - Rivierenbuurt,Entire home/apt,180,1,92,0.88,1,0,0,"School: De Avonturijn

The area reads as everyday-residential, as it is defined by a local school serving the immediate community rather than famous landmarks or tourist attractions."
Centrum-Oost,Private room,132,2,44,0.63,2,236,0,"Clinic: Medisch Centrum Wetering
Garden: None

The area reads as everyday-residential. The specific draw is Medisch Centrum Wetering, which serves the local community's healthcare needs."
De Baarsjes - Oud-West,Entire home/apt,120,4,82,0.92,1,0,2,"field_hockey pitch: Balboaplein
table_tennis pitch: Balboaplein
basketball pitch: Balboaplein
playground: Balboaplein, Balboaplein
garden: Balboaplein

The area reads as everyday-residential. The specific draws are the local recreational facilities, including a playground, garden, and various sports pitches, which serve the daily needs of the local community rather than acting as famous tourist landmarks."
Centrum-West,Entire home/apt,210,4,60,0.57,1,78,2,"gallery: Marjan de Voogd Porcelain
supermarket: De Schans
tobacco: Slagerij Rief
thai restaurant: Sonkran
marina: Staverno Nassaukade

The area reads as everyday-residential. The specific draws that make it so are the presence of a local supermarket, a butcher shop, and a neighborhood thai restaurant, which serve the daily needs of local inhabitants rather than catering to high-volume tourism."
De Baarsjes - Oud-West,Entire home/apt,130,3,76,0.82,1,69,4,"Greengrocer: Marco's Groentespeciaalzaak
Chemist: Etos
Garden: Tuin van Jan
Playground: Tuin van Jan
Restaurant: Café Cook
Bar: Proeflokaal Vesp

The area reads as everyday-residential. The specific draws that make it so are the presence of a local greengrocer, a chemist, and a community garden, which serve the daily needs of local residents rather than catering to tourists."
Watergraafsmeer,Entire home/apt,140,3,43,0.54,1,130,0,There are no places listed to categorize. The area does not contain any landmarks or residential draws from the provided list.
IJburg - Zeeburgereiland,Entire home/apt,135,5,83,0.8,1,344,2,"Place types: playground (1)

Area type: everyday-residential. There are no famous landmarks or major tourist attractions listed."
Osdorp,Private room,80,2,155,1.7,2,308,0,The area reads as everyday-residential. There are no specific draws or landmarks listed that would indicate a tourist-prominent location.
Bijlmer-Centrum,Private room,46,1,408,4.16,1,329,17,"nursing_home: De Venser

The area reads as everyday-residential, as it is defined by the presence of a nursing home rather than famous landmarks or tourist attractions."
Bos en Lommer,Entire home/apt,75,3,76,0.9,1,0,0,"School: Multatulischool

The area reads as everyday-residential, as the presence of a local school indicates a neighborhood focused on community and family life rather than tourist-oriented attractions."
Oud-Oost,Entire home/apt,295,4,10,0.19,1,325,0,"No places were provided in the list, so no nearby places can be named. The area cannot be classified as tourist-prominent or everyday-residential."
De Pijp - Rivierenbuurt,Entire home/apt,120,4,42,0.44,1,38,0,No places provided. The area reads as neither tourist-prominent nor everyday-residential.
Zuid,Entire home/apt,399,2,30,0.3,1,72,0,"clothes: Suitsupply

The area reads as everyday-residential because the specific draw is a retail store catering to professional and personal wardrobe needs rather than a famous landmark or tourist attraction."
Centrum-Oost,Entire home/apt,250,2,38,0.61,1,0,0,"Zoo: Artis
Restaurant: De Waterkant

The area reads as tourist-prominent. The specific draw is Artis, which is a famous landmark and major attraction."
Bos en Lommer,Private room,108,3,316,3.21,1,220,2,"Chemist: Etos
Indonesian fast_food: Warung Kamal Afhaalcentrum
French restaurant: Biladi
Greek restaurant: Rue de sevres
Sandwich fast_food: Wanica Exotics
Garden: Rue de sevres
Hairdresser: Mimi Kapsalon
Kiosk: Martins avondwinkel
Pet: Wanica Exotics

The area reads as everyday-residential. The specific draws that make it so are the presence of local services such as a chemist (Etos), a hairdresser (Mimi Kapsalon), and a neighborhood kiosk (Martins avondwinkel), which cater to the daily needs of local residents rather than international visitors."
De Baarsjes - Oud-West,Entire home/apt,155,2,3,0.03,1,263,1,"Doctors: Gezondheidscentrum Borgerstraat
Dentist: Tandartsengroep Borgerstraat
Optician: Pearle, Specsavers
Clothes: Norah

The area reads as everyday-residential. The specific draws that make it so are the presence of essential local healthcare services, including a health center, a dental practice, and multiple opticians, alongside a standard clothing retailer, which cater to the daily needs of local residents rather than tourists."
Oud-Noord,Private room,59,4,97,1.05,1,123,0,"garden: Moeshoek

The area reads as everyday-residential, as it lacks famous landmarks or tourist attractions."
Oud-Oost,Private room,140,1,124,1.37,3,247,0,"No places were provided in the list, so the area cannot be categorized."
Centrum-Oost,Entire home/apt,135,3,56,0.7,1,105,2,"viewpoint: Analogue
camera: Analogue

The area reads as everyday-residential. The specific draw is Analogue, which functions as a niche retail shop rather than a major landmark or tourist attraction."
Zuid,Entire home/apt,300,7,5,0.06,1,212,0,"tennis pitch: Tenniseiland
tennis sports_centre: Tenniseiland
outdoor_seating: Witte Huis
multi sports_centre: Tenniseiland
park: Park de Schinkeleilanden

The area reads as everyday-residential. The specific draws that make it so are Park de Schinkeleilanden and Tenniseiland, which are local recreational facilities rather than major tourist landmarks."
Noord-Oost,Private room,77,2,130,1.29,10,247,6,"Guest house: Gypsy Waggon

The area reads as everyday-residential. The specific draw is the Gypsy Waggon, which functions as a private lodging rather than a famous landmark or major tourist attraction."
Westerpark,Entire home/apt,220,1,7,0.18,1,0,0,"No places were provided in the list, so no nearby places can be named. The area cannot be categorized as tourist-prominent or everyday-residential based on the provided information."
De Pijp - Rivierenbuurt,Entire home/apt,285,1,64,0.9,1,44,5,"Bakery: Anook Bakehouse
Florist: Jonkmans Bloemenhandel
Massage: Massage Ying Ying
Breakfast restaurant: The Breakfast Club

The area reads as everyday-residential. The specific draws that make it so are the presence of a local bakery, a neighborhood florist, a massage studio, and a casual breakfast restaurant, which serve the daily needs of local residents rather than catering to tourists visiting famous landmarks."
De Baarsjes - Oud-West,Entire home/apt,150,2,75,0.82,1,148,5,"No places were provided in the list, so no nearby places can be named. The area cannot be categorized as tourist-prominent or everyday-residential based on the provided information."
Centrum-West,Entire home/apt,210,4,54,0.92,2,294,2,"doctors: A.N.M. van Grunsven & F.X.W.M. Hofman
bakery: Bunbun
marketplace: Noordermarkt

The area reads as tourist-prominent. The specific draw is Noordermarkt, a famous historic marketplace that attracts significant visitor traffic."
Centrum-West,Entire home/apt,153,2,66,0.91,1,0,0,"Hairdresser: Boudewijn Veltman, Hairtrends & Beauty
Art: The Palace
Restaurant: La Bettola
Brothel: De Denneboom
Convenience: De Buurman
Indian restaurant: Curry Express
Hostel: Ashoka
Thai restaurant: Ashoka
General: Gays & Gadgets
Pizza restaurant: Made in Sud
Pub: De Buurman
Gift: Gays & Gadgets
Hotel: Budget Hotel Tourist Inn, Hotel Tourist INN
Bicycle_rental: Hotelbikes, Hotelbikes

The area reads as tourist-prominent. The specific draws that make it so are the presence of multiple hotels and hostels like Budget Hotel Tourist Inn, Hotel Tourist INN, and Ashoka, as well as the availability of bicycle rentals through Hotelbikes, which are services primarily targeted at visitors rather than local residents."
Oud-Oost,Entire home/apt,150,2,42,0.48,1,85,0,"Restaurant: Bam Boa, Troef, Weesper
Outdoor seating: Bam Boa
Garden: Bam Boa

This area reads as everyday-residential. The specific draws are the local dining establishments Bam Boa, Troef, and Weesper, which serve as neighborhood gathering spots rather than major tourist landmarks or attractions."
De Pijp - Rivierenbuurt,Private room,70,2,279,2.99,1,332,4,"Garden: None
School: 6e Montessorischool Anne Frank

The area reads as everyday-residential. The specific draw is the 6e Montessorischool Anne Frank, which serves the local community and families living in the neighborhood."
Zuid,Private room,63,1,406,4.55,2,5,25,No places were provided to categorize. The area cannot be assessed.
Zuid,Entire home/apt,475,4,65,0.87,1,18,2,"Clothes: Ba&sh, Canada Goose, Cavallaro Napoli, Elisabetta Franchi, G-Star Raw, Profuomo, Stone Island, Woolrich
Hotel: Hotel Cornelisz, Hotel Museumzicht
Indonesian restaurant: Sama Sebo
Pub: De Posthoorn
Gift: The A'dam Giftshop
Jewelry: Schaap en Citroen

The area reads as tourist-prominent. The presence of Hotel Cornelisz, Hotel Museumzicht, and The A'dam Giftshop indicates a high volume of visitors, while the concentration of high-end fashion brands like Canada Goose, Stone Island, and Woolrich alongside a specialized jewelry store like Schaap en Citroen suggests a premium shopping district designed to cater to travelers and luxury consumers."
Centrum-Oost,Entire home/apt,397,3,48,0.62,1,2,4,"Art: Atelier Hop, Studio AnnaMora
Apartment: De Kleine Reus
Fitness_centre: Studio AnnaMora
Car_repair: Autobedrijf Wassenberg
Hotel: Euphemia Budget Hotel
Pharmacy: Alphega Apotheek
School: De Kleine Reus

The area reads as tourist-prominent. The specific draw that makes it so is the Euphemia Budget Hotel, which indicates a location catering to visitors and travelers."
De Pijp - Rivierenbuurt,Entire home/apt,220,3,62,0.67,1,188,0,"No places were provided in the list, so no nearby places can be named. The area cannot be categorized as tourist-prominent or everyday-residential based on the provided information."
Noord-West,Private room,75,2,245,2.63,1,286,8,"Playground: NoordRijk

The area reads as everyday-residential. The specific draw is the playground, which serves as a local recreational facility for residents."
Oud-Noord,Entire home/apt,180,3,95,1.02,1,53,4,"No places were provided in the list, so no nearby places can be named. The area cannot be categorized as tourist-prominent or everyday-residential based on the provided information."
Centrum-West,Private room,50,2,226,2.55,1,314,13,"Place types: playground (1)

The area reads as everyday-residential, as there are no famous landmarks or attractions nearby."
Westerpark,Entire home/apt,122,4,52,0.55,1,2,2,"Bar: De Nieuwe Anita
Restaurant: Robin Food Kollektief
Garden: None

The area reads as everyday-residential. The specific draws are De Nieuwe Anita and Robin Food Kollektief, which serve as local community-focused establishments rather than major tourist landmarks."
Oud-Oost,Entire home/apt,170,1,31,0.65,2,0,0,"school: Havo De Hof
restaurant: Mi-Gudu
information: Mi-Gudu
garden: Havo De Hof

The area reads as everyday-residential. The specific draws that make it so are the school and the restaurant, which serve the daily needs of the local community rather than catering to international visitors or sightseeing."
Oud-Noord,Entire home/apt,557,2,4,2.35,2,32,4,"marina: Sixhaven

The area reads as everyday-residential, as the specific draw is a functional marina rather than a famous landmark or tourist attraction."
De Pijp - Rivierenbuurt,Entire home/apt,400,2,35,0.4,1,363,4,"jewelry: Anna+Nina, All The Luck In The World
interior_decoration: Anna+Nina, Living-in By Romy's
clothes: 7115 by Szeki, Aiche, Baskèts, Brick Lane, Elcie, Everyday Hero, Felice, LOVE Stories Archive, Lois, NØLSON, Tally-ho
italian restaurant: Carletto, Spaghetteria
fashion_accessories: Verse
party: De Kinderfeestwinkel
shoes: Baskèts
cannabis_coffee_shop cannabis: Coffeeshop Club Media
hairdresser: Charlotte de Koomen, iV Salon
paint: Phoenix Verf- & Glasspecialisten
tattoo: Inkorporated
second_hand: Second Life
french restaurant: Zaza's

The area reads as everyday-residential. The specific draws that make it so are the presence of practical local services like Phoenix Verf- & Glasspecialisten, De Kinderfeestwinkel, and various hair salons and boutiques that cater to neighborhood residents rather than international sightseers."
Slotervaart,Private room,150,2,41,0.44,3,317,1,"park: Sloterpark

The area reads as everyday-residential, as the specific draw is Sloterpark, a large local recreational space primarily serving the surrounding neighborhood."
Noord-West,Entire home/apt,130,4,12,0.14,1,236,0,"Seafood: Viskraam
Picnic_table: Viskraam

The area reads as everyday-residential, as it lacks famous landmarks or major tourist attractions."
De Pijp - Rivierenbuurt,Entire home/apt,230,3,29,0.45,1,0,0,No places provided. The area cannot be categorized.
De Baarsjes - Oud-West,Entire home/apt,150,14,10,0.11,1,158,0,"Arts centre: De Nieuwe Liefde

The area reads as everyday-residential. The draw is De Nieuwe Liefde, which functions as a local cultural hub and community space rather than a major tourist landmark."
De Baarsjes - Oud-West,Entire home/apt,130,4,76,0.85,1,11,0,"Supermarket: Albert Heijn
Florist: Chris Bloemsierkunst, SandyBloemen.nl
Indonesian fast_food: Warung Kamal Afhaalcentrum
French restaurant: Rue de sevres
Greek restaurant: Biladi
Sandwich fast_food: Wanica Exotics
Optician: George de Jong Optiek
Indian restaurant: Tandoori 2 Go
Garden: None

The area reads as everyday-residential. The specific draws that make it so are the presence of a local supermarket, multiple florists, an optician, and a variety of casual, neighborhood-focused dining options like fast food and ethnic restaurants, which serve the daily needs of local residents rather than catering to tourists."
Oud-Noord,Entire home/apt,350,2,2,0.04,1,169,0,No places provided. The area cannot be categorized.
Bos en Lommer,Entire home/apt,75,3,19,0.45,1,0,2,"park: Erasmuspark
garden: Erasmuspark

The area reads as everyday-residential. The specific draw is Erasmuspark, which functions as a local recreational space for neighborhood residents rather than a major tourist landmark."
Oud-Oost,Entire home/apt,102,7,19,0.21,1,0,1,No places provided. The area cannot be categorized.
Zuid,Entire home/apt,466,3,20,0.26,1,7,1,"place_of_worship: Raw Aron Schuster Synagoge
garden: Jacob Obrechtplein
playground: Jacob Obrechtplein
table_tennis pitch: Jacob Obrechtplein

The area reads as everyday-residential. The specific draws are the local neighborhood garden and playground at Jacob Obrechtplein, which serve as community recreational spaces rather than major tourist landmarks."
Centrum-West,Entire home/apt,175,2,70,0.76,2,0,0,"thai restaurant: Ko Chang
supermarket: Albert Heijn
clothes: Kilo
marketplace: Lapjesmarkt
toys: Mechanisch Speelgoed
deli: Terre Lente
restaurant: Schout bij-nacht
furniture: La maison de sophie
beauty: The Browbarber
pet: Petopia
beverages: World of Nix
tailor: De Gouden Schaar
ramen restaurant: Hinata

The area reads as everyday-residential. The specific draws that make it so are the presence of a supermarket like Albert Heijn, a pet store like Petopia, a tailor like De Gouden Schaar, and a beauty service like The Browbarber, which serve the routine needs of local residents rather than catering to tourists."
Centrum-West,Entire home/apt,250,3,33,0.43,1,37,4,"dancing_school: Buenos Aires Tango, Pasito, The Loft
studio: Kim Sutherland
music_school: Kim Sutherland
arts_centre: Zeni's Art
gallery: Zeni's Art

The area reads as everyday-residential. The specific draws are local specialized instruction and community-focused creative spaces rather than famous landmarks or tourist attractions."
Oud-Oost,Entire home/apt,170,12,7,0.27,1,0,0,"soccer pitch: Cruyff Court
fitness fitness_station: Cruyff Court
garden: Cruyff Court
table_tennis pitch: Cruyff Court
playground: Cruyff Court

The area reads as everyday-residential. The specific draw is the Cruyff Court, which serves as a local recreational facility for residents rather than a famous landmark or tourist attraction."
De Pijp - Rivierenbuurt,Private room,79,2,66,0.92,1,277,7,"sports_centre: Sportcentrum De Pijp, Sporthal de Pijp
soccer pitch: None
multi sports_centre: None
garden: None

The area reads as everyday-residential. The specific draws that make it so are Sportcentrum De Pijp and Sporthal de Pijp, which serve as local community facilities rather than major tourist landmarks."
De Baarsjes - Oud-West,Private room,89,3,57,0.73,1,166,5,"Restaurant: Ashoka kinker
Copyshop: Orange Copy
Falafel fast_food: Dr. Falafel
Coffee cafe: Cafecito

The area reads as everyday-residential. The specific draws that make it so are the presence of a local copy shop, a neighborhood coffee cafe, and casual dining options like a falafel shop and a local restaurant, which serve the daily needs of residents rather than catering to tourists."
Zuid,Entire home/apt,215,2,21,0.28,1,183,0,"bubble_tea cafe: Best Bread Boba
kiosk: De Bijbel: het woord van God
restaurant: Solo
theatre: Concertgebouw
park: Museumplein
picnic_table: Museumplein
parking_exit: Museumplein

The area reads as tourist-prominent. The specific draws that make it so are the Concertgebouw and Museumplein, which are world-renowned cultural landmarks that attract significant international tourism."
Slotervaart,Private room,35,2,286,3.09,3,128,10,"park: Rembrandtpark

The area reads as everyday-residential, as the primary draw is Rembrandtpark, a local green space that serves the daily recreational needs of the surrounding neighborhood rather than functioning as a major tourist landmark."
Centrum-Oost,Private room,101,2,66,0.72,1,11,42,"Restaurant: Los Argentinos, Poké Perfect, NICOLE
Guest_house: Amsterdam Pipe Shop
Japanese restaurant: Japan Inn, Moshi Moshi
Apartment: Granada
Greek restaurant: Zorba de Griek
Kebab fast_food: Karma Kebab
Hostel: Orfeo Hostel
Bar: Bourbon Street Music Club
Shoe_repair: Luk's schoenmakerij
Biergarten: De Biertuin Prinsengracht
Museum: Pijpenkabinet
Tobacco: Hostel Centre

The area reads as tourist-prominent. The specific draws that make it so are the presence of multiple hostels, a music club, and specialized museums like the Pijpenkabinet and Amsterdam Pipe Shop, which cater to visitors rather than local residents."
Centrum-West,Entire home/apt,180,2,38,0.68,1,37,0,"cafe: Café Tabac
artwork: None
information: None

The area reads as everyday-residential, as it lacks the high-profile landmarks or major tourist attractions that would define a tourist-prominent destination."
De Pijp - Rivierenbuurt,Entire home/apt,200,3,38,0.42,1,0,0,"arts_centre: CC Amstel, Cinetol
theatre: Cultuurhuis Diamantslijperij
library: OBA CC Amstel
artwork: Revisiting The Cullinan
garden: Archive by Pestana
restaurant: Archive by Pestana
hotel: Pestana Amsterdam Riverside

The area reads as everyday-residential. The specific draws are the local community-focused facilities such as OBA CC Amstel, CC Amstel, and Cultuurhuis Diamantslijperij, which serve as neighborhood hubs rather than major tourist landmarks."
De Baarsjes - Oud-West,Entire home/apt,165,2,25,0.28,1,154,0,"supermarket: Bilder & de Clercq
cafe: Mook pancakes
ice_cream: IJscuypje
florist: Flowers & Powers

The area reads as tourist-prominent. The specific draws that make it so are Mook pancakes and IJscuypje, which are popular destinations for visitors."
De Baarsjes - Oud-West,Entire home/apt,120,4,42,0.48,1,0,2,"Florist: Bloemenhoek Admiraal
Cafe: Buongiorno Espressobar
Outdoor_seating: Buongiorno Espressobar
Garden: Natuurtuin Slatuinen
Outpost: Gorillas

The area reads as everyday-residential. The specific draws are the local florist Bloemenhoek Admiraal, the neighborhood cafe Buongiorno Espressobar, the community garden Natuurtuin Slatuinen, and the grocery delivery outpost Gorillas, which serve the daily needs of local residents rather than catering to tourists."
Oud-Oost,Entire home/apt,120,2,15,0.18,1,127,0,No places provided. The area cannot be categorized.
De Baarsjes - Oud-West,Entire home/apt,199,2,16,0.3,1,0,4,"Pub: l'Affiche

The area reads as everyday-residential, as it is defined by a single local pub, l'Affiche, rather than famous landmarks or tourist attractions."
Oud-Noord,Entire home/apt,99,3,58,0.65,1,8,1,"School: Taalschool

The area reads as everyday-residential, as the presence of a school indicates a focus on local community and family services rather than tourism."
Westerpark,Entire home/apt,241,2,30,1.76,1,0,3,"Garden: None
Supermarket: Albert Heijn
Convenience: Yassmin
Hairdresser: None
Fast_food: Slagerij Tuana
Cannabis: Coffeeshop de Supermarkt
Veterinary: Dierenkliniek Amsterdam - Frederik Hendrikstraat

The area reads as everyday-residential. The specific draws that make it so are the presence of a local supermarket (Albert Heijn), a neighborhood veterinary clinic (Dierenkliniek Amsterdam - Frederik Hendrikstraat), and local convenience and food services (Yassmin, Slagerij Tuana) which cater to the daily needs of local residents rather than tourists."
De Aker - Nieuw Sloten,Private room,57,2,361,4.04,1,197,32,"Garden: None
Playground: Speeltuin Sloten
Place of worship: Sloterkerk

The area reads as everyday-residential. The specific draws are the local playground and the neighborhood church, which serve the daily needs of the local community rather than acting as major tourist landmarks."
De Pijp - Rivierenbuurt,Private room,100,3,433,4.82,1,58,29,"Hotel: Ibis Styles Amsterdam Amstel, Ibis Styles Amsterdam City
Gallery: Fabric Inspired X Artitude

The area reads as everyday-residential. The specific draws are the two hotels, which serve as standard lodging options, and the single gallery, which lacks the high-profile status of a major tourist landmark."
Westerpark,Entire home/apt,145,3,27,0.31,1,14,0,"No places were provided in the list, so no nearby places can be named. The area cannot be categorized as tourist-prominent or everyday-residential based on the provided information."
De Baarsjes - Oud-West,Entire home/apt,90,6,30,0.34,1,0,0,"No places were provided in the list, so no nearby places can be named. The area reads as everyday-residential because it lacks the famous landmarks or major attractions that define a tourist-prominent location."
Westerpark,Entire home/apt,200,2,10,0.11,1,0,0,"Restaurant: Rainarai
School: Vinseschool
Park: Westerpark, Westergasfabriek
Bar: TonTon Club Westergas
Arts_centre: Westergasfabriek

The area reads as tourist-prominent. The specific draws that make it so are Westergasfabriek and TonTon Club Westergas, which are well-known cultural and entertainment destinations that attract significant visitor traffic."
Oud-Noord,Entire home/apt,130,3,13,0.21,1,137,2,"No places were provided in the list, so no nearby places can be named. The area cannot be categorized as tourist-prominent or everyday-residential based on the provided information."
Watergraafsmeer,Private room,55,2,41,0.51,2,337,0,"pub: Vergulden Eenhoorn
garden: Vergulden Eenhoorn

The area reads as everyday-residential. The specific draw is the Vergulden Eenhoorn, which functions as a local community hub and historic dining spot rather than a major global tourist landmark."
De Pijp - Rivierenbuurt,Entire home/apt,130,3,33,0.49,1,0,0,"Garden: Het Kabinet
Optician: Ace & Tate
Friture fast_food: FEBO
Hairdresser: Ido's Cutting Crew, Look Ahead
Cannabis_coffee_shop cannabis: Coffeeshop Carmona
Wine: Grapedistrict
Shawarma fast_food: Chef Juzzev
Massage: Yu Fung
Chinese restaurant: Meng Si
Pizza restaurant: Pizza Beppe
Guest_house: (None listed)
Gallery: Wim Heldens Atelier/Studio

The area reads as everyday-residential. The draws that make it so are the presence of essential local services and daily conveniences such as the optician Ace & Tate, the wine shop Grapedistrict, the hairdresser Ido's Cutting Crew, and the casual dining options like Pizza Beppe and FEBO, which cater to a local neighborhood population rather than a tourist-heavy crowd."
Centrum-Oost,Private room,105,1,331,3.86,2,0,0,"Museum: Museum Van Loon, Museum of Illusions
Garden: Museum Van Loon

The area reads as tourist-prominent. The specific draws that make it so are Museum Van Loon and Museum of Illusions, which are both popular cultural attractions that draw visitors to the area."
Centrum-West,Private room,65,2,494,5.62,2,185,24,"Restaurant: Ashoka, Day's Foodbar, Van Speyk
Asian restaurant: Joya, SUMO
Burger restaurant: Toro Dorado
Gift: Souvenier Supermarket
Argentinian restaurant: Gauchos
Italian restaurant: CIMA, Sapore Italiano
Nightclub: Bitterzoet
Japanese restaurant: Takumi Ramen
Bicycle_rental: King Bikes
Hotel: Renaissance Amsterdam Hotel, Sint Nicolaas
Regional restaurant: Koepelcafé
Bar: Savini

The area reads as tourist-prominent. The specific draws that make it so are the presence of multiple hotels, a gift shop, and a high concentration of diverse dining options catering to visitors."
Oostelijk Havengebied - Indische Buurt,Entire home/apt,80,2,54,0.84,1,0,0,"soccer pitch: Cruyff Court Sjaak Swart
basketball pitch: Cruyff Court Sjaak Swart
garden: Cruyff Court Sjaak Swart
boules pitch: Cruyff Court Sjaak Swart
chess picnic_table: Cruyff Court Sjaak Swart

The area reads as everyday-residential. The specific draw that makes it so is the Cruyff Court Sjaak Swart, which functions as a local community sports facility rather than a famous tourist landmark."
Watergraafsmeer,Private room,74,2,256,2.93,1,351,18,"No places were provided in the list, so no nearby places can be named. The area cannot be classified as tourist-prominent or everyday-residential based on the provided information."
De Baarsjes - Oud-West,Entire home/apt,236,3,11,0.14,1,9,4,"Marketplace: Ten Katemarkt
Cafe: Cafe Topido, Fika Amsterdam, Sam's Coffee
Seafood: Harchane
Bar: Bar Centraal
Second_hand: A. Mog Tweedehands
Clothes: EFFECT(S)
Interior_decoration: Blooming Interior
Alcohol: Topido
Florist: Abraham Bloemen & Planten
Bakery: Ad Straathof Marktbakkerij

The area reads as everyday-residential. The specific draws that make it so are the presence of a local marketplace like Ten Katemarkt, a neighborhood bakery, a local florist, and several casual cafes, which serve the daily needs of local residents rather than catering to international tourism."
Oud-Noord,Entire home/apt,175,3,28,0.33,1,0,3,No places were provided to categorize.
Zuid,Entire home/apt,168,2,32,0.49,1,95,2,"School: Olympiaschool
Playground: Olympiaschool

The area reads as everyday-residential, as the specific draw is a local school which serves the daily needs of neighborhood families rather than tourists."
Westerpark,Private room,126,2,101,1.2,1,70,21,"restaurant: BAK
theatre: Het Veem Theater
pharmacy: Apotheek Amsterdam
coworking_space: Werkgebouw Het Veem
art: Profilex

The area reads as everyday-residential. The specific draws that make it so are the presence of a local pharmacy (Apotheek Amsterdam) and a dedicated coworking space (Werkgebouw Het Veem), which cater to the daily needs and professional routines of local residents rather than transient visitors."
Noord-West,Private room,53,2,96,1.4,3,176,3,"Dentist: Mondhygiëniste Praktijk Jolanda Heerschop, Tandartsenpraktijk Goos
Garden: None

The area reads as everyday-residential. The specific draws that make it so are the presence of local dental and hygiene practices, which serve the routine health needs of a neighborhood population rather than catering to visitors or tourists."
Centrum-West,Entire home/apt,225,3,38,0.49,1,195,2,"interior_decoration: Studio Nelson Carrilho
mexican restaurant: Rosario
italian_pizza restaurant: La Perla
clothes: Babylon Vintage, Kimzou, Second Hand by Sam Sam, Serekunda, Vindit Vintage, piselli boutique
confectionery: Het Oud-Hollandsch Snoepwinkeltje
cafe: Café de Tuin
pizza restaurant: La Fiorita
arts_centre: What Art Can Do
restaurant: Assaggi, Donna Sofia
pub: Bar Pif
sushi restaurant: Tanoshii sushi
jewelry: Gems
fries fast_food: kleine kanjer
hairdresser: t' Pareltje
beauty: The Beauty Bar
gallery: Oogst
school: Theo Thijssenschool
fast_food: Smoked crispy bacon sandwich house
italian restaurant: Yan Yan
spanish restaurant: La Oliva Pintxos y Vinos

The area reads as everyday-residential. While there are several boutiques and dining options, the presence of a local school (Theo Thijssenschool) and a variety of small, specialized shops rather than major global tourist attractions or famous landmarks suggests a neighborhood focused on local daily life."
Centrum-Oost,Entire home/apt,185,3,36,0.47,1,2,3,"fish restaurant: John Dory
pilates fitness_centre: Bodyvita

The area reads as everyday-residential. The specific draws that make it so are Bodyvita and John Dory, which are local service and dining establishments rather than major tourist landmarks."
De Baarsjes - Oud-West,Entire home/apt,200,3,28,0.65,1,36,2,"Park: Bilderdijkpark
Playground: Bilderdijkpark
Soccer pitch: Bilderdijkpark
Childcare: Partou

The area reads as everyday-residential. The specific draws that make it so are the presence of a local park and childcare facility, which serve the daily needs of neighborhood families."
Zuid,Entire home/apt,225,1,5,0.06,1,365,0,"No places were provided in the list, so no nearby places can be named. The area cannot be classified as tourist-prominent or everyday-residential based on the provided information."
De Pijp - Rivierenbuurt,Entire home/apt,164,3,44,0.55,1,0,1,"school: Individueel Voortgezet Kunstzinnig Onderwijs
regional restaurant: ctaste

The area reads as everyday-residential. The specific draws are the school and the restaurant, which serve the local community rather than being famous landmarks or major tourist attractions."
Centrum-Oost,Entire home/apt,120,2,25,0.3,1,0,0,"Park: Touwbaanpark
Artwork: Bandenboot

The area reads as everyday-residential. The specific draw is Touwbaanpark, which serves as a local recreational space for residents rather than a destination for tourists."
De Baarsjes - Oud-West,Entire home/apt,361,3,9,0.11,1,7,5,"Massage: Massage Salon Oranje
Post_office: Postkantoor West
Convenience: Avondwinkel Hapje
Electronics: Discovery
Newsagent: Larry's
Restaurant: Corner Inn
Hairdresser: Dany
Fast_food: Mount Everest, Ja &Ro
Korean restaurant: Seoul Food
Nutrition_supplements: Vitaminstore
Lighting: Mensink
Bakery: Brioche, Musscher
Houseware: Xenos
Garden_centre: Wildernis
Clothes: Gallery 3, SuperBra
Italian restaurant: Vegitalian
Beauty: Indianaweg

The area reads as everyday-residential. The specific draws that make it so are the presence of a post office, a convenience store, a newsagent, a garden centre, and multiple bakeries, which serve the daily needs of local residents rather than catering to tourists."
Centrum-Oost,Private room,60,2,195,2.39,4,7,34,"Guest house: Deutsche Seemannsheim Amsterdam Guesthouse Keizersgracht

The area reads as everyday-residential. The specific draw is the quiet, canal-side location that provides lodging for seafarers and travelers, rather than proximity to major tourist landmarks or high-traffic attractions."
De Baarsjes - Oud-West,Entire home/apt,248,4,32,0.47,1,154,1,"pub: l'Affiche
artwork: Aquacosta
public_bookcase: public_bookcase

The area reads as everyday-residential. The specific draws that make it so include a local pub and a public bookcase, which are typical amenities for neighborhood daily life rather than major tourist landmarks."
Bos en Lommer,Entire home/apt,268,4,27,0.4,1,0,0,"The area reads as everyday-residential, as there are no famous landmarks or attractions nearby."
Oud-Oost,Private room,216,3,24,0.44,3,287,6,"The provided list contains no places; therefore, the area cannot be categorized as tourist-prominent or everyday-residential based on specific draws."
Westerpark,Entire home/apt,175,3,15,0.27,1,0,0,"Playground: Speeltuin
School: Westerparkschool
Garden: None

The area reads as everyday-residential. The specific draws are the school and playground, which serve the local community and families rather than acting as major tourist landmarks."
Centrum-West,Entire home/apt,160,1000,38,0.72,1,12,6,"Bar: Roquebrun
Beauty: OJAI, Reverse
Antiques: Ditjes & Datjes
Clothes: Café R. de Rosa
Deli: Tiramisúp
Pastry: Les petits canelés

The area reads as everyday-residential. The specific draws that make it so are the presence of local service-oriented businesses such as beauty shops, a deli, and a pastry shop, which cater to the daily needs of residents rather than serving as famous landmarks or major tourist attractions."
Centrum-Oost,Private room,207,1,14,0.2,2,135,2,"doctors: Huisartsenpraktijk M.F. Huijgen
beauty: The City Street Spa
playground: Kokadorus
artwork: None

The area reads as everyday-residential. The specific draws that make it so are Huisartsenpraktijk M.F. Huijgen, The City Street Spa, and Kokadorus, which are local service-oriented and community-based facilities rather than tourist landmarks."
Centrum-West,Private room,189,3,79,1.04,1,340,13,"clothes: (IM)MATERIAL, COCO, Chique de Friemel, Jutka & Riska, Number Nine
tobacco: Primera
attraction: The Movies
interior_decoration: Kuwadro
friture fast_food: De Dijk
optician: Eye Wish
guest_house: Lova
sewing: Hooks & Yarn
hairdresser: Gibson Hair, Haarwerk
pharmacy: Medicijnman Apotheek Mouw & Kruysse
pastry: Zoet & Hartig
supermarket: Ekoplaza
cinema: The Movies
newsagent: Primera
second_hand: Sam Sam
beauty: Amsterdam nail art studio, by Sarune
pizza restaurant: Ristorante Pizzeria Toscana
games: Schaak- en Go-winkel Het Paard
electronics: Tech Plus
breakfast cafe: Toscana
parcel_locker: DHL Pakketautomaat
bakery: Bakkerij Mediterrane
playground: Affaire d'eau
italian restaurant: a Volo!

The area reads as everyday-residential. The specific draws that make it so are the presence of essential services such as the Medicijnman Apotheek Mouw & Kruysse, Ekoplaza, DHL Pakketautomaat, and various local service providers like hairdressers, an optician, and a newsagent, which cater to the daily needs of local inhabitants rather than transient visitors."
Centrum-Oost,Entire home/apt,525,3,35,0.49,1,0,0,"School: De Witte Olifant
Playground: De Witte Olifant
Viewpoint: De Witte Olifant

The area reads as everyday-residential. The specific draw is De Witte Olifant, which functions as a local school and community facility rather than a tourist landmark."
Centrum-West,Entire home/apt,150,3,93,1.17,1,111,7,"theatre: De Toneelmakerij

The area reads as everyday-residential, as the specific draw is a theatre company focused on educational and youth-oriented performing arts productions rather than a major tourist landmark."
Westerpark,Entire home/apt,175,3,66,0.85,1,0,3,"Restaurant: Kosmos

The area reads as everyday-residential. The presence of a garden, picnic table, and playground suggests a local community space or neighborhood park setting rather than a hub for famous landmarks or tourist attractions."
IJburg - Zeeburgereiland,Entire home/apt,499,3,11,0.14,1,175,0,"Garden: Theo van Goghpark
Playground: Theo van Goghpark
Soccer pitch: Theo van Goghpark
Park: Theo van Goghpark
Dentist: Mondzorg Haveneiland
School: Laterna Magica

The area reads as everyday-residential. The specific draws that make it so are the presence of a school (Laterna Magica), a dentist (Mondzorg Haveneiland), and a community park (Theo van Goghpark), which serve the daily needs of local residents rather than catering to tourists."
Oud-Oost,Entire home/apt,120,2,5,0.07,4,337,0,"table_tennis pitch: 1
soccer pitch: 1
bleachers: 1
university: Amstelcampus

The area reads as everyday-residential. The specific draw is the university, which serves as a local educational institution rather than a famous landmark or tourist attraction."
Centrum-West,Private room,200,2,147,1.92,1,0,0,"italian restaurant: Pizza Pasta Steaks
cheese: Amigo
sandwich fast_food: Broodje Mokum
thai restaurant: Thaise Afhaal Dong Son
bar: Café Brakke
houseware: Blokker
dutch restaurant: Oude Wester
clothes: Hope
shoes: Sneaker District
esoteric: Wegewijs
erotic: Mister B
hairdresser: Theatre de Coiffure, Toni & Guy
burger fast_food: Maijard Smashburgers
argentinian restaurant: Fabula Rosa
massage: Tara massage
coffee_shop cafe: Simon Lévelt

The area reads as everyday-residential. While there are some specialized shops, the presence of essential services like Blokker, multiple hairdressers, a cheese shop, and a coffee and tea merchant indicates a neighborhood designed for the daily needs of local residents rather than a hub for major tourist landmarks."
Oud-Noord,Entire home/apt,100,3,30,0.47,1,0,0,"Skateboard pitch: De muur
Artwork: De muur
Garden: De muur

The area reads as tourist-prominent. The specific draw is De muur, which is a famous landmark."
Centrum-West,Entire home/apt,600,3,25,0.52,1,69,2,"public_bookcase: Egelantiersgracht
attraction: Egelantiersgracht

The area reads as tourist-prominent. The specific draw is Egelantiersgracht, which is a famous and picturesque canal in the historic Jordaan district of Amsterdam, widely recognized as a major landmark for visitors."
De Baarsjes - Oud-West,Entire home/apt,199,4,40,0.59,1,6,0,"public_bookcase: Supervorm
restaurant: Focacceria
mexican fast_food: Don Burrito
thai restaurant: Muang Thai
cannabis: Coffeeshop Vondel
beauty: Clinic Pure
local cafe: Toasty!
tailor: (None)
pizza fast_food: Papa John's

The area reads as everyday-residential. The specific draws that make it so are the presence of a local cafe like Toasty!, a beauty clinic like Clinic Pure, and a variety of casual dining options such as Focacceria, Don Burrito, Muang Thai, and Papa John's, which cater to the daily needs of local residents rather than tourists."
Oud-Oost,Private room,69,1,433,5.55,1,32,31,"community_centre: Tugelahuis

The area reads as everyday-residential. The specific draw is the Tugelahuis, which serves as a local community centre rather than a tourist landmark."
Westerpark,Entire home/apt,125,2,5,0.07,1,289,0,"cannabis: Toko Hangalampoe
guest_house: Westerpark Home
garden: Bario Market
artwork: Tegenbeeld
bar: De Republiek
convenience: Bario Market
deli: Bario Market

The area reads as tourist-prominent. The specific draw that makes it so is Checkpoint Charlie, a world-famous historical landmark."
Westerpark,Entire home/apt,97,3,331,4.19,1,121,16,"hairdresser: Florin
garden: Florin

The area reads as everyday-residential, as it lacks the high-profile landmarks or major attractions typically associated with tourist-prominent locations."
De Baarsjes - Oud-West,Entire home/apt,325,4,16,0.21,1,145,1,"park: Bilderdijkpark
pub: Janszen
artwork: Janszen

The area reads as everyday-residential. The specific draws are the local park and the neighborhood pub, which serve the daily needs of residents rather than catering to tourists or famous landmarks."
Oud-Oost,Entire home/apt,121,4,27,0.34,1,111,2,"University: Amstelcampus
College: Benno Premselahuis, Koetsier-Montaignehuis
Garden: YUSU
Cafe: None

The area reads as everyday-residential. The specific draws are the educational institutions and the garden, which serve the local student population and community rather than international tourists."
Oud-Noord,Entire home/apt,195,4,32,0.61,1,3,5,"park: Noorderpark

The area reads as everyday-residential, as the primary draw is Noorderpark, a local green space serving the surrounding community."
Westerpark,Entire home/apt,113,3,35,0.46,1,0,0,"No places were provided in the list, so no nearby places can be named. The area cannot be classified as either tourist-prominent or everyday-residential based on the provided input."
Centrum-Oost,Entire home/apt,160,3,22,0.32,1,0,0,"Public bookcase: (none)

The area does not contain enough information to determine if it is tourist-prominent or everyday-residential."
Centrum-West,Private room,65,3,12,0.18,1,0,0,"public_bookcase: De Smederij
fashion_accessories: Demure couture hat
jewelry: Nous
coffee_shop cafe: De Smederij
breakfast restaurant: The Breakfast Club
bicycle: Rent a Bikey
driving_school: RVV.NL

The area reads as everyday-residential. The specific draws that make it so are the presence of a local driving school (RVV.NL), a neighborhood breakfast spot (The Breakfast Club), and utility-focused services like a bicycle rental (Rent a Bikey) and a community-oriented public bookcase (De Smederij), which cater to the daily needs of residents rather than international tourists."
Centrum-Oost,Entire home/apt,199,2,57,0.73,1,213,1,"Place types: playground (1)

The area reads as everyday-residential, as there are no famous landmarks or attractions nearby."
Centrum-West,Private room,175,2,232,4.0,1,79,2,"fitness fitness_centre: SportCity
playground: Piramide Speeltuin

The area reads as everyday-residential. The specific draws are a local fitness centre and a neighbourhood playground, which serve the daily needs of residents rather than attracting tourists."
Centrum-West,Entire home/apt,275,6,28,0.36,1,48,9,"Gallery: Galerie Staaf

The area reads as tourist-prominent due to the presence of Galerie Staaf, which serves as a cultural draw."
Westerpark,Shared room,60,1,3,0.05,1,16,0,"arts_centre: Westergasfabriek
park: Westerpark
information: Westergasfabriek

The area reads as tourist-prominent. The specific draws are Westergasfabriek, which serves as a major cultural and events venue, and Westerpark, a well-known public space that attracts both visitors and locals for recreation."
Oud-Oost,Entire home/apt,110,2,22,0.29,1,0,0,"french restaurant: Rijsel
restaurant: Mr Watson
park: Wibautpark
garden: Marci Panis
theatre: Marci Panis

The area reads as everyday-residential. The specific draws are Wibautpark, which serves as a local recreational space, and the presence of neighborhood-focused dining establishments like Rijsel and Mr Watson, which cater to residents rather than large-scale tourist crowds."
Gaasperdam - Driemond,Private room,46,1,220,3.3,1,318,10,"park: Gaasperzoom

The area reads as everyday-residential, as the specific draw is Gaasperzoom, a local recreational green space used primarily by residents for nature walks and outdoor activity rather than being a major tourist landmark."
Centrum-West,Entire home/apt,193,5,19,0.27,1,8,1,"attraction: Roode Bioscoop
sewing: Hooks & Yarn
pharmacy: Medicijnman Apotheek Mouw & Kruysse
clothes: Chique de Friemel, De Kledingspecialist, Number Nine
supermarket: Ekoplaza
cinema: The Movies
newsagent: Primera
music: Eardrum Buzz
pub: 't Centrum
second_hand: (IM)MATERIAL
hairdresser: Cut The Crap, Gibson Hair
theatre: Roode Remise
beauty: Amsterdam nail art studio, by Sarune
pizza restaurant: Ristorante Pizzeria Toscana
tailor: Lova
games: Schaak- en Go-winkel Het Paard
electronics: Tech Plus
cafe: The Lunch Club
breakfast cafe: a Volo!
parcel_locker: DHL Pakketautomaat
bakery: Bakkerij Mediterrane
playground: (None listed)
italian restaurant: Toscana
tanning_salon: Sunday's
vacant: (None listed)
fast_food: (None listed)

The area reads as everyday-residential. The specific draws that make it so are the presence of essential local services including the Medicijnman Apotheek Mouw & Kruysse, Ekoplaza, Primera, and the DHL Pakketautomaat, which cater to the daily needs of local residents rather than transient visitors."
Westerpark,Entire home/apt,80,3,61,0.78,1,1,0,"Garden: Chapiteau
Musical_instrument: Saxomania
Cannabis: None
Bicycle: Gregario Cycling Services

The area reads as everyday-residential. The specific draws are a local cycling service and a musical instrument shop, which cater to the needs and hobbies of local residents rather than serving as major tourist landmarks."
De Baarsjes - Oud-West,Entire home/apt,121,3,54,0.7,1,174,2,"No places were provided in the list, so no nearby places can be named. The area cannot be categorized as tourist-prominent or everyday-residential."
De Pijp - Rivierenbuurt,Entire home/apt,279,4,16,0.21,1,0,0,"Garden: None
Alcohol: Gall & Gall
Supermarket: Albert Heijn
Dry cleaning: Zuid Stomerijen
Restaurant: Perry's Eethuis
Sushi restaurant: I Love Sushi
Korean restaurant: The Bab

The area reads as everyday-residential. The specific draws that make it so are the presence of a supermarket (Albert Heijn), a dry cleaner (Zuid Stomerijen), and a variety of local dining options, which serve the routine needs of local residents rather than catering to tourists."
Centrum-Oost,Entire home/apt,147,5,147,2.13,1,293,10,"Ethiopian restaurant: Kilimanjaro
Information: Entrepotdok
Italian restaurant: Verena
Pub: Café Scharrebier
Restaurant: Eenvistweevis

The area reads as everyday-residential. The specific draws that make it so are the inclusion of a local pub, a general restaurant, and an Ethiopian restaurant, which collectively suggest a neighborhood-focused dining and social scene rather than a concentration of major tourist landmarks."
De Baarsjes - Oud-West,Entire home/apt,629,1,19,0.25,1,68,1,"Marketplace: Ten Katemarkt
Ice cream: Massimo Gelato
Curtain: Gordijnenhuis Madina
Electronics: Cetas Satellite
Italian restaurant: Spaghetteria Pasta Bar

The area reads as everyday-residential. The specific draws that make it so are Ten Katemarkt, which serves as a local neighborhood market, and the presence of specialized service and retail shops like Gordijnenhuis Madina and Cetas Satellite, which cater to the daily needs of local residents rather than transient visitors."
Oud-Oost,Entire home/apt,120,5,33,0.59,1,28,1,"Marketplace: Dappermarkt
Kebab fast_food: Beste Döner
Cannabis: Happy People

The area reads as everyday-residential. The specific draw is the Dappermarkt, which serves as a local neighborhood market for residents rather than a destination for international tourists."
De Baarsjes - Oud-West,Entire home/apt,120,2,5,0.06,1,0,0,"No places were provided in the list, so no nearby places can be named. The area cannot be classified as either tourist-prominent or everyday-residential based on the provided input."
De Pijp - Rivierenbuurt,Entire home/apt,99,2,55,0.91,1,0,3,"mexican restaurant: Cabrón
clothes: Hollywood Mode
vacant: Zyclone
fast_food: BagelBoy
fitness fitness_centre: HIIT FIT
pilates fitness_centre: Pilates For Her
hairdresser: Freshcut Zuid
florist: De Plantenmarkt
tailor: Saskia's Huiskamer
restaurant: Toko Hola
chemist: Drogisterij Yousef
coffee_shop cafe: Amsterdam Dreamz
smartshop: Rudi's Original Stroopwafels
pizza restaurant: Pizzeria da Michele
fitness_centre: Personal Gym Albert Cuyp
tattoo: Hachi.ink
supermarket: ReLove Outlet
second_hand: ReLove Outlet
marketplace: Albert Cuyp-markt
kickboxing sports: Sportshop Peter Jan

The area reads as tourist-prominent. The presence of the Albert Cuyp-markt and Rudi's Original Stroopwafels makes it a significant draw for visitors seeking famous local landmarks and traditional experiences."
De Pijp - Rivierenbuurt,Entire home/apt,350,1,109,1.47,1,263,7,"Garden: None
Japanese restaurant: En Japanese kitchen & Sake bar
Pub: Loop51

The area reads as everyday-residential. The specific draws are the local dining and social establishments, which cater to routine neighborhood activity rather than serving as major tourist landmarks."
Zuid,Entire home/apt,333,7,10,0.14,1,319,0,"Pub: Stadscafé van Mechelen
Playground: Legmeerplein
Park: Legmeerplein
Garden: De fietsentuin
Bicycle: De fietsentuin

The area reads as everyday-residential. The specific draws are the local playground and garden at Legmeerplein and De fietsentuin, which serve the daily needs of the neighborhood community rather than catering to international tourists."
Oostelijk Havengebied - Indische Buurt,Private room,125,3,100,2.31,1,141,9,"Sandwich fast_food: Subway
Outdoor_seating: Subway

The area reads as everyday-residential because it lacks famous landmarks or major tourist attractions, featuring only a standard fast-food chain."
De Pijp - Rivierenbuurt,Private room,66,1,637,8.57,2,65,44,"shoes: Tjin's
post_office: Daniele Dentici
bakery: Broodje Popov
beauty: Me Gorgeous!, The Sunflower
south_african pub: Lion's Head Restaurant & Brewery
sushi restaurant: Tewatashi
doityourself: Praxis
turkish fast_food: Have A Roll
fast_food: Exotica
middle_eastern fast_food: Rodja Hummus & More
vacant: Lavina
indian fast_food: Roopram Roti
massage: Veranda Wellness & Spa
garden: KIKIBOBA
tailor: Libas Kledingreparatie & Stomerij
billiards bar: Café Biljart Van Wou
pet: Allrepair7
sandwich fast_food: Taste Like Chicken, Warung Mini Van Wou
dutch restaurant: Heemelrijck
tobacco: Tabak- & Vapeshop Van Wou
cafe: Badeta Koffiebranders
surinamese fast_food: Tjin's
coffee: Badeta Koffiebranders
ramen restaurant: Otemba

The area reads as everyday-residential. The specific draws that make it so are the presence of essential local services such as a post office, a tailor, a doityourself store, and a pet shop, combined with a high density of neighborhood-focused eateries like a bakery, various fast food options, and a local cafe."
IJburg - Zeeburgereiland,Private room,45,180,333,4.29,2,189,0,"Bakery: De Bakkersfiets

The area reads as everyday-residential because it contains only a local bakery without any famous landmarks or major tourist attractions nearby."
Oostelijk Havengebied - Indische Buurt,Entire home/apt,125,2,27,0.35,1,323,0,"butcher: Basirco Vlees
travel_agency: Hilal Reizen
mobile_phone: Durmaz Telecom, Phone Home
supermarket: M. Merkato
restaurant: Ricardo's, Zondag
vacant: Saïdi
fast_food: Topkapi
clothes: Mitts
surinamese restaurant: Asiya
beauty: &Brows
bakery: Lechería
chemist: Afaker
jewelry: Lara Hair and Beauty Cosmetics
italian restaurant: Bar Ristorante Gallizia
hairdresser: Lara Hair and Beauty Cosmetics
garden: Zondag

The area reads as everyday-residential. The specific draws that make it so are the presence of essential local services such as a butcher, supermarket, chemist, and hairdresser, which cater to the daily needs of residents rather than tourists."
Bos en Lommer,Entire home/apt,131,5,41,0.59,1,290,2,"Pub: Café de Fluiter

The area reads as everyday-residential. The specific draw is Café de Fluiter, which functions as a local neighborhood establishment rather than a famous landmark or tourist attraction."
Watergraafsmeer,Entire home/apt,125,4,38,0.63,1,0,0,"Garden: De Amstel
Playground: De Amstel
School: De Amstel

The area reads as everyday-residential. The specific draws that make it so are the presence of a school and a playground, which are characteristic of neighborhood-focused infrastructure rather than major tourist landmarks."
Bos en Lommer,Entire home/apt,71,2,34,0.44,1,9,3,"The area contains no listed places. Based on the provided data, the area cannot be categorized as either tourist-prominent or everyday-residential."
Oostelijk Havengebied - Indische Buurt,Entire home/apt,200,3,28,0.74,1,0,0,"school: Bilal Aben Rabah, De Indische Buurtschool
clothes: Kwiyasse, Nour, Things I like things I love
houseware: Zeeman
restaurant: The Meets
flooring: Victoria Carpet Center
supermarket: Java Markt, Saïdi
convenience: Late Night Liquorstore
indian restaurant: Mirchi
italian restaurant: Bar Ristorante Gallizia
hairdresser: Barbershop Murat, La Belleza, Sfifa Azharaa
seafood: Cape de l'eau, El Pescado
indonesian restaurant: Indonesia Indah
gift: Café Insulinde
tobacco: Tabakshop Java
ice_cream: IJs van Oost
kebab fast_food: 50 Shades of Döner
garden: Sushito
regional restaurant: Café Insulinde
pub: Café Insulinde

The area reads as everyday-residential. It is defined by local amenities serving daily needs, such as the supermarkets Java Markt and Saïdi, the schools Bilal Aben Rabah and De Indische Buurtschool, and various neighborhood-focused service providers like Barbershop Murat and Victoria Carpet Center, rather than major tourist landmarks."
Centrum-Oost,Entire home/apt,295,3,165,2.32,2,311,9,"theatre: Koninklijk Theater Carré
hotel: The Bridge Hotel
guest_house: Houseboat Orpheus

The area reads as tourist-prominent. The specific draws that make it so are the Koninklijk Theater Carré, which is a major cultural landmark, and the presence of unique, visitor-focused accommodations like The Bridge Hotel and Houseboat Orpheus, which cater to travelers exploring the city."
De Pijp - Rivierenbuurt,Private room,126,2,290,3.85,2,293,44,"electronics: Elektrovisie
mobile_phone: Elektrovisie
coffee_shop cafe: SuperFly
garden: SuperFly
cannabis: SuperFly

The area reads as everyday-residential. The specific draws are the local electronics store and the coffee shop, which serve the daily needs and leisure habits of local residents rather than catering to international sightseeing or major tourist landmarks."
De Pijp - Rivierenbuurt,Entire home/apt,175,4,44,0.58,1,0,3,"Place types: picnic_table (1), garden (1)

This area reads as everyday-residential, as there are no famous landmarks or major tourist attractions listed."
Centrum-West,Entire home/apt,180,1,15,0.21,1,0,0,"Police: Hoofdbureau van Politie
Falafel fast_food: Dr. Falafel

The area reads as everyday-residential. The presence of a local police headquarters and a casual fast-food eatery suggests a functional neighborhood setting rather than a destination centered around famous landmarks or tourist attractions."
Oud-Oost,Entire home/apt,164,3,43,0.58,1,0,0,"garden: Aldoende
place_of_worship: Oosterparkkerk
school: Aldoende

The area reads as everyday-residential. The specific draws are the local school and place of worship, which serve the immediate needs of the neighborhood community rather than catering to tourists."
Westerpark,Entire home/apt,125,3,60,0.81,1,188,4,"Bicycle: Gregario Cycling Services
Musical_instrument: Saxomania

The area reads as everyday-residential. It lacks famous landmarks or major tourist attractions, instead featuring specialized local businesses that serve niche community interests."
Centrum-West,Entire home/apt,149,3,36,0.6,1,7,1,"hairdresser: Rob Admiraal
tattoo: Frank Feijen

The area reads as everyday-residential. The specific draws are the presence of local service-based businesses like a hairdresser and a tattoo studio, which cater to the daily needs of local residents rather than serving as famous landmarks or attractions for tourists."
Zuid,Entire home/apt,220,2,21,0.31,1,0,0,No places provided. The area cannot be categorized.
Oostelijk Havengebied - Indische Buurt,Entire home/apt,100,3,24,0.32,1,0,0,"school: De Indische Buurtschool
garden: None

The area reads as everyday-residential. The specific draw that makes it so is the presence of De Indische Buurtschool, which serves the local community."
Centrum-West,Entire home/apt,266,7,65,2.68,2,72,0,"attraction: Dampkring
restaurant: Miss B by la Grotte
nutrition_supplements: Vitaminstore
garden: Popeye
cannabis: Dampkring, Las Marias
clothes: BrandMission
mediterranean fast_food: Maoz Falafel
soft_drugs cannabis: Dampkring
deli cafe: Vinnies
guest_house: B&B Barangay
pitch: Popeye

The area reads as tourist-prominent. The specific draws that make it so are Dampkring, which is a famous cannabis landmark, and Maoz Falafel, a well-known international chain often frequented by visitors."
Centrum-West,Private room,66,3,164,2.61,1,266,3,"No places were provided in the list, so no nearby places can be named. The area cannot be categorized as tourist-prominent or everyday-residential based on the provided information."
De Baarsjes - Oud-West,Entire home/apt,110,5,36,0.52,1,135,2,"telecommunication: Vodafone Ziggo
houseware: De Meesterslijpers
optician: Hans Anders
clothes: Gekaapt, Project 86 Men
massage: The Spa
turkish fast_food: Dönerland Eethuis
money_transfer: Moneytrans
convenience: De Indian Mart, Hong Kong Superstore
dry_cleaning: Nusselein
variety_store: Ab-art
mobile_phone: U Break I Fix Amsterdam
hairdresser: Mydollishhair
bicycle: Cycle
jewelry: Nicole
beauty: Hazel Notenen & zuidvruchten

The area reads as everyday-residential. The specific draws that make it so are the presence of essential local services such as a dry cleaner, hairdresser, mobile phone repair shop, money transfer service, and multiple convenience stores, which cater to the daily needs of local residents rather than tourists."
De Pijp - Rivierenbuurt,Entire home/apt,120,3,22,0.44,1,0,0,"No places were provided in the list, so no nearby places can be named. The area cannot be categorized as tourist-prominent or everyday-residential based on the provided information."
Centrum-Oost,Entire home/apt,325,2,68,1.15,1,201,4,"attraction: Montelbaanstoren

The area reads as tourist-prominent due to the presence of the Montelbaanstoren, a historic landmark and famous tower that draws visitors interested in the city's heritage."
Centrum-Oost,Entire home/apt,185,2,41,0.64,1,38,3,"Playground: De Stadstuin
Park: De Stadstuin

The area reads as everyday-residential, as it is defined by a local community space rather than major tourist landmarks or attractions."
Bos en Lommer,Entire home/apt,200,2,83,1.12,1,22,3,"Place types:
Petruskerk: place_of_worship
Sloterdijk: grave_yard, information

The area reads as everyday-residential. The specific draws are the Petruskerk, which serves the local community, and the Sloterdijk cemetery and information point, which are functional local sites rather than major tourist attractions."
Zuid,Entire home/apt,263,3,72,1.01,4,289,13,"Clothes: Cucinelli, Dior, Dolce & Gabbana, Hermès, Liu Jo, Maxies, Oger, Philipp Plein, The Kooples, Wolford
Hotel: Hotel Jan Luyken Amsterdam
Cosmetics: Dior
Jewelry: Tiffany & Company
Restaurant: Maxies
Playground: Maxies

The area reads as tourist-prominent. The specific draws that make it so are the high concentration of luxury international fashion houses and jewelry brands such as Dior, Hermès, Dolce & Gabbana, and Tiffany & Company, which are characteristic of high-end shopping districts frequented by visitors."
Westerpark,Private room,113,1,416,5.66,1,363,7,"Place types: picnic_table (1)

Area classification: everyday-residential. The area contains no specific draws or landmarks."
De Pijp - Rivierenbuurt,Entire home/apt,140,3,27,0.43,1,0,0,"school: College ZUYD

The area reads as everyday-residential, defined by the specific draw of College ZUYD."
De Pijp - Rivierenbuurt,Private room,77,2,180,2.63,1,0,0,"No places were provided in the list, so no nearby places can be named. The area cannot be classified as tourist-prominent or everyday-residential."
Zuid,Entire home/apt,200,3,28,0.65,1,237,3,"italian restaurant: Classico
pub: George W.P.A.
clothes: Oska
restaurant: Gruter
arts_centre: SBK / Galerie59

The area reads as everyday-residential. The specific draws are the local dining options like Classico and Gruter, the community-focused pub George W.P.A., the specialized retail of Oska, and the local cultural engagement provided by SBK / Galerie59, which serve the daily needs and interests of residents rather than catering to high-traffic tourist landmarks."
Zuid,Entire home/apt,345,3,44,0.61,1,28,1,"The area does not contain enough information to determine its character, as no places were provided to evaluate."
De Baarsjes - Oud-West,Private room,79,3,243,3.78,1,58,20,"Place types:
place_of_worship: Westermoskee
playground: (None provided in the list)

The area reads as everyday-residential. The specific draw is the Westermoskee, which serves as a local community and religious center rather than a major tourist landmark."
Slotervaart,Entire home/apt,120,5,23,0.34,1,9,0,"park: Rembrandtpark

The area reads as everyday-residential, as the primary draw is Rembrandtpark, which serves as a local recreational space for neighborhood residents rather than a major tourist landmark."
Oud-Oost,Entire home/apt,161,2,66,0.99,1,10,10,"park: Wibautpark
garden: Wibautpark

The area reads as everyday-residential. The specific draw is Wibautpark, which serves as a local recreational space for residents rather than a famous landmark or tourist attraction."
De Baarsjes - Oud-West,Entire home/apt,125,2,3,0.07,1,22,0,"park: Rembrandtpark
fast_food: Lunch Hoek
artwork: Wolk
asian restaurant: Wok day&night

The area reads as everyday-residential. The primary draw is Rembrandtpark, a local green space that serves the surrounding neighborhood rather than functioning as a major tourist destination."
Centrum-West,Entire home/apt,449,3,55,0.78,1,319,2,"fitness_centre: Double Shift
garden: None

The area reads as everyday-residential. The presence of Double Shift suggests a local facility serving the immediate community rather than a destination for visitors."
Centrum-West,Entire home/apt,745,3,18,0.29,1,5,0,"Place types:
Pub: Café de Klepel, Twee Prinsen
Vacant: At Letting
Restaurant: Bistro-Brasserie Bleu, Oslo, Prinsheerlijk, Simz Exotic Food, Vennington
Gift: studio ROOF
Interior_decoration: Square feet
Clothes: Comme des Garcons Pocket, Kikkie, Margriet Nannings, Margriet Nannings 50% store, Oska
French restaurant: Bistro-Brasserie Bleu
Pastry: De laatste kruimel
Arts_centre: De Rode Hoed
Shoes: Tommy Page
Tobacco: Vintage detective
Deli: Simz Exotic Food
Hairdresser: Prinsheerlijk
Stationery: Likestationery

The area reads as tourist-prominent. The presence of De Rode Hoed, a well-known cultural and event venue, along with popular dining spots like De laatste kruimel and Café de Klepel, draws significant foot traffic from visitors exploring the city center."
Centrum-West,Entire home/apt,195,3,3,0.05,1,123,0,"Artwork: Energie en tijd
Playground: None

This area reads as everyday-residential. The specific draw is Energie en tijd, which serves as a localized piece of public art rather than a major tourist landmark."
Zuid,Entire home/apt,118,4,18,0.25,1,219,0,"Pet: 't Dierenhoekje
Supermarket: Albert Heijn, Mensink
Bakery: Klavertje
Coffee_shop cafe: Simons Tafel
Greengrocer: Kokkes
Fast_food: Wok Inn
Bicycle: Daniel Tweewielers
Photo: Victory's Foto Expres
Houseware: Nomos
Dentist: De Tandenpraktijk

The area reads as everyday-residential. The specific draws that make it so are the presence of essential local services including two supermarkets, a greengrocer, a bakery, a dentist, and a bicycle shop, which cater to the daily needs of local residents rather than tourists."
De Baarsjes - Oud-West,Entire home/apt,144,2,20,0.38,1,154,4,"Garden: None
Place of worship: Moskee an-Nour
Car repair: None
Pizza restaurant: Buurman & Buurman Eetwinkel De With
Cannabis: Centrumkings, El Marssa Coffeeshop

The area reads as everyday-residential. The specific draws are the local pizza restaurant and the place of worship, which serve the daily needs and community life of residents rather than catering to tourists."
Centrum-West,Private room,150,2,179,2.58,2,0,0,"restaurant: Humphrey's, La Zoccola del Pacioccone, OMG! Burger
tattoo: Tattoo & Gallery
cafe: Mortimer, Partout
gift: Souvenir Supermarket
convenience: All You Need
bicycle_rental: The King, Yellow Bike
hairdresser: Barbershop Stardam
laundry: Wash Care
frame: Akhnaton
breakfast restaurant: Bagels Sandwich Village
events_venue: Akhnaton
outdoor_seating: Partout

The area reads as tourist-prominent. The presence of Souvenir Supermarket and multiple bicycle rental shops like The King and Yellow Bike indicates a focus on visitors and sightseeing rather than everyday residential needs."
Centrum-Oost,Entire home/apt,247,2,46,0.65,1,0,0,"Pub: Le Patron
Laundry: Wash Queen Laundry
Fast_food: Broodjeszaak Etenstijd
Coffee_shop cafe: Luuk's Coffee
Tattoo: Underground Ink
Pastry: Pinuku
Hairdresser: Van Dulst Kappers
Garden: Deninie
Beauty: De Badjassenwinkel
Gift: De Badjassenwinkel
Indonesian restaurant: Proper. Indofood

The area reads as everyday-residential. The specific draws that make it so are the presence of essential local services such as Wash Queen Laundry, Van Dulst Kappers, and Broodjeszaak Etenstijd, which cater to the routine needs of local inhabitants rather than transient visitors."
Centrum-West,Entire home/apt,178,2,29,0.47,1,116,0,"storage_rental: BOXIE24 Opslag huren Amsterdam
outdoor_seating: Morlang, Walem
garden: Morlang

The area reads as everyday-residential. The specific draws are the presence of local dining and social establishments like Morlang and Walem, which serve as neighborhood staples, alongside a utility-focused business like BOXIE24 Opslag huren Amsterdam, which caters to the practical needs of local residents rather than transient visitors."
De Baarsjes - Oud-West,Entire home/apt,232,3,6,0.15,1,0,0,"internet_cafe: Citynet
bar: Flamingo's

The area reads as everyday-residential. The specific draws are the internet cafe and local bar, which serve the daily needs of residents rather than catering to tourists or sightseeing."
Buitenveldert - Zuidas,Entire home/apt,225,4,9,0.13,1,0,0,"Park: Beatrixpark

The area reads as everyday-residential, as the draw is Beatrixpark, a local green space primarily serving the surrounding neighborhood rather than being a major tourist landmark."
Zuid,Private room,85,2,15,0.33,5,125,0,"Hotel: Hotel Jansen

The area reads as everyday-residential, as it lacks famous landmarks or major tourist attractions."
Centrum-West,Entire home/apt,111,2,73,1.03,1,262,5,"Gallery: Galerie Staaf
Darts bar: Cafe de Muurbloem

The area reads as everyday-residential. The specific draws that make it so are Cafe de Muurbloem and Galerie Staaf, which function as local neighborhood amenities rather than major tourist landmarks or attractions."
Centrum-West,Private room,145,2,91,1.44,1,85,3,"Attraction: Oude Kerk
Bicycle_rental: Black Bikes
Tattoo: La Familia
Artwork: de Wallen
Restaurant: American Bar-bq
Cafe: Koffieschenkerij
Chocolate: Ganache
Museum: Les Deux Frêres
Clothes: Borstplaat

The area reads as tourist-prominent. The specific draws that make it so are Oude Kerk and de Wallen, which are internationally recognized landmarks and attractions that bring high volumes of visitors to the immediate vicinity."
Centrum-West,Private room,102,1,124,1.73,1,145,3,"hotel: Sebastian's
public_bookcase: Sebastian's

The area reads as everyday-residential, as it lacks the high-traffic landmarks or major attractions typically associated with tourist-prominent zones."
De Baarsjes - Oud-West,Entire home/apt,207,3,43,0.62,1,0,0,"Restaurant: Daalder
School: Het Sieraad
Outdoor seating: Daalder

The area reads as everyday-residential. The presence of a school like Het Sieraad indicates a neighborhood focused on local community life rather than major tourist landmarks."
De Baarsjes - Oud-West,Entire home/apt,149,7,12,0.19,1,7,1,"Playground: J.J. Cremerplein, De Zingende Zwaan
Tobacco: A.S.K.
Restaurant: A.S.K.
Supermarket: Serhat Market
School: Brede School Annie M.G. Schmidt

The area reads as everyday-residential. The specific draws that make it so are the school, the supermarket, and the local playgrounds, which serve the daily needs of neighborhood residents rather than catering to tourists."
Oud-Oost,Entire home/apt,330,7,23,0.44,1,48,0,"Pub: Brouwerij Poesiat & Kater
Outdoor seating: Brouwerij Poesiat & Kater

The area reads as everyday-residential. The specific draw is Brouwerij Poesiat & Kater, which functions as a local neighborhood brewery and gathering spot rather than a major tourist landmark."
Centrum-West,Entire home/apt,210,7,85,1.27,2,29,9,"beauty: Koan Float
bar: A. van Wees Proeflokaal
hotel: Ambassade Hotel
restaurant: Brasserie Ambassade

The area reads as tourist-prominent. The specific draws are the Ambassade Hotel and Brasserie Ambassade, which are well-known establishments located in the historic canal district of Amsterdam, attracting visitors seeking high-end hospitality and dining experiences."
De Baarsjes - Oud-West,Private room,122,2,115,1.7,3,295,0,"park: Vondelpark
pub: Fijnkost

The area reads as tourist-prominent. The specific draw is Vondelpark, which is a famous landmark and a major attraction that draws large numbers of visitors."
De Pijp - Rivierenbuurt,Entire home/apt,200,3,32,0.48,1,0,0,No places were provided to categorize. The area cannot be assessed.
De Baarsjes - Oud-West,Private room,122,2,101,1.49,3,289,0,"park: Vondelpark
pub: Fijnkost

The area reads as tourist-prominent. The specific draw is Vondelpark, which is a famous landmark and major attraction."
Centrum-Oost,Entire home/apt,320,5,11,0.22,1,0,0,"Museum: Hollandsche Schouwburg, Nationaal Holocaustmuseum
Pub: Cafe Eik en Linde
Hostel: The Elephant Hostel

The area reads as tourist-prominent. The specific draws are the Hollandsche Schouwburg and the Nationaal Holocaustmuseum, which are significant historical landmarks that attract visitors."
Westerpark,Entire home/apt,135,3,39,0.58,1,2,2,"Place types: garden (1)

Area reading: everyday-residential. There are no specific draws listed to indicate a tourist-prominent area."
Centrum-West,Entire home/apt,200,4,29,0.42,1,0,0,"Place types: playground (1)

The area reads as everyday-residential, as there are no famous landmarks or attractions nearby."
De Baarsjes - Oud-West,Entire home/apt,149,3,16,0.24,1,0,0,"School: Muziekpakhuis
Supermarket: Lidl
Playground: None

The area reads as everyday-residential. The specific draws are the Lidl, which serves as a local grocery resource, and the Muziekpakhuis, which functions as a community-focused music school rather than a tourist landmark."
Zuid,Entire home/apt,109,2,73,1.05,1,360,6,"School: Tobiasschool

The area reads as everyday-residential, as the presence of a school indicates a neighborhood focused on local community and family life rather than tourism."
Geuzenveld - Slotermeer,Private room,57,1,235,3.39,1,355,31,"Supermarket: Albert Heijn
Mall: Winkelcentrum Plein '40-'45

The area reads as everyday-residential. The specific draws are the supermarket and the local shopping mall, which serve the daily needs of local residents rather than catering to tourists or major landmarks."
Westerpark,Entire home/apt,80,15,8,0.12,1,0,0,"bicycle: Gregario Cycling Services
garden: none

The area reads as everyday-residential. The specific draw is Gregario Cycling Services, which serves the local community's recreational and transportation needs rather than catering to tourists."
Centrum-West,Entire home/apt,250,3,66,0.98,3,355,1,"steak_house restaurant: Black and Blue
pub: Taboo, Taboo Kantine
chinese restaurant: Dynasty, Ta-Hwa
french restaurant: El Encanto, Soho
japanese restaurant: Genki
restaurant: Garlic Queen, Middl Eat, Sichuan Food
bar: Bar BLEND
clothes: Artem Bodywear
barbecue restaurant: Seoul Sista
japanese cafe: Duke of Tokyo
hairdresser: Studio 2
italian restaurant: Il Primo, La Casa di Madonna
soft_drugs cafe: Easy Times
tattoo: LunaNoire
ramen restaurant: Tokyo Ramen Takeichi
mediterranean restaurant: Maria to go
american restaurant: The Big Apple
gift: Blik
christmas: Christmas Palace
marketplace: Bloemenmarkt
indonesian restaurant: Sampurna
pancakes fast_food: Old Dutch Pancake House
cheese: Old Amsterdam Cheese Store

The area reads as tourist-prominent. The specific draws that make it so are the Bloemenmarkt, the Christmas Palace, and the Old Amsterdam Cheese Store, which are major landmarks that attract high volumes of visitors."
Bos en Lommer,Entire home/apt,95,2,17,0.25,1,0,2,"community_centre: Mansveltschool

The area reads as everyday-residential because it contains only a community_centre, which serves local residents rather than tourists."
De Pijp - Rivierenbuurt,Entire home/apt,150,2,9,0.14,1,0,0,"Brothel: Gentlemen's Club Park 118
Garden: Sarphatipark
Park: Sarphatipark
Fitness fitness_station: Sarphatipark
Public_bookcase: Sarphatipark
Cafe: Sol Coffee Bar

The area reads as everyday-residential. The specific draws that make it so are Sarphatipark and Sol Coffee Bar, which serve as local recreational and social hubs for residents rather than major international tourist landmarks."
Zuid,Entire home/apt,75,3,8,0.12,1,0,0,"No places were provided in the list, so no nearby places can be named. The area cannot be categorized as tourist-prominent or everyday-residential based on the provided information."
Oud-Oost,Entire home/apt,93,1,66,0.97,1,0,5,"community_centre: Jungle Amsterdam
sports: Sportshop van Swinden
turkish restaurant: Nefis Etli Ekmek
gallery: Atelier Maja Krtsic art diary
hairdresser: Head 2 Head Nuray
fashion_accessories: Daniela Kastavarac
pub: De Dapper
restaurant: Eethuis Brasa
supermarket: Lidl
school: Kalemegdan

The area reads as everyday-residential. The specific draws that make it so are the presence of a supermarket like Lidl, a school like Kalemegdan, a hairdresser like Head 2 Head Nuray, and a community centre like Jungle Amsterdam, which collectively serve the daily needs of local residents rather than catering to tourists."
De Baarsjes - Oud-West,Entire home/apt,120,3,18,0.28,1,184,0,No places were provided to categorize. The area cannot be assessed as tourist-prominent or everyday-residential based on the provided list.
De Baarsjes - Oud-West,Entire home/apt,291,3,179,2.82,5,277,8,"Park: Leidsebosje
Artwork: Herman Heijermans, Horizontale compositie

The area reads as tourist-prominent. The specific draws are the presence of public artworks like Herman Heijermans and Horizontale compositie, which are typically situated in high-traffic, culturally significant urban spaces near landmarks like Leidsebosje."
De Pijp - Rivierenbuurt,Entire home/apt,110,3,41,0.62,1,0,6,"arts_centre: Cinetol, Tempel / de Appel
garden: None
place_of_worship: Theosophische Vereniging

The area reads as everyday-residential. The specific draws are local cultural venues like Cinetol and Tempel / de Appel and a community-focused religious organization like Theosophische Vereniging, which serve the local neighborhood rather than acting as major tourist landmarks."
Westerpark,Entire home/apt,98,3,66,0.97,1,51,4,"Playground: Rolinka
Garden: Enso
Mobile_phone: E.S.M. Phone House
Beauty: Juhique, Semsema
Clothes: Rolinka
Restaurant: Semsema
Burger fast_food: Dandy Burger

The area reads as everyday-residential. The specific draws that make it so are the presence of a local playground, a garden, and essential service-oriented businesses like a mobile phone shop, beauty salons, and a clothing store, which cater to the daily needs of local residents rather than tourists."
De Baarsjes - Oud-West,Entire home/apt,100,3,31,0.47,1,0,0,"Garden: 156
Bar: 156
Cannabis: Coffeeshop 158
Artwork: 156
Fast food: Evert Snack
Clothes: Zeeman

The area reads as everyday-residential. The specific draws that make it so are Evert Snack and Zeeman, which are typical establishments serving the daily needs of local residents rather than tourists."
Watergraafsmeer,Entire home/apt,110,4,36,0.56,2,136,2,"garden: None
hairdresser: Dave Haircreations
houseware: Miele Witgoedcentrum
wine: Pieksman wijnen
car_repair: Autobedrijf H. van Vliet
dentist: Tandartspraktijk Brinkman
jewelry: Edelsmeden Sohier & Gelderman

The area reads as everyday-residential. The specific draws that make it so are the presence of essential local services including a dentist, a car repair shop, a hairdresser, and household appliance and wine retailers, which cater to the daily needs of local residents rather than tourists."
De Baarsjes - Oud-West,Entire home/apt,103,2,277,4.07,1,59,19,"Park: Vondelpark
Artwork: Parkzuid
Cafe: None

The area reads as tourist-prominent. The specific draw is Vondelpark, which is a world-famous landmark and major attraction."
Centrum-West,Private room,117,1,170,2.92,16,359,14,"attraction: de Wallen
museum: Erotisch Museum, Oude Kerk
fast_food: FEBO
brothel: Casa Rosso, Rooms belonging to My Red Light Foundation
bar: American Bar-bq, Black Tiger Bar, New Castle Bar, Old Bridge
restaurant: Anco
place_of_worship: The Tabernacle
tattoo: Excalibur
clothes: Les Deux Frêres
kebab fast_food: Baba Kebab
gift: Favorite Chicken, Grill-Bar Baby
friture fast_food: FEBO
burger fast_food: FEBO

The area reads as tourist-prominent. The specific draws that make it so are de Wallen, the Erotisch Museum, and the Oude Kerk, which are well-known landmarks that attract significant visitor traffic."
Oostelijk Havengebied - Indische Buurt,Entire home/apt,79,5,8,0.15,1,0,0,"No places were provided in the list, so no nearby places can be named. The area cannot be classified as either tourist-prominent or everyday-residential based on the provided information."
Bos en Lommer,Entire home/apt,200,3,58,0.88,1,0,0,There are no places listed to categorize. The area cannot be assessed as either tourist-prominent or everyday-residential.
De Baarsjes - Oud-West,Entire home/apt,189,2,26,0.4,1,33,0,"cat_food cafe: Kattencafé Kopjes
gift: Wild Whiskers
garden: None

The area reads as tourist-prominent. The specific draw is Kattencafé Kopjes, which is a well-known destination for visitors seeking unique animal-themed experiences."
Centrum-West,Private room,114,1,128,1.92,16,358,1,"attraction: de Wallen
museum: Erotisch Museum, Oude Kerk
fast_food: FEBO
brothel: Casa Rosso, Rooms belonging to My Red Light Foundation
bar: American Bar-bq, Black Tiger Bar, New Castle Bar, Old Bridge
restaurant: Anco
place_of_worship: The Tabernacle
tattoo: Excalibur
clothes: Les Deux Frêres
kebab fast_food: Baba Kebab
gift: Favorite Chicken, Grill-Bar Baby
friture fast_food: FEBO
burger fast_food: FEBO

The area reads as tourist-prominent. The specific draws that make it so are de Wallen, Erotisch Museum, Oude Kerk, Casa Rosso, and Rooms belonging to My Red Light Foundation."
Noord-Oost,Entire home/apt,150,3,9,0.15,1,0,0,There are no places to list. The area reads as everyday-residential as there are no famous landmarks or attractions nearby.
Oud-Oost,Entire home/apt,190,2,9,0.15,1,0,0,"Place types: None
Area classification: Everyday-residential
Specific draws: None"
Watergraafsmeer,Entire home/apt,250,3,3,0.08,1,53,0,No places provided. The area cannot be categorized.
Centrum-West,Entire home/apt,210,7,78,1.19,3,340,0,"garden: De Vrije Academie
clothes: Dae, Rain Kiss, The Odder Side
second_hand: Zipper Vintage Clothing
cafe: Chocolaterie Pompadour
jewelry: Beadies Amsterdam
houseware: Motel a Miio
arts_centre: Art Zoo Museum
museum: Art Zoo Museum
optician: Ace & Tate
cake cafe: Profumo

The area reads as tourist-prominent. The presence of the Art Zoo Museum and specialized, boutique-style shops like Chocolaterie Pompadour and Zipper Vintage Clothing suggests a destination that caters to visitors exploring the city's unique retail and cultural offerings."
De Baarsjes - Oud-West,Private room,47,2,205,3.86,2,22,23,"No places were provided in the list, so no nearby places can be named. The area cannot be categorized as tourist-prominent or everyday-residential based on the provided information."
Centrum-Oost,Private room,89,2,90,1.36,1,0,0,"Attraction: Leidseplein, Tegen alle stromen in
Garden: Kleine-Gartmanplantsoen
Cafe: Cafe in the City, Easy Internet Cafe, Grand Café, Satellite Sportscafe
Guest_house: Amsterdam Hostel Leidseplein
Restaurant: Piazzeta Romana, Ron Gastrobar Paris
Bar: Palladium
Nightclub: Club Candela, Club Up
Chinese restaurant: Yellow River
Artwork: Get Down
Hostel: Amsterdam Hostel Leidseplein
Cannabis: The Bulldog Ex-Police Station
Pancake restaurant: Pancake Corner Restaurant
International cafe: Easy Internet Cafe
Burger fast_food: Burger King

The area reads as tourist-prominent. The specific draws that make it so are Leidseplein, which is a major entertainment square, and The Bulldog Ex-Police Station, a well-known landmark for visitors."
Oud-Oost,Entire home/apt,149,7,93,1.5,1,61,15,"garden: Saffraan aan de Amstel
pizza restaurant: Dough Studio, Loulou Pizzabar
yoga fitness_centre: Form
cafe: Café Bica
italian restaurant: PepeNero
sandwich fast_food: Saffraan aan de Amstel

The area reads as everyday-residential. The specific draws that make it so are the inclusion of a local yoga fitness centre, multiple neighborhood pizza and Italian restaurants, and a cafe, which cater to the daily needs and routines of local residents rather than serving as major tourist landmarks."
Oud-Oost,Entire home/apt,130,3,51,0.78,1,0,1,"artwork: World Explorers
laundry: Wasserette Kastanjeplein
coffee_shop cafe: Stooker Roasting Company

The area reads as everyday-residential. The specific draws that make it so are the inclusion of a local laundry facility and a neighborhood coffee roastery, which serve the daily needs of residents rather than catering to tourists."
Centrum-West,Private room,131,2,42,0.88,2,0,6,"Public bookcase: (none)

The area reads as everyday-residential, as there are no famous landmarks or attractions nearby."
Oud-Oost,Private room,85,2,35,0.54,1,33,0,"Garden: De Vijgenboom
Playground: De Vijgenboom
School: De Vijgenboom

The area reads as everyday-residential. The specific draws that make it so are that the list consists of a single local community facility, De Vijgenboom, which functions as a neighborhood-level amenity rather than a famous landmark or tourist attraction."
Oud-Noord,Entire home/apt,125,3,10,1.23,1,9,7,"park: Noorderpark

The area reads as everyday-residential, as the primary draw is Noorderpark, a local green space serving the surrounding neighborhood."
De Pijp - Rivierenbuurt,Private room,86,2,106,2.13,1,296,5,No places provided. The area cannot be categorized.
Westerpark,Entire home/apt,206,2,30,0.47,1,0,5,There are no places to list. The area does not read as tourist-prominent or everyday-residential.
Westerpark,Entire home/apt,80,10,5,0.08,1,0,0,"beauty: Rolinka, Semsema
garden: None
mobile_phone: E.S.M. Phone House

The area reads as everyday-residential. The specific draws are a local mobile phone shop and beauty establishments, which cater to the daily needs of residents rather than tourists."
IJburg - Zeeburgereiland,Private room,55,1,79,1.47,1,17,6,"Turkish restaurant: Merza
Coffee_shop cafe: Espressofabriek
Clothes: Sarah Bridal
Playground: None

The area reads as everyday-residential. The draws are local businesses such as a cafe, a bridal shop, and a restaurant, which serve the daily needs of residents rather than catering to tourists with famous landmarks or major attractions."
Westerpark,Entire home/apt,260,2,11,2.46,3,116,6,"Restaurant: BAK
Theatre: Het Veem Theater
Pharmacy: Apotheek Amsterdam
Coworking_space: Werkgebouw Het Veem
Art: Profilex

The area reads as everyday-residential. The specific draws that make it so are the presence of a local pharmacy, Apotheek Amsterdam, and a shared workspace, Werkgebouw Het Veem, which cater to the daily needs and professional routines of neighborhood residents rather than serving as major tourist landmarks."
Oostelijk Havengebied - Indische Buurt,Entire home/apt,185,4,18,0.36,2,0,0,"Outdoor seating: The 5th
Hostel: Stayokay Amsterdam Oost
Internet cafe: Cybersoek
Cinema: Studio/K
Bar: The 5th
Picnic table: Buurttafel Timorplein
Garden: Buurttafel Timorplein

The area reads as everyday-residential. The specific draws that make it so are the presence of a local community hub like Buurttafel Timorplein, a neighborhood-focused digital access point like Cybersoek, and a local cultural venue like Studio/K, which serve the daily needs and social life of residents rather than catering to major tourist landmarks."
Watergraafsmeer,Entire home/apt,100,3,20,0.31,1,0,0,"Playground: De Amstel
School: De Amstel

The area reads as everyday-residential because it contains local community infrastructure like a school and a playground rather than famous landmarks or tourist attractions."
Westerpark,Entire home/apt,250,2,6,0.11,1,0,0,"The provided list contains no places; therefore, the area cannot be categorized."
Oostelijk Havengebied - Indische Buurt,Entire home/apt,85,28,6,0.28,1,132,0,"Garden: De Balkonie
Childcare: Vrije Kids
Travel agency: Fly2Travel
Place of worship: Elthetokerk
Public bookcase: Het Lange Mes
Garden centre: Little Coconuts
Toys: Hodo Mobile
Repair: Casa Repair, Hodo Mobile
Bakery: Divan Patisserie
Hairdresser: Haarstudio Royal
Supermarket: Java Bookshop
Bubble tea cafe: Bubble Trouble Tea
Ice cream: IJscuypje
Furniture: Licht en Meubels
Bar: Rum Barrel
Books: Java Bookshop

The area reads as everyday-residential. The specific draws that make it so are the presence of essential services and local amenities such as Vrije Kids, Haarstudio Royal, Casa Repair, and various small shops like Divan Patisserie and Java Bookshop, which cater to the daily needs of local residents rather than international tourists."
Centrum-West,Private room,118,2,108,1.75,1,73,29,"attraction: Begijnhof, Postzegelmarkt, Palbü
garden: Begijnhof
museum: Amsterdam Museum, The Amsterdam Toy Museum
vietnamese restaurant: Hanoi Old Quarter Restaurant
furniture: NUNC
optician: Lucies Amsterdam
hairdresser: Haarbarbaar
antiques: Ariadne
cafe: Espresso Corner
clothes: Palbü
interior_decoration: NUNC
park: Postzegelpark

The area reads as tourist-prominent. The specific draws that make it so are the Amsterdam Museum, The Amsterdam Toy Museum, and the Begijnhof, which are well-known landmarks that attract significant visitor traffic."
De Baarsjes - Oud-West,Entire home/apt,275,3,4,0.08,1,0,0,"Bicycle: Giant
Car_rental: Avis
Fitness_station: Movements

The area reads as everyday-residential. The specific draws are the presence of a local bicycle shop, a car rental agency, and a fitness station, which serve the routine transportation and wellness needs of local residents rather than catering to visitors through famous landmarks or tourist attractions."
De Baarsjes - Oud-West,Entire home/apt,200,2,39,0.69,1,34,1,"Fast food: The Burger Maffia, The Burger Mafia, Finalemente Brasil
Supermarket: De Kinker
Post office: Pakketdienst de Kinker
Chicken fast food: Bobos Chicken
Bag: ByLima
Repair: Snel Repair
Clothes: Aleppo Top
Kebab fast food: Kinker
Laundry: 't Saotohuisje
Chemist: DA drogist

The area reads as everyday-residential. The specific draws that make it so are the presence of essential local services including a chemist, a post office, a laundry, a repair shop, and a supermarket, which cater to the daily needs of local residents rather than tourists."
Bos en Lommer,Entire home/apt,99,2,9,0.14,1,0,0,"School: Multatulischool
Soccer pitch: None

This area reads as everyday-residential. The specific draw is the presence of a local school, which serves the immediate community rather than acting as a tourist landmark."
Oud-Noord,Private room,72,1,224,3.58,1,75,19,"No places were provided in the list, so no nearby places can be named. The area cannot be categorized as tourist-prominent or everyday-residential based on the provided information."
De Baarsjes - Oud-West,Entire home/apt,87,1,204,3.23,1,158,28,"Restaurant: Gertrude
Pub: Toussaint
Playground: Slot Meesenstijn
Beauty: SKIN
Kindergarten: Beatrijs Smulders
Artwork: Houseboat Lady Jane
Park: Slot Meesenstijn
Guest_house: Houseboat Lady Jane

The area reads as everyday-residential. The specific draws that make it so are the presence of a kindergarten, a beauty salon, and a playground, which cater to the daily needs of local families and residents rather than transient visitors."
Westerpark,Entire home/apt,189,2,48,0.76,1,4,2,"park: Domela Nieuwenhuisplantsoen
public_bookcase: Domela Nieuwenhuisplantsoen

The area reads as everyday-residential. The specific draw is the Domela Nieuwenhuisplantsoen, which functions as a local green space and community amenity rather than a major tourist landmark."
De Pijp - Rivierenbuurt,Private room,71,1,304,4.87,1,250,8,"Park: Sarphatipark
Fountain: Sarphatipark
Garden: Sarphatipark
Playground: Sarphatipark

The area reads as everyday-residential. The specific draw that makes it so is Sarphatipark, which functions as a local neighborhood green space rather than a major tourist landmark."
Centrum-West,Entire home/apt,349,7,36,0.58,6,63,6,"attraction: Amsterdamse Scheepvaartbuurt
clothes: Jongejans, Zilch, Zipper
artwork: Luba
garden: Schumich
outdoor_seating: Kobalt, Amsterdamse Scheepvaartbuurt
bakery: Amsterdamse Scheepvaartbuurt
cannabis: Coffeeshop Green Place
juice: Jay's Juices
cheese: 't Kaaspunt

The area reads as everyday-residential. The specific draws that make it so are the presence of local staples such as 't Kaaspunt, Jay's Juices, and various clothing boutiques like Jongejans, Zilch, and Zipper, which cater to daily needs and local commerce rather than global tourism."
Slotervaart,Entire home/apt,335,4,35,0.57,1,358,1,"park: Staalmanpark

The area reads as everyday-residential. The specific draw is Staalmanpark, which serves as a local recreational space for the surrounding neighborhood rather than a destination for tourists."
Centrum-West,Entire home/apt,100,3,192,3.12,1,2,0,"Cafe: Café Thijssen
Convenience: De Oliewinkel
Pub: Jardin

The area reads as everyday-residential. The specific draws are the presence of a local cafe, a convenience store, and a neighborhood pub, which serve the daily needs of residents rather than catering to visitors through famous landmarks or major tourist attractions."
Noord-West,Private room,54,1,133,2.29,1,20,8,"Place types: picnic_table (1)

Area classification: everyday-residential. The area contains no specific draws or landmarks."
Centrum-West,Private room,99,3,147,2.41,2,0,3,"attraction: Mask Shop Venice, Sint Olofskapel
pub: BackStage, De Mallemoolen, De Ooievaar, Old Nickel, Old Quarter
tattoo: Tattoo Peter
bar: Hotel Bar Internationaal, Louis Bar
laundry: Laundromat Happy Inn
cannabis: Hunters Coffee Shop
chinese restaurant: China Si Chuan Restaurant
hotel: De Kroonprins, Hotel De Koopermoolen, Luxer, This ho(s)tel
restaurant: Buster's, Charlie's Kitchen, Dolce Vita, Funny People, Het Karbeel, Kam Yin, San Thomas
party: San Tommaso
hostel: Prins Heerlijk
massage: Massage Centrum
smartshop: Kokopelli Smartshop
information: Warmoesstraat
egg restaurant: Omelegg
cafe: KTV Bar, Zeedijk
pancake restaurant: Pancakes

The area reads as tourist-prominent. The presence of multiple hotels, a hostel, a mask shop, a smartshop, and a pancake restaurant indicates a high density of visitor-focused amenities typical of a central, high-traffic tourist district."
De Pijp - Rivierenbuurt,Entire home/apt,250,2,32,0.57,1,341,4,"garden: Iambe
indian restaurant: Miri Mary
cannabis: Coffeeshop Papillon
bakery: Iambe
wine: Drankerij
beauty: Peppi
musical_instrument: The String
ramen restaurant: Kitchen Impossible
bar: Café Ruis
pub: Café Bührs
friture fast_food: Sjiek
apartment: New Pijp
deli: Super Fresh
convenience: Super Fresh
second_hand: Grice Circular Fashion
coffee_shop cafe: Badeta Koffiebranders

The area reads as everyday-residential. The specific draws that make it so are the presence of a local apartment complex, a neighborhood bakery, a convenience store, and a variety of local cafes and pubs that serve the daily needs of residents rather than catering to major tourist landmarks or attractions."
Westerpark,Entire home/apt,106,2,8,0.2,1,0,0,"garden: Rip van Winkel's
mobile_phone: E.S.M. Phone House
beauty: Enso, Rolinka
clothes: Juhique
restaurant: Semsema
burger fast_food: Dandy Burger

The area reads as everyday-residential. The specific draws are local services like E.S.M. Phone House, beauty salons Enso and Rolinka, a clothing store Juhique, and neighborhood dining options like Semsema and Dandy Burger, which cater to the daily needs of residents rather than tourists."
Westerpark,Private room,111,3,128,2.21,1,0,0,"Garden: None
School: Vrijeschool Amsterdam West

The area reads as everyday-residential. The specific draw is the Vrijeschool Amsterdam West, which serves the local community rather than acting as a tourist landmark."
IJburg - Zeeburgereiland,Private room,74,1,20,0.33,10,0,0,"thai restaurant: KOH - Kitchen of Happiness
restaurant: Barstow, Caña IJburg
marina: Haven Muider Compagnie, Haven WV IJburg
school: None

This area reads as everyday-residential. The specific draws are the local dining options and the marinas, which cater to the daily needs and leisure activities of local residents rather than serving as major tourist landmarks."
Centrum-West,Private room,93,1,188,3.12,4,72,26,"Restaurant: La Cuisine Ronde, Oriole Garden Bistro
Arts centre: Vlaams Cultuurhuis de Brakke Grond

The area reads as tourist-prominent. The presence of Vlaams Cultuurhuis de Brakke Grond, a well-known cultural institution located in the heart of Amsterdam, draws visitors to the area for arts and performance events."
Oostelijk Havengebied - Indische Buurt,Entire home/apt,90,3,25,0.46,1,0,4,"School: Flevoparkschool
Garden: Flevopark
Dentist: Zeeburg Tandartsen

The area reads as everyday-residential. The specific draws are the local school and the neighborhood dental clinic, which serve the daily needs of local residents rather than catering to tourists."
Centrum-West,Private room,61,3,12,0.43,4,354,1,"museum: Allard Pierson Museum, UvA Bijzondere Collecties
cafe: De Laatste Kruimel
university: UvA Binnengasthuisterrein
attraction: Rederij Kooij
ticket: Rondvaart
pastry: De Laatste Kruimel
mexican restaurant: La Margarita
jewelry: Lyppens

The area reads as tourist-prominent. The specific draws that make it so are the Allard Pierson Museum, Rederij Kooij, and Rondvaart, which are major sightseeing and canal-tour attractions located in the historic center of Amsterdam."
Zuid,Entire home/apt,260,4,7,0.22,1,0,0,No places provided. The area cannot be categorized.
Bos en Lommer,Entire home/apt,175,2,34,0.71,1,0,5,"School: Tijl Uilenspiegelschool

The area reads as everyday-residential. The presence of a school indicates a neighborhood focused on local community and family life rather than tourism."
De Baarsjes - Oud-West,Entire home/apt,250,4,19,0.32,1,284,2,"beauty: Beatrijs Smulders, SKIN
restaurant: Toussaint
pub: Gertrude
playground: Slot Meesenstijn
kindergarten: The Laser Lab
artwork: Houseboat Lady Jane
park: Slot Meesenstijn
guest_house: Houseboat Lady Jane

The area reads as everyday-residential. The specific draws that make it so are the presence of a kindergarten, a playground, and local beauty and dining establishments, which serve the daily needs of residents rather than catering to large-scale tourism."
Oud-Noord,Entire home/apt,360,1,154,2.81,3,270,15,"Place types: outdoor_seating (1), garden (1)

The area reads as everyday-residential. There are no specific draws or landmarks listed to suggest a tourist-prominent destination."
De Baarsjes - Oud-West,Private room,45,1,225,4.35,2,194,27,"Field hockey pitch: Balboaplein
Table tennis pitch: Balboaplein
Basketball pitch: Balboaplein
Playground: Balboaplein, Balboaplein

The area reads as everyday-residential. The specific draws that make it so are the inclusion of multiple local recreational facilities like a playground, basketball pitch, table tennis pitch, and field hockey pitch, which are typical amenities for neighborhood community use rather than major tourist landmarks."
De Pijp - Rivierenbuurt,Private room,129,2,246,4.23,2,265,19,"pizza fast_food: Pizza Donna

The area reads as everyday-residential, as it lacks famous landmarks or major tourist attractions."
De Baarsjes - Oud-West,Entire home/apt,136,2,40,0.95,1,0,4,"park: Rembrandtpark

The area reads as everyday-residential, as the primary draw is Rembrandtpark, a local green space used primarily by residents for recreation and leisure rather than a destination for international tourists."
Westerpark,Entire home/apt,225,3,14,0.31,1,0,0,"park: Westerpark

The area reads as everyday-residential, as the draw is Westerpark, a local green space primarily serving the recreational needs of nearby residents."
Oostelijk Havengebied - Indische Buurt,Entire home/apt,134,3,34,0.6,1,0,0,"marina: Jachthaven Piet Hein

The area reads as everyday-residential. The specific draw is the local boating infrastructure provided by Jachthaven Piet Hein, which serves the recreational needs of the immediate community rather than acting as a major tourist landmark."
Zuid,Entire home/apt,224,2,41,0.86,4,341,2,"School: Hervormd Lyceum Zuid
Hotel: Hampshire Hotel Beethoven
Houseware: Fleur de Lys
Juice fast_food: Oak Berry
Chemist: Etos
Optician: Pearle
Health_food: Holland & Barrett
Cheese: Alexanderhoeve
Supermarket: Albert Heijn
Seafood: Centrale Vishandel

The area reads as everyday-residential. The specific draws that make it so are the presence of essential local services such as a supermarket (Albert Heijn), a chemist (Etos), an optician (Pearle), and specialized food shops (Alexanderhoeve, Centrale Vishandel) that cater to the daily needs of local residents rather than tourists."
De Baarsjes - Oud-West,Entire home/apt,150,3,52,0.99,1,2,7,"Garden: Schooltje.nl
Pharmacy: Wittop Koning
Supermarket: Albert Heijn
Hotel: Hotel ABBA, Huygens Place, Princess Hostel
Deli: STACH
Bicycle: Black Bikes
Bed: Coco-mat, Janus
Italian restaurant: Trattoria Totò
Bar: Effendy
Clothes: (None)
Coffee_shop cafe: Koffie Academie

The area reads as everyday-residential. While there are hotels present, the specific draws such as the supermarket Albert Heijn, the deli STACH, the pharmacy Wittop Koning, and the local bicycle shop Black Bikes indicate a neighborhood geared toward the daily needs of residents rather than a hub for major tourist landmarks."
De Pijp - Rivierenbuurt,Entire home/apt,133,7,21,1.33,1,190,9,"Garden: Juno
Restaurant: De Waaghals, Rainbowls
Wine: Craft Wine
Dancing_school: Dans Dansen
Community_centre: Buurtkamer Quellijn
Public_bookcase: De Föhnbar
Juice restaurant: Rainbowls
Japanese restaurant: ISSHIN
Hairdresser: De Föhnbar

The area reads as everyday-residential. The specific draws that make it so are the presence of a community centre like Buurtkamer Quellijn, a local hairdresser like De Föhnbar, and a variety of neighborhood-focused dining and leisure spots like De Waaghals, ISSHIN, and Dans Dansen, which cater to local residents rather than international tourists."
Centrum-Oost,Entire home/apt,350,2,45,0.89,1,81,2,"music_school: Muziekschool Amsterdam - Centrum/Oost
garden: Soop
community_centre: Soop

The area reads as everyday-residential. The specific draws are the community-focused services provided by Soop and the local educational opportunities offered by Muziekschool Amsterdam - Centrum/Oost, which cater to residents rather than serving as major tourist landmarks."
Centrum-West,Entire home/apt,175,2,34,0.62,1,20,7,"Attraction: Kobalt
Supermarket: Daily Fresh
Wine: Chabrol Wines
French restaurant: Bistrot Neuf
Bakery: Jojo Sweet
Indian restaurant: Namaskar, Rangoli
Cannabis: Coffeeshop Green Place, Luba
Gift: It's a present, Schumich
Clothes: Daskas, Miss B by la Grotte, Rumors, Vintage Island
Juice: Jay's Juices
Bag: Zipper
Newsagent: Cigo
Mobile_phone: Haarlemmer electronica
Fast_food: Las Marias
Restaurant: Mono
Cheese: 't Kaaspunt
Cafe: Jongejans
Regional cafe: Jongejans
Garden: Kobalt

The area reads as everyday-residential. While there is one attraction, the presence of a supermarket, bakery, newsagent, mobile phone repair shop, and multiple clothing and specialty food stores like the cheese shop and wine merchant indicates a neighborhood primarily serving the daily needs of local residents rather than a hub for tourists."
Oud-Noord,Entire home/apt,225,3,19,0.34,1,0,1,"No nearby places were provided in the list. Therefore, the area cannot be categorized as tourist-prominent or everyday-residential."
Buitenveldert - Zuidas,Entire home/apt,166,3,15,0.33,1,56,0,"fitness_centre: Trainmore

The area reads as everyday-residential. The specific draw is the presence of a local fitness centre, which serves the daily health and wellness needs of neighborhood residents rather than catering to visitors or tourists."
Oud-Oost,Entire home/apt,150,3,21,0.38,1,0,0,"Park: Afrikanerplein
Surinamese fast_food: Eethuis Parie
Garden: Afrikanerplein

The area reads as everyday-residential. The specific draws are the local park and neighborhood eatery, which serve the daily needs of residents rather than catering to tourists."
Oud-Noord,Private room,103,2,120,2.57,1,242,4,"Apartment: Aparthotel North

The area reads as everyday-residential, as the only draw is Aparthotel North."
Centrum-Oost,Entire home/apt,174,3,286,5.25,1,57,59,"hotel: Amstel Canal Guest House
clothes: Marbles Vintage, Vet Du Nord
jewelry: The Antique Ring Shop, Zamalia
deli: Sterk Staaltje
coffee: Zooful
viewpoint: Kota
gift: @droog
cafe: ABCND STORE
thai restaurant: Krua Thai
cosmetics: DSIGN
fashion_accessories: DSIGN

The area reads as tourist-prominent. The specific draws that make it so are the Amstel Canal Guest House, which caters to visitors, and the presence of unique, specialized retail destinations like @droog and Marbles Vintage that are typical of high-traffic, sightseeing-heavy districts in Amsterdam."
Bos en Lommer,Entire home/apt,139,4,2,0.04,1,0,0,"The provided list contains no places; therefore, the area cannot be categorized as tourist-prominent or everyday-residential based on the input."
IJburg - Zeeburgereiland,Entire home/apt,300,3,57,1.05,1,350,8,"Place types: none.

The area reads as everyday-residential, as there are no specific draws or landmarks listed."
Centrum-Oost,Entire home/apt,190,4,10,0.23,1,0,0,"Place types: soccer pitch (1)

The area reads as everyday-residential, as there are no famous landmarks or attractions nearby."
Centrum-West,Private room,130,3,22,0.48,1,1,0,"tea: Formocha

The area reads as everyday-residential, as it lacks famous landmarks or major tourist attractions, with the draw being a local business serving the immediate community."
Centrum-Oost,Entire home/apt,207,2,145,2.77,1,257,10,"Nightclub: Cooldown Cafe Rembrandtplein, John Doe
Hotel: Eden Hotel Amsterdam
Coffee_shop cafe: Screaming Beans
Vacant: 
French restaurant: Brasserie Flo
Restaurant: Graphite by Peter Gast

The area reads as tourist-prominent. The specific draws that make it so are the Eden Hotel Amsterdam and the nightlife venues located at Rembrandtplein, which is a major hub for visitors in the city."
Oud-Oost,Entire home/apt,158,5,24,0.43,1,0,0,"university: Amstelcampus
restaurant: Amstelhaven

The area reads as everyday-residential. The specific draws are a university campus and a local restaurant, which serve the daily needs of students and neighborhood residents rather than catering to tourists or major sightseeing attractions."
De Pijp - Rivierenbuurt,Entire home/apt,150,7,37,0.7,3,64,3,"beauty: Skin Project Institute
convenience: FermentFabriek
hairdresser: Hairstudio Pu-ma
musical_instrument: Résonance
vacant: (None)
language_school: Taalhuis Amsterdam
bicycle_rental: Ajax Bike
dentist: Dental 220
pub: Café De Baron
garden: (None)

The area reads as everyday-residential. The specific draws that make it so are the presence of local services such as Dental 220, Hairstudio Pu-ma, and Taalhuis Amsterdam, which cater to the regular needs of neighborhood residents rather than international tourists."
Geuzenveld - Slotermeer,Entire home/apt,184,4,11,0.21,1,0,0,"Place types: playground (1)

The area reads as everyday-residential, as there are no famous landmarks or attractions nearby."
Geuzenveld - Slotermeer,Entire home/apt,149,3,10,0.19,1,1,2,"park: Sloterpark
marina: De Duikelaar

The area reads as everyday-residential. The specific draw is Sloterpark, which serves as a local recreational space for residents rather than a destination for international tourism."
De Pijp - Rivierenbuurt,Entire home/apt,124,2,30,0.78,1,30,0,"Clothes: 7115 by Szeki, Aiche, All The Luck In The World, Elcie, Everyday Hero, Felice, June Amsterdam, Just Waldo, Kilo Store, Lois, Spetters Mode, Tally-ho
Bed: Amsterdamse Matrassencentrale
Fitness fitness_centre: The Workout Lab
Jewelry: Anna+Nina, Charlotte de Koomen, MC Jewels
Leather: Di Napoli Lederwaren
Books: Fenix Books
Beauty: American Nails
Sandwich cafe: Broodje Gerard
Vacant: Verse
Interior_decoration: Living-in By Romy's, Brick Lane
Restaurant: The Butcher, Carletto
Butcher: De Franse Slager Alain Bernard, Slagerij Zuid
Italian restaurant: C'est Chau
Fashion_accessories: Aiche
Vietnamese restaurant: Pho 91
Seafood: Vishandel Molenaar
Party: De Kinderfeestwinkel
Cannabis_coffee_shop cannabis: Coffeeshop Club Media
Marketplace: Albert Cuyp-markt

The area reads as tourist-prominent. The specific draw that makes it so is the Albert Cuyp-markt, a famous landmark and major attraction that draws significant foot traffic to the neighborhood."
De Pijp - Rivierenbuurt,Entire home/apt,305,3,26,0.49,1,162,0,"hairdresser: Elisabeth Haarmode, Haar In De Wind
alcohol: C. Tuinder & Zn
garden: C. Tuinder & Zn
vacant: C. Tuinder & Zn
wine: De wijnimport van Arrebol
beauty: Beauty & Mind
shoes: C. Tuinder & Zn

The area reads as everyday-residential. The specific draws that make it so are the presence of local service-oriented businesses such as hairdressers, a beauty salon, and a wine importer, which cater to the daily needs of local residents rather than tourists."
Oostelijk Havengebied - Indische Buurt,Entire home/apt,140,3,5,0.09,1,0,0,"Marina: Jachthaven Piet Hein

The area reads as everyday-residential. The specific draw is Jachthaven Piet Hein, which functions as a local recreational facility for boat owners rather than a major tourist attraction."
De Baarsjes - Oud-West,Entire home/apt,290,3,6,0.13,1,9,0,"Restaurant: Annapurna, Overtone Bistro
Pizza restaurant: De Pizzabakkers
Veterinary: Dierenkliniek Overtoom
Spanish restaurant: Parallel
Coffee_shop cafe: YNK
Hairdresser: Pieter Bas

The area reads as everyday-residential. The specific draws that make it so are the presence of a local veterinary clinic, a hairdresser, and a variety of neighborhood dining options that cater to daily needs rather than major tourist landmarks."
Zuid,Entire home/apt,120,7,7,0.13,1,0,0,"Cannabis: Coffeeshop Pacific
Dentist: Tandartspraktijk de ZuidAs
Garden: None

The area reads as everyday-residential. The specific draws that make it so are the presence of a local dental practice, Tandartspraktijk de ZuidAs, which serves the routine health needs of the neighborhood population."
De Baarsjes - Oud-West,Entire home/apt,181,2,27,1.65,1,363,2,"Garden: Marja
Bakery: Fort Negen
Turkish restaurant: Konya Etliekmek
Cafe: Lara
Wine: Grapedistrict
Lebanese restaurant: Maz Mez
Tattoo: (None)
Pizza restaurant: Napoli Pizza
Chinese restaurant: WONTON
Vacant: (None)
Supermarket: Albert Heijn
Fast_food: (None)

The area reads as everyday-residential. The specific draws that make it so are the presence of a local supermarket (Albert Heijn), a neighborhood bakery (Fort Negen), and a variety of casual dining options like Napoli Pizza, WONTON, and Konya Etliekmek, which serve the daily needs of local residents rather than catering to tourists."
Centrum-West,Entire home/apt,425,2,52,1.03,1,68,3,"Florist: Pompon
Restaurant: Enté
Sandwich pub: Café 't Papeneiland
Pub: Café Thijssen
Cafe: Jardin

This area reads as tourist-prominent. The presence of Café 't Papeneiland, a historic and world-famous landmark known for its traditional Dutch apple pie, serves as a major draw that attracts significant numbers of visitors to the immediate vicinity."
Centrum-Oost,Entire home/apt,440,2,21,1.25,2,0,6,"coffee_shop cafe: Zuivere Koffie
clothes: Es, Kindred Spirits, Samsøe Samsøe, Sézane, The Amsterdam Basement, We Are Labels, Wolf Ware, Salon de Lingerie
french restaurant: De Juwelier, Quartier Latin
asian restaurant: Wowcrab
restaurant: Alfonso, Brug34, Naturel
cafe: Social Coffee
wine: Mochi
indian restaurant: Meghna
vacant: Ace
jewelry: Güney's Delights
juice restaurant: The Healthy Spot
turkish restaurant: Ali Ocakbaşı
tattoo: The Preacher's son tatoo shop
coffee_shop cannabis: Boerejongens
pub: None

The area reads as tourist-prominent. The presence of Boerejongens, a well-known cannabis dispensary, along with high-end fashion boutiques like Sézane and Samsøe Samsøe, indicates a location that caters to visitors and shoppers rather than everyday-residential needs."
Noord-West,Entire home/apt,146,1,60,1.12,7,153,7,"Type: pitch (1), sports_centre (1)

The area reads as everyday-residential. The specific draw is Sportpark Melkweg, which serves as a local recreational facility for community sports rather than a major tourist landmark."
Buitenveldert - Zuidas,Private room,70,3,146,2.89,1,19,11,"Tennis sports_centre: Tennispark Buitenveldert

The area reads as everyday-residential. The specific draw is Tennispark Buitenveldert, which serves as a local recreational facility for the surrounding community."
Watergraafsmeer,Entire home/apt,155,28,10,0.31,1,0,0,No places were provided to categorize. The area cannot be assessed.
Bos en Lommer,Private room,47,2,176,3.36,2,49,18,"Artwork: Beeld van brons en steen
Park: Erasmuspark

The area reads as everyday-residential. The specific draw is the Erasmuspark, which serves as a local community green space rather than a major tourist destination."
Centrum-Oost,Entire home/apt,240,3,168,3.46,1,192,34,"Restaurant: Restaurant 212, Ribs Factory
Asian restaurant: Ichisin Ramen Hokkaido
Vacant: Café Langereis
Cannabis: Coffeeshop Kooi
Italian restaurant: Lo Stivale d'Oro
Bakery: La Panetteria
Museum: Our House
Pub: Air, Gollem
Nightclub: Air
Mexican fast_food: Salsa shop
Fast_food: tasty burger

The area reads as tourist-prominent. The specific draws that make it so are Our House, which is a major interactive museum, and Air, which is a well-known nightclub, both of which attract significant visitor traffic."
Oud-Oost,Entire home/apt,92,4,21,0.4,1,0,3,"Bicycle: Velespit
Kickboxing dojo: Spally's Kickboxing
Cannabis: The Plug
Bar: Bo-Mij
Doityourself: Bo-Rent, Five Stars
Hairdresser: Flama Farah
Garden: (None)
Indian restaurant: India Roti Room

The area reads as everyday-residential. The specific draws that make it so are the inclusion of practical services like a hardware store (Bo-Rent), a hairdresser (Flama Farah), and a neighborhood eatery (India Roti Room), which cater to local daily needs rather than tourism."
Centrum-West,Entire home/apt,175,2,21,0.41,1,0,0,"Pharmacy: Medicijnman Apotheek Jordaan
Italian restaurant: Ristorante Pepe
Chemist: Medicijnman Apotheek Jordaan
Restaurant: Hummus Bistro D&A, Roux
Wine: Cru
Cafe: De Blaffende Vis, Hermanusje van Alles, Mooi Mate
Massage: Westerstraat massage
Hairdresser: Westerstraat kapsalon
Gallery: Arttra, Kleine Atelier
Garden: Het Monumentje
Dentist: The Dental House
Soccer pitch: Noorderspeeltuin
Playground: Noorderspeeltuin

The area reads as everyday-residential. The specific draws that make it so are the presence of essential local services including Medicijnman Apotheek Jordaan, The Dental House, Westerstraat kapsalon, and Westerstraat massage, combined with community-focused spaces like Noorderspeeltuin and Het Monumentje."
De Pijp - Rivierenbuurt,Entire home/apt,629,3,7,0.13,1,11,1,"Garden: None
Italian restaurant: Linguini Trattoria
Massage: Five City Spa
Breakfast restaurant: Locals Coffee
French restaurant: Petit Caron
Artwork: None
Public_bookcase: None
Clothes: Shortcut & Hardwear
Hotel: Aston City Hotel
Clinic: Amsterdam Cosmetic Clinic
Stripclub: BonTon
Craft: Van Beek Art Supplies

The area reads as everyday-residential. While the presence of the Aston City Hotel and BonTon suggests some visitor activity, the specific draws such as Amsterdam Cosmetic Clinic, Five City Spa, Locals Coffee, Shortcut & Hardwear, and Van Beek Art Supplies cater primarily to the daily needs and lifestyle services of local residents."
Oud-Oost,Entire home/apt,105,3,3,0.06,1,0,0,"Park: Oosterpark
Outdoor seating: Café de Jeugd
Pub: Café de Jeugd

The area reads as everyday-residential. The specific draws are Oosterpark, which serves as a local green space for residents, and Café de Jeugd, which functions as a neighborhood establishment rather than a tourist-focused landmark."
Oud-Oost,Entire home/apt,130,5,4,0.08,1,0,0,"park: Oosterpark

The area reads as everyday-residential, as the specific draw is Oosterpark, a local green space primarily serving the recreational needs of the surrounding neighborhood residents."
Centrum-West,Private room,183,2,19,0.36,2,342,1,"jewelry: Beadies Amsterdam
cake cafe: Chocolaterie Pompadour

The area reads as tourist-prominent. The specific draws are the proximity to central Amsterdam shopping districts and the historic appeal of Chocolaterie Pompadour, which is a well-known destination for visitors seeking traditional Dutch pastries and chocolates."
Centrum-West,Private room,115,2,171,3.31,1,252,14,"Doctors: Westerdokters

The area reads as everyday-residential. The presence of Westerdokters indicates essential local services catering to the health needs of neighborhood residents rather than tourist-focused attractions."
De Baarsjes - Oud-West,Entire home/apt,99,1,29,0.67,1,0,0,No places provided. The area cannot be categorized.
Westerpark,Entire home/apt,185,5,6,0.12,1,0,0,"marina: Staverno
laundry: NiDA Wasserij Stomerij

The area reads as everyday-residential. The specific draws are the presence of a local laundry service and a marina, which serve the daily needs and recreational activities of local residents rather than catering to tourists."
Centrum-West,Private room,107,2,180,3.49,1,218,32,"Art gallery: M-E-K, The Collective Studio
Clothes: Fabienne Chapot, Fashian, LFDY, Levi's, Lululemon, Nudie Jeans
Furniture: Tikal
Italian restaurant: Quattro Gatti
Cafe: The Hoxton
Kindergarten: Kindergarden
Restaurant: Parwan
Gift: The Merchant House
Jewelry: The Merchant House
Cosmetics: Haru Haru Beauty

The area reads as tourist-prominent. The specific draws that make it so are The Hoxton and The Merchant House, which are well-known hospitality destinations that attract visitors to the area."
De Baarsjes - Oud-West,Private room,125,3,159,3.13,1,0,0,"Tailor: Kalender Kleermaker, More
Doctors: Huisarsten Bellamyplein
Cafe: Café Bellamy
Computer: Login
Second_hand: Tati
Bar: La Parole
Massage: Ekerbiçer

The area reads as everyday-residential. The specific draws that make it so are the presence of a local doctors office, a tailor, and a computer service shop, which serve the routine needs of neighborhood residents rather than catering to tourists."
Bos en Lommer,Entire home/apt,95,2,27,0.62,1,0,4,"No places were provided in the list, so no nearby places can be named. The area cannot be categorized as tourist-prominent or everyday-residential based on the provided input."
Centrum-West,Private room,73,1,174,3.44,2,280,46,"Pub: De Engelbewaarder
Cannabis: Bagheera
Books: The Book Exchange
Theatre: Compagnietheater
Garden: Oost-Indisch Huis
Attraction: Oost-Indisch Huis

The area reads as tourist-prominent. The specific draws that make it so are the historical significance of the Oost-Indisch Huis and the presence of specialized shops and cultural venues like The Book Exchange and Compagnietheater, which are characteristic of central, high-traffic districts in Amsterdam."
Westerpark,Entire home/apt,200,2,8,0.18,1,0,0,"studio: Echobox

The area reads as everyday-residential, as there are no famous landmarks or major tourist attractions listed."
Watergraafsmeer,Entire home/apt,240,3,10,0.23,1,70,1,The area contains no listed places. It does not read as tourist-prominent or everyday-residential.
Oud-Noord,Private room,90,2,39,0.86,1,230,1,"Place types: soccer pitch (1)

Area reading: everyday-residential. The area lacks famous landmarks or attractions, as no specific draws are present."
De Pijp - Rivierenbuurt,Private room,65,3,173,3.44,1,154,13,"park: Sarphatipark
garden: Sarphatipark
fountain: Sarphatipark
playground: Sarphatipark

The area reads as everyday-residential. The specific draw is Sarphatipark, which functions as a local neighborhood green space for residents rather than a major tourist landmark."
Noord-Oost,Entire home/apt,150,15,2,0.04,1,10,1,"park: Baanakkerspark

The area reads as everyday-residential. The specific draw is Baanakkerspark, which serves as a local recreational space for the surrounding neighborhood."
Centrum-West,Entire home/apt,495,3,55,1.74,1,24,13,"cafe: Café Tabac
artwork: None
information: None

The area reads as everyday-residential, as it lacks famous landmarks or major tourist attractions."
De Baarsjes - Oud-West,Entire home/apt,250,1,1,0.02,1,89,0,"Place types: playground (1)

The area reads as everyday-residential, as there are no famous landmarks or attractions nearby."
Centrum-West,Private room,74,2,142,3.05,2,248,14,"e-cigarette: Vape4life
asian fast_food: Wok To Go
cafe: Bakery Cafe
erotic: Love Experience, Pure Lust, Sexy Amsterdam
gift: Amsterdam Duck Store
clothes: Saint Morris
ice_cream: Ice Bakery
restaurant: Burgerzaken, Princehof
fish fast_food: Henk's Herring
asian restaurant: Oriental City
travel_agency: Friendship Cruises
ticket: Tours & Tickets
cosmetics: Parfumerie Marjo
social_facility: Yucca
ramen restaurant: Ramen-Ya
tobacco: Sigarenmagazijn Bom 9
fast_food: Burgerzaken
attraction: de Wallen

The area reads as tourist-prominent. The specific draws that make it so are the presence of de Wallen, Friendship Cruises, Tours & Tickets, and the Amsterdam Duck Store, which cater specifically to visitors and sightseers."
Zuid,Entire home/apt,325,2,24,0.57,1,201,4,"No places were provided in the list, so no nearby places can be named. The area cannot be categorized as tourist-prominent or everyday-residential."
Centrum-West,Entire home/apt,215,2,12,0.78,1,3,0,"Bakery: BBrood!, Bakkerij Wolf
Hairdresser: Kapsalon Bianco
Pizza fast_food: Domino's
Restaurant: Shoarma Mesut 2

The area reads as everyday-residential. The specific draws are the local bakery options, a neighborhood hairdresser, and casual fast-food and takeaway dining establishments, which serve the daily needs of local residents rather than catering to tourists visiting famous landmarks."
Centrum-West,Private room,80,1,153,3.46,1,44,50,"american cafe: Corner House Hotel Cafe
restaurant: Barraka, Eethuis Sie-Joe, Kaagman & Kortekaas, La Cantina, Lunch & Dinner, Mr. Crab, Seafood Grill
cannabis: Amsterdam Seed Center, St. Paul's
pub: De Drie Fleschjes
gift: De Drie Graefjes, Tulashi
clothes: Rainbow
bar: De Nieuwe Pilserij
hotel: Dam Square Inn
asian restaurant: Takumi Ramen
beauty: Sense
bicycle_rental: Green Budget Bikes
fabric: Original Dutch Fabric, Quilt Shop
french restaurant: La Casa
argentinian restaurant: St George
photo: Museumfoto
breakfast cafe: De Drie Monnikjes
massage: Rejoes
italian restaurant: Dal Migliore

The area reads as tourist-prominent. The specific draws that make it so are the presence of Dam Square Inn, which indicates a central location near major city landmarks, and the inclusion of Museumfoto and Green Budget Bikes, which cater specifically to visitors exploring the city."
Centrum-West,Private room,160,2,135,2.72,1,309,10,"Park: Jacob de Wit
Library: Fotografie Bibliotheek
Artwork: Bernard Heesen, Jacob de Wit, Johannes Voorhout, Fotoboekenwinkel
Gallery: Huis Marseille
Art: Huis Marseille
Information: Fotografie Bibliotheek
Museum: Huis Marseille
Outdoor_seating: Huis Marseille
Garden: Huis Marseille
Books: Fotoboekenwinkel

The area reads as tourist-prominent. The specific draws that make it so are Huis Marseille and the specialized Fotografie Bibliotheek, which attract visitors interested in photography and cultural institutions."
Bijlmer-Centrum,Private room,83,1,179,3.53,1,86,4,"Apartment: Amsterdam Centraal Apartment

The area reads as tourist-prominent. The specific draw is Amsterdam Centraal, which serves as the primary transportation hub for visitors arriving in the city and provides immediate access to major tourist districts."
Bijlmer-Oost,Private room,30,1,127,2.6,1,0,0,"park: Brasapark-Noord

The area reads as everyday-residential, as it is defined by a local neighborhood park rather than major tourist landmarks or attractions."
Oud-Noord,Entire home/apt,188,3,20,0.5,1,17,4,"Cafe: De IJsbreker
School: De Ruimte

The area reads as everyday-residential. The specific draws are the presence of a local school and a neighborhood cafe, which serve the daily needs of residents rather than catering to tourists."
Westerpark,Entire home/apt,160,2,3,0.09,1,0,0,"garden: None
school: Dr. Rijk Kramerschool
italian pastry: Salvo Italian Bakehouse
persian restaurant: De Aardige Pers
pub: Cafe de Oude Schaeper
coffee cafe: Cafecito

The area reads as everyday-residential. The specific draws that make it so are the presence of a local school, a neighborhood cafe, a local pub, and small-scale specialty food shops like the Italian bakehouse and Persian restaurant, which serve the daily needs of local residents rather than catering to tourists."
Watergraafsmeer,Entire home/apt,225,4,2,0.05,1,0,0,"park: Darwinplantsoen
garden: Darwinplantsoen

The area reads as everyday-residential. The specific draw is Darwinplantsoen, which serves as a local neighborhood green space rather than a major tourist landmark."
Centrum-West,Entire home/apt,587,3,54,1.85,3,334,12,"cafe: Greenwoods, Mediterrané coffeeshop
hairdresser: Wild Romance
bakery: De Buurman
tailor: L'Atelier
restaurant: 't Kroontje, ​Tales & Spirits
fast_food: Freddy Fryday
convenience: Singel
kiosk: The Totalitarian Art Gallery
antiques: (None listed)
butcher: Vleeshouwerij D. Reinhart
brothel: L'Amour
hotel: Hotel The Craftsmen

The area reads as tourist-prominent. The presence of Hotel The Craftsmen, a high-profile hotel, alongside specialized attractions like The Totalitarian Art Gallery and the iconic Singel canal area, indicates a location designed to cater to international visitors rather than everyday-residential needs."
Bos en Lommer,Entire home/apt,145,3,16,0.36,1,0,2,There are no places listed to categorize. The area cannot be assessed for its character as no specific draws are provided.
De Baarsjes - Oud-West,Entire home/apt,250,4,15,0.34,1,0,0,"Lunch cafe: STACH
Bicycle: Wiel tot wiel tweewielers
Deli: Café Quelle
Electronics: Electro-Walst
Chemist: Drogisterij Body & Beauty
Italian restaurant: Da Damiano, Spaghetteria Caffè Jan Pieter Heijestraat
Ramen restaurant: Betsu Bara
Beverages: J&B craft drinks
Mediterranean restaurant: Gitane
Pub: Coffee Roastery
Supermarket: Albert Heijn
Indonesian fast_food: Warung Celebes
Hairdresser: Tony Hairstyling
Clothes: Loenatix

The area reads as everyday-residential. The specific draws that make it so are the presence of a local supermarket like Albert Heijn, a chemist like Drogisterij Body & Beauty, a bicycle shop like Wiel tot wiel tweewielers, and a hairdresser like Tony Hairstyling, which cater to the daily needs of local residents rather than tourists."
De Pijp - Rivierenbuurt,Entire home/apt,175,2,4,0.08,1,0,1,"The area does not contain any places from the provided list, so it cannot be categorized as tourist-prominent or everyday-residential based on the given information."
De Baarsjes - Oud-West,Entire home/apt,100,5,58,1.23,1,31,7,"Bakery: Bakkerij Paul Année
Restaurant: Kanarie Club
Bicycle: Sener Bikes
Beauty: Nail studio
Breakfast restaurant: The Breakfast Club
Hotel: Hotel De Hallen
Artwork: P.W. Janssen, fish, waterdraagster
Park: Bellamyplein
Attraction: De Hallen

The area reads as tourist-prominent. The specific draws that make it so are De Hallen and Hotel De Hallen, which serve as major cultural and hospitality hubs that attract visitors to the neighborhood."
Oostelijk Havengebied - Indische Buurt,Private room,231,7,21,0.46,1,179,0,No places were provided to categorize. The area cannot be assessed.
De Baarsjes - Oud-West,Entire home/apt,187,2,13,0.38,1,6,0,"coffee: Dak Showroom

The area reads as everyday-residential, as the only draw is Dak Showroom."
Centrum-Oost,Private room,89,2,126,3.91,1,32,23,"Art: Peter Donkersloot
Jewelry: Spiegelgracht Jeweliers
Toys: Tinkerbell
Beauty: Health Quest by Joyce
Language school: Cours de Français
Sandwich fast_food: Broodje Art
Apartment: Tulip House Luxury Apartment

The area reads as tourist-prominent. The specific draws that make it so are the presence of a luxury apartment rental, an art gallery, and a specialized jewelry shop, all of which cater to visitors exploring the historic canal district rather than residents."
De Pijp - Rivierenbuurt,Entire home/apt,130,2,28,0.75,2,20,5,"laundry: Wassalon Regenboog
garden: Micky Fields
antiques: Shah Saatchi
hairdresser: Fenix Books
vacant: vacant, vacant
bakery: Layers Bakery & Deli
coffee_shop cafe: Reload Coffee
french restaurant: Brasserie SenT
restaurant: Maris Piper Brasserie
wine: Amsterdam Wine Academy, Wijnhandel van Krimpen
bar: La Dilettante

The area reads as everyday-residential. The specific draws that make it so are the inclusion of a local laundry service, a neighborhood bakery, a hairdresser, and specialized shops like a wine merchant and bookstore, which cater to the daily needs of local residents rather than serving as major tourist landmarks."
Centrum-Oost,Entire home/apt,326,3,6,0.13,1,0,0,"Camera: Analogue
Community_centre: De Boomspijker
Playground: Speeltuin De Waag
Soccer pitch: None

The area reads as everyday-residential. The specific draws that make it so are the community centre De Boomspijker and the local playground Speeltuin De Waag, which serve the daily needs of local residents rather than catering to tourists."
Centrum-Oost,Entire home/apt,540,3,19,0.55,1,0,3,"bicycle: Fixjefiets!

The area reads as everyday-residential, as the specific draw is a local bicycle repair shop."
Centrum-West,Private room,128,1,12,2.35,1,24,12,"Museum: Multatuli Museum
Tattoo: Studio Sailor
Guest house: The Blue Sheep B&B

The area reads as tourist-prominent. The specific draw is the Multatuli Museum, which serves as a notable cultural landmark that attracts visitors to the vicinity."
Zuid,Entire home/apt,200,3,7,0.22,1,165,0,"School: 1e Montessorischool de Wielewaal

The area reads as everyday-residential. The specific draw is the presence of a local school, which serves the daily needs of neighborhood families rather than catering to tourists."
Westerpark,Private room,65,2,67,1.41,3,331,8,"cafe: Dignita Westerpark, Moos
pharmacy: Spaarndammer Apotheek
supermarket: Jumbo
butcher: Slagerij Westerpark Halal
kebab fast_food: Erol Doner kebab
bicycle: Fietspiraat

The area reads as everyday-residential. The specific draws that make it so are the presence of essential services like the Spaarndammer Apotheek, the supermarket Jumbo, and the local butcher Slagerij Westerpark Halal, which cater to the daily needs of local residents rather than tourists."
Westerpark,Entire home/apt,179,3,12,0.46,1,0,0,"No places were provided in the list, so no nearby places can be named. The area cannot be categorized as tourist-prominent or everyday-residential based on the information provided."
Centrum-Oost,Private room,68,2,160,3.47,1,73,10,"Clinic: GGD Amsterdam, GGD SOA Polikliniek

The area reads as everyday-residential. The specific draws are the public health services provided by GGD Amsterdam and GGD SOA Polikliniek, which serve the local population rather than acting as tourist landmarks."
Centrum-Oost,Entire home/apt,150,4,18,0.38,1,0,0,"breakfast cafe: Bakers and Roasters
Regional cafe: Café Orloff
artwork: Zeeman

The area reads as tourist-prominent. The specific draw is Bakers and Roasters, which is a highly popular and famous destination for international visitors and locals alike, often resulting in significant foot traffic and queues characteristic of a tourist-heavy location."
Zuid,Entire home/apt,170,5,8,0.17,1,0,0,"park: Vondelpark

The area reads as tourist-prominent. The specific draw is Vondelpark, which is a world-famous landmark and a major attraction for visitors to Amsterdam."
Oud-Oost,Entire home/apt,100,3,17,0.36,1,0,0,"Artwork: Nara Nara
Convenience: Esporta
Community_centre: Dynamo Jong
Pub: Café Publiek
Cafe: kaffee
Middle_eastern restaurant: Abra
French cafe: Café Nieuwland
Garden: Aktas
Marketplace: Dappermarkt
Alcohol: Slijterij Oost
Butcher: Maikel Groenteman

The area reads as everyday-residential. The specific draws that make it so are Dappermarkt, Maikel Groenteman, and Slijterij Oost, which serve the daily needs of local residents rather than catering to tourists."
De Baarsjes - Oud-West,Entire home/apt,170,3,0,,1,0,0,"School: Basisschool Corantijn
Tobacco: PMP Star
Playground: None

The area reads as everyday-residential. The specific draws that make it so are the presence of a local school and a neighborhood tobacco shop, which serve the daily needs of local residents rather than catering to tourists."
Noord-West,Private room,71,1,4,0.09,1,0,0,"soccer pitch: Sportpark Buiksloterbanne
multi sports_centre: Sportpark Buiksloterbanne

The area reads as everyday-residential. The specific draw is the presence of a local community sports facility, which serves the recreational needs of nearby residents rather than acting as a tourist attraction."
Zuid,Entire home/apt,220,3,0,,1,162,0,No places provided.
Centrum-West,Private room,183,1,103,2.43,1,322,10,"Hotel: Canal House, The Toren dependance
Dentist: Lassus Tandartsen Keizersgracht, Tandartspraktijk Buisman

The area reads as tourist-prominent. The specific draws that make it so are Canal House and The Toren dependance, which are high-end hospitality venues located in the historic canal district."
Centrum-West,Private room,90,2,135,2.85,2,1,0,"attraction: Oude Kerk, de Wallen
chocolate: Ganache
museum: Prostitutie Informatie Centrum
fast_food: High Snack, Jemi, Wok to Walk
tattoo: Bodycult
smartshop: RLR AMS Shop
brothel: 5DPORN
bar: Big Shots, Dirty Dick's, Eagle, Kings Cross, RoB, Route 66 Club Lounge
italian restaurant: Caffe Italia
confectionery: Crepes & Wafles
cafe: Cafe The Tribe, Stone's Cafe, Stones Cafe
irish pub: Slainte
hostel: Hostel Easy-Stay, The White Tulip Hostel, Hotel Ben
erotic: PROUD, Warmoesstraat
studio: Red Light Radio
gift: Elements Of Nature, Saul's
information: Prostitutie Informatie Centrum
asian fast_food: Wok to Walk
social_facility: Prostitutie Informatie Centrum
florist: Elements Of Nature
motel: Hotel Ben
burger fast_food: Burger Fabriek
hotel: The White Tulip Hostel
restaurant: Restaurant 40

The area reads as tourist-prominent. The specific draws that make it so are the Oude Kerk, de Wallen, and the Prostitutie Informatie Centrum."
Centrum-Oost,Entire home/apt,250,3,14,0.44,1,10,1,"Hairdresser: Amstel Hair
Artwork: De jonge Rembrandt
Social_facility: Ouder- en Kindteams Amsterdam

The area reads as everyday-residential. The specific draws that make it so are the presence of a local hairdresser and a social facility, which serve the daily needs of neighborhood residents rather than catering to visitors."
Centrum-Oost,Private room,200,2,101,2.29,1,356,25,"Social facility: Sarphatihuis

The area reads as everyday-residential, as the specific draw is the Sarphatihuis, which serves as a residential care facility for the elderly."
Centrum-West,Private room,113,2,182,3.84,3,60,30,"Place types:
baby_goods: Repose AMS
beauty: Jacob Frederik Muller
bicycle: Rijwielhandel Comman
butcher: Siem van der Gragt
cafe: Koffiespot
carpet: Koopman
clothes: A.P.C., Baskèts
common: Looiersplantsoen
deli: Balthazar's Keuken
fast_food: Snackbar Stoot je hoofd niet
hotel: Melrose
paint: Studio Stroop
pastry: Waldo
restaurant: Edison
soccer sports: Smit Cruyff
stationery: Misc
supermarket: Ekoplaza
tattoo: Hollywood Mark

The area reads as everyday-residential. The specific draws that make it so are the presence of a local supermarket (Ekoplaza), a butcher (Siem van der Gragt), a bicycle shop (Rijwielhandel Comman), and a local park (Looiersplantsoen), which cater to the daily needs of residents rather than serving as major tourist landmarks."
De Pijp - Rivierenbuurt,Entire home/apt,636,1,6,0.17,1,261,0,"garden: Firma Moes
cafe: Café De Groene Vlinder, Café Flamingo, Parlour Amsterdam, De Kaaiman
playground: Eland & Vanderhelst
knives: Alberto Pozzetto
italian restaurant: Leonardo's Ravioli Bar
alcohol: De Duvel
ice_cream: Casa Infante
clothes: Cleen, Cottoncake, We Are Labels
sushi restaurant: Sushito
pizza restaurant: L'Antica Pizzeria da Michele, Pizzeria Dope
restaurant: Ami
cannabis: Katsu
italian cafe: GoodNews
hairdresser: Sonny
surinamese restaurant: Warung Marlon
asian convenience: Tjin's
burger fast_food: Burgerbar
breakfast restaurant: Eggs Benaddicted
bakery: BBrood
vacant: Bierbaum
mediterranean deli: Twins Olives
seafood: Volendammer Vishandel JCM Koning
turkish restaurant: Müdavim
falafel fast_food: Mezzave
tattoo: (None)
tobacco: Tabakspeciaalzaak Van Hartingsveldt
pub: (None)
moroccan restaurant: (None)

The area reads as everyday-residential. While there are popular dining spots like L'Antica Pizzeria da Michele and Pizzeria Dope, the presence of essential local services such as Tabakspeciaalzaak Van Hartingsveldt, Tjin's, BBrood, Sonny, and various neighborhood cafes like Café De Groene Vlinder and Café Flamingo indicates a community-focused environment rather than a tourist-prominent one."
De Pijp - Rivierenbuurt,Entire home/apt,180,3,16,0.37,1,0,0,"Massage: André Broos Massagepraktijk en Reiki Master
Cannabis: Coffeeshop Relax

The area reads as everyday-residential. The specific draws are local service-oriented businesses like a massage practice and a neighborhood coffeeshop, which cater to the daily needs and routines of local residents rather than serving as major tourist landmarks or attractions."
De Pijp - Rivierenbuurt,Entire home/apt,113,3,14,8.57,2,0,7,No places provided. The area cannot be categorized as tourist-prominent or everyday-residential based on the provided list.
Zuid,Private room,98,2,7,1.42,1,225,6,"Park: Park de Schinkeleilanden
Soccer pitch, athletics track, soccer sports_centre: Sportpark de Schinkel

The area reads as everyday-residential. The specific draws that make it so are the local sports facilities and the neighborhood park, which serve the daily recreational needs of the local community rather than acting as major tourist landmarks."
Oostelijk Havengebied - Indische Buurt,Entire home/apt,140,2,26,0.73,1,9,5,"garden: Chantilly
cafe: Coffee Company
convenience: Super Toko Nawied
laundry: Kleine Wasjes Grote Wasjes, Stomerij SuperNette
massage: Sala Thai Wellness
sports_centre: TrainMore
library: OBA Javaplein
florist: Urban Bloom
coffee_shop cafe: Ramazan
repair: Linux Repair Café
beauty: Pampering Myself
hairdresser: Kapsalon The Friends, Hairdresser (Note: As 'Hairdresser' was not in the provided list, I have excluded it from the final count based on your instructions to use only the provided names).

The area reads as everyday-residential. The specific draws that make it so are the presence of essential local services such as Kleine Wasjes Grote Wasjes, Stomerij SuperNette, Super Toko Nawied, Linux Repair Café, and OBA Javaplein, which cater to the daily needs of local residents rather than tourists."
Noord-Oost,Private room,59,2,91,2.17,1,347,9,"park: Schellingwouderpark
picnic_table: Schellingwouderpark

The area reads as everyday-residential. The specific draw is the local park, which serves as a quiet green space for neighborhood recreation rather than a destination for international tourism."
De Pijp - Rivierenbuurt,Entire home/apt,250,2,12,0.28,1,132,0,"Bakery: Layers Bakery & Deli
Coffee_shop cafe: Reload Coffee
Garden: Oeuf
Restaurant: Boeuf, Brasserie SenT
Wine: Wijnhandel van Krimpen
Bar: La Dilettante
Language_school: Juku Japans
Pizza restaurant: Porchetteria
Burger restaurant: Reload Coffee

The area reads as everyday-residential. The specific draws are the local dining and service establishments like Layers Bakery & Deli, Reload Coffee, and Wijnhandel van Krimpen, which cater to the daily needs of residents rather than serving as major tourist landmarks."
Slotervaart,Entire home/apt,220,3,30,0.7,1,13,6,"viewpoint: Amsterdam

The area reads as tourist-prominent, as the specific draw is Amsterdam, a world-famous city and major international travel destination."
Centrum-Oost,Private room,54,2,214,4.67,2,76,35,"Hotel: David's Boat
Playground: David's Boat

The area reads as tourist-prominent. The specific draw that makes it so is the presence of a hotel, which indicates a destination designed to accommodate visitors rather than permanent residents."
Oud-Oost,Entire home/apt,160,3,8,0.18,1,0,0,"fitness_centre: PLTS
dancing_school: Euphoria
seafood: Rascasse
spinning fitness_centre: Rocycle Oost
fast_food: Mr Rooster, Roba
mobile_phone: Tabak Mobi Shop
pizza fast_food: Pizzeria Steakhouse Oost
moroccan restaurant: Sinbad
pub: Nova
travel_agency: Marhaba
bicycle: East Cycling
pet: Dierenwinkel Amsterdam

The area reads as everyday-residential. The specific draws that make it so are the inclusion of a pet store, a bicycle shop, a travel agency, and a variety of local dining options like a Moroccan restaurant and pizza fast food, which cater to the daily needs and routines of local residents rather than serving as a hub for famous landmarks or tourist attractions."
Centrum-West,Private room,89,1,517,11.44,1,288,142,"playground: De Dierencapel
zoo: De Dierencapel

The area reads as everyday-residential, as the specific draw is a local petting zoo and playground facility typically serving the immediate neighborhood community rather than serving as a major tourist landmark."
Centrum-West,Private room,100,1,65,1.44,1,5,0,"alcohol: Cave Rokin
beauty: Sunday's
cafe: Het Groene Paleis - Coffee and Bakery
telecommunication: KPN, Vodafone
restaurant: Het Groene Paleis
optician: Eye Wish
gift: Kingdom of Sweets
jewelry: City Diamonds, Harry Tromp, Kunsthandel Frans Jacobs
ticket: Tours & Tickets, Tours & Tickets
bakery: Bakery Cafe
convenience: Mini Supermarkt
confectionery: Jamin, Kingdom of Sweets
shoes: Sidestep
burger fast_food: McDonald's
clothes: Guess, Triumph

The area reads as tourist-prominent. The specific draws that make it so are Tours & Tickets, Kingdom of Sweets, and the presence of international brands like McDonald's, which cater to high-traffic visitor areas."
Noord-Oost,Entire home/apt,250,4,2,0.05,1,0,0,"There are no places listed to categorize. Therefore, the area cannot be assessed as tourist-prominent or everyday-residential."
De Baarsjes - Oud-West,Entire home/apt,80,4,24,0.53,1,0,2,"School: De Visserschool

The area reads as everyday-residential. The presence of a school indicates a neighborhood focused on local community and family life rather than tourist-oriented landmarks or attractions."
De Pijp - Rivierenbuurt,Entire home/apt,97,1,41,0.99,2,354,6,"fitness fitness_centre: Haut Fitnessclub

The area reads as everyday-residential, as it is defined by a local fitness facility rather than famous landmarks or tourist attractions."
Centrum-Oost,Private room,74,1,280,6.29,2,340,50,"coworking_space: De Balie
restaurant: Boven de Balie, Ron Gastrobar Paris
electronics: Apple Store
attraction: Leidseplein, De Balie
garden: Kleine-Gartmanplantsoen
cafe: Cafe in the City
guest_house: Palladium
bar: Palladium

The area reads as tourist-prominent. The specific draws that make it so are Leidseplein, which is a major entertainment and nightlife hub, and the Apple Store, a high-profile landmark located in a central, high-traffic area."
Centrum-Oost,Private room,69,1,235,5.19,2,337,48,"coworking_space: De Balie
restaurant: Boven de Balie, Ron Gastrobar Paris
electronics: Apple Store
attraction: Leidseplein, De Balie
garden: Kleine-Gartmanplantsoen
cafe: Cafe in the City
guest_house: Palladium
bar: Palladium

The area reads as tourist-prominent. The specific draws that make it so are Leidseplein and the Apple Store, which are major landmarks and high-traffic destinations for visitors."
De Pijp - Rivierenbuurt,Entire home/apt,165,2,16,0.54,1,0,0,"artwork: Wethouder Wibaut

The area reads as everyday-residential. The presence of a specific local monument like Wethouder Wibaut, without any major tourist landmarks or attractions, indicates a neighborhood focused on community and local history rather than tourism."
Zuid,Entire home/apt,133,2,173,4.2,2,231,31,"Conference centre: Room of Ideas
Cafe: Sabor de Maria
Bakery: De Bakkerswinkel
Interior decoration: Imiho
Pizza restaurant: Pizza Beppe
Clothes: Neeve
Dentist: Tandartspraktijk de ZuidAs

The area reads as everyday-residential. The specific draws that make it so are the presence of a local dentist, a bakery, and a clothing store, which serve the daily needs of local residents rather than catering to visitors of famous landmarks or tourist attractions."
Bos en Lommer,Entire home/apt,375,3,17,0.51,1,0,0,"School: Multatulischool
Garden: None

The area reads as everyday-residential. The specific draw that makes it so is the Multatulischool, which serves the local community rather than acting as a tourist landmark."
Centrum-West,Entire home/apt,150,4,17,0.48,1,13,2,"kebab fast_food: Ali Baba
bakery: BBrood!, Bakkerij Wolf
hairdresser: Kapsalon Bianco
pizza fast_food: Domino's

The area reads as everyday-residential. The specific draws that make it so are the presence of local bakeries, a hairdresser, and a standard fast-food pizza chain, which cater to the daily needs of local inhabitants rather than serving as destinations for tourists."
Bos en Lommer,Entire home/apt,250,3,19,0.43,1,79,1,"Place types: parkour pitch (1), soccer pitch (1), picnic_table (1).

The area reads as everyday-residential, as it contains local recreational amenities rather than famous landmarks or tourist attractions."
Centrum-West,Private room,199,3,109,2.5,1,236,11,"restaurant: Bonboon
toys: A Space Oddity

The area reads as tourist-prominent. The specific draws are A Space Oddity, which functions as a niche specialty shop, and Bonboon, which is a destination dining establishment, both of which attract visitors beyond the immediate local residential population."
IJburg - Zeeburgereiland,Entire home/apt,200,3,14,0.39,1,7,0,"Skateboard pitch: Skatepark Zeeburgereiland

The area reads as everyday-residential. The specific draw is Skatepark Zeeburgereiland, which serves as a local recreational facility for residents rather than a famous landmark or tourist attraction."
Centrum-West,Private room,71,3,76,1.77,2,0,17,"Attraction: Beurs van Berlage, Rederij Plas, The Grasshopper
Restaurant: Dal Pagliaccio, The Grasshopper
Erotic: Smart
Coworking_space: Meet Berlage
Pub: De Deugniet
Bar: The Brokers Bar
Bakery: Croissanterie
Chocolate: Tony's Chocolonely
Cafe: New York Film Academy Cafe

The area reads as tourist-prominent. The specific draws that make it so are Beurs van Berlage, Rederij Plas, and The Grasshopper, which are well-known landmarks and attractions that draw high volumes of visitors to the city center."
Centrum-Oost,Entire home/apt,75,7,36,1.13,22,321,5,"Hotel: Amsterdam Inn, Hotel Titus, Weber Hotel, Weber Studios, Lux
Restaurant: La Bohème
Bar: Bar Weber, Milk
Theatre: Melkweg

The area reads as tourist-prominent. The specific draws are Melkweg, a famous music venue and cultural center, and the high density of hotels, which indicate a location catering to visitors and nightlife rather than everyday-residential living."
IJburg - Zeeburgereiland,Private room,80,3,8,0.28,2,0,0,"School: Willibrordschool

Area type: everyday-residential. The area reads as everyday-residential because it contains only a school, which serves the local community rather than acting as a tourist draw."
Noord-West,Entire home/apt,130,3,26,0.68,1,0,2,There are no places to list. The area does not read as tourist-prominent or everyday-residential.
De Pijp - Rivierenbuurt,Private room,100,5,60,1.68,1,2,6,"Place types: None
The area reads as neither tourist-prominent nor everyday-residential as no places were provided."
Oud-Noord,Entire home/apt,99,2,16,0.38,1,6,1,"No places were provided in the list, so no nearby places can be named. The area cannot be categorized as tourist-prominent or everyday-residential based on the provided information."
Centrum-West,Entire home/apt,176,3,16,0.38,2,13,0,"Garden: Walenpoortje
Attraction: de Wallen, Oost-Indisch Huis, Het Kleinste Huis
Place_of_worship: Waalse kerk
Tea: Het Kleinste Huis
Restaurant: Barbecue, Jade House, Samrat, Tasteful
Jewelry: Q&Q
Books: Kok
Drug_paraphernalia: PsiloCybe CBD&SonjaDelight
Burger fast_food: Burger Zaken
Fast_food: Fabel Friet
Clothes: Capsicum, Love Stories Archive, Stetson
Pub: Cafe De Pool, Cafe Tapvreugd, Tapvreugd
Bag: De Grote Tas
Cafe: Number One
Smartshop: PsiloCybe CBD&SonjaDelight, Chipsy King
Ice_cream: Dolce & Gelato Bio

The area reads as tourist-prominent. The presence of famous landmarks such as de Wallen and the Oost-Indisch Huis, combined with specialized tourist-focused shops like Het Kleinste Huis, indicates a high volume of visitors rather than a purely everyday-residential neighborhood."
Oud-Noord,Entire home/apt,90,3,4,0.09,1,0,2,"park: Papaverplantsoen
picnic_table: Papaverplantsoen

The area reads as everyday-residential. It is a local neighborhood green space designed for community recreation rather than a destination for tourists, as there are no famous landmarks or major attractions nearby."
Westerpark,Entire home/apt,140,2,11,0.26,1,0,0,"Community centre: Juhique
Garden: Rip van Winkel's
Clothes: De Steek
Craft: Enso
Restaurant: Enso
Burger fast_food: Dandy Burger

The area reads as everyday-residential. The specific draws that make it so are the inclusion of a community centre, a local garden, and specialized shops like a craft store and clothing boutique, which serve the daily needs of local residents rather than catering to high-traffic tourism."
Oostelijk Havengebied - Indische Buurt,Entire home/apt,90,5,14,0.33,1,0,4,"coffee_shop cafe: Coffee Company
friture fast_food: FEBO
repair: Linux Repair Café
library: OBA Javaplein
sports_centre: TrainMore
florist: Urban Bloom
garden: Urban Bloom
fountain: Urban Bloom
outdoor_seating: Coffee Company

The area reads as everyday-residential. The specific draws that make it so are the OBA Javaplein library, the TrainMore sports centre, and the Linux Repair Café, which serve the daily needs and utility requirements of local residents."
Centrum-Oost,Private room,93,1,80,2.32,2,238,32,"theatre: Opera & Ballet
restaurant: Hapjeshoek

The area reads as tourist-prominent because it features Opera & Ballet, which is a major cultural landmark that draws visitors."
De Pijp - Rivierenbuurt,Entire home/apt,300,5,10,0.33,1,0,0,"place_of_worship: Vredeskerk
garden: Vredeskerk

The area reads as everyday-residential. The specific draw is Vredeskerk, which serves as a local community place of worship rather than a major tourist landmark."
Centrum-Oost,Entire home/apt,209,7,0,,9,283,0,"Florist: Flower Loves Me
Restaurant: Red
Place of worship: Keizersgrachtkerk

The area reads as everyday-residential. The specific draws are the local florist, a neighborhood restaurant, and a local church, which serve the daily needs and community life of residents rather than catering to tourists."
Zuid,Entire home/apt,140,5,3,0.08,1,0,0,"No places were provided in the list to categorize. Therefore, the area cannot be assessed as tourist-prominent or everyday-residential."
Oud-Oost,Entire home/apt,282,2,14,0.37,1,117,0,"arts_centre: Framer Framed
school: Kunstmagneetschool De Kraal

The area reads as everyday-residential. The specific draws are the school and the arts centre, which serve the local community rather than functioning as major tourist landmarks."
De Baarsjes - Oud-West,Entire home/apt,200,3,14,0.35,1,0,3,"Garden: None
Playground: None
Books: Boeken Ruilbeurs
Tailor: de zuivere naald
Bicycle: 020 Fietsen Amsterdam, Skate Dokter
Cafe: ted.
Art: L'equipage
Beauty: None
Sports: None

The area reads as everyday-residential. The specific draws that make it so are local services like 020 Fietsen Amsterdam, Skate Dokter, and de zuivere naald, which cater to the daily needs of residents rather than serving as major tourist landmarks."
De Baarsjes - Oud-West,Entire home/apt,175,3,3,0.1,1,0,0,"arts_centre: De Nieuwe Liefde
motorcycle: Moto Dick

The area reads as everyday-residential. The presence of a specialized motorcycle shop and a local arts centre suggests a neighborhood focused on community services and local interests rather than major tourist landmarks or attractions."
Centrum-West,Private room,224,2,119,3.05,1,258,29,"gallery: Galerie Staaf
public_bookcase: None

The area reads as everyday-residential. The presence of a single gallery and the absence of major landmarks or high-traffic attractions suggest a quiet, localized environment rather than a tourist-prominent one."
Geuzenveld - Slotermeer,Entire home/apt,130,4,4,0.1,1,154,0,"Place types: playground (1)

The area reads as everyday-residential, as there are no famous landmarks or attractions nearby."
Centrum-Oost,Entire home/apt,250,4,21,0.65,1,1,0,"Smartshop: Azarius, House of Smart
Hostel: Hans Brinker
Dry_cleaning: Mirror
Restaurant: Ms. Chelin
Bicycle_rental: King Bikes
Community_centre: Wijkcentrum d'Oude Stadt
Cannabis: Azarius, House of Smart

The area reads as tourist-prominent. The presence of Hans Brinker, a well-known hostel, alongside multiple smartshops and a bicycle rental service, indicates an area heavily focused on catering to visitors and the city's specific tourism-driven retail culture."
De Baarsjes - Oud-West,Entire home/apt,214,2,28,0.72,1,0,0,"Bicycle: Freewheel
Convenience: Albert Heijn
Cycling sports: Rusty Gold
Chemist: Etos
Kebab fast_food: Mesut
Supermarket: Odin
Hearing_aids: Makker
Coffee_shop vacant: Decathlon
Clothes: Decathlon

The area reads as everyday-residential. The specific draws that make it so are the presence of a supermarket (Odin), a convenience store (Albert Heijn), a chemist (Etos), and a hearing aids specialist (Makker), which cater to the essential daily needs of local residents rather than tourists."
De Pijp - Rivierenbuurt,Private room,120,2,141,3.57,1,10,3,"beauty: Skin Project Institute
convenience: FermentFabriek
restaurant: Badcuyp
hairdresser: Hairstudio Pu-ma
musical_instrument: Résonance
vacant: (None)
language_school: Taalhuis Amsterdam
bicycle_rental: Ajax Bike
dentist: Dental 220
pub: Café De Baron
garden: (None)

The area reads as everyday-residential. The specific draws that make it so are local services such as a dental clinic, a hair studio, a language school, and a neighborhood pub, which cater to the daily needs of residents rather than serving as major tourist landmarks or attractions."
Centrum-West,Private room,203,1,75,3.14,1,319,32,"Computer: Amac
Gift: Marina Tabak Souvenier Supermarkt
Hotel: A-Train Hotel, Hotel Plant
Supermarket: Albert Heijn
Clothes: COPA Football Flagship Store
Bicycle_rental: Het Zwarte Fietsenplan

The area reads as tourist-prominent. The presence of multiple hotels, a bicycle rental shop, and a souvenir supermarket indicates a location heavily frequented by visitors, while the proximity to central transit hubs typical of the A-Train Hotel location further emphasizes its role as a tourist-focused area."
Zuid,Private room,100,1,0,,1,0,0,"No places were provided in the list, so no nearby places can be named. The area cannot be categorized as tourist-prominent or everyday-residential based on the provided input."
Oostelijk Havengebied - Indische Buurt,Entire home/apt,136,3,1,0.04,1,96,0,"Garden: Gogun & Son
Italian restaurant: Eatmosfera
Vacant: Div.
Beauty: Warda2
Hairdresser: The Barbers Office
Kebab fast_food: Döner van Oost
Laundry: Stomerij en kledingreparatie Medina
Houseware: Çinar
Restaurant: Çinar
Seafood: Volendammer Vishandel
Clothes: Stomerij en kledingreparatie Medina
Tobacco: Warda2
Cannabis: Warda2

The area reads as everyday-residential. The specific draws that make it so are the presence of essential local services such as a laundry (Stomerij en kledingreparatie Medina), a hairdresser (The Barbers Office), and neighborhood food staples like a seafood shop (Volendammer Vishandel) and a kebab shop (Döner van Oost), which cater to the daily needs of local residents rather than tourists."
Centrum-West,Private room,150,2,12,0.38,2,0,0,"wine: Troppo Giovane
cafe: Toki

The area reads as everyday-residential, as the draws are a local wine bar and a cafe rather than famous landmarks or tourist attractions."
Zuid,Entire home/apt,444,5,9,2.33,1,304,3,"garden: Stichting Kuria
park: Stichting Kuria
playground: Stichting Kuria
social_facility: Stichting Kuria
restaurant: Juliette
sandwich fast_food: Kooy's Delicatessen

The area reads as everyday-residential. The specific draws are the presence of a social facility like Stichting Kuria, which serves the local community, and neighborhood-focused dining options like Juliette and Kooy's Delicatessen, which cater to daily needs rather than serving as major tourist landmarks."
Oud-Oost,Entire home/apt,217,3,14,0.35,1,209,2,"The provided list contains no place names to categorize. Therefore, the area cannot be classified as either tourist-prominent or everyday-residential."
Zuid,Entire home/apt,300,4,7,0.18,1,128,0,"bar: Chef

The area reads as everyday-residential, as it lacks famous landmarks or major tourist attractions, featuring only a single local bar."
Oud-Oost,Entire home/apt,150,2,13,0.33,1,0,0,No places were provided to categorize. The area cannot be assessed for being tourist-prominent or everyday-residential.
De Pijp - Rivierenbuurt,Entire home/apt,200,3,4,0.14,1,0,0,"butcher: None
place_of_worship: Hare Krishna Nederland
indonesian restaurant: Omahe
hot_dog fast_food: The Fat Dog

The area reads as everyday-residential. The specific draws are a local place of worship, a neighborhood Indonesian restaurant, and a casual hot dog eatery, which serve the daily needs and dining habits of residents rather than catering to tourists."
Centrum-Oost,Private room,80,3,91,2.27,2,274,21,"attraction: Magere Brug
public_bookcase: none

The area reads as tourist-prominent. The specific draw is Magere Brug, a famous historic bridge and landmark that attracts visitors for its scenic architecture."
De Pijp - Rivierenbuurt,Entire home/apt,214,2,14,0.36,1,9,0,"Place types:
place_of_worship: Maarten Lutherkerk

The area reads as everyday-residential. The presence of a local church, garden, picnic table, and playground indicates a neighborhood focused on community amenities and local congregational life rather than major tourist landmarks."
Centrum-Oost,Private room,75,3,79,1.99,2,0,1,"Attraction: Magere Brug
Public bookcase: None

The area reads as tourist-prominent. The specific draw is Magere Brug, a famous historic bridge that serves as a major landmark and sightseeing destination in Amsterdam."
De Pijp - Rivierenbuurt,Entire home/apt,140,7,13,0.32,1,0,0,No places are listed to categorize. The area cannot be assessed as tourist-prominent or everyday-residential based on the provided information.
Zuid,Entire home/apt,299,4,9,0.61,6,0,4,"hifi: Knokki

The area reads as everyday-residential. The specific draw that makes it so is Knokki, a local shop specializing in high-fidelity audio equipment."
Oostelijk Havengebied - Indische Buurt,Private room,76,2,40,1.0,1,1,0,"Park: Keesje Brijdeplantsoen
Playground: Keesje Brijdeplantsoen

The area reads as everyday-residential. The specific draw is the local green space and recreational facility provided by Keesje Brijdeplantsoen, which serves the immediate neighborhood rather than acting as a major tourist destination."
Centrum-Oost,Entire home/apt,180,3,16,0.4,1,141,3,"Restaurant: De Kop van Oost, Foodhal Mooie Boules
Pub: Brouwerij 't IJ

The area reads as tourist-prominent. The specific draw is Brouwerij 't IJ, which is a famous landmark and major tourist attraction due to its location at a historic windmill."
Zuid,Hotel room,151,1,47,1.25,20,267,3,"Guest house: Gent
Playground: Gent
Pub: Gent
Garden: Gent

The area reads as everyday-residential, as the presence of a playground and garden suggests local community amenities rather than famous landmarks or tourist attractions."
Oud-Oost,Entire home/apt,100,2,13,4.94,1,0,3,"yoga fitness_centre: Form
sandwich fast_food: Dough Studio
bicycle: Velespit
cannabis: The Plug
bar: Bo-Mij
doityourself: Five Stars
garden: None

The area reads as everyday-residential. The specific draws that make it so are the inclusion of a local bicycle shop, a DIY store, and a neighborhood sandwich spot, which cater to the daily needs and errands of local residents rather than serving as tourist-prominent landmarks."
De Baarsjes - Oud-West,Entire home/apt,150,2,20,0.59,1,0,5,"Tailor: A.S.K.
Pizza fast_food: Papa John's
Surinamese restaurant: WarungRahayu
Public_bookcase: Supervorm
Playground: J.J. Cremerplein
Tobacco: Serhat Market
Supermarket: Serhat Market

The area reads as everyday-residential. The specific draws are the local supermarket, the neighborhood playground at J.J. Cremerplein, and the presence of essential services like a tailor and a public bookcase, which cater to the daily needs of local residents rather than tourists."
Oud-Oost,Entire home/apt,225,5,6,0.16,1,0,0,The area contains no nearby places. It does not read as tourist-prominent or everyday-residential.
Noord-West,Private room,54,2,101,2.57,1,10,24,No places provided. The area cannot be categorized.
Oud-Oost,Entire home/apt,400,4,12,0.3,1,0,0,There are no places to list. The area does not read as tourist-prominent or everyday-residential.
Centrum-Oost,Entire home/apt,75,7,15,1.08,22,339,3,"theatre: DeLaMar, Melkweg
hotel: Boutique Hotel View, Hotel Titus, Kooyk Hotel, Weber Hotel, Weber Studios
restaurant: Lux
apartment: Milk
bar: Bar Weber, Weber

The area reads as tourist-prominent. The specific draws that make it so are the presence of multiple hotels and well-known entertainment venues like DeLaMar and Melkweg, which are major attractions for visitors."
Bos en Lommer,Private room,47,2,37,0.96,2,0,0,No places provided. The area cannot be categorized.
De Baarsjes - Oud-West,Entire home/apt,200,3,12,0.42,1,0,0,"Place types: playground (1)

The area reads as everyday-residential, as there are no famous landmarks or attractions nearby."
De Baarsjes - Oud-West,Entire home/apt,110,2,18,0.45,1,0,6,"sandwich fast_food: Broodje Daan
garden: None

The area reads as everyday-residential. The specific draw is Broodje Daan, which functions as a local food establishment rather than a major tourist landmark."
Centrum-West,Private room,89,3,97,2.47,2,0,0,"Attraction: Beurs van Berlage, Rederij Plas, The Grasshopper
Cafe: Cafe Keffer, café40
Kebab fast_food: Donnerkebab, Kebab Corner
Erotic: Hot Or Not, The Happy Shop
Friture fast_food: Vlaamse Friet
Pub: De Deugniet, The Brokers Bar
Chinese restaurant: Wok Inn
Restaurant: Dal Pagliaccio, Smart
Coworking_space: Meet Berlage
Bar: Croissanterie
Bakery: Croissanterie
Chocolate: Tony's Chocolonely

The area reads as tourist-prominent. The specific draws that make it so are Beurs van Berlage, Rederij Plas, and The Grasshopper, which are well-known landmarks and attractions that draw significant visitor traffic."
Westerpark,Hotel room,161,2,27,1.0,20,269,3,"public_bookcase: Boekenkast
park: None

The area reads as everyday-residential. The specific draw is the presence of a Boekenkast, which serves the local community rather than acting as a famous landmark or tourist attraction."
De Baarsjes - Oud-West,Hotel room,151,2,39,0.98,20,239,1,"Pub: Café Thuys
Restaurant: Le French Cafe
Regional bar: Boegbeeld
Artwork: Ankh, Spelletjescafé 2 Klaveren

The area reads as everyday-residential. The specific draws that make it so are the presence of a local pub, a neighborhood restaurant, and a regional bar, which cater to the daily routines and social habits of local residents rather than serving as major tourist destinations."
Centrum-West,Entire home/apt,220,3,25,0.72,2,279,2,"Marketplace: Noordermarkt
Artwork: Woutertje Pieterse & Femke
Basketball pitch: None

The area reads as tourist-prominent. The specific draws are Noordermarkt and Woutertje Pieterse & Femke, which are well-known landmarks located in a historic part of Amsterdam that attracts significant visitor traffic."
Centrum-Oost,Private room,242,1,17,1.1,2,0,0,"gallery: Galerie AdK Actuele Kunst
hotel: Hotel Mozart

The area reads as everyday-residential. The specific draws that make it so are the presence of a local gallery and a hotel, which function as neighborhood amenities rather than major tourist-prominent landmarks or attractions."
De Baarsjes - Oud-West,Entire home/apt,247,2,15,0.38,1,0,0,No places provided. The area cannot be categorized.
Centrum-Oost,Entire home/apt,180,3,18,0.47,1,6,3,"Park: Wertheimpark
Korfball pitch: Swift/PST
Garden: Wertheimpark

The area reads as everyday-residential. The specific draws are the local sports facility Swift/PST and the community green space Wertheimpark, which serve the daily needs of residents rather than catering to major tourist landmarks."
De Pijp - Rivierenbuurt,Entire home/apt,220,3,15,0.49,1,0,3,"Coffee: Kaldi
Fitness fitness_centre: TrainMore
Italian restaurant: Noemi, Pasta e Pizza
Pub: Huis van Iemand Anders
Japanese restaurant: Tsunarié
Locksmith: De Sleutelkluis
Hotel: Ibis Styles Amsterdam Amstel
Indian fast_food: Saravanaa Bhavan
Gallery: Fabric Inspired X Artitude

The area reads as everyday-residential. It is defined by local services and amenities such as De Sleutelkluis, TrainMore, and a variety of neighborhood dining options like Kaldi, Noemi, Pasta e Pizza, Tsunarié, and Saravanaa Bhavan, which cater to daily living rather than serving as a hub for major tourist landmarks."
Noord-West,Private room,30,1,12,0.37,2,0,1,No places were provided to categorize. The area cannot be assessed as tourist-prominent or everyday-residential based on the provided list.
IJburg - Zeeburgereiland,Private room,80,3,21,0.56,1,0,0,"Place types: playground (1)

Area reading: everyday-residential. There are no famous landmarks or tourist attractions listed."
Centrum-West,Private room,164,3,54,1.9,1,271,28,"cafe: Café 't Papeneiland, Café Tabac
florist: Pompon

The area reads as tourist-prominent. The specific draw is Café 't Papeneiland, which is a famous historic landmark frequently visited by tourists for its traditional Dutch atmosphere and apple pie."
IJburg - Zeeburgereiland,Hotel room,161,1,7,0.23,20,271,0,"Hotel: SWEETS

The area reads as tourist-prominent. The specific draw is SWEETS, which is a luxury hotel suite located in a historic bridge house, functioning as a unique landmark accommodation for visitors."
Centrum-West,Entire home/apt,140,2,15,0.68,1,0,1,"Thai restaurant: Billy's Thai Restaurant
Clothes: Verse
Hairdresser: De Knipkamer 352
Antiques: Prinsheerlijk Antiek

The area reads as everyday-residential. It lacks famous landmarks or major tourist attractions, consisting instead of local service-oriented businesses like a hairdresser, a clothing shop, an antique store, and a neighborhood restaurant."
Centrum-West,Private room,70,3,235,6.17,1,148,57,"american cafe: Corner House Hotel Cafe
restaurant: Barraka, La Cantina, La Casa, Lunch & Dinner, Mr. Crab, Seafood Grill, St. Paul's
cannabis: Amsterdam Seed Center, Tulashi
tattoo: Tattoo & Art
pancake restaurant: De Pannenkoekerij
pub: De Drie Fleschjes
gift: De Drie Monnikjes, Rainbow
clothes: Pop Up Store Marcous Vintage, Rejoes
bar: De Nieuwe Pilserij
hotel: Dam Square Inn
asian restaurant: Takumi Ramen
beauty: Sense
bicycle_rental: Green Budget Bikes
fabric: Original Dutch Fabric, Quilt Shop
photo: Museumfoto
breakfast cafe: De Drie Graefjes
massage: Dal Migliore
italian restaurant: Eethuis Sie-Joe

The area reads as tourist-prominent. The presence of Dam Square Inn, Green Budget Bikes, Museumfoto, and various gift shops indicates a high volume of visitors centered around major city landmarks."
Centrum-West,Private room,76,1,87,2.31,3,309,26,"Restaurant: Oriole Garden Bistro, Bridges
Hotel: The Grand

The area reads as everyday-residential. The specific draws that make it so are the inclusion of a bistro and a restaurant, which serve as local dining options for residents rather than major tourist landmarks or attractions."
De Baarsjes - Oud-West,Entire home/apt,119,2,15,0.4,1,0,0,"Garden: Burtmoestuin 'Het eetbare plantsoen', Nicolaas Beetsplantsoen
School: Brede school De Kinkerbuurt

The area reads as everyday-residential. The draws that make it so are the presence of a local school and community-focused garden spaces, which serve the daily needs and recreational interests of local residents rather than catering to tourists."
Slotervaart,Entire home/apt,90,3,3,0.11,1,0,0,"arts_centre: Broedplaats HW10
table_tennis pitch: Broedplaats HW10

The area reads as everyday-residential. The specific draw is Broedplaats HW10, which functions as a local creative workspace and community hub rather than a major tourist landmark."
Oostelijk Havengebied - Indische Buurt,Entire home/apt,150,3,13,5.13,1,337,6,"Garden: Marijke's guestroom
Hotel: Marijke's guestroom

The area reads as everyday-residential. The specific draw is the presence of a guestroom, which suggests a private, home-based accommodation rather than a commercial tourist hub or landmark-dense district."
Oostelijk Havengebied - Indische Buurt,Private room,49,1,48,1.26,2,139,1,There are no places listed to categorize. The area cannot be assessed for its character as no specific draws were provided.
De Baarsjes - Oud-West,Private room,129,4,96,2.77,2,64,11,"beauty: Delete
restaurant: The Bab
florist: Amsterdam Flora
chemist: Kruidvat
cafe: Cafe Kompleet

The area reads as everyday-residential. The specific draws are the practical amenities such as a chemist, a florist, and a local cafe, which serve the daily needs of residents rather than catering to tourists."
Centrum-Oost,Entire home/apt,300,3,27,0.82,1,0,0,"Artwork: Spinoza, Zonder titel
Restaurant: Café Café
Outdoor_seating: Café Café
Townhall: Stadsloket Centrum

The area reads as everyday-residential. The presence of a local town hall (Stadsloket Centrum) and a neighborhood café indicates a space serving the functional and social needs of local residents rather than a hub for major tourist landmarks."
Oud-Oost,Entire home/apt,195,3,6,0.17,1,0,0,"School: Bassischool Frankendael
Public_bookcase: Buurtbiep
Playground: Transvaalplein

The area reads as everyday-residential. The specific draws that make it so are the presence of a local primary school, a community-managed public bookcase, and a neighborhood playground, which serve the daily needs of local families and residents rather than catering to tourists."
Westerpark,Private room,165,1,0,,2,0,0,"Park: Frederik Hendrikplantsoen
Playground: Frederik Hendrikplantsoen
Garden: Frederik Hendrikplantsoen

The area reads as everyday-residential. The specific draw is Frederik Hendrikplantsoen, which serves as a local neighborhood green space rather than a major tourist attraction."
Centrum-West,Entire home/apt,487,1,3,3.0,5,268,3,"garden: Palmentuin Prinseneiland

The area reads as everyday-residential. The specific draw is Palmentuin Prinseneiland, a quiet, local green space tucked away in a residential neighborhood rather than a major tourist attraction."
Westerpark,Entire home/apt,165,8,23,0.63,2,0,0,"Bicycle: Nick's Rijwielherstel
Hairdresser: Westerpark Maryam Hair & Beauty
Outdoor: Trail.NL
Garden: Trail.NL

The area reads as everyday-residential. The specific draws are the local service-oriented businesses, such as a bicycle repair shop and a hair salon, which cater to the daily needs of neighborhood residents rather than international tourists."
De Pijp - Rivierenbuurt,Entire home/apt,200,2,8,0.23,1,0,0,"garden: None
school: 9e Montessorischool De Scholekster

The area reads as everyday-residential because the only listed place is a local school."
Westerpark,Entire home/apt,110,2,3,0.08,1,0,0,"Garden: Chapiteau
Musical_instrument: Saxomania
Cannabis: None
Bicycle: Gregario Cycling Services

The area reads as everyday-residential. The specific draws are a local cycling service and a musical instrument shop, which cater to the needs and hobbies of local residents rather than serving as major tourist landmarks."
Watergraafsmeer,Entire home/apt,147,14,8,0.3,1,0,0,"School: Bassischool Frankendael (locatie Hogeweg)
Garden: Frankendael

The area reads as everyday-residential. The primary draw is the school, which serves the local community, while the garden provides a neighborhood green space rather than a major tourist attraction."
Centrum-West,Private room,112,1,191,5.37,2,215,84,"clothes: Saint Morris, Love Stories Archive, Love Experience
growshop: Sensi Seeds Bank
museum: Hash Marihuana & Hemp Museum, Tobacco Experience
guest_house: B&B 1680
music: Red Light Records
gift: Red Light Souvenirs, Hemp Story
drug_paraphernalia: Hemp Gallery
erotic: Hanky Panky, Love Experience
information: Cannabis College
cafe: Mr. Crumbs
hotel: Princehof, Heart of Amsterdam
social_facility: Adiuvantes
restaurant: Mr. Crumbs
bar: The Pint
brothel: de Wallen
tattoo: Hanky Panky
attraction: Bike Rental

The area reads as tourist-prominent. The specific draws that make it so are the Hash Marihuana & Hemp Museum, Tobacco Experience, Cannabis College, and de Wallen, which are major landmarks associated with the city's unique tourism profile."
Oud-Noord,Entire home/apt,140,3,9,0.39,1,189,0,"No places were provided in the list, so no nearby places can be named. The area cannot be categorized based on the provided input."
Zuid,Entire home/apt,400,2,3,0.08,1,0,0,"Guest house: Flores & Puck
School: Tobiasschool
Dentist: Tandartspraktijk De Liefde

The area reads as everyday-residential. The specific draws that make it so are the presence of a local school and a neighborhood dental practice, which serve the daily needs of local residents rather than catering to tourists."
Bos en Lommer,Entire home/apt,100,2,14,0.38,1,0,2,"The provided list contains no places; therefore, the area cannot be categorized."
Centrum-West,Entire home/apt,250,2,13,0.39,2,0,1,"Place types:
place_of_worship: Westerkerk
kiosk: Museum Cafe
doctors: Huisartsenpraktijk Westertoren
gift: Anne Frank Huis Museumshop
cafe: Lunchcafé Dialoog, Museum Cafe
museum: Anne Frank Huis
collector: Comics Import Amsterdam

The area reads as tourist-prominent. The specific draws that make it so are the Anne Frank Huis and the Anne Frank Huis Museumshop, which are major international landmarks that attract high volumes of visitors."
Oud-Oost,Entire home/apt,198,1,36,1.04,6,354,11,"Restaurant: Sranang Makmur, Tres Amigos
Garden: None

The area reads as everyday-residential. The specific draws are the local restaurants, which cater to daily dining needs rather than serving as major tourist landmarks or attractions."
Oud-Oost,Entire home/apt,166,1,77,2.5,6,268,25,"No places were provided in the list, so no nearby places can be named. The area cannot be classified as either tourist-prominent or everyday-residential based on the provided input."
Westerpark,Entire home/apt,250,1,15,0.42,1,0,1,"bar: De Nieuwe Anita
garden: None

The area reads as everyday-residential. The specific draw is De Nieuwe Anita, which functions as a local neighborhood venue rather than a major tourist landmark."
Oud-Noord,Entire home/apt,100,2,6,0.18,1,158,0,"School: Over Y College
Garden: None

The area reads as everyday-residential, as the specific draw is Over Y College."
De Baarsjes - Oud-West,Shared room,225,2,14,1.03,6,83,2,"massage: springlet
ice_cream: Sotto Zero
burger restaurant: Teds place
public_bookcase: Little Plant Pantry
doctors: DC Klinieken
supermarket: None

The area reads as everyday-residential. The specific draws that make it so are the presence of essential services like DC Klinieken for healthcare and a supermarket-adjacent shop like Little Plant Pantry, which cater to the daily needs of local residents rather than tourists."
Centrum-Oost,Private room,89,2,137,3.97,2,76,51,"museum: Museumhaven
slipway: Museumhaven

The area reads as tourist-prominent. The specific draw is Museumhaven, which serves as a cultural landmark and attraction."
Bos en Lommer,Entire home/apt,149,2,18,0.54,1,86,1,"park: Willem Augustinpark
playground: Willem Augustinpark

This area reads as everyday-residential. The specific draw is Willem Augustinpark, which serves as a local green space for neighborhood recreation rather than a landmark for tourists."
De Pijp - Rivierenbuurt,Entire home/apt,158,3,6,0.23,4,16,1,"bubble_tea cafe: WOW
pub: Tapmarin
garden: None
motorcycle_repair: Mokum Motors
bakery: Bakery Van Wou
furniture: dotshop
hairdresser: The Color
indian restaurant: Annavilaas
peruvian restaurant: Nazka
massage: Healthy massage Fang
coffee_shop cafe: Coffee Bru
pottery: Glazemade
laundry: wasserette van wou

The area reads as everyday-residential. The specific draws that make it so are the inclusion of practical, local services such as a laundry (wasserette van wou), a motorcycle repair shop (Mokum Motors), a hairdresser (The Color), and a massage parlor (Healthy massage Fang), which cater to the daily needs of local residents rather than transient tourists."
De Pijp - Rivierenbuurt,Entire home/apt,200,3,14,0.48,1,21,3,"Marketplace: Albert Cuyp-markt
Chicken restaurant: Franggo
French restaurant: Arles
Shoes: Birkenstock, Shoelala Shoes & More
Cafe: Café Dakduif, Lunchcafé Bozz
Esoteric: Folkvang
Artwork: Khadija Caftan Biladi
Boxing fitness_centre: Boksschool VBSK Albert Cuyp
Toys: Mikado Speelgoed
Curtain: Ideaal Gordijnen Specialisten
Sandwich fast_food: Warung Swietie Lelydorp
Peruvian fast_food: Mari Peruvian Delights & More
Dancing_school: Pole Practice
Tailor: André Hazes
Tobacco: Vivánt Nancy
Asian fast_food: Ranchi Amsterdam
Thai restaurant: Thai Roof
Vacant: None
Place_of_worship: Gerard Dou Synagogue

The area reads as tourist-prominent. The specific draw is the Albert Cuyp-markt, which is a famous landmark and major attraction that brings significant foot traffic to the neighborhood."
Centrum-West,Entire home/apt,506,2,15,0.57,1,75,4,"Place types:
Interior decoration: Bizarre Design
Arts centre: dé Beeldhouwschool
Furniture: The Arch

The area reads as everyday-residential. The specific draws are the local arts centre and design-focused shops, which cater to the needs and interests of local residents rather than serving as major tourist landmarks or attractions."
Centrum-Oost,Private room,330,2,2,0.07,3,176,0,"Hotel: Budget Hotel Hortus
Attraction: Hortus Botanicus

The area reads as tourist-prominent. The specific draw that makes it so is Hortus Botanicus, a famous botanical garden that serves as a major landmark and destination for visitors."
De Pijp - Rivierenbuurt,Entire home/apt,135,1,15,0.53,1,0,0,"bicycle: Slob fietsen

The area reads as everyday-residential, as it is defined by a local business serving the daily transportation needs of residents."
De Baarsjes - Oud-West,Entire home/apt,145,5,10,0.35,1,1,2,There are no places to list. The area does not read as tourist-prominent or everyday-residential.
De Pijp - Rivierenbuurt,Entire home/apt,194,2,11,0.35,1,64,1,"No places were provided in the list, so no nearby places can be named. The area cannot be classified as tourist-prominent or everyday-residential based on the provided information."
Centrum-West,Private room,135,4,38,1.22,1,8,0,"School: Theo Thijssenschool
Playground: None

The area reads as everyday-residential. The specific draw is the Theo Thijssenschool, which serves the local community rather than attracting tourists."
Oud-Oost,Entire home/apt,300,4,1,0.03,1,343,0,"university: Amstelcampus
garden: Amstelcampus

The area reads as everyday-residential. The specific draw is the Amstelcampus, which functions primarily as an educational facility for students rather than a tourist destination."
Oostelijk Havengebied - Indische Buurt,Private room,105,3,24,0.76,1,52,2,"hairdresser: Gentleman
playground: playground
soccer pitch: soccer pitch
garden: garden

The area reads as everyday-residential. The specific draws that make it so are the playground, soccer pitch, and garden, which are typical amenities for a local neighborhood rather than a tourist destination."
De Aker - Nieuw Sloten,Private room,110,1,28,0.88,1,279,6,"Apartment: Johan's B&B

The area reads as tourist-prominent. The specific draw is Johan's B&B, which indicates the location is primarily oriented toward hosting visitors rather than serving as an everyday-residential neighborhood."
Centrum-West,Private room,106,1,144,4.39,2,336,32,"Kebab fast_food: Ali Baba
Bakery: Bakkerij Wolf
Hairdresser: Kapsalon Bianco

The area reads as everyday-residential. The specific draws that make it so are a local bakery, a hair salon, and a kebab shop, which serve the daily needs of local residents rather than catering to visitors through famous landmarks or tourist attractions."
Centrum-Oost,Entire home/apt,161,7,2,0.07,15,364,0,"Garden: Hortus Botanicus
Museum: Luther Museum Amsterdam
Park: J.W. van Overloopplantsoen
Artwork: Afscheid

The area reads as tourist-prominent. The specific draws that make it so are the Hortus Botanicus and the Luther Museum Amsterdam, which are well-known cultural and botanical attractions that draw visitors to the neighborhood."
Centrum-Oost,Entire home/apt,248,7,0,,15,361,0,"garden: J.W. van Overloopplantsoen
museum: Luther Museum Amsterdam
park: J.W. van Overloopplantsoen
artwork: Afscheid

The area reads as everyday-residential. The specific draws that make it so are the J.W. van Overloopplantsoen and the artwork Afscheid, which serve as local community spaces and neighborhood features rather than major international tourist destinations."
De Baarsjes - Oud-West,Entire home/apt,150,2,3,0.09,1,0,0,"Park: Rembrandtpark
Bar: Patio
Artwork: Wormenhotel

The area reads as everyday-residential. The specific draws are the local park, Rembrandtpark, and the neighborhood bar, Patio, which serve the daily needs of residents rather than catering to international tourism."
De Pijp - Rivierenbuurt,Private room,69,3,32,1.04,2,353,10,"Bicycle: Love Cycle
School: De Avonturijn, Kindcentrum Sarphati, Lycée français Vincent van Gogh
Garden: Afrikahuis
Place of worship: Afrikahuis

The area reads as everyday-residential. The specific draws that make it so are the presence of multiple schools and a community-oriented garden space, which prioritize local family and neighborhood needs over tourist attractions."
De Baarsjes - Oud-West,Entire home/apt,255,3,13,0.42,1,128,4,"pharmacy: Wittop Koning
dry_cleaning: Centraal Stomerij
hotel: Princess Hostel
bed: BrainWash
coffee_shop cafe: Un.
copyshop: Copy Plaza
newsagent: Primera
indonesian restaurant: Kartika
hairdresser: Janus
ticket: GVB Servicepunt
cafe: Café Helmers
asian deli: Toko Ikan Mas
pub: GoodNews

The area reads as everyday-residential. The specific draws that make it so are the presence of essential local services like Centraal Stomerij, Copy Plaza, Primera, and Wittop Koning, which cater to the daily needs of neighborhood residents rather than transient visitors."
De Pijp - Rivierenbuurt,Private room,100,2,131,4.06,2,84,26,"Place types:
pizza restaurant: Renato's Pizzeria
garden: Strips
yoga fitness_centre: Yagoy
school: auf dem Brinke - music school
beauty: Iambe, Li's Beauty Lounge
cafe: Elevate Coffee Lab
cannabis: Coffeeshop Papillon
bakery: Kitchen Impossible
ramen restaurant: None

The area reads as everyday-residential. The specific draws that make it so are the inclusion of a local music school, a neighborhood pizzeria, a bakery, and personal care services like beauty lounges and a yoga studio, which cater to the daily needs of local residents rather than international tourists."
Oud-Noord,Hotel room,108,1,53,1.75,12,329,1,"supermarket: Albert Heijn
coffee_shop cafe: Bagels & Beans
outdoor_seating: Public Space
garden: Public Space
park: Schegpark

The area reads as everyday-residential. The specific draws that make it so are the presence of a local supermarket like Albert Heijn, a neighborhood cafe like Bagels & Beans, and a community-focused green space like Schegpark, which serve the daily needs of local residents rather than catering to tourists."
Oostelijk Havengebied - Indische Buurt,Entire home/apt,135,2,26,0.86,1,0,9,"tobacco: Tabakshop Java
ice_cream: IJs van Oost
clothes: Zeeman
seafood: El Pescado
garden: Café Insulinde
hairdresser: Barbershop Murat, Kwiyasse
regional restaurant: The Meets
pub: Café Insulinde

The area reads as everyday-residential. The specific draws that make it so are the presence of local service-oriented businesses like Barbershop Murat, Kwiyasse, and Tabakshop Java, alongside affordable retail like Zeeman and neighborhood-focused dining options like IJs van Oost, El Pescado, and The Meets, which cater to daily local needs rather than international tourism."
De Pijp - Rivierenbuurt,Entire home/apt,157,7,5,0.17,1,66,2,"garden: Rayleigh & Ramsay
motorcycle_repair: Mokum Motors
bakery: Bakery Van Wou
furniture: dotshop
hairdresser: The Color
indian restaurant: Annavilaas
peruvian restaurant: Nazka
massage: Healthy massage Fang
coffee_shop cafe: Coffee Bru
pottery: Glazemade
laundry: wasserette van wou
supermarket: Stadsmarkt De Pijp
restaurant: Nazka

The area reads as everyday-residential. The specific draws that make it so are the presence of essential local services such as a laundry (wasserette van wou), a supermarket (Stadsmarkt De Pijp), a hairdresser (The Color), and a motorcycle repair shop (Mokum Motors), which cater to the daily needs of neighborhood inhabitants rather than transient visitors."
Noord-Oost,Entire home/apt,150,3,5,0.18,1,0,2,"Place types: basketball pitch (1)

The area reads as everyday-residential, as there are no famous landmarks or attractions nearby."
Watergraafsmeer,Entire home/apt,80,5,9,0.33,1,5,4,"No places were provided in the list, so no nearby places can be named. The area cannot be classified as either tourist-prominent or everyday-residential based on the provided input."
Centrum-West,Entire home/apt,225,3,15,0.46,1,118,2,"Community centre: Felix Meritis
Clothes: Episode

The area reads as tourist-prominent. The specific draw is Felix Meritis, a renowned historical cultural center and landmark that attracts visitors for its architecture and programming."
De Baarsjes - Oud-West,Entire home/apt,285,3,7,0.22,1,359,0,"The provided list contains no places; therefore, the area cannot be categorized as tourist-prominent or everyday-residential based on the requested criteria."
De Baarsjes - Oud-West,Entire home/apt,140,2,12,0.37,1,2,4,"Garden: Helmersplantsoen
Public bookcase: Helmersplantsoen
Park: Helmersplantsoen

The area reads as everyday-residential. The specific draw is Helmersplantsoen, which functions as a local neighborhood green space rather than a major tourist landmark."
Centrum-West,Entire home/apt,154,1,0,,4,0,0,"park: Toon Ylandplantsoen
picnic_table: Toon Ylandplantsoen

The area reads as everyday-residential, as the specific draw is a local neighborhood park and picnic area rather than a famous landmark or major tourist attraction."
Centrum-Oost,Private room,107,2,98,3.07,1,82,14,"Park: Eerste Weteringplantsoen
Garden: Kruidenpluktuin Weteringbuurt
Artwork: Simon Carmiggelt
Playground: Eerste Weteringplantsoen
Supermarket: Ekoplaza
Outdoor: Carl Denig

The area reads as everyday-residential. The specific draws that make it so are the presence of a local supermarket (Ekoplaza), a community-focused garden (Kruidenpluktuin Weteringbuurt), and a neighborhood park and playground (Eerste Weteringplantsoen), which serve the daily needs and leisure activities of local residents rather than catering to international tourism."
Oud-Oost,Private room,102,2,76,2.51,1,276,21,"pub: Dorst

The area reads as everyday-residential, as it contains only a single local pub without any famous landmarks or major tourist attractions nearby."
De Pijp - Rivierenbuurt,Private room,76,1,26,0.84,8,361,4,"Place types:
Park: Sarphatipark

The area reads as everyday-residential. The specific draw that makes it so is Sarphatipark, which serves as a local community green space for recreation and leisure rather than a major tourist landmark."
Centrum-West,Entire home/apt,275,3,23,0.72,1,5,3,"greengrocer: Jouw Groenteman
french restaurant: O Bistro
pub: Café Lowietje
garden: Constantiahofje

The area reads as everyday-residential. The specific draws are the local greengrocer and the neighborhood pub, which serve the daily needs of residents rather than catering to tourists."
IJburg - Zeeburgereiland,Private room,74,1,4,0.13,10,0,0,"restaurant: DOK48
marina: Haven WV IJburg

The area reads as everyday-residential. The specific draws are the local marina and neighborhood dining options that serve the residents of the IJburg district rather than major tourist landmarks."
Bos en Lommer,Private room,200,2,0,,1,0,0,No places provided. The area cannot be categorized as tourist-prominent or everyday-residential based on the provided input.
De Pijp - Rivierenbuurt,Entire home/apt,175,2,4,0.38,1,146,3,"Garden: Sinne
Apartment: De Stijlkamer
Car_repair: BACK
Hotel: Bicycle Hotel
Second_hand: Grice Circular Fashion
Coffee_shop cafe: Badeta Koffiebranders
Pizza restaurant: De Pizzakamer
Ice_cream: Massimo Gelato
Turkish restaurant: Hayran
Hairdresser: New Look
Place_of_worship: Oranjekerk
Fitness_centre: TrainMore
Massage: Discover Shiatsu
Cinema: Rialto
Restaurant: CousCous Club, Restaurant
Arab restaurant: CousCous Club
Greek restaurant: Romio's Taverna
Wine: Wijnbar Paulus
Bicycle: De Stadsfiets

The area reads as everyday-residential. While the presence of the Bicycle Hotel and Rialto cinema adds some visitor interest, the specific draws such as the local fitness centre (TrainMore), neighborhood coffee roaster (Badeta Koffiebranders), local place of worship (Oranjekerk), and various specialized dining spots (De Pizzakamer, Romio's Taverna, Hayran) cater primarily to the daily needs and leisure activities of local residents rather than large-scale tourist attractions."
Oud-Oost,Entire home/apt,199,2,3,0.73,1,4,3,"bicycle: Velespit
cannabis: The Plug
bar: Five Stars
doityourself: Bo-Rent, Bo-Mij
hairdresser: Flama Farah
garden: None
artwork: None

The area reads as everyday-residential. The specific draws that make it so are the presence of practical services like a hardware rental shop (Bo-Rent), a DIY supply store (Bo-Mij), a hairdresser (Flama Farah), and a local bar (Five Stars), which cater to the daily needs of residents rather than international tourists."
De Pijp - Rivierenbuurt,Entire home/apt,150,3,13,1.15,1,0,5,"Zoo: Kinderboerderij de Pijp
Hotel: Savoy Hotel

The area reads as everyday-residential. The specific draw is the Kinderboerderij de Pijp, which serves as a local community amenity rather than a major tourist-prominent landmark."
De Baarsjes - Oud-West,Entire home/apt,160,3,6,0.21,1,5,2,"Playground: Balboaplein
Community centre: Buurthuis De Tagerijn
Garden: Balboaplein

The area reads as everyday-residential. The specific draws are the local playground and community centre, which serve the daily needs of neighborhood residents rather than catering to tourists."
De Pijp - Rivierenbuurt,Entire home/apt,125,3,11,0.37,1,0,0,"Bar: Café Gijs
Attraction: Huis met de Kabouters
Garden: Huis met de Kabouters
Studio: Voyeur by Kaosz Atelier
Car_repair: Aroba Bandenservice
Italian restaurant: Impero Romano

The area reads as everyday-residential. While Huis met de Kabouters is a historical landmark, the presence of a local car repair shop like Aroba Bandenservice and a neighborhood bar like Café Gijs suggests a community-focused environment rather than a tourist-prominent district."
Westerpark,Entire home/apt,400,5,1,0.03,1,0,0,"hairdresser: Knippen bij Wendy
laundry: NiDA Wasserij Stomerij
marina: Staverno

The area reads as everyday-residential. The specific draws that make it so are the inclusion of essential local services like a laundry and a hairdresser, which cater to the daily needs of residents rather than catering to visitors through famous landmarks or tourist attractions."
De Pijp - Rivierenbuurt,Entire home/apt,181,3,4,0.15,1,339,0,"No places were provided to categorize. As there are no landmarks or residential draws listed, the area cannot be classified as either tourist-prominent or everyday-residential."
De Baarsjes - Oud-West,Entire home/apt,100,2,6,0.21,1,15,1,"asian restaurant: De Oost
japanese restaurant: De Japanner
beauty: Laset Beauty Lab, Mooi Anders, Salon Bella Brasil
hairdresser: Menspire, Zest
florist: Aquacosta
clothes: Jutka & Riska, Reshare Store
travel_agency: RA travel
italian restaurant: Vicio
bicycle: Alex Bikes
dry_cleaning: Quality Cleaners
balkan restaurant: Riaz
bar: BAR BARIO
restaurant: Soytasty
laundry: Homeless Laundry Colors Wasserette
houseware: Dille & Kamille
artwork: WoodHouse
tailor: (No place provided for this type)

The area reads as everyday-residential. The presence of essential service-oriented businesses such as Quality Cleaners, Homeless Laundry Colors Wasserette, and Alex Bikes, combined with local lifestyle shops like Dille & Kamille and various neighborhood-focused salons and restaurants, indicates a community designed for daily living rather than a destination for major tourist landmarks."
Oostelijk Havengebied - Indische Buurt,Private room,93,1,43,1.46,2,86,9,"Park: Rietlandpark
Playground: Rietlandpark
Garden: Rietlandpark

The area reads as everyday-residential. The specific draw is Rietlandpark, which serves as a local recreational green space for residents rather than a destination for tourists."
De Baarsjes - Oud-West,Entire home/apt,125,2,11,0.37,3,0,8,"Italian restaurant: De Italiaan
Beauty: SKIN, The Laser Lab
Restaurant: Gertrude
Pub: Toussaint
Playground: Slot Meesenstijn
Kindergarten: Slot Meesenstijn

The area reads as everyday-residential. The specific draws are the local amenities such as the kindergarten, playground, and beauty services, which cater to the daily needs of neighborhood residents rather than catering to tourists."
Bos en Lommer,Entire home/apt,189,3,8,0.28,1,0,2,No nearby places provided. The area reads as neither tourist-prominent nor everyday-residential as there are no specific draws to identify.
Centrum-West,Entire home/apt,464,3,6,2.12,7,22,2,"Attraction: Chinatown, De Waag, Fo Guang Shan He Hua Tempel
Newsagent: Sigarenmagazijn Simons
Seafood: Amsterdamsche Vishandel
Bubble_tea cafe: BIU!TEA, YOYO!
Italian restaurant: Bella Ciao
Chinese restaurant: Nam Kee, New King, Si-Chuan, Taste of Culture
Italian fast_food: Del Posto
Fast_food: Xi'an Delicious Foods Express, Hoi Tin
Brothel: H. Vet
Cafe: Latei
Pub: Cafe De Zeemeeuw
Tobacco: Henk
Thai restaurant: Jasmine
Korean restaurant: Kim's So
Antiques: Dijk 120
Headshop: Canna420
Travel_agency: Bun-Air Travel Service
Place_of_worship: Fo Guang Shan He Hua Tempel
Music: City Records
Restaurant: Het Oosten, Dolcia
Books: Henk Comics, Henk
Bar: Lime Bar, Bella Ciao
Butcher: H. Vet
Supermarket: Wah Nam Hong
Argentinian restaurant: La Vida Argentinian Steakhouse

The area reads as tourist-prominent. The specific draws that make it so are Chinatown, De Waag, and Fo Guang Shan He Hua Tempel."
Bos en Lommer,Entire home/apt,65,2,8,0.27,1,0,0,"park: Bolwerk
playground: Ruige Speelplek
garden: Bolwerk

The area reads as everyday-residential. The specific draws are the local park and playground, which serve as community recreational spaces rather than major tourist landmarks."
De Pijp - Rivierenbuurt,Private room,79,3,39,1.52,1,19,1,"Place types:
place_of_worship: Maarten Lutherkerk
playground: CompaNanny

The area reads as everyday-residential. The specific draws that make it so are the presence of a childcare facility and a local church, which serve the daily needs of the neighborhood community rather than catering to tourists."
De Baarsjes - Oud-West,Hotel room,273,1,1,0.05,3,0,0,"bar: PAMELA
bicycle: De Stadsfiets
polish cafe: Kazik
asian restaurant: Soytasty
beauty: Mooi Anders
hairdresser: Menspire
florist: WoodHouse

The area reads as everyday-residential. The specific draws that make it so are the presence of essential local services like a hairdresser, a florist, a bicycle shop, and a beauty salon, which serve the daily needs of local residents rather than catering to tourists."
De Baarsjes - Oud-West,Entire home/apt,185,3,3,0.74,1,280,3,"No places were provided in the list, so no nearby places can be named. The area cannot be classified as tourist-prominent or everyday-residential."
Bos en Lommer,Entire home/apt,95,7,2,0.07,1,0,0,"School: El Kadisia

The area reads as everyday-residential, as the presence of a school is a primary indicator of a neighborhood focused on local community and daily living rather than tourism."
De Pijp - Rivierenbuurt,Entire home/apt,450,1,5,0.17,1,0,0,"park: Vork
clothes: Miller & Canefield, Saudade
sandwich restaurant: Zoet & Peper
massage: Siya Lymfe
laundry: Maas wasserette & stomerij
coffee_shop cafe: gratitude espresso
garden: Vork
greengrocer: Vork

The area reads as everyday-residential. The specific draws that make it so are the inclusion of practical services like Maas wasserette & stomerij for laundry, Siya Lymfe for wellness, and local food and retail options like Zoet & Peper, gratitude espresso, and Miller & Canefield, which cater to the daily needs of local residents rather than transient tourists."
Oud-Noord,Entire home/apt,115,3,10,0.38,1,0,6,"Pet: Ambulia Dierenwinkel

The area reads as everyday-residential, as it lacks famous landmarks or major tourist attractions and instead features a local pet supply store."
Oud-Noord,Entire home/apt,90,1,3,0.1,2,0,0,"Restaurant: Papillon
Boat: Beaut
Information: Beaut

The area reads as everyday-residential because the specific draws, Papillon and Beaut, do not represent major tourist landmarks or famous attractions."
Centrum-West,Entire home/apt,225,2,22,1.41,6,76,10,"Hairdresser: Haarstijl, HairPlay
Gallery: Gallery238
Playground: Jis
Wine: Lof
Clothes: Hang Eleven, The Swap Shop
Jewelry: Jis
Butcher: Keurslagerij Pouw
Attraction: Gallery238

The area reads as everyday-residential. The specific draws that make it so are the inclusion of a local butcher (Keurslagerij Pouw), multiple hairdressers (Haarstijl, HairPlay), and essential retail shops (Hang Eleven, The Swap Shop, Lof), which cater to the daily needs of local residents rather than a high volume of tourists."
De Baarsjes - Oud-West,Entire home/apt,150,1,3,0.11,1,0,0,"clothes: Church of Labels, Solleveld, Ulivoto Fashion
hairdresser: Imperial barbershop
burger fast_food: McDonald's
fast_food: Best doner & snacks
health_food: Holland & Barrett
coffee_shop cafe: Doppio Espresso, Five Ways Coffee
money: Geldmaat
convenience: B&B feestartikelen, Primera, Tropische Winkel Rustem
butcher: Kema Vlees
newsagent: Energy Dictator
baby_goods: Baby Boem
turkish bakery: Dunya Firini
photo: Tex Leder
gift: B&B feestartikelen
seafood: Volendam Vishandel
pastry: MultiVlaai
marketplace: Ten Katemarkt, Asian-caribbean Market

The area reads as everyday-residential. The specific draws that make it so are the presence of essential local services including a marketplace (Ten Katemarkt), a butcher (Kema Vlees), a newsagent (Energy Dictator), and multiple convenience stores, which cater to the daily needs of local residents rather than tourists."
Oud-Noord,Private room,56,1,75,2.62,1,76,5,"marina: Aeolus

The area reads as everyday-residential, as it lacks the high-profile landmarks or major attractions typically associated with tourist-prominent locations."
De Baarsjes - Oud-West,Entire home/apt,521,2,8,0.28,1,0,2,"Pub: Café 't Vossie

The area reads as everyday-residential, as it lacks famous landmarks or major tourist attractions, featuring only a local neighborhood pub."
Slotervaart,Entire home/apt,50,6,5,0.21,1,0,0,"park: Rembrandtpark

The area reads as everyday-residential, as the primary draw is Rembrandtpark, a local green space used primarily by residents for recreation and leisure rather than being a major tourist landmark."
De Pijp - Rivierenbuurt,Entire home/apt,180,2,10,0.35,1,17,5,"Garden: None
Cannabis_coffee_shop cannabis: Coffeeshop Nice Place
Doctors: Ubbens & Statius Muller, huisartsen

The area reads as everyday-residential because it contains local medical services and a neighborhood coffee shop rather than famous landmarks or major tourist attractions."
De Baarsjes - Oud-West,Entire home/apt,150,2,39,1.34,9,0,12,"Garden: Natuurtuin Slatuinen
Turkish restaurant: Mehtap
Alcohol: The Wine Spot
Pizza fast_food: De Krommert
Carpet: Davoud Perzische Tapijten
Billiards pub: Club 8
Supermarket: ALDI
Convenience: Oz Dostlar Gida Pazari
Park: Natuurtuin Slatuinen

The area reads as everyday-residential. The specific draws that make it so are the presence of a supermarket (ALDI), a convenience store (Oz Dostlar Gida Pazari), a local garden and park (Natuurtuin Slatuinen), and neighborhood-focused dining and leisure spots like Mehtap, De Krommert, and Club 8, which serve the daily needs of local residents rather than catering to tourists."
De Baarsjes - Oud-West,Private room,70,3,35,1.24,3,0,4,No places provided. The area cannot be categorized.
De Pijp - Rivierenbuurt,Entire home/apt,100,3,11,0.38,1,1,3,"Pub: Tapmarin
Garden: dotshop
Motorcycle_repair: Mokum Motors
Bakery: Bakery Van Wou
Furniture: Glazemade
Hairdresser: The Color
Indian restaurant: Annavilaas
Peruvian restaurant: Nazka
Massage: Healthy massage Fang
Coffee_shop cafe: Coffee Bru
Pottery: dotshop
Laundry: wasserette van wou
Supermarket: Stadsmarkt De Pijp

The area reads as everyday-residential. The specific draws that make it so are the presence of essential local services such as a supermarket, laundry, hairdresser, and motorcycle repair shop, which cater to the daily needs of neighborhood residents rather than international tourists."
De Baarsjes - Oud-West,Entire home/apt,150,2,31,1.1,9,0,7,"Garden: Natuurtuin Slatuinen
Cafe: Buongiorno Espressobar
Turkish restaurant: Mehtap
Alcohol: The Wine Spot

The area reads as everyday-residential. The specific draws are the local cafe, the neighborhood garden, the restaurant, and the wine shop, which serve the daily needs of residents rather than catering to tourists with famous landmarks or major attractions."
Oud-Oost,Hotel room,106,1,2,0.39,6,0,2,No places provided.
De Baarsjes - Oud-West,Entire home/apt,140,3,7,0.25,1,13,1,"Place types:
mobile_phone: KPN, Tele2
hairdresser: Dorita's hair products
telecommunication: Odido, Entertainment Exchange
money: Geldmaat
butcher: Kema Vlees
newsagent: Primera
friture fast_food: FEBO
beauty: Angels beauty style, Change laserclinic
bank: SNS Bank
mexican fast_food: Salsa shop
clothes: Church of Labels, Denim City
e-cigarette: Vaperoutlet
gift: themakerstore
bicycle: Recycle
marketplace: Ten Katemarkt
yogurt restaurant: Yogurt Barn
sushi restaurant: Meneer Temaki
food_court: Foodhallen
attraction: De Hallen

The area reads as tourist-prominent. The specific draws that make it so are De Hallen and Foodhallen, which serve as major cultural and culinary landmarks that attract significant visitor traffic."
Centrum-West,Private room,120,2,21,0.77,1,152,7,"tailor: kleine kanjer
italian restaurant: Donna Sofia, La Maschera
e-cigarette: J Well
burger restaurant: Glitch
clothes: Comestibles Kinders, Do-Re-Mi Kinderboetiek
bakery: Green Farmer's
ice_cream: Monte Pelmo Cons. IJS fabriek
wine: Benelux Wine Co
chinese restaurant: Kam Wah
sandwich fast_food: Café De Blauwe Pan
interior_decoration: Polspotten
mobile_phone: GSM Zone
mexican restaurant: MADRE
french restaurant: Café Parlotte
pub: Café De Blauwe Pan
hairdresser: Topkappers

The area reads as everyday-residential. The specific draws that make it so are the presence of a local tailor, a children's clothing boutique, a hairdresser, a mobile phone repair shop, and a variety of neighborhood dining spots that cater to daily needs rather than major tourist landmarks."
Centrum-West,Entire home/apt,271,2,11,0.38,1,13,3,No places provided.
De Baarsjes - Oud-West,Entire home/apt,160,3,5,0.18,1,0,1,"Playground: Lootsstraat
Pub: Bon Burger
Hairdresser: Yona's Kids&Cuts
Doctors: Huisartsenpraktijk Fijnhout

The area reads as everyday-residential. The specific draws that make it so are the presence of a local hairdresser, a medical practice, and a neighborhood playground, which serve the daily needs of local residents rather than catering to tourists."
Zuid,Entire home/apt,654,2,8,0.37,1,172,6,"Hotel: Valerius Apartments
Convenience: Organic

The area reads as everyday-residential. The specific draws that make it so are the presence of a local convenience store and apartment-style lodging, which cater to routine living and long-term stays rather than high-traffic tourism."
Buitenveldert - Zuidas,Entire home/apt,60,5,3,0.5,1,0,1,"playground: De Ark
school: De Ark

The area reads as everyday-residential, as the presence of a school and a playground indicates a neighborhood focused on local community and family life rather than tourist attractions."
Bos en Lommer,Entire home/apt,135,3,6,0.22,1,7,1,"Bakery: Boulangerie Nador
Hardware: De Prijshamer
Mobile_phone: ICT Repair
Turkish restaurant: Kahvealti
Beauty: Phoenix Nails
Newsagent: Primera
Hairdresser: Sabina's hairshop
Driving_school: Verkeerschool Eros
Curtain: mozaiek carpet center

The area reads as everyday-residential. The specific draws that make it so are the presence of essential local services such as a bakery, a hardware store, a newsagent, a driving school, and personal care establishments like a hairdresser and a nail salon, which cater to the routine needs of local residents rather than tourists."
Bos en Lommer,Entire home/apt,160,2,33,1.26,1,68,8,"motorcycle: De Ruijter Scooters
chinese restaurant: Hap Li
garden: Terminal 18
social_facility: Chadni Chowk
indian restaurant: Raina SR, Chadni Chowk
playground: Terminal 18

The area reads as everyday-residential. The specific draws that make it so are the inclusion of a local scooter shop, a neighborhood chinese restaurant, and a playground, which serve the daily needs and leisure activities of local residents rather than catering to international visitors or famous landmarks."
Zuid,Private room,84,2,12,0.42,1,1,8,"Restaurant: Poppy's Zuid
Garden: Poppy's Zuid

The area reads as everyday-residential. The specific draw is Poppy's Zuid, which functions as a local dining establishment rather than a famous landmark or major tourist attraction."
De Pijp - Rivierenbuurt,Private room,150,1,0,,2,89,0,"garden: Philadelphia
pitch: Philadelphia
water_point: Philadelphia
playground: Philadelphia
school: Philadelphia

The area reads as everyday-residential because it contains basic community infrastructure such as a school, playground, and garden, rather than famous landmarks or major tourist attractions."
De Baarsjes - Oud-West,Hotel room,105,2,45,1.59,2,107,3,"Florist: Flowers & Powers
Ice cream: IJscuypje
Artwork: Janszen
Pub: Janszen

The area reads as everyday-residential. The specific draws are the local florist, the neighborhood ice cream shop, and the pub, which cater to the daily needs and social habits of local residents rather than serving as major tourist landmarks."
Centrum-Oost,Private room,263,2,23,0.91,1,292,14,"Hostel: Hostel Centre, Orfeo Hostel
Restaurant: Antonio's Restaurante, Caprice, De blauwe Hollander, Eetcafé, Los Argentinos, Mama Impasto, Porto Carrara, The Pantry, il Palio
Playground: NICOLE
Chinese restaurant: Taste of Culture
Pizza restaurant: Picchino, Piccolino
Indian restaurant: Namche Nepalese Indian
Bar: Bourbon Street Music Club, Cafe het Hok, De Margaritabar
Mexican restaurant: Tacos & Tequila
Laundry: Wash Place
Italian restaurant: Antonio's Restaurante, Mama Impasto, il Palio
Regional restaurant: De blauwe Hollander, The Pantry
Cafe: Eetcafé
Guest_house: Cozy Amsterdam
Japanese restaurant: Moshi Moshi
Apartment: Granada
Greek restaurant: Zorba de Griek
Kebab fast_food: Karma Kebab

The area reads as tourist-prominent. The presence of multiple hostels, a guest house, and a high concentration of diverse restaurants and bars suggests a location catering to visitors rather than long-term residents. Specific draws include the Bourbon Street Music Club, which is a well-known entertainment venue, and the variety of international dining options like De blauwe Hollander and The Pantry, which are typical staples for tourists exploring the city."
De Pijp - Rivierenbuurt,Private room,150,2,0,,2,146,0,"The provided list contains no specific place names to categorize. As there are no named landmarks, attractions, or establishments provided, the area cannot be classified as tourist-prominent or residential based on the input."
Oud-Noord,Entire home/apt,75,5,4,0.15,1,0,0,"Park: W.H. Vliegenbos
Tennis pitch: Tennispark Elzenhagen
Sports_centre: Tennispark Elzenhagen
Picnic_table: W.H. Vliegenbos
Guest_house: None

The area reads as everyday-residential. The specific draws are the local recreational facilities W.H. Vliegenbos and Tennispark Elzenhagen, which serve the daily needs of the local community rather than acting as major tourist landmarks."
Oud-Oost,Entire home/apt,93,3,16,16.0,2,51,11,"Outdoor seating: Fransje
Piano: Fransje
Events venue: Canvas, Doka, Klein Canvas, Werkplaats
Nightclub: Doka
Hotel: Volkshotel
Cafe: Fransje
Restaurant: Riet
Hot tub: Badplaats

The area reads as tourist-prominent. The specific draws that make it so are the Volkshotel, which is a major destination for travelers, and the presence of multiple venues like Canvas, Doka, and Badplaats that function as high-profile cultural and nightlife attractions."
Centrum-Oost,Private room,248,1,22,1.01,1,328,13,"museum: Museumhaven
slipway: Museumhaven

The area reads as tourist-prominent. The specific draw is Museumhaven, which serves as a cultural attraction and landmark."
Centrum-West,Private room,120,2,5,0.19,1,0,0,"Park: Tweede Marnixplantsoen
Picnic_table: Tweede Marnixplantsoen
Pub: Café 't Mannetje
Hairdresser: Ruparo
Copyshop: ID4You
Marina: Staverno

The area reads as everyday-residential. The specific draws that make it so are the presence of local service-oriented businesses like a hairdresser (Ruparo) and a copyshop (ID4You), alongside a neighborhood park (Tweede Marnixplantsoen) and a local pub (Café 't Mannetje), which cater to the daily needs and leisure of local residents rather than international tourists."
De Pijp - Rivierenbuurt,Private room,75,2,17,0.63,1,0,0,"School: Dongeschool
Garden: None

The area reads as everyday-residential, as the specific draw is a local school serving the community."
Watergraafsmeer,Entire home/apt,160,2,0,,2,0,0,"pub: Vergulden Eenhoorn

This area reads as everyday-residential. The specific draw is Vergulden Eenhoorn, which functions as a local neighborhood establishment rather than a major tourist landmark."
Geuzenveld - Slotermeer,Private room,70,2,12,0.45,1,154,0,"School: Immanuelschool

The area reads as everyday-residential. The specific draw is Immanuelschool."
De Baarsjes - Oud-West,Entire home/apt,149,2,1,0.04,1,0,0,"Pottery: Debby Luiten

The area reads as everyday-residential, as it is defined by a local artisan studio rather than famous landmarks or tourist attractions."
Centrum-Oost,Entire home/apt,125,7,23,23.0,1,42,10,"vacant: Eden Residences
cannabis: Coffeeshop Kooi
italian restaurant: Lo Stivale d'Oro
bakery: La Panetteria
bar: Free Willie, Icebar
hotel: Eden Residences
fast_food: tasty burger

The area reads as tourist-prominent. The specific draws that make it so are Icebar and Coffeeshop Kooi, which are high-profile attractions typically found in major tourist hubs."
De Pijp - Rivierenbuurt,Private room,75,1,10,0.39,1,0,0,No places provided. The area cannot be categorized.
Westerpark,Private room,185,1,4,0.18,3,331,0,"Playground: Suikerplein

The area reads as everyday-residential, as the draw is a local playground."
Oud-Oost,Private room,96,2,2,0.08,2,0,0,"Ramen restaurant: Fuku Ramen

The area reads as everyday-residential, as it lacks the famous landmarks or major tourist attractions that would define it as tourist-prominent."
De Pijp - Rivierenbuurt,Hotel room,80,2,33,1.47,3,354,15,"bakery: Broodje Popov
beauty: Me Gorgeous!, The Sunflower
south_african pub: Lion's Head Restaurant & Brewery
sushi restaurant: Tewatashi
doityourself: Praxis
turkish fast_food: Have A Roll
fast_food: Tjin's
vacant: Exotica
indian fast_food: Roopram Roti
massage: Veranda Wellness & Spa
garden: Heemelrijck
public_bookcase: KIKIBOBA
tailor: Libas Kledingreparatie & Stomerij
billiards bar: Café Biljart Van Wou
pet: Lavina
sandwich fast_food: Taste Like Chicken, Warung Mini Van Wou
dutch restaurant: (None listed)
tobacco: Tabak- & Vapeshop Van Wou
cafe: (None listed)
coffee: Badeta Koffiebranders
lighting: Gloria Verlichting
ramen restaurant: Otemba

The area reads as everyday-residential. The specific draws that make it so are the presence of practical neighborhood services such as Libas Kledingreparatie & Stomerij, Praxis, Tabak- & Vapeshop Van Wou, and Lavina, alongside a variety of local dining options like Broodje Popov, Badeta Koffiebranders, and Tjin's that serve the daily needs of local residents rather than catering to major tourist landmarks."
Centrum-West,Private room,76,3,76,3.0,2,102,31,"bar: Bluescafé Maloe Melo

The area reads as tourist-prominent. The specific draw is Bluescafé Maloe Melo, a well-known and historic music venue that attracts visitors seeking nightlife and live blues performances."
Noord-West,Private room,75,2,11,0.42,4,0,0,"The area reads as everyday-residential, as there are no tourist-prominent landmarks or attractions nearby."
Bos en Lommer,Entire home/apt,100,12,4,0.16,1,0,2,"Garden: Erasmuspark
Cannabis: Loft
Convenience: Campingsport Amsterdam
Outdoor: Erasmuspark
Pizza fast_food: Domino's
Dentist: Kaak Medisch Centrum
Park: Erasmuspark

The area reads as everyday-residential. The specific draws that make it so are the presence of a local dental clinic, a neighborhood pizza chain, a local outdoor sports retailer, and a community park, all of which serve the daily needs of local residents rather than catering to tourists."
Bos en Lommer,Entire home/apt,300,1,4,0.17,3,337,2,"School: Tijl Uilenspiegelschool

The area reads as everyday-residential, as it is defined by a local school serving the immediate community rather than tourist landmarks or attractions."
Geuzenveld - Slotermeer,Entire home/apt,113,2,12,0.5,1,0,0,"School: Henricusschool

The area reads as everyday-residential, as the presence of a school indicates a neighborhood focused on local community and family life rather than tourism."
De Pijp - Rivierenbuurt,Entire home/apt,210,3,4,0.17,1,15,1,"No places were provided in the list, so no nearby places can be named. The area cannot be categorized as tourist-prominent or everyday-residential based on the provided input."
De Pijp - Rivierenbuurt,Private room,79,1,19,0.77,1,168,9,"hairdresser: De Föhnbar, Flow
french restaurant: Café Caron, Petit Caron
juice gallery: Galerie Sauvage
sewing: De Steek
garden: Galerie van Campen
italian restaurant: Linguini Trattoria
breakfast restaurant: Locals Coffee, Café Caron
massage: Five City Spa
artwork: Galerie Sauvage
public_bookcase: Galerie van Campen

The area reads as everyday-residential. The specific draws that make it so are the presence of essential local services like De Föhnbar, Flow, and De Steek, alongside neighborhood-focused dining spots such as Locals Coffee and Linguini Trattoria."
Centrum-West,Private room,264,2,1,0.14,1,45,1,"Pub: Twee Zwaantjes
Restaurant: Eetcafé ROEM, Spanjer en van Twist
Alcohol: Quinta Absinthe
Clothes: Almost Summer store
Cafe: Café Wester
Gallery: L'Artisan d'Amsterdam
Regional restaurant: Cafe de Prins
Museum: Amsterdam Cheese Museum
Bar: MenM
Cheese: Amsterdam Tulip Museum
Bakery: Egelantiersgracht
Attraction: Amsterdam Tulip Museum

The area reads as tourist-prominent. The specific draws that make it so are the Amsterdam Cheese Museum and the Amsterdam Tulip Museum, which are famous landmarks that attract significant visitor traffic."
Westerpark,Entire home/apt,220,4,5,0.21,1,88,1,"florist: 't Lieveheersbeestje
garden: Sevgi
childcare: El Fath
supermarket: Albert Heijn
convenience: Slagerij Tuana

The area reads as everyday-residential. The specific draws that make it so are the presence of a local supermarket, a childcare facility, and neighborhood convenience shops, which serve the daily needs of local residents rather than catering to tourists."
De Aker - Nieuw Sloten,Private room,64,3,26,1.52,2,133,21,"studio: Spalenbühl

The area reads as everyday-residential. The specific draw is Spalenbühl, which functions as a local studio space rather than a tourist landmark."
Centrum-West,Entire home/apt,360,3,1,0.04,1,0,0,"Place types: apartment (1)

Area type: everyday-residential. There are no specific draws listed that would indicate a tourist-prominent area."
Oostelijk Havengebied - Indische Buurt,Entire home/apt,189,3,13,0.53,1,0,3,"mall: Brazilië
cafe: Anne&Max Zeeburg
spanish restaurant: Taparia

The area reads as everyday-residential. The specific draws that make it so are the inclusion of a local shopping center (Brazilië) and a neighborhood cafe (Anne&Max Zeeburg), which serve the daily needs of local residents rather than catering to tourists."
De Baarsjes - Oud-West,Entire home/apt,175,1,0,,6,93,0,"Pottery: Debby Luiten

The area reads as everyday-residential, as it is defined by a local artisan studio rather than famous landmarks or tourist attractions."
De Baarsjes - Oud-West,Entire home/apt,90,6,1,0.04,1,31,0,"No places were provided in the list, so no nearby places can be named. The area cannot be categorized as tourist-prominent or everyday-residential based on the provided input."
Centrum-Oost,Entire home/apt,500,1,0,,1,255,0,"theatre: Universiteitstheater

The area reads as everyday-residential. The specific draw is the Universiteitstheater, which serves primarily as an academic facility for the university rather than a major tourist landmark."
Oostelijk Havengebied - Indische Buurt,Entire home/apt,215,1,143,5.89,6,297,83,"fish restaurant: The Harbour Club
marina: Port Entrepôt Jachthaven

The area reads as tourist-prominent. The specific draws that make it so are The Harbour Club and Port Entrepôt Jachthaven, which cater to leisure, dining, and nautical activities typical of a destination-focused waterfront."
Oostelijk Havengebied - Indische Buurt,Entire home/apt,322,1,6,1.15,6,362,6,"garden: Cruquiustuin
burger fast_food: Tony Singh

The area reads as everyday-residential. The specific draws are the local garden and the fast-food establishment, which serve the daily needs of the neighborhood rather than acting as major tourist landmarks."
Centrum-Oost,Entire home/apt,300,2,9,0.38,1,314,4,"Pub: t Lammetje, Cooldown Cafe, Het feest van Joop
Restaurant: Bojo, De blauwe Hollander, Eetcafé, Miko Ramen, NICOLE, The Pantry
Italian restaurant: Antonio's Restaurante, Mama Impasto, Peppino, il Palio
Regional restaurant: De blauwe Hollander, Eetcafé
Mexican restaurant: Chicano's, Chicanos / Tex Mex, Maya
Curry restaurant: The Madras Diaries
Bar: Jazz Cafe Alto, NJOY Cocktailbar
Nightclub: Club Candela, Club Up
Chinese restaurant: Yellow River
Argentinian restaurant: El Rancho
Apartment: Cozy Amsterdam
Greek restaurant: Mykonos, Zorba de Griek
Indonesian restaurant: Bojo, Puri Mas Indonesisch Restaurant
Hostel: Amsterdam Hostel Leidseplein
Indian restaurant: Bollywood Indian Restaurant, The Madras Diaries
Cafe: Get Down
Thai restaurant: Royal Thai

The area reads as tourist-prominent. The specific draws that make it so are the presence of Amsterdam Hostel Leidseplein and a high concentration of nightlife and dining venues including Club Candela, Club Up, and various international restaurants, which are characteristic of a major tourist hub."
De Baarsjes - Oud-West,Entire home/apt,120,3,6,0.41,1,14,1,"School: De Visserschool

The area reads as everyday-residential, as it is defined by a local school rather than famous landmarks or tourist attractions."
Centrum-West,Entire home/apt,570,7,2,0.18,4,339,2,"bureau_de_change: Lindbergh
convenience: Damrak Supermarket, Jumbo City
ticket: Tours & Tickets
confectionery: Jamin
information: Tours & Tickets J. van Beek B.V.
gift: Amsterdam Experience, Holland Experience, Macau, Shirt Factory
jewelry: Guecca
perfumery: Parfumerie Omnia
clothes: Chaplin, Shirt Factory
restaurant: Crêpes Restaurant, Pastabar
museum: Venustempel Sexmuseum
adult_gaming_centre: Macau
growshop: Seed Bank
chocolate: Leonidas
mobile_phone: Phone Point
cannabis: Prix d'Ami
fast_food: Pasta Pizza Crėpes Panini

The area reads as tourist-prominent. The specific draws that make it so are the presence of multiple dedicated tourist information and ticket centers like Tours & Tickets and Lindbergh, as well as attractions such as the Amsterdam Experience, Holland Experience, and the Venustempel Sexmuseum."
De Baarsjes - Oud-West,Entire home/apt,117,5,6,0.26,1,20,1,"pub: l'Affiche
playground: None

The area reads as everyday-residential, as it lacks famous landmarks or major tourist attractions, with the pub serving as a local social space rather than a destination draw."
Centrum-Oost,Entire home/apt,132,3,7,0.31,2,76,4,"Park: Oostenburgerpark
Garden: Oostenburgerpark
Playground: Oostenburgerpark

The area reads as everyday-residential. The specific draw is Oostenburgerpark, which functions as a local neighborhood green space rather than a major tourist landmark."
Centrum-West,Private room,94,3,40,1.7,1,89,21,"coffee_shop cafe: Kafenion
restaurant: Box Sociaal
cannabis: Coffeeshop Paradox
picnic_table: De Nieuwe Lelie
bicycle_rental: Bike City
beauty: Tropics, van Ilse

The area reads as everyday-residential. The specific draws that make it so are the inclusion of local service-oriented businesses like beauty salons and a neighborhood bicycle rental shop, which cater to the daily needs of residents rather than international sightseers."
Oud-Oost,Private room,105,1,4,0.23,1,80,3,"marketplace: Dappermarkt
convenience: Tabakshop Rex
bakery: L'Abeille
pet: Dierenspeciaalzaak Oscar
curtain: Talay Gordijnenhuis
restaurant: Café Wu, Primo Passo
deli: Dapper Tutto
hairdresser: Rogue Razor

The area reads as everyday-residential. The specific draws that make it so are the inclusion of a local market, a pet supply store, a curtain shop, a hairdresser, and a convenience store, which serve the routine needs of local residents rather than catering to tourists."
IJburg - Zeeburgereiland,Entire home/apt,200,3,1,0.06,1,0,0,"No places were provided in the list to categorize. Therefore, the area cannot be assessed as either tourist-prominent or everyday-residential."
Oud-Noord,Private room,55,1,0,,3,0,0,"Restaurant: Papillon

The area reads as everyday-residential, as it lacks the high concentration of famous landmarks or major tourist attractions that would define a tourist-prominent zone."
Watergraafsmeer,Entire home/apt,235,4,0,,1,40,0,"Place types: garden (1), picnic_table (1)

The area reads as everyday-residential, as there are no famous landmarks or major attractions listed to suggest a tourist-prominent destination."
Centrum-West,Private room,132,1,0,,9,0,0,"Attraction: Amsterdam Exchange Experience, de Wallen
Clothes: Warmoesstraat
Smartshop: Smart-Zone Smartshop
American bar: Belushi's Amsterdam
Museum: Condomerie
Nightclub: Anna
Hostel: Durty Nellys Inn, St. Christopher's at The Winston
Pub: Durty Nelly's
Stripclub: La Vie
Restaurant: Port of Call
Headshop: Winston
Erotic: Erotic (Note: None of the provided names fit this category)
Gallery: W139
Tattoo: Tattoo (Note: None of the provided names fit this category)
Waffle cafe: Metropolitan
Cafe: De Bakkerswinkel, Greendayz Coffee

The area reads as tourist-prominent. The specific draws that make it so are the presence of major attractions like the Amsterdam Exchange Experience and de Wallen, as well as high-density tourist accommodation and nightlife venues such as St. Christopher's at The Winston, Durty Nelly's, and Belushi's Amsterdam."
Centrum-West,Shared room,27,1,1,0.05,9,0,0,"Attraction: Amsterdam Exchange Experience, de Wallen
Clothes: Warmoesstraat
Smartshop: Smart-Zone Smartshop
American bar: Belushi's Amsterdam
Museum: Condomerie
Nightclub: Anna
Hostel: Durty Nellys Inn, St. Christopher's at The Winston
Pub: Durty Nelly's
Stripclub: La Vie
Restaurant: Port of Call
Headshop: Winston
Erotic: Warmoesstraat
Gallery: W139
Tattoo: Warmoesstraat
Waffle cafe: Metropolitan
Cafe: De Bakkerswinkel

The area reads as tourist-prominent. The specific draws that make it so are the presence of major attractions like the Amsterdam Exchange Experience and de Wallen, alongside high-density tourist-focused establishments such as St. Christopher's at The Winston, Durty Nelly's, and the Condomerie."
Gaasperdam - Driemond,Entire home/apt,100,1,4,0.19,1,0,0,"Place types: playground (1)

Area reads as everyday-residential. There are no specific draws listed to indicate a tourist-prominent area."
Zuid,Entire home/apt,350,4,0,,1,365,0,"tennis sports_centre: Tenniseiland
garden: Park de Schinkeleilanden
park: Park de Schinkeleilanden

The area reads as everyday-residential. The specific draws are the local recreational facilities, Tenniseiland and Park de Schinkeleilanden, which serve the immediate community rather than acting as major tourist landmarks."
De Baarsjes - Oud-West,Entire home/apt,180,5,4,0.25,1,0,3,No places provided. The area cannot be categorized.
Centrum-West,Private room,90,1,1,0.05,9,0,0,"Attraction: Amsterdam Exchange Experience, de Wallen
Clothes: Warmoesstraat
Smartshop: Smart-Zone Smartshop
American bar: Belushi's Amsterdam
Museum: Condomerie
Nightclub: Anna
Hostel: Durty Nellys Inn, St. Christopher's at The Winston
Pub: Durty Nelly's
Stripclub: La Vie
Restaurant: Port of Call
Headshop: Winston
Erotic: Erotic (Note: None of the provided places fit this category; omitting)
Gallery: W139
Tattoo: (Note: None of the provided places fit this category; omitting)
Waffle cafe: Metropolitan
Cafe: De Bakkerswinkel, Greendayz Coffee

The area reads as tourist-prominent. The specific draws that make it so are the presence of major attractions like the Amsterdam Exchange Experience and de Wallen, alongside numerous hostels such as St. Christopher's at The Winston and Durty Nellys Inn, and nightlife venues like Belushi's Amsterdam and Anna, which cater specifically to a transient visitor population."
Centrum-Oost,Entire home/apt,190,1,0,,1,170,0,"Pub: Villa Nieuwmarkt
Basketball pitch: Villa Nieuwmarkt
Park: Villa Nieuwmarkt

The area reads as everyday-residential. The specific draw that makes it so is the presence of a local pub, basketball pitch, and park, which are amenities typically serving the daily needs and recreation of local residents rather than international tourists."
Watergraafsmeer,Entire home/apt,115,3,7,0.96,1,126,5,No places provided. The area cannot be categorized.
De Baarsjes - Oud-West,Private room,56,1,29,7.19,1,177,29,"Arts centre: De Nieuwe Liefde

The area reads as everyday-residential. The specific draw is De Nieuwe Liefde, which functions as a local cultural venue and debate center rather than a major international tourist landmark."
Watergraafsmeer,Private room,71,2,0,,11,0,0,"No places were provided in the list, so no nearby places can be named. The area cannot be categorized as tourist-prominent or everyday-residential based on the provided input."
Noord-Oost,Entire home/apt,220,3,11,1.45,1,85,9,"Chicken fast_food: KFC
Pastry: Kwekkeboom
Dry_cleaning: Stomerij Propershop
Pet: Pets Place
Fast_food: Snackbar 't Puntje, Toki Sushi and More
Hairdresser: Janneh Beauty salon
Information: None

The area reads as everyday-residential. The specific draws that make it so are the presence of essential local services such as a dry cleaner, a beauty salon, a pet store, and casual dining options like snack bars and fast food, which cater to the daily needs of local residents rather than tourists."
Bos en Lommer,Hotel room,0,1,0,,1,0,0,"Hostel: Dutchies Hostel

The area reads as everyday-residential because it contains only a single hostel and lacks the concentration of famous landmarks or attractions typically associated with tourist-prominent districts."
De Pijp - Rivierenbuurt,Private room,49,2,34,1.94,3,352,23,No nearby places provided. The area cannot be categorized.
Bos en Lommer,Private room,49,1,19,3.77,1,32,19,"Playground: Hertspieghelplein
Garden: Hertspieghelplein

The area reads as everyday-residential. The specific draw is the Hertspieghelplein, which serves as a local community space for residents rather than a destination for tourists."
Zuid,Entire home/apt,350,3,3,0.85,1,90,3,"Asian restaurant: Asian Flavours
Indian restaurant: Swagat
Bar: Baut
Butcher: Ton van Schaick
Garden: None

This area reads as everyday-residential. The specific draws that make it so are the presence of a local butcher and a mix of neighborhood dining options, which cater to the daily needs and routines of local residents rather than serving as a hub for famous landmarks or tourist attractions."
De Pijp - Rivierenbuurt,Private room,309,1,1,0.08,8,325,1,"arts_centre: Cinetol, Tempel / de Appel
garden: None
place_of_worship: Theosophische Vereniging

The area reads as everyday-residential. The specific draws are local cultural venues like Cinetol and Tempel / de Appel, which serve the immediate community rather than being major tourist landmarks."
Centrum-Oost,Private room,80,3,23,1.42,3,177,14,"Hotel: Amstel Canal Guest House

The area reads as everyday-residential because it consists of a single hotel, which lacks the concentration of famous landmarks or major attractions typically associated with a tourist-prominent zone."
Centrum-West,Private room,511,3,0,,1,365,0,"clothes: Intimissimi, King Store, Topshop / Topman, Triumph, Zara
confectionery: Captain Candy, Kingdom of Sweets
fast_food: Luciën's Frietes
gift: Postzegelmarkt
toys: Lego
jewelry: City Diamonds
shoes: Sidestep
place_of_worship: De Papegaai
burger fast_food: McDonald's
park: Postzegelpark
cafe: Kabouter
attraction: Stadspaleis
italian restaurant: Da Filippo
outdoor_seating: Da Filippo
artwork: Postzegelmarkt
playground: Postzegelpark

The area reads as tourist-prominent. The presence of specific draws such as the Stadspaleis, the international confectionery chains like Kingdom of Sweets and Captain Candy, and the central shopping brands indicate a high-traffic destination designed for visitors rather than an everyday-residential neighborhood."
Centrum-Oost,Private room,195,3,9,6.14,4,163,9,"Place types:
common: Archive Store
park: Frederiksplantsoen
basketball pitch: Frederiksplantsoen
hotel: Frederik Park House
baby_goods: Archive Store
optician: Intervision
guest_house: Frederik Park House

The area reads as everyday-residential. The specific draws are Archive Store, which serves local retail needs, and Frederiksplantsoen, which functions as a neighborhood green space and recreational area for residents."
Centrum-West,Private room,65,1,79,4.04,2,346,51,"cafe: De Reiger
museum: Theo Thijssen Museum
gallery: Frame
hairdresser: atelier paradis
optician: Dr. Spectacles
international restaurant: Moo!zo
clothes: patina
interior_decoration: Design Studio Lumineus

The area reads as everyday-residential. The specific draws that make it so are the presence of essential local services like an optician (Dr. Spectacles) and a hairdresser (atelier paradis), alongside neighborhood-focused retail such as an interior decoration shop (Design Studio Lumineus) and a local cafe (De Reiger), rather than a high density of major tourist-focused landmarks."
Zuid,Entire home/apt,100,3,0,,1,0,0,"asian restaurant: Warung Barokah
arts_centre: Retort

The area reads as everyday-residential, as it lacks famous landmarks or major tourist attractions, featuring instead a local eatery and a small arts space."
Bijlmer-Centrum,Private room,128,3,27,1.53,4,119,15,"Student accommodation: Xior Karspeldreef

The area reads as everyday-residential. The specific draw is the student accommodation, which serves as a functional living space for residents rather than a destination for tourists."
Centrum-West,Private room,162,2,4,1.18,2,42,4,"university: UvA PC Hoofthuis
restaurant: Madam, Pane e Olio
fashion_accessories: Forever young
confectionery: Puccini Bomboni
pub: Petit Heemelrijck
jewelry: Oode
vietnamese restaurant: Pho Le
gallery: Oode
coffee_shop cannabis: Grey Area Coffeeshop
cafe: Cafe Van Zuylen, Caffe Il Momento
deli: Pane e Olio
convenience: Sari-sari store
hairdresser: Hier en haar
wool: De Afstap

The area reads as tourist-prominent. The presence of Grey Area Coffeeshop, a globally famous cannabis destination, alongside landmarks like Cafe Van Zuylen and Pat's Poffertjes in a central historic district, draws significant foot traffic from visitors rather than serving primarily as an everyday-residential neighborhood."
Oud-Oost,Entire home/apt,115,2,6,0.73,2,0,3,"boat_rental: Mokumboot Amsterdam Amstel
garden: None

The area reads as tourist-prominent because the presence of Mokumboot Amsterdam Amstel indicates a focus on leisure canal cruising, which is a primary attraction for visitors exploring the city's waterways."
De Pijp - Rivierenbuurt,Private room,111,1,0,,8,205,0,"Place types:
- Artwork: Paleisbeeld
- Park: Sarphatipark

The area reads as everyday-residential. The specific draw is Sarphatipark, which serves as a local green space and recreational hub for the surrounding neighborhood rather than a destination for international tourists."
Centrum-Oost,Private room,1200,1,0,,2,365,0,"Garden: Wake 'n Bake
Seeds: Impacto Seedbank
Bakery: Wake 'n Bake
Italian fast_food: Pesto Presto
Convenience: Priwet Rossia
Museum: Museum Van Loon

The area reads as tourist-prominent. The specific draw is Museum Van Loon, which is a well-known historic canal house and museum that attracts significant visitor traffic."
Westerpark,Entire home/apt,44,2,18,1.04,4,0,6,"dumplings fast_food: Dumplings
artwork: Zonder Titel
childcare: Billie
park: Westerpark, Volta
events_venue: Westerpark

The area reads as everyday-residential. The specific draws that make it so are the presence of a childcare facility, a local fast-food spot, and public parks, which cater primarily to the daily needs and leisure of local residents rather than international tourists."
Westerpark,Private room,89,1,72,4.15,9,353,32,"park: Westerpark
playground: Westerpark
tennis pitch: Westerpark

This area reads as everyday-residential. The specific draw is Westerpark, which serves as a local recreational space for residents rather than a destination for international tourists."
Centrum-Oost,Private room,139,2,40,2.65,2,338,32,"french restaurant: Utrechtsedwarstafel
hotel: Hotel de Munck, Oocker
bicycle: Fietsconsult
restaurant: Dwars
park: Frederiksplantsoen
hairdresser_supply: Premium Barber Store
italian restaurant: Fiaschetteria

The area reads as everyday-residential. The specific draws that make it so are the presence of a local bicycle shop (Fietsconsult), a hairdresser supply store (Premium Barber Store), and a neighborhood park (Frederiksplantsoen), which suggest a focus on community services and local living rather than high-traffic tourist landmarks."
De Pijp - Rivierenbuurt,Entire home/apt,167,3,21,1.34,3,57,12,"Park: Sarphatipark
Garden: Kijkpunt muPe
Gallery: None

The area reads as everyday-residential. The specific draw is Sarphatipark, which serves as a local neighborhood green space for residents."
De Baarsjes - Oud-West,Private room,130,2,26,1.49,9,0,12,"playground: Speeltuin Baarsjes

The area reads as everyday-residential, as the specific draw is a local community playground."
Westerpark,Entire home/apt,110,1,5,0.91,1,0,5,No places are listed to categorize. The area cannot be assessed.
Gaasperdam - Driemond,Private room,70,1,9,0.52,1,311,2,"Place types: playground (1), information (1)

The area reads as everyday-residential because there are no famous landmarks or attractions nearby."
Centrum-West,Private room,139,2,8,0.48,1,47,6,"Place types:
doctors: Expat Medical Centre
hotel: Mr Jordaan
picnic_table: (none)

The area reads as everyday-residential. The presence of a medical center and a boutique hotel suggests a neighborhood that serves local needs and visitors seeking a quiet, authentic stay rather than a hub defined by major tourist landmarks or attractions."
Centrum-Oost,Entire home/apt,429,2,2,2.0,1,66,2,"Hotel: Hotel Mozart
Billiards sports_centre: Snooker - FinalTouch

The area reads as everyday-residential. The specific draws are the local hotel and the specialized billiards sports centre, which serve the immediate community rather than acting as famous tourist landmarks or major attractions."
Oud-Noord,Private room,169,1,11,0.65,6,42,4,"Place types: picnic_table (1)

Area classification: everyday-residential. The area contains no famous landmarks or major attractions, consisting only of a single picnic table."
Centrum-Oost,Entire home/apt,109,3,7,6.0,1,0,5,"Place types: guest_house (1)

The area reads as everyday-residential, as there are no famous landmarks or attractions nearby to suggest a tourist-prominent location."
Centrum-Oost,Private room,61,2,28,3.29,4,12,28,"Guest house: Deutsche Seemannsheim Amsterdam Guesthouse Keizersgracht

The area reads as everyday-residential. The specific draw is the quiet, canal-side location that functions as a specialized lodging facility rather than a major tourist attraction or landmark."
De Baarsjes - Oud-West,Private room,80,2,20,1.17,9,0,9,"No places were provided in the list, so no nearby places can be named. The area cannot be classified as either tourist-prominent or everyday-residential based on the provided input."
De Baarsjes - Oud-West,Entire home/apt,115,3,2,0.12,1,0,1,There are no places listed to categorize. The area does not contain enough information to determine if it is tourist-prominent or everyday-residential.
De Baarsjes - Oud-West,Entire home/apt,90,3,3,0.18,1,1,1,No nearby places were provided in the list. The area does not read as tourist-prominent or everyday-residential.
Bos en Lommer,Entire home/apt,125,25,2,0.12,1,351,0,The provided list contains no places to categorize. The area cannot be evaluated as tourist-prominent or everyday-residential.
Oud-Noord,Entire home/apt,129,10,0,,1,0,0,"School: Azalea I
Garden: Azalea Buurtwinkel
Convenience: Azalea Buurtwinkel

The area reads as everyday-residential. The specific draws are the local school and the convenience store, which serve the daily needs of the immediate neighborhood rather than catering to visitors or tourists."
Watergraafsmeer,Entire home/apt,95,2,0,,2,0,0,"Pub: Vergulden Eenhoorn

The area reads as everyday-residential. The specific draw is Vergulden Eenhoorn, a historic local establishment that functions as a neighborhood restaurant and bar rather than a major tourist landmark."
De Baarsjes - Oud-West,Private room,157,3,27,1.69,1,191,20,"coffee cafe: Cafecito
falafel fast_food: Dr. Falafel
copyshop: Orange Copy
mobile_phone: TeleWorld
kindergarten: (No specific name provided)

The area reads as everyday-residential. The specific draws that make it so are the presence of a copyshop, a mobile phone store, and a kindergarten, which serve the routine needs of local residents rather than catering to tourists."
Slotervaart,Entire home/apt,125,2,2,0.13,1,0,0,"artwork: Erotica
doctors: Terra

The area reads as everyday-residential, as the presence of a doctor's office (Terra) and a singular art piece (Erotica) suggests a local neighborhood setting rather than a hub of famous landmarks or major tourist attractions."
Oud-Oost,Private room,350,2,30,1.94,1,313,23,"No places were provided in the list, so no nearby places can be named. The area cannot be classified as either tourist-prominent or everyday-residential based on the information provided."
De Pijp - Rivierenbuurt,Entire home/apt,135,3,8,0.5,1,0,3,"Car repair: Aroba Bandenservice
Italian restaurant: Impero Romano
Studio: Voyeur by Kaosz Atelier

The area reads as everyday-residential. The specific draws that make it so are the presence of a car repair shop and a studio, which serve the local community rather than catering to tourists or famous landmarks."
Centrum-West,Private room,117,1,35,2.22,8,167,33,"Place types:
College: Art of Colors Makeup Artist School
Italian restaurant: Casa di David, Pianeta Terra
Regional restaurant: Beulings
Place of worship: Sint-Franciscus Xaveriuskerk

The area reads as tourist-prominent. The presence of multiple high-end Italian and regional restaurants, combined with a historic place of worship, suggests a location situated in a central, culturally significant district that caters to visitors exploring the city."
Centrum-West,Private room,149,1,39,2.51,3,113,14,"beauty: Amsterdam Nail Art Studio, La Savonnerie
clothes: Daniele Dentici, Tenure De Nimes, Xantippe
toys: Kleine Eland
pub: Cafe de Eland
playground: gr8acht
artwork: Johnny Jordaan, Johnny Meijer, Manke Nelis, Mien en ""Bolle"" Jan Froger, Tante Leen
school: 14e Montessorischool De Jordaan
supermarket: Albert Heijn
alcohol: Gall & Gall
cannabis: Coffeeshop Johnny
chemist: Etos
gallery: Galerie Bart
ramen restaurant: Fou Fow Ramen, Gifu Ramen Bar
shoes: Ensō
bakery: SUE Bites Bar
ice_cream: IJscuypje
books: Xantippe

The area reads as everyday-residential. The presence of a local school (14e Montessorischool De Jordaan), a supermarket (Albert Heijn), a chemist (Etos), and a playground (gr8acht) indicates a neighborhood designed for daily living rather than a tourist-prominent zone. While the artwork (Johnny Jordaan, Johnny Meijer, Manke Nelis, Mien en ""Bolle"" Jan Froger, Tante Leen) highlights local cultural history, these are neighborhood-specific commemorations rather than major international tourist landmarks."
Centrum-Oost,Entire home/apt,164,7,39,2.48,1,357,31,"Indian restaurant: Bombay inn, Gandhi, The Guru of India
Japanese restaurant: Sumo
Nightclub: Jimmy Woo
Asian restaurant: Takumi Ramen
Bar: Café Eijlders, The Waterhole
Pub: Suzie Wong

The area reads as tourist-prominent. The specific draws that make it so are the presence of a well-known nightclub, Jimmy Woo, and a variety of international dining options that cater to a high-traffic nightlife and leisure district."
Buitenveldert - Zuidas,Private room,65,3,1,0.07,2,0,0,"swimming_pool: none
park: 't Kleine Loopveld

The area reads as everyday-residential. The specific draw is 't Kleine Loopveld, a local neighborhood park that serves as a community green space rather than a major tourist landmark."
Centrum-West,Private room,122,3,17,1.11,1,349,11,"Restaurant: Ashoka, Day's Foodbar, Van Speyk
Asian restaurant: Joya, SUMO
Burger restaurant: Toro Dorado
Gift: Souvenier Supermarket
Argentinian restaurant: Gauchos
Italian restaurant: CIMA, Sapore Italiano
Nightclub: Bitterzoet
Japanese restaurant: Takumi Ramen
Bicycle_rental: King Bikes
Hotel: Renaissance Amsterdam Hotel, Sint Nicolaas
Regional restaurant: Koepelcafé
Bar: Savini

The area reads as tourist-prominent. The presence of the Renaissance Amsterdam Hotel, Sint Nicolaas, Souvenier Supermarket, and King Bikes indicates a high concentration of visitors seeking accommodation, souvenirs, and rental services typical of a major travel destination."
Centrum-West,Entire home/apt,74,3,4,0.27,1,319,2,"smartshop: When Nature Calls
shoes: Manfield
deli: Eichholtz Delicatessen
clothes: Suite Benedict
fast_food: Gourmet Burger
mobile_phone: Prime Fone
coffee_shop cafe: Bagels & Beans
hairdresser: The Color
storage_rental: BOXIE24 Opslag huren Amsterdam
outdoor_seating: Morlang, Walem

The area reads as everyday-residential. The specific draws that make it so are the presence of essential local services like a hairdresser, a mobile phone shop, and a storage rental facility, which cater to the needs of local residents rather than tourists."
De Baarsjes - Oud-West,Private room,74,1,698,44.84,4,365,597,"Public bookcase: schuurmanoomkensgrassotti
Hotel: Conscious Hotel Vondelpark
Restaurant: Adam Restaurant, Beré Nali
Fast food: Grillroom Fame
Cafe: Bar Kosta, YNK
Copyshop: Drukkerij Overtoom
Hairdresser: Kapsalon Utopia
Coffee shop cafe: (None listed)

The area reads as tourist-prominent. The presence of Conscious Hotel Vondelpark indicates a location geared toward visitors, likely due to its proximity to Vondelpark, a major landmark and attraction."
Zuid,Private room,130,1,44,2.8,4,363,34,"Hotel: Conscious Hotel Museum Square
Tennis pitch: tennis pitch

The area reads as tourist-prominent. The specific draw is the Conscious Hotel Museum Square, which is located in the immediate vicinity of Amsterdam's major cultural institutions, including the Rijksmuseum, Van Gogh Museum, and Stedelijk Museum."
Zuid,Hotel room,22,1,31,1.99,3,0,0,"Hotel: The Flying Pig Hotel Uptown
Hostel: Sonder Park House
Park: Vondelpark

The area reads as tourist-prominent. The specific draws that make it so are The Flying Pig Hotel Uptown and Vondelpark, which are well-known destinations for visitors."
IJburg - Zeeburgereiland,Entire home/apt,266,2,5,1.61,1,44,4,"Place types: dog_park (1)

The area reads as everyday-residential. There are no famous landmarks or tourist attractions listed."
De Baarsjes - Oud-West,Entire home/apt,135,2,10,8.33,1,184,10,The provided list contains no places to categorize. The area cannot be evaluated as tourist-prominent or everyday-residential without specific locations to analyze.
Oud-Noord,Private room,111,1,0,,12,279,0,"Hotel: BUNK Hotel Amsterdam
International restaurant: Bunk Restaurant
Garden: None

The area reads as tourist-prominent. The specific draw is BUNK Hotel Amsterdam, which is a well-known accommodation destination that attracts travelers and visitors to the area."
Centrum-Oost,Private room,187,1,2,0.16,8,337,1,"Hotel: City Hotel Amsterdam, Mansion

The area reads as tourist-prominent due to the presence of City Hotel Amsterdam and Mansion, which are typical hospitality establishments catering to visitors in a city center."
Centrum-Oost,Private room,115,1,26,2.25,6,86,26,"Community centre: Koek, Schaeffer & van Tijen
Garden: NFT Playground Amsterdam
Cannabis: Soma Mission of Sacred Plants
Pet: Poopy Cat

The area reads as everyday-residential. The specific draws that make it so are the inclusion of a community centre and a pet store, which serve the daily needs of local residents rather than catering to tourists."
Centrum-Oost,Entire home/apt,102,21,0,,1,0,0,"Marina: WSV Albatros, WSV De Oostvaarders

The area reads as everyday-residential. The specific draws are the local marinas, which serve as recreational facilities for residents and boat owners rather than major tourist landmarks."
Centrum-Oost,Entire home/apt,204,1,0,,15,356,0,"university: Roeterseiland (UvA)
coffee_shop cafe: Coffee Company
pizza fast_food: De Pizzabakkers To Go
bicycle: Het Rijwielherstellingsoord

The area reads as everyday-residential. The specific draws that make it so are the presence of a university campus, a local coffee shop, a neighborhood pizza spot, and a bicycle repair shop, which collectively serve the daily needs of students and local residents rather than catering to tourists."
Noord-West,Entire home/apt,150,2,6,1.49,1,110,6,The area reads as everyday-residential because there are no tourist-prominent landmarks or attractions nearby.
Centrum-Oost,Private room,151,1,0,,6,0,0,"No places are listed to categorize. The area does not contain any landmarks or attractions, so it reads as everyday-residential."
Centrum-West,Private room,155,2,17,3.59,1,99,17,"Hotel: The Grand
Pub: Proeflokaal 't Kelkje
Restaurant: Yucca
Growshop: Sensi Seeds Cornershop
Steak_house restaurant: Siga La Vaca
Cannabis: Grasshopper, Green House
Cafe: Ter
Jewelry: Sharp Gear
Convenience: SH Suprmarkt, The City Hall
Erotic: Christine le Duc
E-cigarette: Vape4life
Asian fast_food: Wok To Go
Gift: Amsterdam Duck Store
Attraction: de Wallen

The area reads as tourist-prominent. The specific draws that make it so are the presence of well-known landmarks and attractions like de Wallen and the Amsterdam Duck Store, alongside high-profile establishments such as The Grand and famous cannabis venues like Grasshopper and Green House."
Centrum-West,Private room,269,1,1,0.6,3,45,1,"hotel: Andaz Amsterdam Prinsengracht, by Hyatt
garden: Verse
clothes: De Knipkamer 352
hairdresser: De Knipkamer 352
antiques: Prinsheerlijk Antiek

The area reads as tourist-prominent. The specific draw is the Andaz Amsterdam Prinsengracht, by Hyatt, which is a high-end luxury hotel located directly on one of Amsterdam's most famous and historic canal rings, attracting international visitors to the heart of the city's tourism district."
Centrum-West,Private room,54,3,4,0.97,1,353,4,"Bar: Spijker Bar

The area reads as everyday-residential, as it lacks the high concentration of famous landmarks or major tourist attractions typically found in a tourist-prominent zone."
De Baarsjes - Oud-West,Entire home/apt,160,2,2,0.18,1,0,2,"clothes: Vief
community_centre: OT301
furniture: CriCri, De Stelling
prep_school: De Amsterdamse Plusklas
bicycle: Otto-bikes
pharmacy: Staring apotheek
ethiopian restaurant: Abyssinia
sports: Asahi sports
shoe_repair: John Kappetijn
hairdresser: Hairsalon Abyssinia
indian restaurant: Rangla Punjab
supermarket: Abyssinia African grocery
craft: pipoos
massage: Sunny days Chineese massage
beauty: Fabricati
middle_eastern fast_food: Mima Fresh Mediterranean

The area reads as everyday-residential. The specific draws that make it so are the presence of essential local services such as Staring apotheek, John Kappetijn, and Abyssinia African grocery, alongside community-focused spaces like OT301 and De Amsterdamse Plusklas."
Centrum-West,Entire home/apt,46,1,1,0.09,3,0,1,"clothes: Bershka, New Yorker, Solo, Bag
burger restaurant: Cuddle Pub
massage: Tibet Massage, Just in Case
information: Nieuwendijk
chemist: Kruidvat
gift: Souvenirs
mobile_phone: Buy 'N Fly
e-cigarette: Vaping & More
restaurant: La Zoccola del Pacioccone
tattoo: Tattoo & Gallery

This area reads as tourist-prominent. The specific draws that make it so are Souvenirs and Nieuwendijk, which is a well-known major shopping street that attracts high volumes of visitors."
De Pijp - Rivierenbuurt,Private room,51,1,24,6.32,9,353,24,"Breakfast cafe: Paul & Ninette Vinotheque
Hotel: MAX Hotel
Tattoo: Galya Gisca Tattoo
Beauty: Brow Atelier

The area reads as everyday-residential. The specific draws are the local service-oriented businesses like a beauty studio, a tattoo parlor, and a neighborhood cafe, which cater to the regular needs of residents rather than serving as major tourist landmarks or attractions."
De Pijp - Rivierenbuurt,Private room,51,1,17,2.51,9,329,17,"breakfast cafe: Paul & Ninette Vinotheque
hotel: MAX Hotel
tattoo: Galya Gisca Tattoo
beauty: Brow Atelier

The area reads as everyday-residential. The specific draws that make it so are the presence of a local vinotheque, a beauty studio, and a tattoo parlor, which cater to the regular needs and leisure activities of local residents rather than serving as major tourist landmarks."
Oud-Oost,Entire home/apt,177,1,13,2.09,6,298,13,"Garden: Hallo
Dentist: Dental Care East & West
Optician: Cornea Optiek
Deli: Avondverkoop
Interior_decoration: All The Luck In The World
Chinese restaurant: Mister Chen Cha House
Restaurant: Poké Perfect
Friture fast_food: Avondverkoop
Massage: Linnaeusstraat Massage

The area reads as everyday-residential. The specific draws that make it so are the presence of essential local services such as Dental Care East & West, Cornea Optiek, and Linnaeusstraat Massage, which cater to the routine needs of residents rather than visiting tourists."
Centrum-Oost,Entire home/apt,158,7,1,0.16,6,267,1,"Community centre: Concern Congres Centrum

The area reads as everyday-residential, as it lacks famous landmarks or major tourist attractions, with the primary draw being the local community centre."
Centrum-West,Entire home/apt,188,7,1,0.15,3,241,1,"Marketplace: Lapjesmarkt
Public_bookcase: Schout bij-nacht
Argentinian restaurant: La Reinita Empanadas
Museum: Pianola Museum
Supermarket: Jumbo
Restaurant: Kilo, Sins of Sal
Furniture: Vivant de Jordaan
Beauty: The Browbarber
Kiosk: Vivant de Jordaan

The area reads as everyday-residential. The specific draws that make it so are the presence of a local supermarket like Jumbo, a neighborhood kiosk like Vivant de Jordaan, and essential services such as The Browbarber and the local marketplace Lapjesmarkt, which cater primarily to the daily needs of residents rather than international tourists."
Centrum-West,Private room,271,1,0,,5,0,0,"Guest house: Herengracht 21
Hotel: Max Brown Hotel

The area reads as tourist-prominent. The specific draws are Herengracht 21 and Max Brown Hotel, which are hospitality establishments located in a historic, canal-side setting typically frequented by visitors."
Centrum-West,Private room,161,1,30,3.77,5,0,30,"Guest house: Herengracht 21
Hotel: Max Brown Hotel

The area reads as tourist-prominent. The specific draws are the Herengracht 21 guest house and the Max Brown Hotel, both of which cater to visitors staying in the city center."
Centrum-West,Hotel room,171,1,0,,5,0,0,"Guest house: Herengracht 21
Hotel: Max Brown Hotel

The area reads as tourist-prominent. The specific draws are the Herengracht 21 guest house and the Max Brown Hotel, both of which cater to visitors staying in the historic canal district."
Westerpark,Entire home/apt,133,4,0,,1,0,0,"The area contains no listed places. It reads as everyday-residential, as there are no famous landmarks or tourist attractions present."
Watergraafsmeer,Private room,166,2,7,2.04,6,345,7,No places provided. The area cannot be categorized.
Watergraafsmeer,Private room,166,2,6,1.84,6,349,6,No places provided. The area cannot be categorized.
Oostelijk Havengebied - Indische Buurt,Entire home/apt,131,2,5,1.06,1,11,5,"The provided list does not contain any places that match the specified types (garden, regional restaurant, pub). Based on the names provided, Café Insulinde and The Meets are cafes or dining establishments, not fitting the requested categories. Therefore, the area cannot be accurately categorized as tourist-prominent or residential using only the provided list."
Bijlmer-Oost,Entire home/apt,60,3,0,,1,2,0,"park: Bijlmerweide
garden: Bijlmerweide

The area reads as everyday-residential, as it is defined by a local recreational park and garden space rather than famous landmarks or major tourist attractions."
Bos en Lommer,Entire home/apt,99,1,0,,1,0,0,No nearby places provided. The area cannot be categorized.
De Pijp - Rivierenbuurt,Entire home/apt,136,2,4,1.28,1,3,4,No places provided. The area cannot be categorized.
Westerpark,Entire home/apt,114,3,18,6.14,9,290,18,No places were provided to categorize. The area cannot be assessed for its character.
Westerpark,Entire home/apt,126,3,36,4.89,9,297,36,No places provided. The area does not read as tourist-prominent or everyday-residential.
Westerpark,Entire home/apt,300,2,0,,1,0,0,"Pharmacy: Apotheek Frederik Hendrik
Doctors: Kappeyne van de Coppello, Matijn Roest
Garden: None
Artwork: None

The area reads as everyday-residential. The specific draws are the pharmacy and the doctors, which are essential services for local residents rather than tourist landmarks or attractions."
Oud-Noord,Entire home/apt,500,3,0,,6,59,0,"park: Papaverplantsoen
apartment: Aparthotel North

The area reads as everyday-residential. The specific draw is the presence of a local park and apartment-style housing, which serve the needs of residents rather than catering to tourists with famous landmarks or major attractions."
De Baarsjes - Oud-West,Entire home/apt,200,5,1,0.19,1,0,1,"Public bookcase: J.J. Cremerplein
Soccer pitch: J.J. Cremerplein
Chess pitch: J.J. Cremerplein
Playground: J.J. Cremerplein, J.J. Cremerplein
Picnic_table: J.J. Cremerplein
Community_centre: Buurtcentrum Cremerplein, Buurthuis Cremerplein
Basketball pitch: J.J. Cremerplein
Picnic_site: J.J. Cremerplein

The area reads as everyday-residential. The specific draws that make it so are the presence of community centres like Buurtcentrum Cremerplein and Buurthuis Cremerplein, alongside local recreational facilities such as the playground, soccer pitch, and chess pitch at J.J. Cremerplein, which serve the daily needs of the local neighborhood rather than catering to tourists."
Zuid,Private room,76,1,65,11.96,7,365,65,"Clothes: Essentiel Antwerp, Hilfiger, Massimu Dutti, Petit Bateau, Reflections, The Society Shop
Optician: Oogappel
Interior_decoration: Zara Home
Bakery: None
Hotel: Conservatorium
Jewelry: Bonebakker
Vacant: None

The area reads as tourist-prominent. The presence of the Conservatorium hotel and luxury retailers such as Bonebakker indicates a high-end, destination-oriented district that caters to visitors rather than everyday residential needs."
Zuid,Private room,74,1,5,0.97,7,330,5,"Interior decoration: Zara Home
Bakery: None
Hotel: Conservatorium
Jewelry: Bonebakker
Clothes: Caroline Biss, Diesel, Hackett, Hilfiger, Marina Rinaldi, Massimu Dutti, Petit Bateau

The area reads as tourist-prominent. The presence of the Conservatorium, a high-end luxury hotel, combined with a collection of premium international fashion brands and a specialized jewelry boutique, indicates a high-traffic destination area catering to affluent travelers and visitors rather than an everyday-residential neighborhood."
Zuid,Private room,135,1,0,,7,330,0,"Garden: City Garden
Clothes: Flâneur
Hotel: None

The area reads as everyday-residential. The specific draw is City Garden, which serves as a local recreational space rather than a major tourist landmark."
Zuid,Private room,74,2,40,7.41,7,330,40,"Restaurant: Ottolenghi
Variety_store: La Casa del Habano - Amsterdam
Interior_decoration: Zara Home
Hotel: Conservatorium
Jewelry: Bonebakker
School: Christelijke basisschool Instituut Schreuder

The area reads as tourist-prominent. The specific draws that make it so are the Conservatorium hotel, the luxury jewelry store Bonebakker, and the high-end culinary destination Ottolenghi, which attract visitors to this upscale district."
Geuzenveld - Slotermeer,Entire home/apt,150,3,0,,1,364,0,"Place types: playground (1), picnic_table (1)

The area reads as everyday-residential. The specific draws are the playground and picnic_table, which serve as local neighborhood amenities rather than major tourist attractions."
Zuid,Private room,91,1,3,2.14,7,330,3,"Interior decoration: Zara Home
Bakery: Nespresso
Clothes: Caroline Biss, Claudia Sträter, Diesel, Hackett, Hilfiger, Marina Rinaldi, Massimu Dutti, Michael Kors, Paul Smith, Petit Bateau
Gift: Nespresso
Jewelry: Cartier

This area reads as tourist-prominent. The presence of high-end luxury brands such as Cartier, Paul Smith, and Michael Kors, combined with a dense concentration of international fashion retailers, indicates a premium shopping district designed to attract visitors and affluent shoppers rather than serving as an everyday-residential neighborhood."
Zuid,Entire home/apt,90,5,1,0.19,1,311,1,"No places were provided in the list, so no nearby places can be named. The area cannot be categorized as tourist-prominent or everyday-residential based on the provided information."
Centrum-West,Private room,143,2,8,2.07,1,219,8,"Public bookcase: None
Copyshop: Drukkerij De Haan
Doctors: Expat Medical Centre
Hotel: Mr Jordaan

The area reads as everyday-residential. While Mr Jordaan is a hotel, the presence of an Expat Medical Centre and a local printing shop like Drukkerij De Haan indicates a neighborhood service hub rather than a major tourist-prominent landmark district."
Centrum-West,Entire home/apt,119,5,3,0.54,6,135,3,"international restaurant: De Reiger
jewelry: Galilea
gallery: patina
gift: Egelantiersgracht
attraction: Egelantiersgracht

The area reads as everyday-residential. The specific draws that make it so are De Reiger, Galilea, and patina, which function as local neighborhood establishments rather than high-traffic tourist landmarks."
Oud-Oost,Entire home/apt,265,3,2,2.0,1,85,2,"boat_rental: Mokumboot Amsterdam Weesper
restaurant: Troef, Weesper
garden: None

The area reads as everyday-residential. The specific draws are the local restaurants Troef and Weesper, which serve the immediate neighborhood rather than acting as major tourist-prominent landmarks."
Oud-Noord,Entire home/apt,145,1,13,2.77,1,0,13,"Museum: Museum Amsterdam Noord

The area reads as tourist-prominent due to the presence of Museum Amsterdam Noord."
Centrum-West,Private room,99,3,7,1.56,9,41,7,"Marina: City Marina IJdock

The area reads as tourist-prominent. The specific draw is City Marina IJdock, which serves as a central hub for water-based tourism and recreational boating in a high-profile waterfront location."
Bos en Lommer,Entire home/apt,120,3,0,,1,22,0,"Pharmacy: Apotheek Bos en Lommer
Turkish restaurant: Meram
Clothes: Apino, La Peri
Elevator: (None listed)
Coffee_shop cafe: Coffee Company

The area reads as everyday-residential. The specific draws that make it so are Apotheek Bos en Lommer, Meram, Apino, La Peri, and Coffee Company, which serve the daily needs of local residents rather than catering to tourists."
De Baarsjes - Oud-West,Entire home/apt,350,3,0,,1,365,0,"Restaurant: Sebonsa Bodega, Warung Redjo Kim & Jane
Bicycle: Amsterdamse Fietswinkel

The area reads as everyday-residential. The specific draws are the local bicycle shop and the neighborhood-style eateries, which serve the daily needs of residents rather than catering to tourists visiting famous landmarks."
Westerpark,Entire home/apt,200,3,4,0.89,1,0,4,There are no places to list. The area does not read as tourist-prominent or everyday-residential as no specific draws were provided.
Centrum-Oost,Entire home/apt,180,7,5,3.49,2,336,5,"Community centre: Rita Community Center
Hairdresser: B'Femme
Bicycle: Secret Village
Pub: Who Cares
Gift: Secret Village
Clothes: Shirt Shop
Gallery: Galerie WIHH

The area reads as everyday-residential. The specific draws that make it so are the Rita Community Center, B'Femme, and Who Cares, which serve the daily needs and social habits of local residents rather than catering to international tourists."
Buitenveldert - Zuidas,Private room,59,2,8,1.44,2,363,8,"Garden: None
Doctors: Huisartsen MC Gelderlandplein
Butcher: van de Raa
Wine: The Art of Wines
Supermarket: Ekoplaza
Kindergarten: Bambini BSO
Clinic: Medisch Centrum Gelderlandplein
Apartment: None
Soccer pitch: None
Playground: None

The area reads as everyday-residential. The specific draws that make it so are the presence of essential local services including a supermarket (Ekoplaza), a butcher (van de Raa), medical facilities (Huisartsen MC Gelderlandplein and Medisch Centrum Gelderlandplein), and childcare (Bambini BSO), which cater to the daily needs of local residents rather than tourists."
De Baarsjes - Oud-West,Entire home/apt,113,3,3,0.62,1,0,3,"Bakery: Mano Bakery
Beauty: GO NKD
Tea: Teahouse
Ramen restaurant: OTEMBA - ramen
Indian restaurant: Tandoori Express
Community_centre: Da Costa

The area reads as everyday-residential. The specific draws that make it so are the presence of a community centre (Da Costa) and a variety of local dining and service establishments (Mano Bakery, GO NKD, Teahouse, OTEMBA - ramen, Tandoori Express) that cater to the daily needs of local residents rather than tourists."
De Baarsjes - Oud-West,Entire home/apt,120,3,0,,2,0,0,"Bar: Bar MiMi

The area reads as everyday-residential, as it is defined by a local establishment rather than famous landmarks or tourist attractions."
De Aker - Nieuw Sloten,Private room,49,7,3,0.97,2,83,3,"Place types: playground (1)

Area type: everyday-residential. There are no famous landmarks or attractions nearby, and the presence of a single playground indicates a neighborhood-focused space for local residents."
Westerpark,Entire home/apt,120,3,0,,1,0,0,"Garden: Westerpark
Bicycle: Nick's Rijwielherstel
Hairdresser: Westerpark Maryam Hair & Beauty
Outdoor: Trail.NL

The area reads as everyday-residential. The specific draws that make it so are the presence of a local bicycle repair shop, a neighborhood hair and beauty salon, and a local outdoor trail service, which collectively serve the routine needs of residents rather than catering to international tourism."
Centrum-West,Private room,209,1,0,,4,362,0,"theatre: De Toneelmakerij

The area reads as everyday-residential, as the draw is a specific cultural institution focused on youth theatre production rather than a major tourist landmark."
De Baarsjes - Oud-West,Entire home/apt,100,3,2,0.52,1,8,2,"Restaurant: Sebonsa Bodega
Bicycle: Amsterdamse Fietswinkel

The area reads as everyday-residential. The specific draws that make it so are the inclusion of a local bicycle shop and a neighborhood bodega, which serve the daily needs of residents rather than catering to tourists with major landmarks or attractions."
Westerpark,Entire home/apt,275,2,7,1.83,1,138,7,"park: Westerpark
playground: Westerpark

The area reads as everyday-residential because it is centered around a local park and playground, which serve as community spaces rather than global tourist attractions."
Centrum-Oost,Entire home/apt,134,5,2,0.44,1,0,2,"Hotel: Hotel Allure
Social facility: Jellinek / Sinai Centrum / Punt P / Arkin Basis GGZ
Spanish restaurant: Cantina Caliente
Cinema: Kriterion

The area reads as everyday-residential. The specific draws that make it so are the presence of a social facility like Jellinek / Sinai Centrum / Punt P / Arkin Basis GGZ and a local cinema like Kriterion, which serve the daily needs and cultural interests of local residents rather than catering primarily to tourists."
Osdorp,Private room,60,1,304,53.96,5,318,304,"Information: Inormation board Osdorpplein

The area reads as everyday-residential. The specific draw is the Inormation board Osdorpplein, which serves the local community by providing navigational and civic details within a neighborhood-focused shopping and residential square."
Osdorp,Private room,69,1,167,30.36,5,365,167,"Information: Inormation board Osdorpplein

The area reads as everyday-residential. The specific draw is the Inormation board Osdorpplein, which serves the local community by providing navigational and municipal updates for the Osdorpplein neighborhood."
Slotervaart,Entire home/apt,275,5,0,,1,0,0,"park: Rembrandtpark
apartment: Sky Home

The area reads as everyday-residential. The specific draw is Sky Home, which functions as a residential living space, supported by the local community amenity of Rembrandtpark."
Centrum-Oost,Private room,94,2,3,0.74,1,14,3,"Cinema: Kriterion
Restaurant: Lebkov & Sons
University: Roeterseiland (UvA)

The area reads as everyday-residential. The specific draw is the university campus, which functions as a hub for students and local residents rather than a destination for international sightseeing or famous landmarks."
De Baarsjes - Oud-West,Entire home/apt,338,2,3,0.67,1,96,3,"beauty: Beatrijs Smulders, SKIN
restaurant: Toussaint
pub: Gertrude
playground: Slot Meesenstijn
kindergarten: The Laser Lab
artwork: Houseboat Lady Jane
park: Slot Meesenstijn
guest_house: Houseboat Lady Jane

The area reads as everyday-residential. The specific draws are the presence of local services such as a kindergarten, a playground, and beauty salons, which cater to the daily needs of neighborhood residents rather than international tourists."
De Baarsjes - Oud-West,Entire home/apt,350,2,1,0.25,1,0,1,"Bar: Night Kitchen
Restaurant: Paloma Blanca
Bakery: Levain et le vin
Beauty: Drogisterij Body & Beauty, Juni nails
Music: Speijers Platen
Hairdresser: Cut throat
African restaurant: Fenan Klein Afrika
Cafe: Café New Olympia
Maroccan restaurant: Macey's
Lunch cafe: Juice Brothers
Hotel: Annette's Bed & Breakfast
Bicycle: Wiel tot wiel tweewielers
Deli: STACH
Electronics: Electro-Walst
Chemist: Coffee Roastery

The area reads as everyday-residential. The specific draws that make it so include a variety of local service-oriented businesses such as a bicycle shop, a chemist, a hairdresser, and multiple beauty salons, alongside neighborhood-focused food spots like a deli, bakery, and lunch cafe, which cater to the daily needs of local residents rather than transient tourists."
De Pijp - Rivierenbuurt,Entire home/apt,140,25,0,,1,60,0,No places were provided to categorize. The area cannot be assessed as tourist-prominent or everyday-residential.
De Baarsjes - Oud-West,Entire home/apt,150,3,3,2.0,2,64,3,"Computer: PC Dokter
Cannabis: Blue Lagoon
Indian restaurant: Rangla Punjab

The area reads as everyday-residential. The specific draws that make it so are the presence of a local computer repair service and a neighborhood restaurant, which serve the routine needs of local residents rather than catering to tourists."
IJburg - Zeeburgereiland,Entire home/apt,95,7,1,0.75,1,166,1,"hairdresser: Antonio's Barbershop
playground: None

The area reads as everyday-residential because it lacks famous landmarks or attractions, featuring only local service-oriented businesses."
De Baarsjes - Oud-West,Entire home/apt,150,2,3,0.6,1,321,3,"No places were provided in the list, so no nearby places can be named. The area cannot be categorized as either tourist-prominent or everyday-residential based on the provided information."
Oostelijk Havengebied - Indische Buurt,Entire home/apt,165,3,0,,1,25,0,No places provided. The area cannot be categorized.
Centrum-West,Entire home/apt,300,2,1,0.27,1,13,1,"soccer pitch: De Linde
playground: Noorderspeeltuin, De Linde
table_tennis pitch: De Linde
hairdresser: Daniel International Hairstylist
wine: Au Paradis
computer: MacRepair.nl
car_repair: De Linde
greengrocer: Jouw Groenteman

The area reads as everyday-residential. The specific draws that make it so are the presence of essential local services such as a greengrocer (Jouw Groenteman), a hairdresser (Daniel International Hairstylist), and computer repair (MacRepair.nl), alongside community-focused recreational spaces like the playground (Noorderspeeltuin) and sports facilities (De Linde)."
Geuzenveld - Slotermeer,Entire home/apt,150,6,0,,1,0,0,"Place types: apartment (1)

Area classification: everyday-residential. The area is defined by the presence of an apartment, indicating a focus on housing rather than tourist-oriented landmarks or attractions."
Oud-Oost,Entire home/apt,195,7,0,,1,95,0,There are no places to list. The area does not read as tourist-prominent or everyday-residential.
Bos en Lommer,Entire home/apt,44,3,1,0.24,1,59,1,"School: Multatulischool

The area reads as everyday-residential, as the presence of a local school serves the daily needs of the neighborhood residents."
Centrum-West,Entire home/apt,120,3,5,1.39,4,0,5,"Veterinary: DierenDokters
Fire_station: Kazerne Hendrik

The area reads as everyday-residential. The specific draws that make it so are the presence of a local veterinary clinic and a fire station, which are essential community services rather than tourist attractions or famous landmarks."
De Baarsjes - Oud-West,Entire home/apt,108,2,0,,1,0,0,"public_bookcase: Bieb
dentist: Tandarts Tanis

The area reads as everyday-residential. The specific draws are the local community resource and the essential healthcare service, which cater to the needs of local residents rather than tourists."
Centrum-West,Entire home/apt,105,1,5,1.32,1,10,5,"Hotel: Mr Jordaan, De Nieuwe Lelie
Beauty: van Ilse
Pub: De Nieuwe Lelie

The area reads as tourist-prominent. The specific draws are the presence of multiple hotels, which cater to visitors staying in the city, and the pub De Nieuwe Lelie, which serves as a social destination in a popular district."
De Baarsjes - Oud-West,Entire home/apt,100,7,2,0.49,1,8,2,"convenience: Mini Mix (Russian Store)
playground: None

The area reads as everyday-residential. The presence of a local specialty convenience store suggests a neighborhood serving the daily needs of residents rather than catering to visitors."
Oostelijk Havengebied - Indische Buurt,Entire home/apt,600,3,0,,1,3,0,"marina: Jachthaven Piet Hein
viewpoint: Pythonbrug
park: Keesje Brijdeplantsoen

The area reads as everyday-residential. The specific draws are the local marina and the neighborhood park, which serve the daily recreational needs of local residents rather than functioning as major tourist landmarks."
Centrum-West,Entire home/apt,200,3,2,0.51,1,34,2,"Hotel: Di-Ann City Centre Hotel, Hotel de Westertoren, Sharm Hotel, La Belle Vue
Clothes: The Pelican Studio
Restaurant: Il Panorama
Gift: Di-Ann, Dam
Optician: Bas Optiek
Confectionery: Bakkerij Andere Koek

The area reads as tourist-prominent. The specific draws that make it so are the presence of Dam, which is a major landmark, and multiple hotels including Di-Ann City Centre Hotel, Hotel de Westertoren, Sharm Hotel, and La Belle Vue."
Watergraafsmeer,Private room,62,2,23,5.66,1,57,23,There are no places listed to categorize. The area does not contain enough information to determine if it is tourist-prominent or everyday-residential.
Centrum-West,Private room,99,2,0,,4,0,0,"Restaurant: Angus Steak House, Bagels Sandwich Village, Made in Sud
Convenience: De Denneboom
Growshop: Cannabis Seed Bank
Nutrition_supplements: Vitamin Advice Shop
Music: KILLACUTZ Records
Locker: Luggage Depot
Watches: Watchme Amsterdam
Hotel: INK Hotel Amsterdam, The Highlander
Italian restaurant: Verona
Cafe: Moussaïque
Hostel: Xplore Hostel Amsterdam
Spanish cafe: De Spaanse Ruiter
Hairdresser: Boudewijn Veltman, Oh You Pretty Things
Art: Casa del Toro
Bakery: (None from list)
General: (None from list)

The area reads as tourist-prominent. The presence of INK Hotel Amsterdam, The Highlander, Xplore Hostel Amsterdam, and Luggage Depot indicates a high volume of visitors, while Angus Steak House and the central location suggest a focus on serving travelers rather than local residents."
Bos en Lommer,Entire home/apt,100,4,0,,1,0,0,"Turkish restaurant: Kahvealti
Hardware: De Prijshamer
Chemist: Etos
Newsagent: Primera
Convenience: Odin, SIMO
Pub: Cafe 't Lommertje
Beauty: Sorti Beatycenter
Kebab fast_food: Lezzet Grillroom
Butcher: Slagerij Beyaz Saray
Pet: Aytaco
Hairdresser: Cinderella

The area reads as everyday-residential. It is defined by essential local services such as a butcher (Slagerij Beyaz Saray), a chemist (Etos), a newsagent (Primera), and convenience stores (Odin, SIMO), which cater to the daily needs of local residents rather than tourists."
Westerpark,Entire home/apt,225,3,4,1.28,1,38,4,"School: Cartesius Lyceum
Garden: Frederik Hendrikplantsoen

The area reads as everyday-residential. The specific draws are the local school and the neighborhood garden, which serve the daily needs of residents rather than catering to tourists or housing famous landmarks."
De Pijp - Rivierenbuurt,Private room,127,2,4,2.5,1,355,4,"Place types:
arts_centre: Cultuurhuis Diamantslijperij
place_of_worship: Theosophische Vereniging

The area reads as everyday-residential. The specific draws are the local arts centre and the place of worship, which serve the immediate community rather than functioning as major tourist landmarks or attractions."
Bos en Lommer,Entire home/apt,279,4,0,,1,6,0,The area contains no listed places. It does not read as tourist-prominent or everyday-residential.
Centrum-Oost,Entire home/apt,155,3,5,1.38,1,0,5,"Place types: playground (1)

The area reads as everyday-residential, as there are no famous landmarks or attractions listed."
Bijlmer-Oost,Entire home/apt,179,1,5,1.39,1,0,5,"Garden: Professor Joop van Stigtpark
Playground: Professor Joop van Stigtpark
Basketball pitch: Professor Joop van Stigtpark
School: Wereldwijs
Park: Professor Joop van Stigtpark

The area reads as everyday-residential. The specific draws that make it so are the inclusion of a local school, Wereldwijs, and a community-focused green space, Professor Joop van Stigtpark, which serves as a neighborhood facility rather than a global tourist destination."
Slotervaart,Private room,49,2,7,1.88,1,86,7,"artwork: Raammannetjes
garden: Herdenkingskerk
place_of_worship: Herdenkingskerk

The area reads as everyday-residential. The specific draws are the local church and the public artwork, which serve the immediate community rather than functioning as major tourist landmarks."
Oud-Oost,Entire home/apt,114,1,5,3.13,2,6,5,There are no places provided in the list to categorize. The area cannot be assessed as tourist-prominent or everyday-residential without specific landmarks or draws.
Centrum-Oost,Private room,60,1,5,1.34,20,0,5,"Restaurant: Grand Café DeLaMar, La Bohème
Artwork: Milk
Theatre: DeLaMar, Internationaal Theater Amsterdam, Melkweg
Italian restaurant: Fantasia Trattoria
Hotel: None

The area reads as tourist-prominent. The specific draws that make it so are DeLaMar, Internationaal Theater Amsterdam, and Melkweg, which are major cultural and entertainment venues that attract significant visitor traffic."
De Baarsjes - Oud-West,Entire home/apt,70,2,4,1.54,1,1,4,"park: Caspar Flickhof

The area reads as everyday-residential. The specific draw is the local park, which serves as a neighborhood green space rather than a famous landmark or major tourist attraction."
Centrum-West,Private room,374,1,3,3.0,2,66,3,"Bus station: Busstation Elandsgracht
Fuel: Esso
Bar: Bluescafé Maloe Melo

The area reads as everyday-residential. The specific draws are the functional transit hub of Busstation Elandsgracht and the convenience of the Esso fuel station, which serve the daily needs of local residents rather than catering to tourists visiting famous landmarks."
Bijlmer-Centrum,Entire home/apt,188,2,4,2.11,1,363,4,"No places were provided in the list to categorize. Therefore, the area cannot be assessed as either tourist-prominent or everyday-residential based on the provided data."
Centrum-Oost,Entire home/apt,75,7,0,,22,265,0,"theatre: DeLaMar, Melkweg
hotel: Boutique Hotel View, Hotel Titus, Kooyk Hotel, Weber Hotel, Weber Studios
restaurant: Lux
apartment: Milk
bar: Bar Weber, Weber

The area reads as tourist-prominent. The presence of multiple hotels and major cultural venues like DeLaMar and Melkweg indicates a high volume of visitors and a focus on entertainment and hospitality."
De Baarsjes - Oud-West,Private room,45,1,6,2.73,2,359,6,"Place types:
Restaurant: Café Cook
Place of worship: Jeruzalemkerk

The area reads as everyday-residential. The specific draws are the local dining options and community-focused religious institutions that serve the daily needs of local residents rather than international tourists."
Westerpark,Entire home/apt,125,3,0,,1,0,0,"marina: Staverno
garden: Why not
boat_rental: Sloepdelen.nl
picnic_table: Why not
artwork: Why not

The area reads as everyday-residential. The specific draws are the boat rental service and the garden, which suggest a local community leisure space rather than a destination for famous landmarks or major tourist attractions."
Centrum-West,Entire home/apt,225,2,2,1.18,1,5,2,"Garden: Castillo
Indian restaurant: Memories of India, Restaurant Shiva
Hotel: The Albus
Local restaurant: Bella Regina
Restaurant: La Casa Di Angelo, Maya, Senses by Lard Bertelsen
Cannabis: Free I Coffeeshop
Bar: Bar Bacán, Café Bar De Duivel, Door 74, Feijoa
Cafe: Regular & Jack
Grill restaurant: Aurora Kontakt B.V.
Electronics: None

The area reads as tourist-prominent. The presence of a hotel like The Albus, high-end dining such as Senses by Lard Bertelsen, and popular nightlife and social spots like Door 74 and Free I Coffeeshop indicates a central location designed to cater to visitors rather than a quiet everyday-residential neighborhood."
Centrum-West,Entire home/apt,188,4,4,2.4,1,25,4,"toys: Mechanisch Speelgoed
appliance: World of Nix
deli: Terre Lente
furniture: Anno Design
books: Island Bookstore
optician: Ralph Optiek
cafe: De Anjelier
restaurant: Raïnaraï
gallery: Marion Bloem
beverages: Delicious Food
tailor: De Gouden Schaar
laundry: The Clean Brothers Wasserette
health_food: SLA
chemist: Lavendula
convenience: Hinata
ramen restaurant: Omelegg

The area reads as everyday-residential. The specific draws that make it so are the presence of essential local services such as a laundry (The Clean Brothers Wasserette), a tailor (De Gouden Schaar), a chemist (Lavendula), and a convenience store (Hinata), which cater to the daily needs of local inhabitants rather than transient visitors."
Oud-Oost,Entire home/apt,214,7,1,1.0,1,50,1,"dentist: Amsterdental

This area reads as everyday-residential, as the only listed draw is a local dental practice."
Oostelijk Havengebied - Indische Buurt,Entire home/apt,99,4,2,2.0,1,341,2,No places provided.
Oud-Noord,Entire home/apt,120,7,0,,1,281,0,"No places were provided in the list, so no nearby places can be named. The area cannot be categorized as tourist-prominent or everyday-residential based on the provided information."
Buitenveldert - Zuidas,Entire home/apt,148,3,0,,1,0,0,"college: Cheider
playground: Cheider

The area reads as everyday-residential, as the presence of a school and its associated playground serves the local community rather than acting as a famous landmark or tourist attraction."
Watergraafsmeer,Entire home/apt,175,2,2,2.0,1,28,2,No places provided. The area reads as everyday-residential.
De Pijp - Rivierenbuurt,Entire home/apt,275,7,0,,1,41,0,"Marketplace: Albert Cuyp-markt
Vacant: Huis van Iemand Anders
Fitness fitness_centre: TrainMore
Italian restaurant: Pasta e Pizza
Pub: De Sleutelkluis
Japanese restaurant: Tsunarié
Locksmith: Home Couture by Bernie
Optician: Kidzz Eyezz
Gallery: Saravanaa Bhavan

The area reads as tourist-prominent. The specific draw that makes it so is the Albert Cuyp-markt, which is a famous landmark and major attraction."
Centrum-West,Entire home/apt,395,3,0,,6,95,0,"fish fast_food: Haringkar de Gigant
florist: Thejo's Bloemen
artwork: Anne Frank
cheese: Cheese Store
viewpoint: Westertoren
bicycle_rental: Stromma
ticket: Tours & Tickets, Stromma
attraction: Anne Frank
place_of_worship: Westerkerk
gift: Tours & Tickets
kiosk: Tours & Tickets
pancakes restaurant: Pancakes Amsterdam

The area reads as tourist-prominent. The specific draws that make it so are Anne Frank, Pancakes Amsterdam, Westerkerk, Westertoren, and Tours & Tickets."
Zuid,Entire home/apt,175,3,2,1.67,1,0,2,"Asian restaurant: Asian Flavours
Indian restaurant: Swagat
Butcher: Ton van Schaick
Bar: Baut
Garden: None

The area reads as everyday-residential. The specific draws that make it so are the presence of a local butcher and a mix of casual dining options like an Indian restaurant, an Asian restaurant, and a bar, which cater to the daily needs and social habits of local residents rather than serving as a hub for major tourist landmarks."
Noord-West,Entire home/apt,68,14,0,,1,59,0,No places provided. The area cannot be categorized.
De Baarsjes - Oud-West,Private room,78,2,10,8.57,1,290,10,"Doctors: DC Klinieken
Supermarket: Little Plant Pantry
Pizza fast_food: Pizza Amsterdam
Ice_cream: Sotto Zero
Public_bookcase: Teds place

The area reads as everyday-residential. The specific draws that make it so are the inclusion of essential local services such as a doctors clinic and a supermarket, which cater to the daily needs of local residents rather than tourists."
Bos en Lommer,Entire home/apt,240,6,0,,1,155,0,"park: Erasmuspark
garden: Erasmuspark

The area reads as everyday-residential, as the specific draw is Erasmuspark, a local green space primarily serving the surrounding neighborhood."
Bos en Lommer,Entire home/apt,120,2,0,,1,259,0,"school: Tijl Uilenspiegelschool

The area reads as everyday-residential. The presence of a school indicates a neighborhood focused on local families and community infrastructure rather than tourist-oriented landmarks."
Zuid,Private room,149,1,0,,6,271,0,"clothes: G-Star Raw
bubble_tea cafe: Tea Kee
restaurant: Momo
hotel: Hotel Cornelisz, Park Centraal
indonesian restaurant: Srikandi

The area reads as tourist-prominent. This is due to the presence of Hotel Cornelisz and Park Centraal, which serve as primary accommodations for visitors, alongside high-end retail and dining options like G-Star Raw and Momo that cater to a transient, upscale crowd."
Zuid,Private room,416,1,0,,6,76,0,"clothes: G-Star Raw
bubble_tea cafe: Tea Kee
restaurant: Momo
hotel: Hotel Cornelisz, Park Centraal
indonesian restaurant: Srikandi

The area reads as tourist-prominent. This is due to the presence of multiple hotels, specifically Hotel Cornelisz and Park Centraal, which cater to visitors, as well as the concentration of high-end dining and retail options like Momo and G-Star Raw that typically cluster in popular, high-traffic destinations."
Centrum-Oost,Entire home/apt,75,7,1,1.0,22,254,1,"theatre: DeLaMar, Melkweg
hotel: Boutique Hotel View, Hotel Titus, Kooyk Hotel, Weber Hotel, Weber Studios
restaurant: Lux
apartment: Milk
bar: Bar Weber, Weber

The area reads as tourist-prominent. The specific draws that make it so are the presence of multiple hotels (Boutique Hotel View, Hotel Titus, Kooyk Hotel, Weber Hotel, Weber Studios) and major cultural venues (DeLaMar, Melkweg) which cater to visitors and entertainment seekers."
Watergraafsmeer,Entire home/apt,476,2,0,,1,46,0,"No places were provided in the list, so no nearby places can be named. The area cannot be classified as either tourist-prominent or everyday-residential based on the provided information."
De Pijp - Rivierenbuurt,Entire home/apt,105,5,0,,1,8,0,"School: 9e Montessorischool De Scholekster, College ZUYD
Place of worship: Shri Vishnu Mandir
Garden: None

The area reads as everyday-residential. The specific draws that make it so are the presence of multiple schools and a local place of worship, which serve the daily needs of the surrounding community rather than catering to tourists."
Zuid,Entire home/apt,180,4,0,,1,218,0,There are no places listed to categorize. The area does not read as tourist-prominent or everyday-residential because no specific draws were provided.
Centrum-Oost,Entire home/apt,500,3,0,,1,78,0,"French restaurant: Bouchon du Centre
Fitness_centre: Soda
Hotel: The Black Beauty

The area reads as everyday-residential. The specific draws are a local fitness centre and a French restaurant, which cater to the daily needs and dining habits of local residents rather than serving as major tourist landmarks."
Westerpark,Entire home/apt,121,2,0,,1,16,0,"park: Bilderdijkpark
garden: Bilderdijkpark

The area reads as everyday-residential. The specific draw that makes it so is the presence of Bilderdijkpark, a local neighborhood green space serving the daily recreational needs of residents rather than acting as a major tourist landmark."
Centrum-West,Entire home/apt,250,2,0,,1,38,0,"marketplace: Lindenmarkt
argentinian restaurant: Luna
bakery: Saint-Jean
gallery: Kersgallery
sandwich fast_food: Leauf
fast_food: Snackbar Aggie
thai restaurant: Som Tam Thai
greengrocer: Erdim
veterinary: Dierenkliniek de Jordaan
bagel fast_food: Bagelboy
butcher: Louman

The area reads as everyday-residential. The specific draws that make it so are the presence of essential local services such as a veterinary clinic, a butcher, a greengrocer, and a traditional neighborhood marketplace, which cater primarily to the daily needs of local residents rather than international tourists."
Centrum-West,Entire home/apt,400,1,1,1.0,1,339,1,"Hotel: Pulitzer

The area reads as tourist-prominent due to the presence of Pulitzer, a high-profile hotel that typically anchors areas frequented by visitors."
Centrum-West,Entire home/apt,396,1,1,1.0,7,329,1,"attraction: de Wallen
social_facility: Leger des Heils
brothel: Rooms belonging to My Red Light Foundation, Casa Rosso
museum: Erotisch Museum, Red Light Secrets
bar: American Bar-bq, Black Tiger Bar, New Castle Bar, Old Sailor, Excalibur
adult_gaming_centre: Casino City, Redlight Casino
erotic: Bananenbar, Erotic Shop
pub: Cafe Pleinzicht
fast_food: Grill-Bar Baby
restaurant: Anco
place_of_worship: The Tabernacle
tattoo: Star Shop
kebab fast_food: Baba Kebab

The area reads as tourist-prominent. The specific draws that make it so are de Wallen, Erotisch Museum, Red Light Secrets, and the high concentration of adult-oriented establishments like Casa Rosso and Bananenbar."
De Baarsjes - Oud-West,Entire home/apt,159,2,1,1.0,1,19,1,"Playground: Balboaplein
Garden: Balboaplein

The area reads as everyday-residential. The specific draw is Balboaplein, which functions as a local neighborhood park and playground serving the immediate community rather than a destination for tourists."
Oud-Oost,Shared room,23,1,0,,6,322,0,"3D_printing_materials: Plastic2Print
skateboard pitch: Skatepark Oosterpark
school: Metis Montessori Lyceum
gallery: Vincent Hall
garden: Skatepark Oosterpark

The area reads as everyday-residential. The specific draws are the Metis Montessori Lyceum and the local recreational facilities like Skatepark Oosterpark, which serve the daily needs of the neighborhood community rather than catering to international tourism."
Zuid,Private room,150,1,0,,2,258,0,"Department store: HEMA
Supermarket: Dirk
Pub: Stadscafé van Mechelen
Park: Legmeerplein

The area reads as everyday-residential. The specific draws that make it so are the presence of a supermarket and a department store, which serve the daily needs of local residents, and a neighborhood park and pub, which function as community gathering spaces rather than major tourist attractions."
Bos en Lommer,Entire home/apt,165,1,0,,1,6,0,No places provided. The area cannot be categorized.
Centrum-West,Entire home/apt,272,2,0,,1,12,0,"kindergarten: Kresj Lindengracht
supermarket: Albert Heijn
clothes: La maison de sophie
toys: Mechanisch Speelgoed
appliance: De Anjelier
deli: Terre Lente

The area reads as everyday-residential. The specific draws that make it so are the presence of a kindergarten and a supermarket, which cater to the daily needs of local families and residents rather than the high-traffic landmarks associated with tourism."
De Baarsjes - Oud-West,Entire home/apt,256,3,0,,1,5,0,"artwork: De Batavier, De droom van een hond
doctors: Huisartsenpraktijk Fijnhout
fast_food: The Burger Maffia, The Burger Mafia

The area reads as everyday-residential. The specific draws that make it so are the presence of a local medical practice (Huisartsenpraktijk Fijnhout) and neighborhood dining options, rather than famous landmarks or major tourist attractions."
Osdorp,Entire home/apt,52,5,0,,1,21,0,"School: De Zwaan (locatie Wilgenlaan)

The area reads as everyday-residential. The specific draw is the presence of a local school, which serves the daily needs of the neighborhood's families rather than catering to tourists."
Oostelijk Havengebied - Indische Buurt,Entire home/apt,120,5,0,,1,324,0,"cafe: Joki
picnic_table: Jōki
hairdresser: Great Club
fitness_centre: Great Club

The area reads as everyday-residential. The specific draws that make it so are the inclusion of a local hairdresser and a fitness centre, which are typical amenities for neighborhood residents rather than tourist-focused landmarks."
Centrum-Oost,Entire home/apt,304,30,0,,1,365,0,"Attraction: Leidseplein, The Bulldog Ex-Police Station
Garden: Kleine-Gartmanplantsoen
Cafe: Cafe in the City, Easy Internet Cafe, Grand Café, Satellite Sportscafe
Guest house: Amsterdam Hostel Leidseplein
Restaurant: Piazzeta Romana, Ron Gastrobar Paris
Bar: NJOY Cocktailbar, Palladium
Curry restaurant: Get Down
Nightclub: Club Candela, Club Up
Chinese restaurant: Yellow River
Artwork: Tegen alle stromen in
Hostel: Amsterdam Hostel Leidseplein
Cannabis: The Bulldog Ex-Police Station
Pancake restaurant: Pancake Corner Restaurant
International cafe: Satellite Sportscafe
Burger fast_food: Burger King

The area reads as tourist-prominent. The specific draws that make it so are Leidseplein, which serves as a major hub for nightlife and entertainment, and The Bulldog Ex-Police Station, a famous landmark that attracts significant visitor traffic."
De Baarsjes - Oud-West,Entire home/apt,150,1,0,,1,44,0,"laundry: Wash-o-matic
alcohol: Sterk

The area reads as everyday-residential. The specific draws are the presence of a local laundry and an alcohol establishment, which serve the routine needs of neighborhood residents rather than catering to visitors at famous landmarks."
Oud-Noord,Entire home/apt,150,3,0,,1,20,0,"pizza fast_food: Elit Pide
bicycle: Tweewielers Joop Harmans

The area reads as everyday-residential. The specific draws that make it so are the presence of a local bicycle shop and a neighborhood pizza fast food establishment, which serve the daily needs of residents rather than catering to tourists."
Centrum-West,Entire home/apt,469,1,0,,2,365,0,"attraction: Amsterdam Exchange Experience, de Wallen
clothes: Port of Call
smartshop: Smart-Zone Smartshop
american bar: Belushi's Amsterdam
museum: Condomerie
nightclub: Winston
hostel: St. Christopher's at The Winston
headshop: Warmoesstraat
erotic: Warmoesstraat
gallery: W139
tattoo: Warmoesstraat
waffle cafe: Metropolitan
cafe: De Bakkerswinkel, Greendayz Coffee

The area reads as tourist-prominent. The specific draws that make it so are the presence of major attractions like the Amsterdam Exchange Experience and de Wallen, alongside high-traffic visitor accommodations and venues such as St. Christopher's at The Winston, Belushi's Amsterdam, and the specialized museum Condomerie."
De Pijp - Rivierenbuurt,Entire home/apt,65,28,0,,1,47,0,"asian bar: Mash
interior_decoration: MerryXmasShop
deli: Dito Deli
jewelry: Byart
coffee_shop cafe: Café Baskèts
carpet: The Weavery
clothes: Penny Lane Vintage
tattoo: Tattoo Friendship
bakery: Craft Coffee & Pastry
garden: (None)

The area reads as everyday-residential. The specific draws that make it so are the inclusion of a local deli, a neighborhood bakery, and specialized small-scale shops like a vintage clothing store and a tattoo parlor, which cater to the daily needs and lifestyle of local residents rather than serving as major tourist landmarks."
De Pijp - Rivierenbuurt,Entire home/apt,120,20,0,,1,365,0,"Interior decoration: Design Gietvloer
Beauty: Yvon
Indonesian fast_food: Waroeng Bamboe
Ice_cream: IJspret
Greengrocer: Time Out
Bakery: Remko's brood & taartjes
Garden: T. Broekman-Teggelaar
Clothes: Carl Denig Pre-Owned, Klein & Co, Van Stolked & Co
Kindergarten: Marquerite
Dentist: Guru
Outdoor: Carl Denig Pre-Owned
Cafe: Quinnie's
Restaurant: Waroeng Bamboe

This area reads as everyday-residential. The specific draws that make it so are the presence of essential local services such as a dentist (Guru), a kindergarten (Marquerite), a greengrocer (Time Out), and a bakery (Remko's brood & taartjes), which serve the daily needs of local residents rather than catering to tourists."
