price,room_type,ratings,guests,beds,bedrooms,bathrooms,property_number_of_reviews,is_superhost,num_bedrooms,num_baths,num_rooms,surroundings_summary
6081.33,Entire home/apt,4.98,8.0,4.0,4.0,3.5,50.0,True,4.0,3.5,7.5,"Choose this place if you want to be in the heart of the action with immediate access to major landmarks like Times Square, Central Park, and the Empire State Building, along with an abundance of dining, shopping, and transit options. Skip it if you are looking for a quiet, secluded retreat, as the high density of entertainment venues, nightlife, and tourist attractions means the area will be busy and energetic."
350.0,Hotel room,5.0,4.0,2.0,1.0,1.0,1.0,False,1.0,1.0,2.0,"Choose this place if you want to be in the heart of the action with immediate access to major landmarks like Times Square and the Empire State Building, as well as an abundance of dining, transit, and entertainment options. Skip it if you are looking for a quiet, residential atmosphere, as the high density of nightlife, venues, and tourist attractions means this area will be busy and energetic at all hours."
308.0,Hotel room,5.0,2.0,1.0,1.0,1.0,1.0,False,1.0,1.0,2.0,"Choose this place if you want to be in the center of the action with immediate access to major landmarks like Times Square and the Empire State Building, as well as endless dining, shopping, and transit options. Skip it if you are looking for a quiet, secluded retreat, as the high concentration of nightlife, entertainment, and tourist attractions means this area will be busy and lively at all hours."
296.0,Entire home/apt,4.91,4.0,2.0,1.0,1.0,11.0,True,1.0,1.0,2.0,"Choose this place if you want to be in the heart of the action with immediate access to major landmarks like Intrepid Sea, Air & Space Museum, Central Park, One Vanderbilt, and Summit One Vanderbilt, as well as endless dining, transit, and entertainment options. Skip it if you are looking for a quiet, low-traffic residential retreat away from the high-energy, bustling pace of a major urban hub."
595.0,Entire home/apt,4.8,3.0,1.0,1.0,1.0,59.0,False,1.0,1.0,2.0,"Choose this place if you want to be in the heart of the action with immediate access to major landmarks like Bryant Park, the Empire State Building, Times Square, Central Park, and the Intrepid Sea, Air & Space Museum, as well as an abundance of dining, shopping, and transit options. Skip it if you are looking for a quiet, secluded retreat, as the high concentration of nightlife, entertainment, and tourist attractions makes this a very busy and active area."
411.0,Private room,4.79,2.0,1.0,1.0,1.0,39.0,False,1.0,1.0,2.0,"Choose this place if you want to be in the center of the action with immediate access to major transit, world-class landmarks like Central Park and Summit One Vanderbilt, and an endless variety of dining, shopping, and entertainment. Skip it if you are looking for a quiet, secluded retreat away from the high-energy atmosphere of a bustling, tourist-heavy urban hub."
283.53,Entire home/apt,4.16,2.0,1.0,1.0,1.0,45.0,False,1.0,1.0,2.0,"Choose this place if you want to be in the center of the action with immediate access to transit, dining, and the Empire State Building. Skip it if you are a light sleeper or prefer a quiet, residential neighborhood away from the constant activity of nightlife and entertainment venues."
367.05,Entire home/apt,4.08,6.0,3.0,1.0,1.0,60.0,False,1.0,1.0,2.0,"Choose this place if you want to be in the heart of the action with immediate access to transit, dining, nightlife, and the Empire State Building. Skip it if you are a light sleeper or prefer a quiet, residential neighborhood away from high-traffic tourist areas."
278.0,Entire home/apt,4.71,4.0,2.0,2.0,1.0,41.0,False,2.0,1.0,3.0,"Choose this place if you want to be in the heart of the action with immediate access to major landmarks like Central Park, Bryant Park, and Times Square, along with an abundance of dining, shopping, and transit options. Skip it if you are looking for a quiet, residential retreat, as the high concentration of nightlife, entertainment, and tourist attractions means the area will be busy and energetic at all hours."
765.0,Private room,5.0,2.0,1.0,1.0,1.0,1.0,False,1.0,1.0,2.0,"Choose this place if you want to be in the heart of the action with immediate access to Empire State Building, Bryant Park, Times Square, Intrepid Sea, Air & Space Museum, and Central Park, as well as an abundance of dining, transit, and entertainment options. Skip it if you are looking for a quiet, residential retreat away from the high-energy crowds and constant activity of a major tourist hub."
284.1,Entire home/apt,4.91,3.0,2.0,1.0,1.0,11.0,False,1.0,1.0,2.0,"Choose this place if you want to be in the heart of the action with immediate access to endless dining, shopping, transit, and major landmarks like Central Park, the Empire State Building, Bryant Park, and Battery Park. Skip it if you are a light sleeper or prefer a quiet, residential neighborhood away from high-density nightlife and tourist activity."
868.5,Private room,4.33,4.0,2.0,2.0,1.0,3.0,False,2.0,1.0,3.0,"Choose this place if you want to be in the heart of the action with immediate access to major landmarks, endless dining, and convenient transit. Skip it if you are looking for a quiet, residential atmosphere away from the constant activity of tourist hubs and nightlife."
387.75,Entire home/apt,4.36,4.0,2.0,1.0,1.0,66.0,False,1.0,1.0,2.0,"Choose this place if you want to be in the center of the action with immediate access to transit, dining, and the Empire State Building. Skip it if you are a light sleeper or prefer a quiet neighborhood away from the constant activity of nightlife and crowds."
399.0,Entire home/apt,5.0,9.0,4.0,1.0,1.0,4.0,False,1.0,1.0,2.0,"Choose this place if you want to be in the center of the action with immediate access to transit, dining, nightlife, and the Empire State Building. Skip it if you are a light sleeper or prefer a quiet, residential atmosphere away from the constant activity of a high-density tourist and entertainment hub."
444.0,Entire home/apt,4.81,4.0,2.0,2.0,1.0,43.0,False,2.0,1.0,3.0,"Choose this place if you want to be in the heart of the action with immediate access to Central Park, major transit hubs like Grand Central Terminal, and an endless variety of dining, shopping, and entertainment. Skip it if you are looking for a quiet, secluded retreat, as the high density of nightlife and attractions makes this a bustling, high-energy environment."
201.0,Entire home/apt,4.0,4.0,2.0,1.0,1.0,3.0,False,1.0,1.0,2.0,"Choose this place if you want to be in the heart of the action with immediate access to transit, endless dining, nightlife, and iconic sights like the Empire State Building. Skip it if you are a light sleeper or prefer a quiet, residential atmosphere away from the constant energy of a high-traffic urban hub."
408.45,Entire home/apt,4.26,6.0,3.0,1.0,1.0,35.0,False,1.0,1.0,2.0,"Choose this place if you want to be in the heart of the action with immediate access to transit, dining, and the Empire State Building. Skip it if you are a light sleeper or prefer a quiet neighborhood away from the constant activity of nightlife and crowds."
555.0,Entire home/apt,4.85,3.0,1.0,1.0,1.0,124.0,False,1.0,1.0,2.0,"Choose this place if you want to be in the heart of the action with immediate access to Bryant Park, Empire State Building, Times Square, Central Park, and the Intrepid Sea, Air & Space Museum. Skip it if you are looking for a quiet, secluded retreat away from the high density of tourists, nightlife, and constant activity."
179.0,Private room,5.0,8.0,2.0,1.0,1.0,4.0,False,1.0,1.0,2.0,"Choose this place if you want to be in the heart of the action with immediate access to transit, endless dining, nightlife, and iconic sights like the Empire State Building. Skip it if you are a light sleeper or prefer a quiet, residential atmosphere away from the constant energy and crowds of a high-traffic urban hub."
233.85,Entire home/apt,5.0,2.0,1.0,1.0,1.0,1.0,False,1.0,1.0,2.0,"Choose this place if you want to be in the heart of the action with immediate access to endless dining, transit, and iconic sights like the Empire State Building and Central Park. Skip it if you are a light sleeper or prefer a quiet residential atmosphere away from the constant activity of nightlife and entertainment venues."
397.03,Private room,5.0,4.0,2.0,1.0,1.0,4.0,False,1.0,1.0,2.0,"Choose this place if you want to be in the center of the action with immediate access to transit, dining, and the Empire State Building. Skip it if you are a light sleeper or prefer a quiet neighborhood away from the constant activity of nightlife and crowds."
297.16,Entire home/apt,5.0,2.0,1.0,1.0,1.0,1.0,True,1.0,1.0,2.0,"Choose this place if you want to be in the center of the action with immediate access to transit, endless dining, nightlife, and iconic sights like the Empire State Building. Skip it if you are a light sleeper or prefer a quiet, residential neighborhood away from the constant activity and crowds."
273.23,Entire home/apt,5.0,2.0,1.0,1.0,1.0,1.0,True,1.0,1.0,2.0,"Choose this place if you want to be in the center of the action with immediate access to transit, dining, nightlife, and the Empire State Building. Skip it if you are a light sleeper or prefer a quiet residential environment away from high-traffic tourist areas."
295.55,Entire home/apt,5.0,2.0,1.0,1.0,1.0,5.0,True,1.0,1.0,2.0,"Choose this place if you want to be in the center of the action with immediate access to transit, dining, nightlife, and the Empire State Building. Skip it if you are a light sleeper or prefer a quiet, residential atmosphere away from high-traffic tourist areas."
320.55,Entire home/apt,5.0,2.0,1.0,1.0,1.0,1.0,True,1.0,1.0,2.0,"Choose this place if you want to be in the heart of the action with immediate access to endless dining, nightlife, transit, and the Empire State Building. Skip it if you are a light sleeper or prefer a quiet, residential neighborhood away from constant crowds and activity."
256.04,Entire home/apt,5.0,2.0,1.0,1.0,1.0,2.0,True,1.0,1.0,2.0,"Choose this place if you want to be in the center of the action with immediate access to transit, endless dining, nightlife, and iconic sights like the Empire State Building. Skip it if you are a light sleeper or prefer a quiet, residential neighborhood away from the constant activity of a high-density urban hub."
179.0,Entire home/apt,4.17,4.0,2.0,1.0,1.0,6.0,False,1.0,1.0,2.0,"Choose this place if you want to be in the center of the action with immediate access to transit, dining, and the Empire State Building. Skip it if you are a light sleeper or prefer a quiet, residential atmosphere away from high-traffic tourist areas."
323.33,Private room,4.74,1.0,1.0,2.0,1.0,43.0,False,2.0,1.0,3.0,"Choose this place if you want to be in the heart of the action with immediate access to endless dining, shopping, transit, and major landmarks like Central Park, Bryant Park, Battery Park, Empire State Building, and Times Square. Skip it if you are looking for a quiet, secluded retreat away from the high-energy atmosphere of a bustling, tourist-heavy neighborhood."
666.0,Private room,4.83,2.0,1.0,1.0,1.0,48.0,False,1.0,1.0,2.0,"Choose this place if you want to be in the center of the action with immediate access to transit, endless dining, nightlife, and iconic landmarks like Central Park, Battery Park, Empire State Building, and Bryant Park. Skip it if you are looking for a quiet, secluded retreat away from the high-energy atmosphere and constant activity of a major urban hub."
712.0,Private room,4.0,8.0,4.0,2.0,2.0,1.0,False,2.0,2.0,4.0,"Choose this place if you want to be in the center of the action with immediate access to endless dining, nightlife, shopping, and transit near the Empire State Building, Central Park, and Battery Park. Skip it if you are a light sleeper or prefer a quiet, residential atmosphere away from the constant activity and crowds of a high-energy urban hub."
431.5,Entire home/apt,4.28,7.0,4.0,2.0,1.0,195.0,False,2.0,1.0,3.0,"Choose this place if you want to be in the center of the action with immediate access to endless dining, nightlife, transit, and iconic landmarks like the Empire State Building, Central Park, and Battery Park. Skip it if you are a light sleeper or prefer a quiet, residential atmosphere away from the constant energy of a high-traffic urban hub."
284.25,Entire home/apt,4.11,5.0,3.0,1.0,1.0,79.0,False,1.0,1.0,2.0,"Choose this place if you want to be in the heart of the action with immediate access to transit, endless dining, nightlife, and iconic landmarks like the Empire State Building, Central Park, and Battery Park. Skip it if you are looking for a quiet, low-key neighborhood experience away from the constant energy of a high-traffic urban center."
249.0,Private room,4.61,6.0,2.0,1.0,1.0,137.0,False,1.0,1.0,2.0,"Choose this place if you want to be in the heart of the action with immediate access to endless dining, nightlife, transit, and major landmarks like the Empire State Building, Central Park, and Battery Park. Skip it if you are a light sleeper or prefer a quiet residential environment away from the constant activity and crowds of a high-energy district."
291.0,Private room,4.5,2.0,1.0,1.0,1.0,10.0,False,1.0,1.0,2.0,"Choose this place if you want to be in the heart of the action with immediate access to major landmarks like the Empire State Building, Times Square, and Central Park, along with endless dining, shopping, and transit options. Skip it if you are seeking a quiet, residential atmosphere away from the intense energy of high-density entertainment, nightlife, and tourist activity."
447.68,Entire home/apt,4.5,3.0,1.0,1.0,1.0,2.0,False,1.0,1.0,2.0,"Choose this place if you want immediate access to endless dining, transit, and entertainment options. Skip it if you prefer a quiet, residential atmosphere and are sensitive to the high energy of a bustling, high-traffic neighborhood."
102.44,Private room,3.67,1.0,1.0,1.0,1.0,3.0,False,1.0,1.0,2.0,"Choose this place if you want to be in the heart of the action with immediate access to endless dining, nightlife, shopping, and transit. Skip it if you are a light sleeper or prefer a quiet, residential atmosphere away from constant crowds and activity."
887.89,Entire home/apt,5.0,5.0,2.0,2.0,2.0,46.0,False,2.0,2.0,4.0,"Choose this place if you want to be in the heart of the action with immediate access to dining, nightlife, transit, and major sights like the Empire State Building. Skip it if you are a light sleeper or prefer a quiet residential neighborhood away from constant crowds and activity."
742.56,Private room,4.54,4.0,2.0,1.0,1.0,173.0,False,1.0,1.0,2.0,"Choose this place if you want to be in the heart of the action with immediate access to iconic landmarks, extensive dining, and vibrant nightlife. Skip it if you are a light sleeper or prefer a quiet, residential atmosphere away from the intense energy and crowds of a major tourist hub."
223.78,Private room,4.43,1.0,1.0,1.0,1.0,7.0,False,1.0,1.0,2.0,"Choose this place if you want to be in the center of the action with immediate access to major landmarks like the Flatiron Building and Manhattan Bridge, endless dining, shopping, and transit options. Skip it if you prefer a quiet, residential atmosphere and are sensitive to the high energy and constant activity of a bustling, tourist-heavy district."
273.3,Private room,4.46,2.0,1.0,1.0,1.0,48.0,False,1.0,1.0,2.0,"Choose this place if you want to be in the heart of the action with immediate access to endless dining, nightlife, transit, and major landmarks like Battery Park, Central Park, Empire State Building, and Bryant Park. Skip it if you are a light sleeper or prefer a quiet, residential atmosphere away from high-density commercial activity."
732.0,Private room,4.34,4.0,2.0,1.0,1.0,80.0,False,1.0,1.0,2.0,"Choose this place if you want to be in the heart of the action with immediate access to major landmarks, extensive dining, and nightlife. Skip it if you are a light sleeper or prefer a quiet, residential neighborhood away from the high concentration of hotels and entertainment venues."
202.0,Private room,4.22,2.0,1.0,1.0,1.0,113.0,False,1.0,1.0,2.0,"Choose this place if you want to be in the heart of the action with endless dining, shopping, and transit options right outside your door. Skip it if you are a light sleeper or prefer a quiet residential atmosphere, as the high concentration of nightlife and entertainment venues makes this a very busy, high-energy block."
171.83,Private room,4.0,1.0,1.0,5.0,1.0,1.0,False,5.0,1.0,6.0,"Choose this place if you want to be in the center of the action with endless dining, shopping, and transit options right outside your door. Skip it if you prefer a quiet, residential atmosphere away from the high-energy density of a bustling commercial hub."
1199.0,Entire home/apt,5.0,5.0,3.0,2.0,1.0,21.0,True,2.0,1.0,3.0,"Choose this place if you want to be in the center of the action with immediate access to endless dining, shopping, and transit options. Skip it if you are looking for a quiet, secluded retreat away from the high-energy atmosphere of a bustling urban hub."
720.0,Entire home/apt,4.71,5.0,2.0,2.0,1.5,89.0,True,2.0,1.5,3.5,"Choose this place if you want to be in the center of the action with immediate access to endless dining, entertainment, and transit options near Times Square, Empire State Building, Washington Square Park, and Bryant Park. Skip it if you are looking for a quiet, residential atmosphere away from the high-energy crowds and constant activity of a major tourist hub."
241.6,Private room,4.04,2.0,1.0,1.0,1.0,73.0,False,1.0,1.0,2.0,"Choose this place if you want to be in the heart of the action with immediate access to major landmarks, dining, and transit. Skip it if you prefer a quiet, residential atmosphere away from the high concentration of nightlife, hotels, and tourist crowds near Times Square, Washington Square Park, Empire State Building, Top of the Rock, and Rockefeller Center."
240.0,Private room,4.19,2.0,1.0,1.0,1.0,537.0,False,1.0,1.0,2.0,"Choose this place if you want to be in the heart of the action with immediate access to major landmarks, extensive dining, and nightlife. Skip it if you are looking for a quiet, residential atmosphere away from the intense crowds and constant activity of Times Square, Washington Square Park, the Empire State Building, Top of the Rock, and Rockefeller Center."
156.97,Private room,4.71,2.0,1.0,1.0,1.0,1669.0,False,1.0,1.0,2.0,"Choose this place if you want to be in the center of the action with immediate access to transit, dining, shopping, and entertainment. Skip it if you are looking for a quiet, residential atmosphere away from the bustle of a high-traffic urban hub."
485.1,Private room,5.0,4.0,2.0,1.0,1.0,1.0,False,1.0,1.0,2.0,"Choose this place if you want to be in the center of the action with immediate access to world-famous landmarks, endless dining, and superior transit connections. Skip it if you are a light sleeper or prefer a quiet, residential atmosphere away from the high-energy crowds and constant activity of a major tourist hub."
529.0,Private room,5.0,2.0,1.0,1.0,1.0,1.0,False,1.0,1.0,2.0,"Choose this place if you want to be in the heart of the action near Times Square, Washington Square Park, Top of the Rock, Rockefeller Center, and the Empire State Building with constant access to dining, shopping, and transit. Skip it if you are a light sleeper or prefer a quiet residential environment away from the high concentration of nightlife, hotels, and tourist crowds."
354.03,Private room,4.21,4.0,2.0,1.0,1.0,14.0,True,1.0,1.0,2.0,"Choose this place if you want to be in the center of the action with endless dining, shopping, and transit options right outside your door. Skip it if you are looking for a quiet, residential retreat away from the high-energy atmosphere of a dense, tourist-heavy district."
385.32,Entire home/apt,5.0,3.0,2.0,1.0,1.0,1.0,False,1.0,1.0,2.0,"Choose this place if you want to be in the heart of the action with immediate access to major landmarks like Times Square, Top of the Rock, Rockefeller Center, and Washington Square Park, along with endless dining and transit options. Skip it if you are looking for a quiet, residential atmosphere away from the intense crowds and constant nightlife activity."
369.0,Private room,4.74,2.0,1.0,1.0,1.0,390.0,True,1.0,1.0,2.0,"Choose this place if you want to be in the heart of the action with immediate access to transit, endless dining, shopping, and entertainment. Skip it if you are looking for a quiet, residential retreat away from the high-energy pace of a busy urban center."
401.5,Entire home/apt,4.88,4.0,2.0,1.0,1.0,16.0,True,1.0,1.0,2.0,"Choose this place if you want to be in the heart of the action with immediate access to world-class landmarks like Central Park and Summit One Vanderbilt, plus endless options for dining, shopping, and transit. Skip it if you are looking for a quiet, secluded retreat away from the high-energy atmosphere of a bustling, tourist-heavy neighborhood."
1025.0,Private room,5.0,4.0,2.0,1.0,1.0,1.0,True,1.0,1.0,2.0,"Choose this place if you want to be in the center of an exceptionally vibrant neighborhood with endless options for dining, shopping, and transit right outside your door. Skip it if you prefer a quiet, residential atmosphere and are sensitive to the noise and activity that come with such a dense concentration of nightlife and entertainment."
179.03,Entire home/apt,5.0,1.0,1.0,1.0,1.0,1.0,True,1.0,1.0,2.0,"Choose this place if you want to be in the center of the action with immediate access to transit, shopping, dining, and nightlife near Times Square and Washington Square Park. Skip it if you are looking for a quiet, residential atmosphere away from the high-energy crowds and constant activity of a major commercial hub."
588.0,Entire home/apt,4.0,2.0,1.0,1.0,1.0,5.0,False,1.0,1.0,2.0,"Choose this place if you want to be in the heart of the action with immediate access to major landmarks like Bryant Park, Empire State Building, Times Square, and Washington Square Park, along with endless dining, shopping, and transit options. Skip it if you are looking for a quiet, secluded retreat away from the high-energy atmosphere and constant activity of a major tourist and entertainment hub."
452.0,Private room,4.6,2.0,1.0,1.0,1.0,45.0,False,1.0,1.0,2.0,"Choose this place if you want to be in the heart of the action with immediate access to endless dining, shopping, transit, and major landmarks like Battery Park, Bryant Park, and Central Park. Skip it if you are looking for a quiet, secluded retreat away from the high-energy atmosphere of a bustling, tourist-heavy district."
778.24,Entire home/apt,4.0,4.0,2.0,2.0,1.0,1.0,False,2.0,1.0,3.0,"Choose this place if you want endless access to dining, nightlife, shopping, and cultural activities right outside your door. Skip it if you are looking for a quiet retreat with abundant green space."
588.49,Entire home/apt,4.55,10.0,8.0,3.0,1.5,71.0,False,3.0,1.5,4.5,"Choose this place if you want to be in the heart of the action with immediate access to endless dining, shopping, transit, and entertainment. Skip it if you are looking for a quiet, secluded retreat away from the high-energy pace of a bustling urban center."
352.0,Private room,4.43,2.0,1.0,1.0,1.0,7.0,False,1.0,1.0,2.0,"Choose this place if you want to be in the heart of the action with immediate access to endless dining, shopping, transit, and cultural attractions. Skip it if you are seeking a quiet, residential retreat away from the high energy and constant activity of a bustling urban center."
71.71,Private room,3.5,1.0,1.0,1.0,1.0,2.0,False,1.0,1.0,2.0,"Choose this place if you want immediate access to endless entertainment, fitness options, shopping, and transit. Skip it if you prefer a quiet, residential atmosphere away from the intensity of a high-traffic commercial hub."
2237.5,Entire home/apt,4.71,8.0,4.0,4.0,2.0,94.0,False,4.0,2.0,6.0,"Choose this place if you want immediate access to endless dining, shopping, transit, and entertainment options. Skip it if you prefer a quiet residential atmosphere away from the intensity of a high-traffic urban hub."
478.0,Private room,2.0,2.0,1.0,1.0,2.0,1.0,True,1.0,2.0,3.0,"Choose this place if you want to be in the center of the action with immediate access to endless dining, shopping, transit, and iconic sights like the Flatiron Building, Manhattan Bridge, and Madison Square Park. Skip it if you are looking for a quiet, secluded retreat away from the high-energy atmosphere of a bustling, tourist-heavy neighborhood."
225.0,Hotel room,5.0,2.0,1.0,1.0,1.0,4.0,False,1.0,1.0,2.0,"Choose this place if you want to be in the heart of the action with immediate access to transit, dining, shopping, and entertainment. Skip it if you are seeking a quiet, residential atmosphere or are sensitive to the high energy and constant activity of a busy commercial hub."
315.27,Entire home/apt,4.81,2.0,1.0,1.0,1.0,83.0,False,1.0,1.0,2.0,"Choose this place if you want to be in the heart of the action with endless dining, nightlife, and cultural attractions like the New Museum right at your doorstep. Skip it if you are looking for a quiet retreat with easy access to parks and green space."
276.57,Private room,4.0,3.0,1.0,1.0,1.0,1.0,False,1.0,1.0,2.0,"Choose this place if you want immediate access to endless dining, nightlife, shopping, and transit options. Skip it if you prefer a quiet, residential atmosphere away from the constant activity and high density of a major urban hub."
285.27,Entire home/apt,5.0,6.0,3.0,2.0,1.0,3.0,False,2.0,1.0,3.0,"Choose this place if you want to be in the center of the action with immediate access to shopping, dining, transit, and iconic sights like the Manhattan Bridge and Flatiron Building. Skip it if you are looking for a quiet, park-filled neighborhood or prefer to avoid the high energy of a busy, entertainment-heavy district."
124.0,Private room,4.5,2.0,2.0,1.0,1.0,20.0,False,1.0,1.0,2.0,"Choose this place if you want to be in the heart of the action near the Flatiron Building, Manhattan Bridge, and Madison Square Park with immediate access to endless dining, shopping, and entertainment. Skip it if you are seeking a quiet, residential atmosphere away from the high-energy nightlife and constant activity of a major tourist and commercial hub."
102.1,Private room,4.22,1.0,1.0,2.0,2.0,9.0,False,2.0,2.0,4.0,"Choose this place if you want immediate access to endless dining, nightlife, transit, and shopping options. Skip it if you are looking for a quiet, low-traffic neighborhood away from the constant activity of a busy urban center."
657.0,Private room,4.77,2.0,1.0,1.0,1.0,133.0,True,1.0,1.0,2.0,"Choose this place if you want immediate access to a dense concentration of dining, shopping, entertainment, and transit options. Skip it if you are looking for a quiet neighborhood with easy access to parks and green space."
199.13,Entire home/apt,4.7,4.0,2.0,2.0,1.0,20.0,False,2.0,1.0,3.0,"Choose this place if you want to be in the center of the action with endless dining, shopping, and transit options right outside your door. Skip it if you are looking for a quiet, residential retreat away from the high energy of constant nightlife and crowds."
650.0,Private room,5.0,3.0,2.0,1.0,1.0,1.0,False,1.0,1.0,2.0,"Choose this place if you want to be in the heart of the action with immediate access to world-class dining, nightlife, transit, and iconic landmarks like Times Square and the Empire State Building. Skip it if you are a light sleeper or prefer a quiet, residential atmosphere away from the intense energy and crowds of a major tourist hub."
678.0,Entire home/apt,4.96,6.0,3.0,3.0,1.0,197.0,True,3.0,1.0,4.0,"Choose this place if you want to be in the center of the action with endless dining, shopping, and entertainment options right outside your door. Skip it if you are looking for a quiet, residential retreat away from the high-energy pace of a bustling urban hub."
247.0,Private room,4.52,2.0,1.0,1.0,1.0,21.0,False,1.0,1.0,2.0,"Choose this place if you want immediate access to endless dining, shopping, fitness, and entertainment options in a highly active, well-connected area. Skip it if you prefer a quiet residential environment or require easy access to parks and green space."
266.0,Private room,4.4,2.0,1.0,1.0,1.0,15.0,False,1.0,1.0,2.0,"Choose this place if you want immediate access to endless dining, shopping, fitness, and entertainment options in a high-energy, transit-connected neighborhood. Skip it if you are looking for quiet green space or a peaceful residential environment away from the bustle of nightlife and crowds."
790.0,Entire home/apt,4.86,2.0,1.0,1.0,1.0,57.0,True,1.0,1.0,2.0,"Choose this place if you want to be in the heart of the action with immediate access to dining, nightlife, entertainment, and transit near Washington Square Park and Times Square. Skip it if you are a light sleeper or prefer a quiet, residential atmosphere away from the constant activity of a high-density commercial hub."
243.6,Entire home/apt,4.23,6.0,3.0,3.0,1.0,13.0,False,3.0,1.0,4.0,"Choose this place if you want to be in the heart of the action with immediate access to endless dining, shopping, transit, and cultural attractions. Skip it if you are seeking a quiet, residential retreat away from the high energy and constant activity of a bustling urban hub."
84.89,Private room,4.81,2.0,1.0,1.0,1.0,16.0,False,1.0,1.0,2.0,"Choose this place if you want immediate access to endless dining, shopping, transit, and entertainment options. Skip it if you prefer a quiet, residential environment away from the high-energy pace of a busy commercial hub."
272.0,Private room,4.61,2.0,1.0,1.0,1.0,921.0,False,1.0,1.0,2.0,"Choose this place if you want to be in the heart of the action with immediate access to Times Square, the Empire State Building, Washington Square Park, and Bryant Park. Skip it if you prefer a quiet residential atmosphere and want to avoid the high density of tourists, nightlife, and bustling crowds."
855.0,Entire home/apt,4.95,8.0,6.0,4.0,2.0,174.0,True,4.0,2.0,6.0,"Choose this place if you want to be in the center of the action with endless dining, shopping, and transit options right outside your door. Skip it if you are looking for a quiet, residential retreat away from high-energy nightlife and constant activity."
159.5,Entire home/apt,4.75,4.0,2.0,1.0,1.0,61.0,False,1.0,1.0,2.0,"Choose this place if you want to be in the center of the action with endless dining, shopping, and transit options right outside your door. Skip it if you are looking for a quiet, residential retreat away from high-energy crowds and constant activity."
922.0,Private room,4.85,4.0,2.0,1.0,1.0,121.0,True,1.0,1.0,2.0,"Choose this place if you want to be in the heart of the action with endless dining, shopping, and transit options right outside your door. Skip it if you are looking for a quiet, residential retreat away from the high energy and constant activity of a bustling urban center."
270.0,Private room,4.83,2.0,2.0,1.0,1.0,6.0,False,1.0,1.0,2.0,"Choose this place if you want to be in the heart of the action with endless dining, shopping, and iconic sights like the Manhattan Bridge and Flatiron Building right at your doorstep. Skip it if you are looking for a quiet, secluded retreat away from the high energy and constant activity of a bustling urban center."
134.27,Entire home/apt,5.0,2.0,1.0,1.0,1.0,3.0,True,1.0,1.0,2.0,"Choose this place if you want immediate access to endless dining, shopping, transit, and entertainment options. Skip it if you prefer a quiet residential atmosphere away from the constant activity of a high-traffic urban hub."
368.0,Entire home/apt,5.0,8.0,4.0,1.0,1.0,10.0,False,1.0,1.0,2.0,"Choose this place if you want to be in the heart of the action with immediate access to endless dining, shopping, transit, and entertainment. Skip it if you are looking for a quiet, residential retreat away from the high-energy pace of a bustling urban center."
688.67,Entire home/apt,4.78,5.0,3.0,2.0,1.0,50.0,True,2.0,1.0,3.0,"Choose this place if you want to be in the center of constant activity with endless options for dining, shopping, and entertainment right outside your door. Skip it if you are looking for a quiet, residential atmosphere away from the high-energy pace of a busy urban hub."
226.0,Hotel room,4.29,4.0,2.0,1.0,1.0,7.0,False,1.0,1.0,2.0,"Choose this place if you want immediate access to endless dining, shopping, fitness, and transit options. Skip it if you prefer a quiet residential atmosphere away from high-energy urban activity."
342.93,Entire home/apt,4.0,6.0,3.0,3.0,1.0,1.0,False,3.0,1.0,4.0,"Choose this place if you want to be in the center of the action with endless dining, shopping, and entertainment options right outside your door. Skip it if you are looking for a quiet, residential retreat away from the high energy and constant activity of a bustling urban hub."
1307.0,Entire home/apt,4.81,3.0,2.0,1.0,1.0,279.0,False,1.0,1.0,2.0,"Choose this place if you want to be in the center of the action with endless dining, shopping, and entertainment options right outside your door. Skip it if you are looking for a quiet, residential retreat away from the high-energy, bustling atmosphere of a dense commercial hub."
146.2,Entire home/apt,5.0,2.0,1.0,1.0,1.0,9.0,False,1.0,1.0,2.0,"Choose this place if you want to be in the center of constant activity with endless options for dining, fitness, and transit right outside your door. Skip it if you are looking for a quiet, residential atmosphere or prefer to avoid the high energy and crowds that come with such a dense concentration of nightlife and entertainment."
384.0,Private room,3.86,4.0,2.0,1.0,1.0,21.0,False,1.0,1.0,2.0,"Choose this place if you want immediate access to endless dining, nightlife, shopping, and transit options. Skip it if you are looking for a quiet retreat with abundant parks and green space."
194.0,Private room,4.25,4.0,2.0,1.0,1.0,12.0,False,1.0,1.0,2.0,"Choose this place if you want immediate access to endless dining, nightlife, shopping, and transit options. Skip it if you are looking for a quiet retreat with plenty of parks and green space."
133.52,Entire home/apt,5.0,4.0,4.0,1.0,1.0,4.0,True,1.0,1.0,2.0,"Choose this place if you want to be in the center of the action with endless dining, shopping, and cultural attractions like the New Museum right at your doorstep. Skip it if you are looking for a quiet, secluded retreat away from the high energy and constant activity of a bustling urban hub."
418.0,Private room,4.91,2.0,1.0,1.0,1.0,128.0,True,1.0,1.0,2.0,"Choose this place if you want to be in the heart of the action with immediate access to dining, nightlife, culture, and transit near the New Museum. Skip it if you are looking for a quiet, low-traffic neighborhood or prefer to avoid the constant activity of a high-energy urban center."
811.0,Entire home/apt,4.53,4.0,2.0,1.0,1.0,59.0,False,1.0,1.0,2.0,"Choose this place if you want to be in the heart of the action with endless dining, shopping, and entertainment options right outside your door. Skip it if you are looking for a quiet, residential retreat away from the high-energy pace of a busy city hub."
221.0,Private room,4.88,2.0,1.0,1.0,1.0,1262.0,True,1.0,1.0,2.0,"Choose this place if you want to be in the center of the action with constant access to dining, nightlife, transit, and the New Museum. Skip it if you are a light sleeper or prefer a quiet residential environment away from high-density entertainment and crowds."
446.17,Entire home/apt,4.95,2.0,1.0,1.0,1.0,20.0,False,1.0,1.0,2.0,"Choose this place if you want immediate access to a dense variety of dining, shopping, entertainment, and transit options. Skip it if you are looking for a quiet, residential atmosphere away from the high-energy pace of a bustling commercial hub."
180.7,Entire home/apt,4.25,4.0,4.0,2.0,1.0,16.0,False,2.0,1.0,3.0,"Choose this place if you want to be in the center of the action with immediate access to dining, nightlife, entertainment, and landmarks like Battery Park. Skip it if you are looking for a quiet, residential retreat away from the high-energy atmosphere of a dense, tourist-heavy commercial hub."
551.0,Private room,4.36,2.0,1.0,1.0,1.0,50.0,False,1.0,1.0,2.0,"Choose this place if you want to be in the heart of a highly active neighborhood with endless options for dining, shopping, fitness, and entertainment right outside your door. Skip it if you are looking for a quiet, low-key residential retreat away from the constant energy and crowds of a bustling urban center."
319.53,Entire home/apt,4.76,2.0,1.0,1.0,1.0,71.0,False,1.0,1.0,2.0,"Choose this place if you want to be in the center of the action with endless dining, nightlife, and cultural options like the New Museum right at your doorstep. Skip it if you are a light sleeper or prefer a quiet, residential atmosphere away from the constant energy of a high-traffic commercial hub."
439.0,Private room,4.6,2.0,1.0,1.0,1.0,5.0,True,1.0,1.0,2.0,"Choose this place if you want to be in the center of constant activity with endless options for dining, fitness, and entertainment right outside your door. Skip it if you are looking for a quiet, residential retreat away from the noise and crowds of a high-traffic urban hub."
406.01,Entire home/apt,4.84,4.0,2.0,2.0,1.0,200.0,False,2.0,1.0,3.0,"Choose this place if you want to be in the heart of the action with immediate access to dining, nightlife, culture like the New Museum, and transit. Skip it if you are a light sleeper or prefer a quiet residential environment away from high-density activity."
285.77,Entire home/apt,5.0,2.0,1.0,1.0,1.0,2.0,False,1.0,1.0,2.0,"Choose this place if you want immediate access to endless dining, shopping, transit, and cultural activities right outside your door. Skip it if you are looking for a quiet, residential atmosphere away from the high-energy bustle of a major commercial hub."
455.0,Private room,5.0,2.0,3.0,1.0,1.0,3.0,False,1.0,1.0,2.0,"Choose this place if you want to be in the heart of the action with endless dining, shopping, and transit options right outside your door. Skip it if you are looking for a quiet, residential retreat away from the noise of nightlife and high-traffic tourist areas near the New Museum."
454.78,Entire home/apt,4.33,6.0,3.0,3.0,1.0,3.0,False,3.0,1.0,4.0,"Choose this place if you want to be in the heart of the action with immediate access to endless dining, shopping, transit, and entertainment. Skip it if you are looking for a quiet, residential retreat away from the high-energy pace of a busy city center."
454.78,Entire home/apt,5.0,6.0,3.0,3.0,1.0,1.0,False,3.0,1.0,4.0,"Choose this place if you want to be in the center of the action with immediate access to transit, shopping, dining, and nightlife. Skip it if you are looking for a quiet, residential atmosphere away from the crowds and constant activity."
426.83,Entire home/apt,4.52,6.0,1.0,1.0,1.0,73.0,False,1.0,1.0,2.0,"Choose this place if you want to be in the heart of the action with immediate access to dining, nightlife, transit, and the New Museum. Skip it if you prefer a quiet, residential atmosphere away from the bustle of a high-traffic urban hub."
149.07,Entire home/apt,4.67,2.0,1.0,1.0,1.0,15.0,False,1.0,1.0,2.0,"Choose this place if you want to be in the heart of the action with immediate access to dining, transit, and the New Museum. Skip it if you are a light sleeper or prefer a quiet, residential atmosphere away from the city's nightlife and crowds."
342.4,Entire home/apt,4.73,2.0,1.0,1.0,1.0,74.0,False,1.0,1.0,2.0,"Choose this place if you want to be in the heart of the action with immediate access to dining, transit, and cultural landmarks like the New Museum. Skip it if you are a light sleeper or prefer a quiet residential environment away from the constant activity of nightlife and entertainment venues."
319.6,Entire home/apt,4.66,2.0,1.0,1.0,1.0,56.0,False,1.0,1.0,2.0,"Choose this place if you want to be in the center of the action with immediate access to dining, nightlife, culture, and transit. Skip it if you are a light sleeper or prefer a quiet, residential atmosphere away from the bustle of constant entertainment and activity."
325.0,Private room,4.46,2.0,1.0,1.0,1.0,61.0,False,1.0,1.0,2.0,"Choose this place if you want to be in the heart of the action with endless dining, shopping, and transit options right outside your door. Skip it if you are looking for a quiet, secluded retreat away from the high energy of nightlife and crowds."
405.0,Private room,5.0,2.0,3.0,1.0,1.0,3.0,False,1.0,1.0,2.0,"Choose this place if you want to be in the heart of the action with endless dining, shopping, and transit options right outside your door. Skip it if you are a light sleeper or prefer a quiet, residential neighborhood away from the constant activity and nightlife."
255.0,Private room,4.72,2.0,1.0,1.0,1.0,116.0,False,1.0,1.0,2.0,"Choose this place if you want to be in the heart of the action with endless dining, shopping, and transit options right outside your door. Skip it if you are looking for a quiet, secluded retreat away from the high-energy atmosphere and constant activity surrounding the New Museum."
405.0,Private room,5.0,2.0,2.0,1.0,1.0,1.0,False,1.0,1.0,2.0,"Choose this place if you want to be in the heart of the action with endless dining, shopping, and transit options right outside your door. Skip it if you are looking for a quiet, secluded retreat away from the high energy of a bustling, nightlife-heavy neighborhood."
225.0,Private room,4.64,2.0,1.0,1.0,1.0,45.0,False,1.0,1.0,2.0,"Choose this place if you want to be in the heart of the action with endless dining, shopping, and transit options right outside your door. Skip it if you are looking for a quiet, secluded retreat away from the high-energy atmosphere and constant activity surrounding the New Museum."
252.0,Private room,4.9,2.0,1.0,1.0,1.0,224.0,True,1.0,1.0,2.0,"Choose this place if you want to be in the heart of the action with immediate access to dining, transit, and culture like the New Museum. Skip it if you are a light sleeper or prefer a quiet, residential atmosphere away from the constant activity of nightlife and entertainment venues."
470.42,Entire home/apt,4.92,4.0,2.0,2.0,2.0,24.0,False,2.0,2.0,4.0,"Choose this place if you want to be in the center of the action with endless dining, nightlife, and cultural options like the New Museum right outside your door. Skip it if you are looking for a quiet, residential atmosphere or prefer to avoid the constant activity and crowds associated with a high-density entertainment district."
199.11,Entire home/apt,1.0,2.0,4.0,1.0,1.0,1.0,False,1.0,1.0,2.0,"Choose this place if you want to be in the center of the action with endless dining, nightlife, and cultural attractions right at your doorstep. Skip it if you are looking for a quiet, secluded retreat away from the high-energy pace of a busy urban hub."
161.8,Entire home/apt,4.5,4.0,2.0,1.0,1.0,16.0,False,1.0,1.0,2.0,"Choose this place if you want to be in the heart of the action near the New Museum with immediate access to transit, dining, and endless entertainment. Skip it if you are a light sleeper or prefer a quiet, residential atmosphere away from the constant activity of bars and nightlife."
230.8,Entire home/apt,5.0,2.0,1.0,1.0,1.0,5.0,True,1.0,1.0,2.0,"Choose this place if you want to be in the heart of a vibrant, high-energy neighborhood with immediate access to New Museum, endless dining, nightlife, and convenient transit. Skip it if you are looking for a quiet, secluded retreat away from the constant activity and bustle of a densely packed urban center."
227.27,Entire home/apt,5.0,2.0,1.0,1.0,1.0,7.0,True,1.0,1.0,2.0,"Choose this place if you want to be in the center of the action with immediate access to dining, nightlife, transit, and the New Museum. Skip it if you are looking for a quiet, secluded retreat away from the high-energy atmosphere of a bustling, amenity-rich neighborhood."
256.8,Entire home/apt,4.78,2.0,1.0,1.0,1.0,68.0,False,1.0,1.0,2.0,"Choose this place if you want to be in the center of the action with endless dining, shopping, and transit options right outside your door. Skip it if you are a light sleeper or prefer a quiet, residential neighborhood away from the constant activity of nightlife and entertainment venues."
199.13,Entire home/apt,4.78,2.0,1.0,1.0,1.0,9.0,False,1.0,1.0,2.0,"Choose this place if you want to be in the center of the action with endless dining, shopping, and transit options right at your doorstep. Skip it if you are looking for a quiet, residential retreat away from the high energy and constant activity of a bustling urban hub."
155.03,Entire home/apt,5.0,3.0,2.0,1.0,1.0,1.0,False,1.0,1.0,2.0,"Choose this place if you want immediate access to endless dining, nightlife, transit, and cultural attractions like the New Museum. Skip it if you prefer a quiet, low-energy environment or are sensitive to the noise and activity typical of a highly commercialized, bustling neighborhood."
272.13,Entire home/apt,4.72,5.0,3.0,2.0,1.0,65.0,False,2.0,1.0,3.0,"Choose this place if you want to be in the center of the action with endless options for dining, entertainment, and daily errands right outside your door. Skip it if you are looking for a quiet, low-traffic neighborhood away from the constant activity of a bustling urban hub."
400.67,Private room,4.75,6.0,3.0,3.0,1.0,8.0,False,3.0,1.0,4.0,"Choose this place if you want to be in the center of the action with endless dining, shopping, and entertainment options right outside your door. Skip it if you are looking for a quiet, residential retreat away from the high-energy atmosphere of a bustling, amenity-rich neighborhood."
148.0,Private room,4.69,5.0,1.0,1.0,1.0,45.0,False,1.0,1.0,2.0,"Choose this place if you want to be in the heart of a highly active, amenity-rich neighborhood with constant access to dining, nightlife, and culture. Skip it if you are looking for a quiet, residential retreat away from the bustle of a dense commercial hub."
109.51,Private room,4.67,3.0,2.0,1.0,1.0,3.0,False,1.0,1.0,2.0,"Choose this place if you want to be in the heart of the action with immediate access to every convenience, cultural attraction, and nightlife option. Skip it if you are a light sleeper or prefer a quiet, residential atmosphere away from the constant activity of a bustling neighborhood."
708.0,Entire home/apt,4.99,2.0,1.0,1.0,1.0,119.0,False,1.0,1.0,2.0,"Choose this place if you want to be in the heart of the action with immediate access to world-class culture, transit, and endless dining and entertainment options. Skip it if you are looking for a quiet, secluded retreat away from the high energy and constant activity of a major tourist and nightlife hub."
257.63,Entire home/apt,4.44,6.0,3.0,3.0,1.0,9.0,False,3.0,1.0,4.0,"Choose this place if you want to be in the center of the action with immediate access to dining, nightlife, transit, and the New Museum. Skip it if you are a light sleeper or prefer a quiet residential neighborhood away from constant activity."
663.65,Private room,5.0,4.0,2.0,1.0,1.0,20.0,True,1.0,1.0,2.0,"Choose this place if you want to be in the heart of the action with endless dining, entertainment, and fitness options right outside your door. Skip it if you prefer a quiet residential atmosphere or need a pharmacy within easy reach."
113.76,Private room,4.5,4.0,2.0,1.0,1.0,2.0,False,1.0,1.0,2.0,"Choose this place if you want to be in the heart of the action with immediate access to every convenience, cultural attraction, and nightlife option. Skip it if you are a light sleeper or prefer a quiet, residential neighborhood away from high-energy crowds."
571.0,Entire home/apt,4.28,6.0,3.0,3.0,1.0,58.0,False,3.0,1.0,4.0,"Choose this place if you want immediate access to endless dining, nightlife, transit, and daily conveniences right outside your door. Skip it if you are a light sleeper or prefer a quiet, residential atmosphere away from constant activity."
599.0,Entire home/apt,4.5,13.0,5.0,2.0,1.0,8.0,False,2.0,1.0,3.0,"Choose this place if you want to be in the heart of the action with immediate access to Washington Square Park and Times Square, endless dining and nightlife options, and excellent transit connections. Skip it if you are a light sleeper or prefer a quiet, residential neighborhood away from the constant energy of a high-traffic tourist and entertainment hub."
322.67,Entire home/apt,3.5,4.0,2.0,2.0,1.0,2.0,False,2.0,1.0,3.0,"Choose this place if you want to be in the heart of the action with endless dining, nightlife, and cultural attractions like Washington Square Park right outside your door. Skip it if you are a light sleeper or prefer a quiet, residential neighborhood away from the constant energy of a high-traffic urban hub."
193.97,Entire home/apt,4.25,4.0,2.0,2.0,1.0,4.0,False,2.0,1.0,3.0,"Choose this place if you want to be in the center of the action with immediate access to major landmarks like Summit One Vanderbilt, One Vanderbilt, Battery Park, Grand Central Terminal, and Central Park, as well as endless dining, nightlife, and transit options. Skip it if you are looking for a quiet, secluded residential retreat away from the high-energy atmosphere of a bustling, tourist-heavy urban hub."
214.9,Entire home/apt,4.81,2.0,1.0,2.0,1.0,16.0,False,2.0,1.0,3.0,"Choose this place if you want to be at the center of the action with immediate access to endless dining, nightlife, culture, and transit near Washington Square Park. Skip it if you are looking for a quiet, low-traffic neighborhood or prefer to avoid the constant activity and crowds that come with such a highly amenitized area."
60.1,Private room,5.0,1.0,2.0,2.0,1.0,1.0,False,2.0,1.0,3.0,"Choose this place if you want to be in the heart of the city's vibrant nightlife, dining, and cultural scene near the New Museum. Skip it if you are a light sleeper or prefer a quiet residential environment away from high-traffic entertainment areas."
289.35,Private room,3.68,2.0,1.0,1.0,1.0,31.0,False,1.0,1.0,2.0,"Choose this place if you want to be in the heart of the action with immediate access to Washington Square Park and Times Square, endless dining and nightlife options, and excellent transit connections. Skip it if you are a light sleeper or prefer a quiet, residential atmosphere away from the constant activity of a high-density tourist and entertainment hub."
783.37,Entire home/apt,4.94,8.0,3.0,3.0,1.0,64.0,True,3.0,1.0,4.0,"Choose this place if you want to be in the center of the action with immediate access to endless dining, nightlife, culture, and convenient daily amenities. Skip it if you are looking for a quiet, secluded retreat away from the high-energy atmosphere of a bustling urban hub."
161.92,Entire home/apt,4.7,3.0,2.0,1.0,1.0,218.0,True,1.0,1.0,2.0,"Choose this place if you want to be in the heart of the action with immediate access to endless dining, nightlife, culture, and transit near the New Museum. Skip it if you are a light sleeper or prefer a quiet, residential neighborhood away from constant activity."
245.8,Entire home/apt,5.0,3.0,2.0,1.0,2.0,2.0,False,1.0,2.0,3.0,"Choose this place if you want immediate access to endless dining, nightlife, transit, and daily conveniences right outside your door. Skip it if you are looking for a quiet, residential atmosphere away from the high-energy bustle of a major urban hub."
336.65,Entire home/apt,4.98,3.0,1.0,1.0,1.5,47.0,False,1.0,1.5,2.5,"Choose this place if you want to be in the heart of the action with immediate access to transit, dining, nightlife, and landmarks like Washington Square Park, Times Square, and the Empire State Building. Skip it if you are a light sleeper or prefer a quiet residential atmosphere away from high-density crowds and constant activity."
1825.0,Private room,5.0,4.0,2.0,1.0,1.0,15.0,True,1.0,1.0,2.0,"Choose this place if you are a sightseer who wants to be in the heart of the action with immediate access to Central Park, Museum of Modern Art, Rockefeller Center, and Top of the Rock. Skip it if you are looking for a quiet, residential retreat away from the high concentration of nightlife, dining, and tourist crowds."
695.0,Private room,4.97,4.0,2.0,1.0,1.0,110.0,True,1.0,1.0,2.0,"Choose this place if you want to be in the heart of the action with immediate access to transit, dining, and endless entertainment options. Skip it if you are looking for a quiet, residential retreat away from the high energy and constant activity of a bustling urban center."
215.47,Entire home/apt,4.77,2.0,1.0,1.0,1.0,166.0,True,1.0,1.0,2.0,"Choose this place if you want to be in the center of the action with endless dining, nightlife, shopping, and cultural attractions right outside your door. Skip it if you are looking for a quiet, low-traffic neighborhood or prefer a residential atmosphere away from the constant energy of a busy commercial hub."
119.5,Entire home/apt,5.0,2.0,2.0,1.0,1.0,2.0,False,1.0,1.0,2.0,"Choose this place if you want to be in the heart of the action with immediate access to dining, transit, and Washington Square Park. Skip it if you are a light sleeper or prefer a quiet residential environment away from the intensity of constant nightlife and crowds."
287.0,Private room,4.84,2.0,1.0,1.0,1.0,104.0,True,1.0,1.0,2.0,"Choose this place if you want to be in the heart of the action with immediate access to New Museum, Riverside Park, and an endless variety of dining, nightlife, and transit. Skip it if you are a light sleeper or prefer a quiet, low-traffic neighborhood away from the constant energy of a major cultural and entertainment hub."
372.12,Entire home/apt,4.6,2.0,1.0,1.0,1.0,48.0,True,1.0,1.0,2.0,"Choose this place if you want to be in the center of the action with immediate access to Washington Square Park, endless dining, nightlife, and transit options. Skip it if you are a light sleeper or prefer a quiet, residential atmosphere away from the constant activity of a high-energy neighborhood."
388.43,Entire home/apt,5.0,2.0,2.0,2.0,1.0,1.0,False,2.0,1.0,3.0,"Choose this place if you want to be in the heart of the action with endless options for dining, nightlife, and culture right outside your door. Skip it if you are a light sleeper or prefer a quiet, residential neighborhood away from the constant activity and crowds."
969.0,Hotel room,5.0,2.0,1.0,1.0,1.0,1.0,False,1.0,1.0,2.0,"Choose this place if you want to be in the heart of the action with immediate access to Museum of Modern Art, Central Park, Top of the Rock, and Rockefeller Center, as well as an abundance of dining, transit, and entertainment options. Skip it if you prefer a quiet, residential neighborhood away from the high density of tourists, nightlife, and constant city activity."
210.18,Private room,4.37,4.0,2.0,1.0,1.0,19.0,True,1.0,1.0,2.0,"Choose this place if you want immediate access to endless dining, nightlife, shopping, and transit options. Skip it if you are looking for a quiet, residential atmosphere away from the constant activity and crowds of a high-energy urban hub."
173.48,Private room,4.49,4.0,2.0,1.0,1.0,108.0,False,1.0,1.0,2.0,"Choose this place if you want immediate access to endless dining, nightlife, and transit options in a highly active, convenient neighborhood. Skip it if you are looking for a quiet, residential retreat away from the constant energy of a busy urban hub."
206.0,Private room,4.54,2.0,1.0,1.0,1.0,337.0,False,1.0,1.0,2.0,"Choose this place if you want to be in the heart of the action with immediate access to endless dining, nightlife, shopping, and transit. Skip it if you are looking for a quiet, secluded retreat away from the high-energy atmosphere of a bustling urban hub."
265.02,Entire home/apt,4.61,2.0,1.0,1.0,1.0,18.0,False,1.0,1.0,2.0,"Choose this place if you want to be in the heart of the action with immediate access to Central Park, the American Museum of Natural History, and endless dining, shopping, and transit options. Skip it if you are looking for a quiet, secluded neighborhood away from the high-energy atmosphere of a major tourist and entertainment hub."
173.0,Private room,4.37,2.0,1.0,1.0,1.0,283.0,False,1.0,1.0,2.0,"Choose this place if you want to be in the center of the action with immediate access to New Museum, Riverside Park, and an abundance of dining, nightlife, and transit. Skip it if you prefer a quiet, low-key residential environment away from the high density of shops, entertainment, and tourists."
541.31,Entire home/apt,5.0,2.0,1.0,1.0,1.0,13.0,True,1.0,1.0,2.0,"Choose this place if you want to be in the center of the action with immediate access to Washington Square Park, endless dining, nightlife, and transit. Skip it if you are a light sleeper or prefer a quiet, residential atmosphere away from the constant energy of a high-traffic entertainment hub."
230.5,Entire home/apt,5.0,2.0,2.0,2.0,1.0,12.0,True,2.0,1.0,3.0,"Choose this place if you want to be in the center of the action with constant access to dining, shopping, transit, and entertainment. Skip it if you are looking for a quiet, secluded retreat away from the high-energy pace of a busy urban hub."
206.95,Entire home/apt,4.53,3.0,2.0,1.0,1.0,74.0,False,1.0,1.0,2.0,"Choose this place if you want to be in the heart of the action with immediate access to dining, nightlife, transit, and Washington Square Park. Skip it if you are a light sleeper or prefer a quiet residential environment away from the constant activity of a high-density neighborhood."
177.71,Entire home/apt,5.0,2.0,1.0,1.0,1.0,5.0,False,1.0,1.0,2.0,"Choose this place if you want to be in the heart of the action with immediate access to Museum of Modern Art, Top of the Rock, Rockefeller Center, and Central Park along with endless dining and entertainment options. Skip it if you are looking for a quiet, residential atmosphere or a neighborhood that is not heavily frequented by tourists and nightlife crowds."
224.03,Entire home/apt,4.75,2.0,1.0,1.0,1.0,4.0,False,1.0,1.0,2.0,"Choose this place if you want to be in the heart of the action with immediate access to culture, dining, nightlife, and transit. Skip it if you prefer a neighborhood with high-density pharmacy access or need a quiet environment away from a bustling, high-traffic area."
1224.78,Entire home/apt,4.89,10.0,4.0,4.0,3.0,9.0,True,4.0,3.0,7.0,"Choose this place if you want to be in the heart of the action with endless dining, entertainment, and easy transit access near Washington Square Park. Skip it if you are a light sleeper or prefer a quiet residential neighborhood away from the constant energy of nightlife and crowds."
5706.0,Private room,5.0,6.0,2.0,2.0,3.0,1.0,False,2.0,3.0,5.0,"Choose this place if you want to be in the heart of the action with immediate access to Central Park, the Museum of Modern Art, and an endless variety of dining, shopping, and transit options. Skip it if you are looking for a quiet, residential neighborhood away from the high-energy crowds and constant activity of a major tourist and entertainment hub."
896.0,Private room,5.0,2.0,1.0,1.0,1.0,29.0,False,1.0,1.0,2.0,"Choose this place if you want to be in the heart of the action with immediate access to Museum of Modern Art, Central Park, and endless dining, transit, and cultural options. Skip it if you are looking for a quiet, secluded retreat away from the high-energy, bustling atmosphere of a major tourist and commercial hub."
836.15,Entire home/apt,5.0,4.0,2.0,2.0,2.0,3.0,True,2.0,2.0,4.0,"Choose this place if you want to be in the heart of the action with endless dining, nightlife, and cultural landmarks like Washington Square Park right at your doorstep. Skip it if you are a light sleeper or prefer a quiet residential atmosphere away from the constant energy of a high-traffic entertainment hub."
204.88,Entire home/apt,4.38,2.0,1.0,1.0,1.0,326.0,False,1.0,1.0,2.0,"Choose this place if you want to be in the heart of a highly active, amenity-rich neighborhood with endless options for dining, entertainment, and fitness right outside your door. Skip it if you prefer a quiet, low-key residential atmosphere and are looking to avoid the noise and crowds that come with a high-energy, bustling area."
248.32,Entire home/apt,5.0,2.0,1.0,1.0,1.0,2.0,False,1.0,1.0,2.0,"Choose this place if you want to be in the heart of the action with immediate access to dining, nightlife, entertainment, and cultural attractions. Skip it if you are looking for a quiet, low-energy retreat away from the constant activity and bustle of a high-traffic urban center."
846.37,Entire home/apt,4.66,6.0,3.0,3.0,1.0,68.0,True,3.0,1.0,4.0,"Choose this place if you want to be in the heart of the city's most vibrant dining, nightlife, and cultural scene with Washington Square Park nearby. Skip it if you are a light sleeper or prefer a quiet residential environment away from high-traffic entertainment areas."
802.25,Entire home/apt,4.45,7.0,3.0,3.0,2.0,44.0,True,3.0,2.0,5.0,"Choose this place if you want to be in the center of the action with endless dining, nightlife, and transit access right outside your door. Skip it if you are a light sleeper or prefer a quiet residential atmosphere away from the crowds and constant activity."
1825.0,Private room,5.0,4.0,2.0,1.0,1.0,41.0,True,1.0,1.0,2.0,"Choose this place if you are a sightseer who wants to be within walking distance of Central Park and the Museum of Modern Art while having immediate access to extensive dining, shopping, and transit options. Skip it if you are looking for a quiet, secluded retreat away from the high-energy atmosphere of a bustling, tourist-heavy neighborhood."
327.12,Entire home/apt,4.6,2.0,1.0,1.0,1.0,20.0,False,1.0,1.0,2.0,"Choose this place if you want to be in the heart of the action with immediate access to Washington Square Park, Times Square, and endless dining, nightlife, and transit options. Skip it if you are a light sleeper or prefer a quiet, residential atmosphere away from the constant energy of a high-traffic urban hub."
236.27,Entire home/apt,3.0,3.0,2.0,2.0,1.5,2.0,False,2.0,1.5,3.5,"Choose this place if you want to be in the center of the action with endless dining, nightlife, and cultural amenities right outside your door. Skip it if you are a light sleeper or prefer a quiet residential atmosphere away from constant activity."
344.0,Entire home/apt,4.57,3.0,2.0,2.0,1.0,74.0,False,2.0,1.0,3.0,"Choose this place if you want immediate access to endless dining, nightlife, transit, and daily conveniences right outside your door. Skip it if you are looking for a quiet, residential retreat away from the high-energy bustle of a dense urban center."
238.2,Entire home/apt,4.8,4.0,1.0,1.0,1.0,36.0,False,1.0,1.0,2.0,"Choose this place if you want to be in the heart of the action with immediate access to dining, nightlife, transit, and cultural landmarks like the New Museum and Riverside Park. Skip it if you are a light sleeper or prefer a quiet, residential neighborhood away from high-energy crowds and constant activity."
202.11,Entire home/apt,4.5,2.0,1.0,1.0,1.0,4.0,False,1.0,1.0,2.0,"Choose this place if you want to be in the center of the action with endless dining, nightlife, and cultural amenities right outside your door. Skip it if you are a light sleeper or prefer a quiet residential atmosphere away from the constant energy of a high-traffic neighborhood near Tompkins Square Park."
203.73,Entire home/apt,4.45,3.0,3.0,3.0,1.0,11.0,True,3.0,1.0,4.0,"Choose this place if you want to be in the heart of the action with immediate access to transit, endless dining, nightlife, and cultural landmarks like Washington Square Park. Skip it if you are looking for a quiet, secluded retreat away from the crowds and high-energy atmosphere of a major urban hub."
1597.0,Private room,4.0,4.0,2.0,1.0,2.0,1.0,False,1.0,2.0,3.0,"Choose this place if you want to be in the heart of the action near Central Park and Museum of Modern Art with immediate access to dining, transit, and cultural sights. Skip it if you are looking for a quiet, residential neighborhood away from the high concentration of hotels, nightlife, and tourist-heavy activity."
297.42,Entire home/apt,4.0,4.0,2.0,2.0,2.0,4.0,False,2.0,2.0,4.0,"Choose this place if you want to be in the center of the action with endless dining, nightlife, and transit options right at your doorstep. Skip it if you are a light sleeper or prefer a quiet, residential neighborhood away from the constant activity and crowds."
451.71,Entire home/apt,4.55,4.0,2.0,2.0,1.0,55.0,False,2.0,1.0,3.0,"Choose this place if you want to be in the heart of the action with immediate access to dining, shopping, transit, and major landmarks like the American Museum of Natural History and Central Park. Skip it if you are looking for a quiet, low-key neighborhood experience away from the constant activity of nightlife and entertainment venues."
199.27,Entire home/apt,4.9,4.0,2.0,2.0,1.0,10.0,False,2.0,1.0,3.0,"Choose this place if you want to be in the center of the action with immediate access to transit, dining, nightlife, and landmarks like Washington Square Park and Times Square. Skip it if you are a light sleeper or prefer a quiet, residential neighborhood away from high-traffic tourist and entertainment hubs."
176.99,Private room,4.92,2.0,1.0,1.0,1.0,61.0,False,1.0,1.0,2.0,"Choose this place if you want immediate access to an abundance of dining, nightlife, shopping, and cultural amenities right outside your door. Skip it if you are a light sleeper or prefer a quiet residential environment away from high-energy entertainment and activity."
276.93,Entire home/apt,4.0,3.0,3.0,2.0,1.0,2.0,False,2.0,1.0,3.0,"Choose this place if you want to be in the heart of the action with immediate access to endless dining, nightlife, shopping, and transit. Skip it if you are looking for a quiet, secluded retreat away from the high-energy pace of a bustling urban center."
870.72,Entire home/apt,4.81,4.0,2.0,2.0,2.0,54.0,True,2.0,2.0,4.0,"Choose this place if you want to be at the center of everything, including major landmarks like Summit One Vanderbilt, One Vanderbilt, Grand Central Terminal, Battery Park, the Chrysler Building, and Central Park, with unparalleled access to transit, dining, and daily conveniences. Skip it if you prefer a quiet, low-traffic neighborhood, as the high density of nightlife, entertainment, and tourist attractions makes this a very busy and active area."
1341.0,Entire home/apt,4.99,4.0,2.0,2.0,2.0,80.0,True,2.0,2.0,4.0,"Choose this place if you want to be in the center of the action near Times Square and Washington Square Park with immediate access to endless dining, nightlife, and transit. Skip it if you prefer a quiet, residential atmosphere away from the high concentration of tourists, hotels, and entertainment venues."
114.0,Private room,5.0,1.0,1.0,1.0,1.0,2.0,True,1.0,1.0,2.0,"Choose this place if you want to be in the heart of the action with immediate access to Carnegie Hall, Museum of Modern Art, Central Park, and endless dining, shopping, and transit options. Skip it if you are looking for a quiet, low-traffic neighborhood or are sensitive to the high energy and noise levels typical of a densely packed entertainment and tourist hub."
551.0,Hotel room,4.5,2.0,2.0,1.0,1.0,2.0,False,1.0,1.0,2.0,"Choose this place if you want to be in the center of the action near Times Square and Top of the Rock with endless options for dining, nightlife, and transit right outside your door. Skip it if you are looking for a quiet, residential retreat away from the crowds and constant activity of a major tourist hub."
551.0,Private room,4.0,2.0,1.0,1.0,1.0,4.0,False,1.0,1.0,2.0,"Choose this place if you want to be in the heart of the action near Times Square and Top of the Rock with endless dining, nightlife, and transit options right outside your door. Skip it if you are looking for a quiet, secluded retreat away from the high-energy crowds and constant activity of a major tourist hub."
204.59,Private room,5.0,2.0,1.0,1.0,1.0,1.0,True,1.0,1.0,2.0,"Choose this place if you want to be in the center of the action with immediate access to Central Park, endless dining, nightlife, and transit options. Skip it if you are looking for a quiet, secluded retreat away from the high energy and constant activity of a bustling urban hub."
387.0,Private room,4.21,2.0,1.0,1.0,1.0,138.0,False,1.0,1.0,2.0,"Choose this place if you want to be in the heart of the action with immediate access to Carnegie Hall, Central Park, and endless dining, transit, and entertainment options. Skip it if you are looking for a quiet, secluded retreat away from the high-energy atmosphere of a bustling tourist and nightlife hub."
193.13,Private room,5.0,1.0,1.0,2.0,1.0,8.0,False,2.0,1.0,3.0,"Choose this place if you want to be in the heart of the city's best sightseeing, dining, and transit options near Museum of Modern Art, Central Park, and Carnegie Hall. Skip it if you prefer a quiet, residential atmosphere away from the high concentration of nightlife, entertainment, and tourist-heavy crowds."
387.0,Private room,4.29,2.0,1.0,1.0,1.0,51.0,False,1.0,1.0,2.0,"Choose this place if you want to be in the heart of the action with immediate access to Carnegie Hall, Central Park, and endless options for dining, transit, and entertainment. Skip it if you prefer a quiet, residential atmosphere away from the high density of tourists, hotels, and nightlife activity."
387.0,Private room,4.25,2.0,1.0,1.0,1.0,186.0,False,1.0,1.0,2.0,"Choose this place if you want to be in the heart of the action with immediate access to Carnegie Hall, Central Park, and endless dining, shopping, and transit options. Skip it if you are looking for a quiet, residential retreat away from the high-energy crowds and constant activity of a major tourist hub."
618.7,Entire home/apt,5.0,5.0,3.0,2.0,2.0,1.0,False,2.0,2.0,4.0,"Choose this place if you want to be in the center of the action with immediate access to dining, nightlife, shopping, and transit. Skip it if you are looking for a quiet, secluded retreat away from a high-energy, bustling urban environment."
408.92,Entire home/apt,5.0,3.0,2.0,1.0,1.0,3.0,False,1.0,1.0,2.0,"Choose this place if you want to be in the heart of the action with immediate access to Central Park, Carnegie Hall, and endless options for dining, transit, and entertainment. Skip it if you prefer a quiet, low-traffic neighborhood away from the constant energy and crowds of a major tourist and commercial hub."
647.0,Private room,4.67,4.0,2.0,1.0,2.0,3.0,True,1.0,2.0,3.0,"Choose this place if you want to be in the heart of the action with immediate access to Carnegie Hall, Central Park, and endless dining, transit, and entertainment options. Skip it if you prefer a quiet, residential atmosphere away from the high energy and constant activity of a major tourist and nightlife hub."
656.33,Entire home/apt,4.88,5.0,4.0,2.0,1.0,110.0,True,2.0,1.0,3.0,"Choose this place if you want to be in the heart of the action with immediate access to world-class dining, transit, and historic landmarks like Federal Hall and Wall Street. Skip it if you are looking for a quiet, secluded retreat away from the high-energy atmosphere of a bustling, tourist-heavy district."
330.12,Private room,5.0,2.0,1.0,1.0,1.0,5.0,False,1.0,1.0,2.0,"Choose this place if you want to be in the center of the action with immediate access to Carnegie Hall, Central Park, and endless dining, shopping, and transit options. Skip it if you prefer a quiet, residential neighborhood away from the high concentration of nightlife, hotels, and tourist-heavy landmarks."
209.1,Entire home/apt,5.0,6.0,3.0,1.0,1.0,2.0,False,1.0,1.0,2.0,"Choose this place if you want to be in the heart of the action with immediate access to endless dining, nightlife, transit, and Washington Square Park. Skip it if you are a light sleeper or prefer a quiet, residential atmosphere away from the constant energy of a high-traffic entertainment hub."
179.47,Entire home/apt,4.83,4.0,1.0,2.0,1.0,12.0,False,2.0,1.0,3.0,"Choose this place if you want to be in the heart of the action with immediate access to endless dining, nightlife, and transit near Washington Square Park. Skip it if you are a light sleeper or prefer a quiet, residential atmosphere away from high-energy crowds."
397.7,Entire home/apt,4.62,4.0,1.0,1.0,1.0,81.0,False,1.0,1.0,2.0,"Choose this place if you want to be in the center of the action with endless dining, shopping, and cultural options right outside your door. Skip it if you are looking for a quiet, residential retreat away from the noise and high energy of a bustling, tourist-heavy district."
173.45,Entire home/apt,5.0,2.0,1.0,1.0,1.0,5.0,True,1.0,1.0,2.0,"Choose this place if you want to be in the center of the action with endless access to shopping, dining, entertainment, and transit. Skip it if you prioritize quiet, expansive green space and a retreat from the dense, high-activity city environment."
851.93,Entire home/apt,5.0,4.0,2.0,2.0,2.0,1.0,False,2.0,2.0,4.0,"Choose this place if you want to be in the heart of the city's vibrant dining, nightlife, and cultural scene near Washington Square Park. Skip it if you are a light sleeper or prefer a quiet residential environment away from high-traffic entertainment areas."
181.67,Entire home/apt,4.67,4.0,2.0,1.0,1.0,9.0,False,1.0,1.0,2.0,"Choose this place if you want to be in the center of the action with immediate access to endless dining, nightlife, and transit near Washington Square Park. Skip it if you are a light sleeper or prefer a quiet, residential atmosphere away from high-energy crowds."
219.39,Entire home/apt,5.0,5.0,2.0,2.0,1.0,1.0,False,2.0,1.0,3.0,"Choose this place if you want to be in the heart of the action with immediate access to Central Park, Carnegie Hall, and Columbus Circle alongside endless dining, transit, and entertainment options. Skip it if you are looking for a quiet, residential atmosphere away from the high-energy crowds and constant activity of a major tourist hub."
405.0,Entire home/apt,4.69,4.0,2.0,2.0,1.0,105.0,False,2.0,1.0,3.0,"Choose this place if you want to be in the heart of the action with immediate access to endless dining, nightlife, transit, and cultural attractions like Washington Square Park. Skip it if you are a light sleeper or prefer a quiet residential environment away from high-energy crowds and constant activity."
112.43,Private room,5.0,3.0,2.0,1.0,1.0,2.0,False,1.0,1.0,2.0,"Choose this place if you want to be in the center of the action with endless options for dining, nightlife, and culture right at your doorstep. Skip it if you are looking for a quiet, low-key retreat away from the constant energy and high density of a bustling city hub."
207.97,Entire home/apt,5.0,2.0,1.0,1.0,1.0,2.0,False,1.0,1.0,2.0,"Choose this place if you want immediate access to endless dining, nightlife, and transit options. Skip it if you are a light sleeper or prefer a quiet, low-energy environment."
289.47,Entire home/apt,4.45,4.0,2.0,1.0,1.0,11.0,False,1.0,1.0,2.0,"Choose this place if you want to be in the heart of the action with immediate access to Washington Square Park, extensive dining, nightlife, and transit. Skip it if you are a light sleeper or prefer a quiet, residential atmosphere away from the crowds and constant activity."
254.0,Private room,4.64,4.0,2.0,1.0,1.0,261.0,True,1.0,1.0,2.0,"Choose this place if you want to be in the heart of the action near Carnegie Hall, Central Park, and Columbus Circle with endless access to dining, transit, and entertainment. Skip it if you prefer a quiet, residential neighborhood away from the high density of hotels, nightlife, and tourist crowds."
195.43,Entire home/apt,4.64,2.0,1.0,1.0,1.0,28.0,False,1.0,1.0,2.0,"Choose this place if you want to be in the center of the action with immediate access to dining, nightlife, shopping, and transit. Skip it if you are looking for a quiet, low-traffic neighborhood away from the constant energy of a busy city hub."
2158.52,Entire home/apt,5.0,7.0,6.0,4.0,2.0,1.0,False,4.0,2.0,6.0,"Choose this place if you want to be in the heart of the action with endless dining, nightlife, and cultural amenities right outside your door. Skip it if you are a light sleeper or prefer a quiet residential atmosphere away from the constant activity."
508.87,Entire home/apt,4.5,5.0,3.0,3.0,2.0,6.0,False,3.0,2.0,5.0,"Choose this place if you want to be in the heart of the action with immediate access to world-class dining, shopping, transit, and major landmarks like Battery Park and Summit One Vanderbilt. Skip it if you are seeking a quiet, residential retreat away from the high-energy atmosphere of a bustling, amenity-rich urban center."
997.14,Entire home/apt,4.29,3.0,1.0,1.0,1.0,7.0,False,1.0,1.0,2.0,"Choose this place if you want to be in the heart of the action with immediate access to Central Park, the Museum of Modern Art, and endless dining and transit options. Skip it if you are looking for a quiet, secluded retreat away from the high-energy atmosphere of a bustling tourist and entertainment hub."
509.5,Entire home/apt,4.89,4.0,2.0,1.0,1.0,46.0,True,1.0,1.0,2.0,"Choose this place if you want immediate access to endless dining, nightlife, transit, and Washington Square Park. Skip it if you are looking for a quiet, secluded neighborhood experience away from the constant activity of a high-energy urban hub."
969.0,Private room,4.43,2.0,1.0,1.0,1.0,7.0,False,1.0,1.0,2.0,"Choose this place if you want to be in the heart of the city's action with immediate access to Museum of Modern Art, Central Park, and Carnegie Hall. Skip it if you prefer a quiet, residential neighborhood away from the constant activity of tourists, nightlife, and dense commercial crowds."
172.93,Entire home/apt,4.85,1.0,1.0,1.0,1.0,180.0,False,1.0,1.0,2.0,"Choose this place if you want to be in the heart of the city's vibrant culture, dining, and nightlife scene near Washington Square Park. Skip it if you are a light sleeper or prefer a quiet, residential environment away from high-traffic entertainment and social areas."
554.2,Private room,4.64,2.0,2.0,1.0,1.0,306.0,False,1.0,1.0,2.0,"Choose this place if you want immediate access to endless dining, nightlife, shopping, and transit. Skip it if you are looking for nearby parks or green space to relax in."
1370.0,Entire home/apt,5.0,5.0,3.0,1.0,2.0,9.0,False,1.0,2.0,3.0,"Choose this place if you want to be in the heart of the action with immediate access to Carnegie Hall, Central Park, and Columbus Circle, along with endless dining, transit, and entertainment options right outside your door. Skip it if you are looking for a quiet, residential atmosphere away from the dense crowds and constant activity of a major tourist hub."
296.1,Entire home/apt,4.73,3.0,3.0,2.0,1.0,124.0,False,2.0,1.0,3.0,"Choose this place if you want immediate access to endless dining, shopping, transit, and cultural activities right outside your door. Skip it if you prefer a quiet, residential atmosphere away from the high-energy bustle of a major commercial and entertainment hub."
89.52,Private room,4.68,1.0,1.0,1.0,1.0,4502.0,False,1.0,1.0,2.0,"Choose this place if you want to be in the center of the action with immediate access to transit, endless dining, nightlife, and cultural attractions like Chelsea Market. Skip it if you are looking for a quiet, low-traffic neighborhood or prefer a residential area away from the constant energy of a high-density commercial hub."
702.0,Entire home/apt,4.98,2.0,1.0,1.0,1.0,50.0,True,1.0,1.0,2.0,"Choose this place if you want to be in the heart of the action with immediate access to transit, dining, nightlife, and Washington Square Park. Skip it if you are a light sleeper or prefer a quiet residential environment away from high-energy crowds and entertainment venues."
253.4,Entire home/apt,4.85,2.0,2.0,2.0,2.0,33.0,True,2.0,2.0,4.0,"Choose this place if you want to be in the heart of the action with immediate access to transit, endless dining, nightlife, and cultural landmarks like Tompkins Square Park and Riverside Park. Skip it if you are a light sleeper or prefer a quiet, residential atmosphere away from the constant energy of a high-traffic urban hub."
264.95,Entire home/apt,5.0,2.0,1.0,1.0,1.0,7.0,False,1.0,1.0,2.0,"Choose this place if you want to be in the heart of the action with immediate access to transit, endless dining, nightlife, and cultural landmarks like Washington Square Park. Skip it if you prefer a quiet, residential atmosphere away from the high energy and constant activity of a bustling, tourist-heavy neighborhood."
221.27,Entire home/apt,4.89,4.0,1.0,2.0,1.0,9.0,False,2.0,1.0,3.0,"Choose this place if you want to be in the heart of the action with immediate access to world-class museums like the American Museum of Natural History, extensive dining, and convenient transit. Skip it if you are looking for a quiet, residential retreat away from the high energy and constant activity of a major tourist and entertainment hub."
163.0,Entire home/apt,5.0,2.0,1.0,1.0,1.0,16.0,True,1.0,1.0,2.0,"Choose this place if you want to be in the heart of the action with immediate access to world-class museums, transit, and endless dining and shopping options. Skip it if you are looking for a quiet, secluded retreat away from the high-energy atmosphere of a major tourist and entertainment hub."
283.85,Entire home/apt,5.0,5.0,2.0,2.0,1.0,2.0,True,2.0,1.0,3.0,"Choose this place if you want to be in the center of the action with endless dining, nightlife, and cultural options right outside your door. Skip it if you are a light sleeper or prefer a quiet residential atmosphere away from the constant energy of a high-density neighborhood near Riverside Park."
198.4,Entire home/apt,4.95,2.0,1.0,1.0,1.0,37.0,True,1.0,1.0,2.0,"Choose this place if you want to be in the heart of the action with immediate access to endless dining, nightlife, entertainment, and transit near Washington Square Park. Skip it if you are a light sleeper or prefer a quiet, residential atmosphere away from the constant activity and crowds."
249.04,Entire home/apt,4.94,3.0,2.0,1.0,1.5,34.0,True,1.0,1.5,2.5,"Choose this place if you want to be in the heart of the action with immediate access to dining, nightlife, culture, and transit. Skip it if you are looking for a quiet, low-traffic neighborhood or prefer to avoid the constant activity of a high-energy, tourist-heavy area."
546.47,Entire home/apt,4.0,2.0,1.0,2.0,1.0,3.0,False,2.0,1.0,3.0,"Choose this place if you want to be in the heart of the action with endless dining, nightlife, and cultural options right outside your door. Skip it if you are a light sleeper or prefer a quiet, residential atmosphere away from the constant activity and crowds."
175.28,Entire home/apt,4.9,3.0,2.0,1.0,1.5,20.0,True,1.0,1.5,2.5,"Choose this place if you want to be steps away from the American Museum of Natural History and every convenience New York has to offer. Skip it if you are looking for a quiet, secluded neighborhood away from the high concentration of nightlife and tourist activity."
59.11,Entire home/apt,5.0,1.0,1.0,1.0,1.0,1.0,True,1.0,1.0,2.0,"Choose this place if you want to be in the heart of the action with immediate access to transit, dining, nightlife, and Washington Square Park. Skip it if you are a light sleeper or prefer a quiet residential environment away from high-traffic tourist areas."
480.0,Entire home/apt,4.71,3.0,2.0,1.0,1.0,87.0,False,1.0,1.0,2.0,"Choose this place if you want to be in the heart of the action with immediate access to endless dining, shopping, and cultural amenities. Skip it if you are looking for a quiet, secluded retreat away from the high-energy atmosphere of a bustling urban center."
313.01,Entire home/apt,4.75,1.0,1.0,1.0,1.0,4.0,False,1.0,1.0,2.0,"Choose this place if you want to be in the center of the action with endless options for dining, nightlife, shopping, and transit right outside your door. Skip it if you are looking for a quiet, low-key neighborhood experience away from the constant activity and crowds."
190.63,Entire home/apt,5.0,2.0,1.0,1.0,1.0,3.0,True,1.0,1.0,2.0,"Choose this place if you want to be in the heart of the action with immediate access to transit, dining, nightlife, and Washington Square Park. Skip it if you are a light sleeper or prefer a quiet, residential neighborhood away from the constant activity of a high-traffic entertainment hub."
59.11,Entire home/apt,4.6,1.0,1.0,1.0,1.0,5.0,True,1.0,1.0,2.0,"Choose this place if you want to be in the heart of the action with immediate access to transit, dining, nightlife, and Washington Square Park. Skip it if you are a light sleeper or prefer a quiet, residential atmosphere away from the constant energy of a high-traffic entertainment hub."
718.92,Entire home/apt,5.0,4.0,2.0,2.0,2.0,1.0,False,2.0,2.0,4.0,"Choose this place if you want endless access to dining, nightlife, culture, and daily conveniences right outside your door. Skip it if you are a light sleeper or prefer a quiet residential atmosphere away from the constant activity of a high-energy neighborhood."
59.11,Entire home/apt,5.0,1.0,1.0,1.0,1.0,5.0,True,1.0,1.0,2.0,"Choose this place if you want to be in the center of the action with immediate access to transit, dining, and Washington Square Park. Skip it if you are a light sleeper or prefer a quiet residential environment away from the city's nightlife and entertainment hubs."
76.55,Entire home/apt,4.4,1.0,1.0,1.0,1.0,5.0,True,1.0,1.0,2.0,"Choose this place if you want to be in the center of the action near Washington Square Park with immediate access to transit, dining, and nightlife. Skip it if you are a light sleeper or prefer a quiet residential atmosphere away from the city's high-energy entertainment hubs."
76.55,Entire home/apt,4.67,1.0,1.0,1.0,1.0,3.0,True,1.0,1.0,2.0,"Choose this place if you want to be in the center of the action with immediate access to transit, nightlife, dining, and Washington Square Park. Skip it if you are a light sleeper or prefer a quiet, residential atmosphere away from the constant energy of a high-traffic urban hub."
59.11,Entire home/apt,5.0,1.0,1.0,1.0,1.0,2.0,True,1.0,1.0,2.0,"Choose this place if you want to be in the heart of the action with immediate access to transit, dining, nightlife, and Washington Square Park. Skip it if you are a light sleeper or prefer a quiet, residential atmosphere away from the constant energy of a high-traffic entertainment hub."
390.99,Private room,5.0,2.0,1.0,1.0,1.0,1.0,False,1.0,1.0,2.0,"Choose this place if you want to be in the heart of the action with immediate access to Central Park, Carnegie Hall, Columbus Circle, and the American Museum of Natural History, along with endless dining, shopping, and transit options. Skip it if you are looking for a quiet, low-traffic neighborhood or a residential retreat away from the constant energy of a major tourist and entertainment hub."
219.39,Entire home/apt,4.0,4.0,2.0,2.0,1.0,5.0,False,2.0,1.0,3.0,"Choose this place if you want to be in the center of the action with immediate access to Central Park, Carnegie Hall, Columbus Circle, and the American Museum of Natural History along with endless dining and transit options. Skip it if you are looking for a quiet, secluded retreat away from the high-energy atmosphere of a bustling, tourist-heavy neighborhood."
486.0,Private room,2.33,4.0,2.0,1.0,1.0,3.0,False,1.0,1.0,2.0,"Choose this place if you want to be in the center of the action with immediate access to Central Park, Carnegie Hall, Columbus Circle, and the American Museum of Natural History, along with endless dining, shopping, and transit options. Skip it if you prefer a quiet, residential atmosphere away from the high-energy crowds and constant activity of a major tourist hub."
1435.6,Entire home/apt,4.78,6.0,5.0,3.0,2.0,9.0,False,3.0,2.0,5.0,"Choose this place if you want to be in the heart of the action with immediate access to transit, endless dining, nightlife, and cultural landmarks like Union Square. Skip it if you are looking for a quiet, secluded retreat away from the high-energy atmosphere of a bustling, amenity-rich urban hub."
349.19,Private room,4.24,2.0,1.0,1.0,1.0,103.0,False,1.0,1.0,2.0,"Choose this place if you want to be in the heart of the action with immediate access to Central Park, Museum of Modern Art, and Carnegie Hall alongside endless dining, nightlife, and transit options. Skip it if you are looking for a quiet, residential neighborhood experience away from the constant activity and high density of tourists and entertainment venues."
1461.27,Entire home/apt,5.0,6.0,3.0,3.0,2.5,1.0,True,3.0,2.5,5.5,"Choose this place if you want to be in the heart of the action with immediate access to endless dining, nightlife, shopping, and landmarks like Union Square. Skip it if you are a light sleeper or prefer a quiet, residential atmosphere away from the constant energy and crowds of a high-traffic urban hub."
273.43,Entire home/apt,4.67,2.0,6.0,1.0,1.0,6.0,True,1.0,1.0,2.0,"Choose this place if you want to be in the heart of the action with immediate access to transit, endless entertainment, and a high concentration of shops and fitness options. Skip it if you prefer a quiet, residential neighborhood away from the high-energy atmosphere of a busy, nightlife-heavy district."
59.11,Entire home/apt,5.0,1.0,1.0,1.0,1.0,1.0,True,1.0,1.0,2.0,"Choose this place if you want to be in the center of the action with immediate access to transit, dining, and Washington Square Park. Skip it if you are a light sleeper or prefer a quiet residential environment away from high-energy nightlife and crowds."
131.78,Entire home/apt,5.0,2.0,2.0,2.0,1.0,2.0,True,2.0,1.0,3.0,"Choose this place if you want to be in the heart of the action with immediate access to transit, dining, nightlife, and Washington Square Park. Skip it if you are a light sleeper or prefer a quiet, residential atmosphere away from the constant energy of a high-traffic entertainment hub."
59.11,Entire home/apt,5.0,1.0,1.0,1.0,1.0,3.0,True,1.0,1.0,2.0,"Choose this place if you want to be in the heart of the action with immediate access to transit, nightlife, dining, and Washington Square Park. Skip it if you are a light sleeper or prefer a quiet residential environment away from high-energy crowds and constant activity."
186.97,Entire home/apt,4.9,4.0,2.0,1.0,1.0,20.0,True,1.0,1.0,2.0,"Choose this place if you are a sightseer or active traveler who wants immediate access to the American Museum of Natural History, endless dining, and convenient transit. Skip it if you prefer a quiet, residential atmosphere away from the high-energy crowds and constant activity of a major tourist hub."
210.0,Private room,4.42,2.0,1.0,1.0,1.0,1235.0,False,1.0,1.0,2.0,"Choose this place if you want to be in the center of the action with immediate access to dining, nightlife, transit, and cultural spots like the New Museum and Riverside Park. Skip it if you are a light sleeper or prefer a quiet residential neighborhood away from the constant activity of a high-density entertainment and shopping hub."
653.0,Private room,4.76,2.0,1.0,1.0,1.0,399.0,False,1.0,1.0,2.0,"Choose this place if you want to be in the heart of the action with immediate access to Carnegie Hall, Central Park, and Columbus Circle alongside endless options for dining, shopping, and transit. Skip it if you prefer a quiet, residential atmosphere away from the high density of tourists, nightlife, and entertainment venues."
426.33,Entire home/apt,4.78,2.0,1.0,1.0,1.0,98.0,False,1.0,1.0,2.0,"Choose this place if you want to be in the heart of the action with endless dining, nightlife, and entertainment options right outside your door. Skip it if you are a light sleeper or prefer a quiet, residential atmosphere away from the constant activity."
715.0,Entire home/apt,5.0,11.0,4.0,2.0,1.0,3.0,False,2.0,1.0,3.0,"Choose this place if you want to be in the heart of the action with immediate access to Washington Square Park, diverse dining, and excellent transit connections. Skip it if you are a light sleeper or prefer a quiet residential atmosphere, as the high concentration of nightlife and entertainment venues creates a very busy environment."
449.27,Entire home/apt,5.0,2.0,1.0,1.0,1.0,1.0,False,1.0,1.0,2.0,"Choose this place if you want to be in the heart of the action with immediate access to endless dining, nightlife, shopping, and transit options. Skip it if you are looking for a quiet, secluded residential environment away from the constant activity and bustle of a high-energy urban hub."
453.53,Entire home/apt,5.0,3.0,2.0,1.0,1.0,4.0,False,1.0,1.0,2.0,"Choose this place if you want to be in the center of the action with immediate access to dining, shopping, and transit. Skip it if you are a light sleeper or prefer a quiet, residential atmosphere away from the city's high-energy nightlife and entertainment."
1008.21,Entire home/apt,5.0,6.0,3.0,3.0,3.0,1.0,True,3.0,3.0,6.0,"Choose this place if you want to be in the center of the action with immediate access to transit, endless entertainment, and fitness options. Skip it if you are looking for a quiet, secluded retreat away from the high-energy pace of a busy urban hub."
689.0,Private room,1.0,4.0,2.0,1.0,1.0,1.0,False,1.0,1.0,2.0,"Choose this place if you want to be in the heart of the action with immediate access to Central Park, Museum of Modern Art, and Carnegie Hall alongside endless dining, transit, and cultural options. Skip it if you prefer a quiet, residential atmosphere away from the high density of tourists, nightlife, and constant activity found in this bustling hub."
595.0,Entire home/apt,5.0,4.0,1.0,1.0,1.0,3.0,True,1.0,1.0,2.0,"Choose this place if you want to be in the heart of the action with immediate access to major landmarks like the Manhattan Bridge, Federal Hall, Battery Park, and 9/11 Memorial & Museum, along with endless dining, transit, and shopping options. Skip it if you are looking for a quiet, secluded retreat away from the high-energy atmosphere of a bustling, tourist-heavy urban center."
466.02,Entire home/apt,5.0,4.0,2.0,1.0,1.0,12.0,True,1.0,1.0,2.0,"Choose this place if you want to be in the heart of the action near Carnegie Hall and Central Park with endless dining, entertainment, and transit options at your doorstep. Skip it if you are looking for a quiet, residential neighborhood experience away from the high concentration of hotels, nightlife, and tourist-heavy crowds."
326.93,Entire home/apt,5.0,4.0,1.0,1.0,1.0,12.0,True,1.0,1.0,2.0,"Choose this place if you want to be in the center of the action with immediate access to transit, endless dining, and famous landmarks like the Manhattan Bridge, Federal Hall, Battery Park, and 9/11 Memorial & Museum. Skip it if you are looking for a quiet, secluded retreat away from the crowds and constant activity of a high-energy urban hub."
286.3,Entire home/apt,4.77,5.0,1.0,1.0,1.0,99.0,True,1.0,1.0,2.0,"Choose this place if you want to be in the heart of the action with immediate access to every convenience, dining, and transit option imaginable. Skip it if you are looking for a quiet, secluded retreat away from the high-energy pace of a bustling urban center."
426.8,Entire home/apt,4.69,3.0,1.0,1.0,1.0,62.0,False,1.0,1.0,2.0,"Choose this place if you want to be in the center of the action with immediate access to Carnegie Hall, Central Park, and Columbus Circle, as well as an abundance of dining, transit, and entertainment options. Skip it if you prefer a quiet, residential atmosphere away from the high density of tourists, nightlife, and city activity."
334.0,Private room,5.0,2.0,1.0,1.0,1.0,1.0,False,1.0,1.0,2.0,"Choose this place if you want to be in the heart of the action with immediate access to Manhattan Bridge, Federal Hall, Battery Park, and 9/11 Memorial & Museum alongside every urban convenience. Skip it if you are looking for a quiet, residential retreat away from a high-traffic area filled with constant activity and tourists."
219.39,Entire home/apt,4.67,5.0,2.0,2.0,1.0,3.0,False,2.0,1.0,3.0,"Choose this place if you want to be in the heart of the action with immediate access to Central Park, Carnegie Hall, Columbus Circle, and the American Museum of Natural History along with endless dining and transit options. Skip it if you are looking for a quiet, secluded retreat away from the high-energy atmosphere of a bustling tourist and nightlife hub."
1172.49,Entire home/apt,5.0,7.0,3.0,3.0,3.0,1.0,True,3.0,3.0,6.0,"Choose this place if you want to be in the center of constant activity with endless options for dining, shopping, and recreation right outside your door. Skip it if you are looking for a quiet, residential retreat or are sensitive to the noise and bustle that comes with a highly active urban environment."
163.0,Private room,3.67,4.0,2.0,1.0,1.0,6.0,False,1.0,1.0,2.0,"Choose this place if you want to be in the heart of the action with immediate access to Manhattan Bridge, Federal Hall, Battery Park, and 9/11 Memorial & Museum alongside endless dining, transit, and entertainment options. Skip it if you are looking for a quiet, low-traffic neighborhood away from the constant energy of a major tourist and nightlife hub."
183.23,Entire home/apt,5.0,2.0,1.0,1.0,1.0,2.0,False,1.0,1.0,2.0,"Choose this place if you are a sightseer or urban explorer who wants immediate access to Federal Hall, Wall Street, and an endless variety of dining, nightlife, and transit options. Skip it if you are seeking a quiet, residential atmosphere or a neighborhood that feels less like a bustling, high-traffic commercial hub."
321.0,Entire home/apt,4.8,2.0,1.0,1.0,1.0,133.0,True,1.0,1.0,2.0,"Choose this place if you want to be in the heart of the action with immediate access to major transit, world-class landmarks like the 9/11 Memorial & Museum and Central Park, and an endless variety of dining and entertainment. Skip it if you are looking for a quiet, low-key neighborhood, as the high concentration of nightlife and constant activity may be too busy for your needs."
452.0,Entire home/apt,4.98,2.0,1.0,1.0,1.0,48.0,True,1.0,1.0,2.0,"Choose this place if you want to be in the center of the action with immediate access to major transit, iconic landmarks like Manhattan Bridge, Battery Park, Federal Hall, 9/11 Memorial & Museum, and Central Park, and endless dining and entertainment options. Skip it if you are looking for a quiet, low-traffic neighborhood or are sensitive to the noise and bustle that comes with being in a high-density, tourist-heavy area."
184.07,Entire home/apt,5.0,2.0,1.0,1.0,1.0,4.0,False,1.0,1.0,2.0,"Choose this place if you want to be in the heart of the action with endless dining, nightlife, and convenience right outside your door near Tompkins Square Park and Union Square. Skip it if you are a light sleeper or prefer a quiet, low-energy neighborhood away from the constant activity of a bustling urban hub."
188.84,Entire home/apt,4.75,2.0,1.0,1.0,1.0,16.0,True,1.0,1.0,2.0,"Choose this place if you want a highly convenient, all-inclusive neighborhood with immediate access to dining, shopping, transit, and cultural activities. Skip it if you prefer a quiet, residential setting away from the high-energy atmosphere of a bustling, amenity-rich urban hub."
291.03,Entire home/apt,5.0,5.0,3.0,3.0,1.0,2.0,False,3.0,1.0,4.0,"Choose this place if you want to be in the heart of the action with immediate access to world-class museums, dining, and transit. Skip it if you are looking for a quiet, secluded retreat away from the high energy of a bustling, tourist-heavy neighborhood."
391.0,Private room,4.83,4.0,2.0,1.0,1.0,12.0,True,1.0,1.0,2.0,"Choose this place if you want to be in the heart of the action with immediate access to Central Park, Carnegie Hall, Columbus Circle, and the American Museum of Natural History along with endless dining and transit options. Skip it if you are looking for a quiet, secluded retreat away from the high-energy atmosphere and constant activity of a major tourist and entertainment hub."
302.0,Private room,4.81,4.0,2.0,1.0,2.0,31.0,True,1.0,2.0,3.0,"Choose this place if you want to be in the heart of the action surrounded by South Street Seaport, Wall Street, and Federal Hall with every convenience and entertainment option at your doorstep. Skip it if you are seeking a quiet, residential retreat away from a high-energy area with constant activity."
177.0,Entire home/apt,4.44,4.0,2.0,2.0,1.0,179.0,False,2.0,1.0,3.0,"Choose this place if you want to be in the heart of the action with endless options for dining, nightlife, entertainment, and transit right outside your door. Skip it if you are a light sleeper or prefer a quiet, residential atmosphere away from the constant activity of a high-energy urban hub."
289.72,Entire home/apt,5.0,4.0,2.0,2.0,1.5,2.0,False,2.0,1.5,3.5,"Choose this place if you want to be in the center of the action near Federal Hall, South Street Seaport, and Wall Street with endless dining, nightlife, and transit options at your doorstep. Skip it if you are looking for a quiet, secluded retreat away from the high-energy atmosphere of a bustling commercial and tourist hub."
331.87,Entire home/apt,5.0,3.0,2.0,1.0,1.0,3.0,False,1.0,1.0,2.0,"Choose this place if you want to be in the heart of the action with immediate access to Central Park, the Chrysler Building, and endless dining, shopping, and transit options. Skip it if you are looking for a quiet, secluded retreat away from the high-energy nightlife and constant activity of a major tourist hub."
769.0,Private room,5.0,4.0,2.0,1.0,1.0,3.0,False,1.0,1.0,2.0,"Choose this place if you want to be at the center of the action with immediate access to Carnegie Hall, Central Park, and the Museum of Modern Art alongside endless dining, nightlife, and transit options. Skip it if you are looking for a quiet, residential retreat away from the high-energy crowds and constant activity of a major tourist hub."
424.42,Entire home/apt,5.0,3.0,1.0,1.0,1.0,2.0,False,1.0,1.0,2.0,"Choose this place if you want to be in the center of the action with immediate access to transit, endless dining, nightlife, and cultural landmarks like Union Square. Skip it if you are looking for a quiet, secluded retreat away from the high-energy atmosphere of a bustling urban hub."
174.55,Entire home/apt,5.0,2.0,1.0,1.0,1.0,1.0,False,1.0,1.0,2.0,"Choose this place if you want to be in the heart of the action with immediate access to Central Park, endless dining, nightlife, and daily conveniences. Skip it if you are a light sleeper or prefer a quiet, residential neighborhood away from the high-energy crowds and constant activity."
173.33,Private room,4.17,1.0,3.0,2.0,1.0,6.0,False,2.0,1.0,3.0,"Choose this place if you want to be in the heart of the action with immediate access to dining, shopping, nightlife, and transit. Skip it if you are looking for a quiet retreat or a neighborhood experience away from the constant energy of a high-traffic urban hub."
383.87,Entire home/apt,5.0,2.0,1.0,1.0,1.0,6.0,False,1.0,1.0,2.0,"Choose this place if you want to be in the heart of the action with immediate access to endless dining, nightlife, transit, and cultural landmarks like Union Square and Tompkins Square Park. Skip it if you are a light sleeper or prefer a quiet, residential atmosphere away from the constant energy of a high-traffic urban hub."
741.77,Entire home/apt,4.92,8.0,4.0,3.0,2.0,62.0,True,3.0,2.0,5.0,"Choose this place if you want a highly convenient, amenity-rich neighborhood with easy access to culture, dining, and transit. Skip it if you prefer a quiet, residential area away from the bustle of constant activity and nightlife."
937.0,Entire home/apt,5.0,6.0,3.0,2.0,2.0,1.0,True,2.0,2.0,4.0,"Choose this place if you want to be in the heart of the action with immediate access to major landmarks like Federal Hall, Manhattan Bridge, South Street Seaport, and Wall Street, along with an abundance of dining, nightlife, and transit options. Skip it if you are looking for a quiet, low-key neighborhood experience away from the constant activity and crowds of a high-density urban hub."
187.57,Entire home/apt,4.88,2.0,1.0,1.0,1.0,16.0,True,1.0,1.0,2.0,"Choose this place if you want to be in the heart of the action with endless dining, nightlife, and cultural attractions right outside your door. Skip it if you are looking for a quiet, secluded retreat away from the high-energy pace of a bustling urban center."
234.35,Entire home/apt,4.7,4.0,2.0,2.0,1.5,10.0,False,2.0,1.5,3.5,"Choose this place if you want to be in the center of the action with immediate access to major landmarks like the Manhattan Bridge, Battery Park, Central Park, Federal Hall, and the 9/11 Memorial & Museum alongside endless dining and transit options. Skip it if you are looking for a quiet, low-key neighborhood experience away from the constant activity of a high-density tourist and nightlife hub."
259.0,Private room,4.66,2.0,1.0,1.0,1.0,101.0,True,1.0,1.0,2.0,"Choose this place if you want to be in the heart of the action with immediate access to world-class dining, nightlife, transit, and major landmarks like Central Park, Columbus Circle, and the American Museum of Natural History. Skip it if you are looking for a quiet, secluded retreat away from the high energy and constant activity of a bustling urban center."
279.65,Entire home/apt,4.5,2.0,2.0,2.0,2.5,4.0,False,2.0,2.5,4.5,"Choose this place if you want to be in the heart of the action with immediate access to dining, nightlife, entertainment, and transit. Skip it if you are a light sleeper or prefer a quiet, residential atmosphere away from the constant activity of a high-energy neighborhood."
492.0,Entire home/apt,5.0,4.0,2.0,1.0,2.0,2.0,False,1.0,2.0,3.0,"Choose this place if you want to be in the heart of the action with immediate access to South Street Seaport, Wall Street, and Federal Hall alongside endless dining, nightlife, and transit options. Skip it if you are looking for a quiet, low-traffic neighborhood away from the constant energy of a major commercial and tourist hub."
338.0,Entire home/apt,4.65,4.0,2.0,1.0,1.0,17.0,False,1.0,1.0,2.0,"Choose this place if you want to be in the heart of the action with immediate access to South Street Seaport, Wall Street, and Federal Hall alongside endless dining, transit, and entertainment options. Skip it if you are looking for a quiet, low-traffic neighborhood away from the constant energy of a major tourist and nightlife hub."
1141.18,Private room,5.0,13.0,6.0,5.0,2.0,5.0,True,5.0,2.0,7.0,"Choose this place if you want to be in the heart of the action with immediate access to endless dining, nightlife, shopping, and major landmarks like South Street Seaport, Federal Hall, and Wall Street. Skip it if you are looking for a quiet, secluded retreat away from the high-energy atmosphere of a bustling, tourist-heavy neighborhood."
1124.63,Entire home/apt,4.72,8.0,4.0,4.0,2.0,43.0,True,4.0,2.0,6.0,"Choose this place if you want to be in the heart of the action with immediate access to Central Park, transit, and endless dining and nightlife options. Skip it if you are a light sleeper or prefer a quiet, residential atmosphere away from the constant activity of a high-energy urban hub."
1381.33,Entire home/apt,4.59,8.0,5.0,4.0,5.5,54.0,False,4.0,5.5,9.5,"Choose this place if you want to be in the center of the action with immediate access to dining, shopping, and iconic landmarks like Central Park and the American Museum of Natural History. Skip it if you are looking for a quiet, secluded retreat away from the high-energy atmosphere of a bustling, tourist-heavy neighborhood."
59.11,Entire home/apt,5.0,1.0,1.0,1.0,1.0,2.0,True,1.0,1.0,2.0,"Choose this place if you want to be in the center of constant activity, dining, and nightlife with easy access to transit and green space. Skip it if you are a light sleeper or prefer a quiet residential environment away from high-traffic tourist and entertainment hubs."
287.63,Entire home/apt,5.0,3.0,2.0,1.0,1.0,2.0,False,1.0,1.0,2.0,"Choose this place if you want to be in the heart of the action with immediate access to transit, endless dining, shopping, and iconic sights like the Chrysler Building, Grand Central Terminal, and Summit One Vanderbilt. Skip it if you are looking for a quiet, secluded retreat away from the high-energy atmosphere of a major tourist and entertainment hub."
256.37,Entire home/apt,4.91,2.0,1.0,1.0,1.0,11.0,True,1.0,1.0,2.0,"Choose this place if you want to be in the center of the action with immediate access to Carnegie Hall, Central Park, and the Museum of Modern Art alongside endless dining, nightlife, and transit options. Skip it if you are looking for a quiet, residential atmosphere away from the high-energy density of a major tourist and entertainment hub."
455.4,Entire home/apt,5.0,3.0,2.0,2.0,1.0,1.0,True,2.0,1.0,3.0,"Choose this place if you want to be in the heart of the action with immediate access to Central Park, endless dining, nightlife, and transit. Skip it if you are looking for a quiet, secluded retreat away from the high energy and constant activity of a bustling urban center."
376.0,Entire home/apt,4.83,2.0,1.0,1.0,1.0,6.0,True,1.0,1.0,2.0,"Choose this place if you want to be in the heart of the action with immediate access to landmarks like Battery Park, Manhattan Bridge, and Central Park, alongside an abundance of dining, transit, and daily amenities. Skip it if you are seeking a quiet, residential atmosphere away from the high-energy density of tourist attractions and nightlife."
433.27,Entire home/apt,4.33,4.0,2.0,2.0,1.0,6.0,True,2.0,1.0,3.0,"Choose this place if you want to be in the heart of the action near the Chrysler Building and Grand Central Terminal with immediate access to dining, transit, and sightseeing. Skip it if you prefer a quiet, residential environment away from the high concentration of nightlife, tourists, and busy commercial activity."
160.23,Entire home/apt,4.83,2.0,2.0,1.0,1.0,506.0,False,1.0,1.0,2.0,"Choose this place if you want to be in the center of the action with endless dining, entertainment, and cultural options right outside your door, or if you value proximity to Riverside Park. Skip it if you are a light sleeper or prefer a quiet, residential atmosphere away from the intensity of a high-energy nightlife and tourist hub."
147.93,Entire home/apt,4.74,2.0,1.0,1.0,1.0,23.0,False,1.0,1.0,2.0,"Choose this place if you want to be in the center of the action with immediate access to dining, shopping, transit, and cultural attractions. Skip it if you are looking for a quiet, secluded retreat away from the high energy and constant activity of a bustling urban environment."
213.63,Entire home/apt,4.75,3.0,1.0,1.0,1.0,4.0,False,1.0,1.0,2.0,"Choose this place if you want to be in the heart of the action with immediate access to endless dining, nightlife, culture, and Washington Square Park. Skip it if you are a light sleeper or prefer a quiet, residential atmosphere away from the constant energy of a high-traffic entertainment hub."
226.36,Entire home/apt,4.33,3.0,1.0,1.0,1.0,3.0,False,1.0,1.0,2.0,"Choose this place if you want to be in the heart of the action with immediate access to dining, nightlife, culture, and transit near Washington Square Park. Skip it if you are a light sleeper or prefer a quiet, residential atmosphere away from the constant activity of a high-energy neighborhood."
129.89,Entire home/apt,5.0,3.0,1.0,1.0,1.0,1.0,False,1.0,1.0,2.0,"Choose this place if you want to be in the center of the action with immediate access to endless dining, nightlife, culture, and transit. Skip it if you are looking for a quiet, secluded retreat away from the high-energy atmosphere surrounding Washington Square Park."
227.72,Entire home/apt,4.67,3.0,1.0,1.0,1.0,3.0,False,1.0,1.0,2.0,"Choose this place if you want to be in the center of the action with immediate access to endless dining, nightlife, culture, and transit near Washington Square Park. Skip it if you are looking for a quiet, low-key residential atmosphere away from the constant energy of a high-traffic urban hub."
268.17,Entire home/apt,4.79,2.0,2.0,2.0,1.0,14.0,True,2.0,1.0,3.0,"Choose this place if you want to be in the heart of the action with immediate access to transit, endless dining, shopping, and major attractions like The High Line and Hudson Yards. Skip it if you prefer a quiet, residential atmosphere away from the high-energy density of nightlife, tourists, and constant activity."
157.27,Entire home/apt,4.53,2.0,2.0,1.0,1.0,60.0,False,1.0,1.0,2.0,"Choose this place if you want unparalleled access to daily conveniences, fitness, culture, transit, and a vibrant social scene right outside your door. Skip it if you are looking for a quiet, secluded retreat away from the high-energy atmosphere of a bustling, amenity-rich urban hub."
4599.0,Entire home/apt,4.85,4.0,3.0,2.0,2.0,13.0,False,2.0,2.0,4.0,"Choose this place if you want immediate access to extensive dining, nightlife, and transit options in a highly active environment. Skip it if you are a light sleeper or prefer a quiet, residential setting away from the bustle of constant entertainment and activity."
145.67,Private room,5.0,2.0,1.0,1.0,1.0,2.0,True,1.0,1.0,2.0,"Choose this place if you want to be in the center of the action with immediate access to Central Park, Columbus Circle, American Museum of Natural History, and Carnegie Hall. Skip it if you are looking for a quiet, secluded retreat away from the constant activity of a high-energy, tourist-heavy neighborhood."
462.5,Entire home/apt,5.0,4.0,2.0,1.0,1.0,5.0,False,1.0,1.0,2.0,"Choose this place if you want to be in the heart of the action with immediate access to Central Park, the Chrysler Building, and endless dining, shopping, and transit options. Skip it if you are looking for a quiet, secluded retreat away from the high-energy nightlife and dense tourist activity."
344.77,Entire home/apt,5.0,6.0,3.0,2.0,2.0,2.0,False,2.0,2.0,4.0,"Choose this place if you want to be in the heart of the action with immediate access to every convenience, transit, and entertainment option imaginable. Skip it if you are looking for a quiet, secluded retreat or are sensitive to the high energy and constant activity of a bustling urban hub."
622.0,Entire home/apt,5.0,6.0,3.0,2.0,2.0,8.0,True,2.0,2.0,4.0,"Choose this place if you are a sightseer who wants immediate access to Battery Park, Central Park, and Manhattan Bridge alongside endless dining, shopping, and transit options. Skip it if you prefer a quiet, residential neighborhood experience away from the constant activity of a high-density tourist and entertainment hub."
63.84,Entire home/apt,4.5,1.0,1.0,1.0,1.0,2.0,True,1.0,1.0,2.0,"Choose this place if you want to be in the heart of the action with endless dining, shopping, and entertainment options right outside your door. Skip it if you are looking for a quiet retreat with easy access to parks and green space."
828.0,Private room,4.55,3.0,2.0,1.0,1.0,29.0,True,1.0,1.0,2.0,"Choose this place if you want to be steps away from major sights like Manhattan Bridge, 9/11 Memorial & Museum, Battery Park, Federal Hall, and One World Observatory while having unmatched access to transit, dining, and daily conveniences. Skip it if you prefer a quiet, residential neighborhood away from the high concentration of hotels, nightlife, and tourist activity."
249.52,Entire home/apt,5.0,4.0,2.0,1.0,1.0,1.0,False,1.0,1.0,2.0,"Choose this place if you want to be in the heart of the action with immediate access to transit, shopping, and endless entertainment options. Skip it if you are looking for a quiet, secluded retreat away from the high-energy atmosphere of a dense urban hub."
2054.12,Entire home/apt,4.81,6.0,4.0,2.0,2.0,37.0,True,2.0,2.0,4.0,"Choose this place if you want to be in the heart of the action with immediate access to Central Park, endless dining, nightlife, and cultural landmarks. Skip it if you prefer a quiet, residential neighborhood away from the constant energy and crowds of a high-traffic tourist hub."
674.0,Entire home/apt,4.66,4.0,2.0,2.0,1.5,238.0,False,2.0,1.5,3.5,"Choose this place if you want to be in the heart of the action with immediate access to dining, nightlife, entertainment, and transit. Skip it if you are a light sleeper or prefer a quiet, residential atmosphere away from the bustle of a high-activity district."
274.0,Entire home/apt,4.59,2.0,1.0,1.0,1.0,249.0,False,1.0,1.0,2.0,"Choose this place if you want to be in the center of the action with immediate access to endless dining, nightlife, transit, and cultural attractions. Skip it if you are looking for a quiet, low-key residential atmosphere away from the crowds and constant activity."
1131.43,Entire home/apt,3.33,3.0,1.0,1.0,1.0,3.0,False,1.0,1.0,2.0,"Choose this place if you want to be in the center of the action with immediate access to Central Park, Carnegie Hall, and the Museum of Modern Art along with endless dining and transit options. Skip it if you prefer a quiet, residential neighborhood away from the high concentration of nightlife, tourists, and busy commercial activity."
312.0,Hotel room,5.0,2.0,2.0,1.0,1.0,2.0,False,1.0,1.0,2.0,"Choose this place if you want to be in the heart of the action with immediate access to Central Park, extensive dining, nightlife, and transit. Skip it if you are looking for a quiet, secluded retreat away from the high energy and constant activity of a bustling urban center."
354.0,Hotel room,5.0,4.0,2.0,1.0,1.0,1.0,False,1.0,1.0,2.0,"Choose this place if you want to be in the heart of the action with immediate access to Central Park, extensive dining, nightlife, and transit. Skip it if you are looking for a quiet, secluded retreat away from the high-energy atmosphere of a bustling, tourist-heavy neighborhood."
302.0,Hotel room,5.0,2.0,1.0,1.0,1.0,1.0,False,1.0,1.0,2.0,"Choose this place if you want to be in the heart of the action with immediate access to Central Park, extensive dining, nightlife, and transit. Skip it if you are looking for a quiet, secluded retreat away from the high-energy atmosphere of a bustling, amenity-rich neighborhood."
267.33,Entire home/apt,4.78,4.0,5.0,4.0,1.0,9.0,False,4.0,1.0,5.0,"Choose this place if you want to be at the center of the action with immediate access to Central Park, world-class museums, and endless dining and transit options. Skip it if you are looking for a quiet, secluded retreat away from the high-energy pace of a bustling urban hub."
278.07,Entire home/apt,5.0,4.0,2.0,2.0,2.0,1.0,False,2.0,2.0,4.0,"Choose this place if you want to be in the heart of the action with endless dining, nightlife, and transit options right outside your door. Skip it if you are a light sleeper or prefer a quiet, residential atmosphere away from the constant energy of a high-traffic entertainment hub."
360.53,Entire home/apt,5.0,4.0,2.0,1.0,1.0,1.0,False,1.0,1.0,2.0,"Choose this place if you want to be in the center of the action with immediate access to dining, nightlife, entertainment, and transit. Skip it if you are a light sleeper or prefer a quiet residential environment away from high-energy urban activity."
388.57,Entire home/apt,5.0,3.0,1.0,1.0,1.0,1.0,False,1.0,1.0,2.0,"Choose this place if you want to be at the center of the action with immediate access to Wall Street, Federal Hall, and South Street Seaport, along with an abundance of dining, transit, and cultural amenities. Skip it if you are looking for a quiet, residential atmosphere away from the high density of nightlife, entertainment, and tourist activity."
231.0,Entire home/apt,4.84,2.0,2.0,2.0,1.0,70.0,True,2.0,1.0,3.0,"Choose this place if you are a sightseer or active traveler who wants immediate access to The High Line, Hudson Yards, and a dense concentration of amenities, transit, and entertainment. Skip it if you are looking for a quiet, residential atmosphere away from the high-energy bustle of a major tourist and nightlife hub."
186.21,Entire home/apt,5.0,2.0,1.0,1.0,1.0,1.0,False,1.0,1.0,2.0,"Choose this place if you want immediate access to endless dining, nightlife, shopping, and cultural attractions. Skip it if you prefer a quiet residential atmosphere with easy access to parks and green space."
329.67,Entire home/apt,4.93,4.0,2.0,1.0,1.0,197.0,False,1.0,1.0,2.0,"Choose this place if you want to be in the heart of the action with immediate access to dining, nightlife, transit, and cultural attractions. Skip it if you are looking for a quiet, low-traffic environment away from the city's constant energy."
386.29,Entire home/apt,5.0,2.0,1.0,1.0,1.0,1.0,False,1.0,1.0,2.0,"Choose this place if you want to be in the center of the action with immediate access to Wall Street, Federal Hall, and South Street Seaport, as well as an abundance of dining, transit, and cultural amenities. Skip it if you prefer a quiet, residential atmosphere away from the high concentration of nightlife, entertainment, and tourist-heavy landmarks."
756.03,Private room,4.18,2.0,1.0,1.0,1.0,11.0,True,1.0,1.0,2.0,"Choose this place if you want to be in the heart of the action near Federal Hall, Manhattan Bridge, and 9/11 Memorial & Museum with unparalleled access to transit, dining, and cultural sites. Skip it if you prefer a quiet, residential neighborhood away from the high concentration of hotels, nightlife, and tourist-heavy landmarks."
206.0,Entire home/apt,4.97,2.0,1.0,1.0,1.0,127.0,False,1.0,1.0,2.0,"Choose this place if you want to be in the heart of the action with immediate access to Central Park, Columbus Circle, and the American Museum of Natural History along with every imaginable convenience and nightlife option at your doorstep. Skip it if you are looking for a quiet, secluded retreat away from the high-energy atmosphere and constant activity of a major urban hub."
286.11,Private room,4.32,2.0,1.0,1.0,1.0,37.0,False,1.0,1.0,2.0,"Choose this place if you want to be in the heart of the action near the Chrysler Building with immediate access to every convenience, transit, and cultural attraction. Skip it if you are looking for a quiet, secluded neighborhood experience away from the constant activity and bustle of a major city hub."
316.71,Private room,5.0,2.0,2.0,1.0,1.0,3.0,False,1.0,1.0,2.0,"Choose this place if you want to be in the heart of the action with immediate access to every convenience, landmark, and transit option. Skip it if you are seeking a quiet, residential neighborhood away from the high energy and constant activity of a major tourist hub near the Chrysler Building."
1172.49,Entire home/apt,5.0,6.0,3.0,3.0,2.5,5.0,True,3.0,2.5,5.5,"Choose this place if you want to be in the heart of the action with endless dining, shopping, and cultural attractions right outside your door. Skip it if you are looking for a quiet, residential retreat or are sensitive to the noise and activity that come with a high-energy, tourist-heavy neighborhood."
751.17,Entire home/apt,5.0,8.0,3.0,3.0,3.0,2.0,True,3.0,3.0,6.0,"Choose this place if you want to be in the heart of the action with immediate access to transit, shopping, culture, and daily necessities. Skip it if you are looking for a quiet, residential retreat away from a high-traffic, bustling urban environment."
788.57,Private room,5.0,3.0,1.0,1.0,1.0,6.0,False,1.0,1.0,2.0,"Choose this place if you want to be in the heart of the action near Central Park and Carnegie Hall with immediate access to transit, world-class culture, and endless dining and shopping options. Skip it if you are looking for a quiet, residential retreat away from the high-energy atmosphere of a major tourist and entertainment hub."
512.39,Entire home/apt,4.9,4.0,3.0,2.0,1.0,105.0,True,2.0,1.0,3.0,"Choose this place if you want to be in the center of the action with immediate access to dining, nightlife, and transit near Union Square. Skip it if you are a light sleeper or prefer a quiet neighborhood away from high-energy entertainment and crowds."
535.97,Entire home/apt,4.68,5.0,3.0,2.0,2.0,76.0,False,2.0,2.0,4.0,"Choose this place if you want to be in the heart of the action with immediate access to every convenience, cultural attraction, and transit option. Skip it if you are looking for a quiet, secluded retreat away from the high-energy pace of a bustling urban center."
123.53,Private room,4.88,3.0,1.0,1.0,1.0,85.0,False,1.0,1.0,2.0,"Choose this place if you want to be in the heart of the action with immediate access to endless dining, nightlife, entertainment, and fitness options. Skip it if you are looking for a quiet, residential retreat or a neighborhood that offers a slower pace away from constant activity."
549.0,Hotel room,4.74,2.0,2.0,1.0,1.0,39.0,False,1.0,1.0,2.0,"Choose this place if you want immediate access to endless dining, shopping, transit, and fitness options. Skip it if you are looking for a quiet neighborhood with plenty of nearby parks and green space."
640.13,Entire home/apt,5.0,6.0,4.0,3.0,1.5,1.0,False,3.0,1.5,4.5,"Choose this place if you want constant access to dining, nightlife, fitness, and green space right outside your door. Skip it if you are a light sleeper or prefer a quiet, residential neighborhood away from the city's high-energy activity."
520.0,Private room,4.54,4.0,2.0,1.0,1.0,13.0,True,1.0,1.0,2.0,"Choose this place if you want to be in the heart of the action with immediate access to world-class transit, dining, shopping, and iconic sights like the Chrysler Building and Central Park. Skip it if you are looking for a quiet, secluded retreat away from the high-energy, bustling environment of a major urban hub."
387.17,Entire home/apt,4.8,6.0,5.0,4.0,3.0,5.0,False,4.0,3.0,7.0,"Choose this place if you want to be in the center of the action with immediate access to dining, nightlife, transit, and green space. Skip it if you are a light sleeper or prefer a quiet, residential atmosphere away from the city's high-energy hubs."
276.57,Entire home/apt,5.0,5.0,3.0,3.0,2.0,2.0,False,3.0,2.0,5.0,"Choose this place if you want to be in the center of the action with immediate access to dining, nightlife, transit, and green space. Skip it if you are a light sleeper or prefer a quiet, residential atmosphere away from high-density entertainment and tourist activity."
373.06,Entire home/apt,5.0,5.0,5.0,3.0,2.0,9.0,False,3.0,2.0,5.0,"Choose this place if you want to be in the heart of the action with immediate access to transit, endless entertainment, and abundant green space. Skip it if you are a light sleeper who needs a quiet environment or if you require easy access to pharmacies nearby."
257.27,Entire home/apt,3.0,2.0,1.0,1.0,1.0,1.0,False,1.0,1.0,2.0,"Choose this place if you want to be in the heart of the action with endless dining, nightlife, and cultural attractions like Washington Square Park right outside your door. Skip it if you are looking for a quiet, low-energy retreat or are sensitive to the noise and activity that come with a high-density entertainment hub."
302.36,Private room,4.57,4.0,2.0,1.0,1.0,251.0,True,1.0,1.0,2.0,"Choose this place if you want to be in the center of the action with immediate access to major sights like 9/11 Memorial & Museum, Manhattan Bridge, Battery Park, and One World Observatory along with endless dining, shopping, and transit options. Skip it if you are looking for a quiet, low-key neighborhood experience, as the high concentration of nightlife and tourist attractions makes this a very busy and active area."
272.94,Entire home/apt,2.0,3.0,2.0,1.0,1.0,1.0,True,1.0,1.0,2.0,"Choose this place if you want immediate access to a high concentration of dining, entertainment, shopping, and transit options. Skip it if you are looking for a quiet, secluded neighborhood or prefer to avoid the high-activity environment of a bustling urban hub."
296.97,Entire home/apt,5.0,5.0,2.0,2.0,2.0,4.0,False,2.0,2.0,4.0,"Choose this place if you want to be in the heart of the action with immediate access to Central Park, Carnegie Hall, and Columbus Circle along with endless options for dining, shopping, and transit. Skip it if you are looking for a quiet, residential retreat away from the high-energy atmosphere of a bustling tourist and entertainment hub."
713.0,Entire home/apt,4.91,6.0,3.0,2.0,2.0,11.0,False,2.0,2.0,4.0,"Choose this place if you want to be in the heart of the action with immediate access to Washington Square Park and endless options for dining, nightlife, and culture. Skip it if you prefer a quiet, low-energy environment or are sensitive to the noise and activity that come with such a high-density, vibrant neighborhood."
166.06,Entire home/apt,4.75,4.0,2.0,2.0,2.0,8.0,False,2.0,2.0,4.0,"Choose this place if you want to be surrounded by endless dining, shopping, and entertainment options within walking distance. Skip it if you prioritize easy access to parks and green space or prefer a quieter environment away from a high-activity commercial hub."
2282.36,Entire home/apt,4.94,6.0,3.0,3.0,3.0,68.0,True,3.0,3.0,6.0,"Choose this place if you want to be in the heart of the action with immediate access to dining, nightlife, culture, and convenient transit. Skip it if you are looking for a quiet, secluded retreat away from the high-energy pace of a bustling urban environment."
152.13,Entire home/apt,4.2,2.0,1.0,1.0,1.0,5.0,True,1.0,1.0,2.0,"Choose this place if you want to be in the heart of the action with immediate access to endless dining, shopping, transit, and cultural attractions. Skip it if you are looking for a quiet, low-key neighborhood experience away from the constant activity and bustle of a high-density urban hub."
312.33,Entire home/apt,4.75,4.0,2.0,2.0,1.0,85.0,True,2.0,1.0,3.0,"Choose this place if you want to be in the center of the action with immediate access to dining, nightlife, and transit. Skip it if you are looking for a quiet, secluded retreat away from the high energy and constant activity of a bustling urban hub."
552.94,Entire home/apt,5.0,2.0,1.0,1.0,1.0,28.0,True,1.0,1.0,2.0,"Choose this place if you want to be in the center of the action with immediate access to transit, endless dining, nightlife, and Union Square. Skip it if you are a light sleeper or prefer a quiet, residential atmosphere away from the city's busiest hubs."
655.84,Private room,4.61,2.0,1.0,1.0,1.0,72.0,False,1.0,1.0,2.0,"Choose this place if you want to be in the heart of the city's culture, transit, and green space near Central Park and Carnegie Hall. Skip it if you prefer a quiet, residential neighborhood away from high-traffic tourist areas and active nightlife."
374.68,Entire home/apt,4.83,4.0,2.0,1.0,1.0,12.0,True,1.0,1.0,2.0,"Choose this place if you want to be in the center of the action with immediate access to Central Park, Carnegie Hall, and endless options for dining, shopping, and entertainment. Skip it if you prefer a quiet, residential atmosphere away from the high concentration of hotels, nightlife, and tourist-heavy landmarks."
1664.0,Entire home/apt,4.85,6.0,3.0,2.0,2.0,47.0,True,2.0,2.0,4.0,"Choose this place if you want to be in the heart of the action near Wall Street, South Street Seaport, and Federal Hall with endless access to dining, transit, and cultural sights. Skip it if you are looking for a quiet, secluded retreat away from the high energy of a bustling, tourist-heavy neighborhood."
451.7,Entire home/apt,5.0,2.0,2.0,2.0,1.0,1.0,False,2.0,1.0,3.0,"Choose this place if you want to be in the heart of the action with immediate access to endless dining, nightlife, fitness, and green space. Skip it if you are a light sleeper or prefer a quiet, residential neighborhood away from the constant activity of a high-energy district."
136.8,Entire home/apt,4.67,2.0,3.0,1.0,1.0,3.0,False,1.0,1.0,2.0,"Choose this place if you want to be in the heart of a vibrant, high-energy neighborhood with endless options for dining, nightlife, and entertainment right outside your door. Skip it if you are a light sleeper or prefer a quiet, residential atmosphere away from the constant activity of a bustling urban center."
245.16,Entire home/apt,5.0,4.0,2.0,2.0,1.0,11.0,True,2.0,1.0,3.0,"Choose this place if you want to be in the heart of the action with immediate access to dining, entertainment, culture, and transit. Skip it if you are looking for a quiet, secluded retreat away from the high-energy pace of a busy urban hub."
262.73,Entire home/apt,5.0,2.0,1.0,1.0,1.0,6.0,True,1.0,1.0,2.0,"Choose this place if you want immediate access to a high density of dining, entertainment, fitness, and transit options. Skip it if you are looking for a quiet, residential atmosphere away from the constant activity of a bustling urban center."
1061.33,Entire home/apt,4.9,4.0,2.0,2.0,1.0,20.0,True,2.0,1.0,3.0,"Choose this place if you want to be in the heart of the action with immediate access to transit, endless entertainment, and abundant green space. Skip it if you are a light sleeper who needs a quiet environment or if you require easy access to pharmacies nearby."
1223.67,Entire home/apt,4.8,6.0,3.0,3.0,2.0,41.0,True,3.0,2.0,5.0,"Choose this place if you want to be in the heart of the action with immediate access to Central Park, Battery Park, Manhattan Bridge, and South Street Seaport alongside every convenience and amenity imaginable. Skip it if you are looking for a quiet, secluded retreat away from the high-energy atmosphere of a bustling, tourist-heavy neighborhood."
766.67,Entire home/apt,4.82,4.0,2.0,2.0,2.0,22.0,True,2.0,2.0,4.0,"Choose this place if you want to be in the heart of the action with immediate access to major landmarks like the 9/11 Memorial & Museum, Manhattan Bridge, Battery Park, and One World Observatory, plus an abundance of transit, dining, and fitness options. Skip it if you prefer a quiet, residential neighborhood away from the constant activity and high density of tourists and entertainment venues."
199.63,Entire home/apt,4.67,2.0,1.0,1.0,1.0,87.0,True,1.0,1.0,2.0,"Choose this place if you want to be in the center of constant activity, dining, and transit access. Skip it if you are looking for a quiet, secluded retreat away from the noise and energy of a bustling urban hub."
206.07,Entire home/apt,5.0,3.0,3.0,1.0,1.0,3.0,True,1.0,1.0,2.0,"Choose this place if you want constant access to dining, nightlife, and green space right outside your door. Skip it if you are a light sleeper or prefer a quiet, residential neighborhood away from the bustle of a high-activity area."
336.65,Entire home/apt,4.79,2.0,1.0,1.0,1.0,78.0,True,1.0,1.0,2.0,"Choose this place if you want to be in the heart of the action with immediate access to endless dining, shopping, entertainment, and transit options. Skip it if you are looking for a quiet, residential retreat away from the high-energy pace of a bustling urban center."
77.52,Entire home/apt,5.0,1.0,1.0,1.0,1.0,2.0,True,1.0,1.0,2.0,"Choose this place if you want to be in the heart of the action with immediate access to dining, entertainment, culture, and transit. Skip it if you are looking for a quiet, secluded retreat away from the high-energy pace of a bustling urban center."
364.01,Entire home/apt,4.95,2.0,1.0,1.0,1.0,19.0,False,1.0,1.0,2.0,"Choose this place if you want immediate access to a high density of dining, entertainment, fitness, and transit options. Skip it if you prefer a quiet residential environment away from the bustle of a highly active and commercial area."
387.0,Private room,4.83,2.0,1.0,1.0,1.0,6.0,False,1.0,1.0,2.0,"Choose this place if you want to be in the heart of the action with immediate access to major landmarks like Wall Street, Federal Hall, Battery Park, and South Street Seaport, as well as an abundance of transit, dining, and daily conveniences. Skip it if you are looking for a quiet, secluded retreat away from the high-energy atmosphere of a bustling, tourist-heavy district."
230.3,Entire home/apt,4.5,3.0,1.0,1.0,1.0,12.0,False,1.0,1.0,2.0,"Choose this place if you want to be in the heart of the action with immediate access to Central Park, endless dining, nightlife, and daily conveniences. Skip it if you are a light sleeper or prefer a quiet, residential atmosphere away from the city's high-energy entertainment hubs."
299.29,Entire home/apt,4.86,6.0,3.0,2.0,2.0,14.0,False,2.0,2.0,4.0,"Choose this place if you want to be in the center of the action with immediate access to Wall Street, Federal Hall, and Battery Park, as well as an abundance of transit, dining, and daily conveniences. Skip it if you prefer a quiet, residential atmosphere away from the high concentration of nightlife, tourists, and busy city infrastructure."
265.5,Entire home/apt,4.0,4.0,2.0,1.0,1.0,4.0,False,1.0,1.0,2.0,"Choose this place if you want to be in the heart of the action with immediate access to world-class sights like the Chrysler Building and Grand Central Terminal alongside an abundance of amenities. Skip it if you are looking for a quiet, secluded retreat away from the high-energy atmosphere of a major urban hub."
179.46,Entire home/apt,4.5,2.0,1.0,1.0,1.0,8.0,True,1.0,1.0,2.0,"Choose this place if you want to be in the heart of the action with immediate access to dining, nightlife, entertainment, and transit. Skip it if you are looking for a quiet, secluded retreat away from the high-energy atmosphere of a bustling urban hub."
514.5,Entire home/apt,4.67,6.0,2.0,2.0,2.0,3.0,False,2.0,2.0,4.0,"Choose this place if you want to be steps away from major landmarks like Federal Hall, Manhattan Bridge, 9/11 Memorial & Museum, and Battery Park while having exceptional access to transit, parks, dining, and shopping. Skip it if you require a pharmacy nearby or prefer a quieter area with fewer hotels and nightlife venues."
932.0,Hotel room,5.0,2.0,1.0,1.0,1.0,3.0,False,1.0,1.0,2.0,"Choose this place if you are a sightseer who wants easy access to Central Park, Central Park Zoo, and a high density of museums, shops, and transit options. Skip it if you prefer having a wide variety of grocery stores within immediate walking distance or are looking for a quieter, less tourist-heavy environment."
272.94,Entire home/apt,4.79,6.0,3.0,2.0,1.0,85.0,True,2.0,1.0,3.0,"Choose this place if you want to be in the heart of the action with immediate access to endless dining, shopping, transit, and cultural attractions. Skip it if you are looking for a quiet, secluded retreat away from the high-energy, bustling environment of a major urban hub."
166.6,Entire home/apt,4.9,2.0,2.0,1.0,1.0,331.0,False,1.0,1.0,2.0,"Choose this place if you want to be surrounded by endless dining, nightlife, and cultural attractions in a vibrant, green-filled neighborhood. Skip it if you need quick, convenient access to public transit or prefer a quiet environment away from a high-energy social scene."
336.0,Private room,4.96,2.0,1.0,1.0,1.0,48.0,False,1.0,1.0,2.0,"Choose this place if you want to be in the heart of the action with immediate access to transit, endless dining, and the Chrysler Building. Skip it if you are looking for a quiet, secluded retreat away from the high-energy atmosphere of a major tourist and entertainment hub."
70.25,Private room,4.54,2.0,1.0,1.0,1.0,194.0,False,1.0,1.0,2.0,"Choose this place if you want to be in the heart of the action with immediate access to extensive transit, world-class museums, and endless dining and shopping options. Skip it if you are looking for a quiet, secluded retreat away from the high-energy atmosphere of a bustling, amenity-rich district."
267.0,Entire home/apt,4.43,2.0,2.0,1.0,1.0,166.0,False,1.0,1.0,2.0,"Choose this place if you want to be in the heart of the action with immediate access to transit, dining, and landmarks like Union Square. Skip it if you are looking for a quiet, secluded retreat away from the high-energy atmosphere of a bustling urban hub."
212.0,Entire home/apt,4.7,2.0,3.0,1.0,1.0,47.0,False,1.0,1.0,2.0,"Choose this place if you want to be in the heart of the action with immediate access to transit, shopping, dining, and nightlife near Union Square. Skip it if you are looking for a quiet, secluded retreat away from the high-energy atmosphere of a major urban hub."
217.0,Entire home/apt,4.45,2.0,2.0,1.0,1.0,131.0,False,1.0,1.0,2.0,"Choose this place if you want to be in the heart of the action with immediate access to transit, dining, and landmarks like Union Square. Skip it if you are looking for a quiet, secluded retreat away from the high-energy atmosphere of a bustling urban hub."
234.88,Entire home/apt,4.94,4.0,1.0,1.0,1.0,18.0,False,1.0,1.0,2.0,"Choose this place if you want to be steps away from the Chrysler Building and prioritize immediate access to extensive dining, transit, and green space. Skip it if you prefer a quiet, residential neighborhood removed from the high density of hotels, nightlife, and tourist activity."
270.0,Entire home/apt,4.64,3.0,2.0,1.0,1.0,148.0,False,1.0,1.0,2.0,"Choose this place if you want to be in the heart of the action with immediate access to transit, dining, shopping, and Union Square. Skip it if you are looking for a quiet, secluded retreat away from the high-energy atmosphere of a bustling urban hub."
66.78,Shared room,4.68,1.0,1.0,1.0,1.0,264.0,False,1.0,1.0,2.0,"Choose this place if you want to be surrounded by endless dining, shopping, and fitness options with excellent transit access. Skip it if you prioritize having a park or green space within walking distance."
185.92,Entire home/apt,4.69,2.0,1.0,1.0,1.0,13.0,True,1.0,1.0,2.0,"Choose this place if you want to be in the heart of the action with immediate access to every convenience, cultural attraction, and transit option. Skip it if you are looking for a quiet, secluded retreat away from the high-energy pace of a bustling, amenity-rich neighborhood."
156.73,Entire home/apt,4.5,2.0,1.0,1.0,1.0,6.0,False,1.0,1.0,2.0,"Choose this place if you want to be in the heart of the action with immediate access to Central Park, extensive dining, nightlife, and convenient transit. Skip it if you are a light sleeper or prefer a quiet, residential neighborhood away from the constant activity of a high-energy urban hub."
135.18,Entire home/apt,4.95,2.0,1.0,1.0,1.0,20.0,True,1.0,1.0,2.0,"Choose this place if you want to be in the center of the action with immediate access to every convenience, cultural attraction, and transit option. Skip it if you are looking for a quiet, residential retreat away from the high-energy pace of a busy, amenity-rich district."
404.68,Entire home/apt,4.95,3.0,2.0,1.0,1.0,139.0,True,1.0,1.0,2.0,"Choose this place if you want to be in the center of the action with immediate access to endless dining, nightlife, shopping, and transit. Skip it if you are looking for a quiet, residential retreat away from the high-energy pace of a bustling urban environment."
199.13,Entire home/apt,4.0,2.0,1.0,1.0,1.0,9.0,False,1.0,1.0,2.0,"Choose this place if you want to be in the center of the action with immediate access to dining, nightlife, transit, and daily conveniences. Skip it if you are looking for a quiet, secluded residential atmosphere away from a high-energy urban environment."
319.77,Entire home/apt,4.0,3.0,1.0,1.0,1.0,2.0,False,1.0,1.0,2.0,"Choose this place if you want to be in the center of the action with immediate access to dining, nightlife, fitness, and culture. Skip it if you are looking for a quiet, secluded retreat away from the high-energy pace of a busy urban hub."
298.7,Entire home/apt,4.67,3.0,1.0,1.0,1.0,3.0,False,1.0,1.0,2.0,"Choose this place if you want to be in the heart of the action with immediate access to transit, dining, and entertainment. Skip it if you prefer a quiet residential atmosphere or require easy access to local pharmacies."
1523.5,Entire home/apt,4.95,2.0,4.0,3.0,3.0,59.0,True,3.0,3.0,6.0,"Choose this place if you want to be in the center of the action with endless options for dining, nightlife, and transit right outside your door. Skip it if you are looking for a quiet, low-key neighborhood away from the constant energy and crowds of a bustling urban hub."
189.76,Entire home/apt,4.92,2.0,1.0,1.0,1.0,12.0,False,1.0,1.0,2.0,"Choose this place if you want to be in the heart of a vibrant, high-energy neighborhood with endless options for dining, nightlife, and entertainment right outside your door. Skip it if you are looking for a quiet, residential retreat or are sensitive to the noise and activity typical of a busy, amenity-rich urban center."
371.49,Entire home/apt,5.0,4.0,1.0,1.0,2.0,2.0,True,1.0,2.0,3.0,"Choose this place if you want to be in the center of the action with immediate access to transit, shopping, and cultural attractions. Skip it if you are looking for a secluded or quiet residential neighborhood away from the bustle of a high-density urban hub."
634.18,Entire home/apt,5.0,4.0,2.0,2.0,1.0,3.0,False,2.0,1.0,3.0,"Choose this place if you want to be in the heart of the action with immediate access to world-class dining, culture, and transit near Washington Square Park. Skip it if you are looking for a quiet, secluded retreat away from a high-energy neighborhood with constant activity."
88.31,Entire home/apt,4.87,2.0,2.0,1.0,1.0,180.0,True,1.0,1.0,2.0,"Choose this place if you want effortless access to endless dining, shopping, and transit options right outside your door. Skip it if you are looking for a quiet, green neighborhood retreat and prefer to avoid the bustle of a highly active nightlife and entertainment hub."
165.93,Entire home/apt,4.5,2.0,1.0,1.0,1.0,6.0,False,1.0,1.0,2.0,"Choose this place if you want to be in the heart of the action with immediate access to transit, dining, and entertainment. Skip it if you are looking for a quiet, secluded retreat away from the high-energy pace of a bustling urban center."
656.18,Entire home/apt,4.95,3.0,2.0,1.0,1.5,177.0,True,1.0,1.5,2.5,"Choose this place if you want to be surrounded by world-class culture, abundant green space at Central Park, and endless options for dining and entertainment. Skip it if you prefer a quiet, residential atmosphere away from the high concentration of hotels, nightlife, and tourist landmarks like Carnegie Hall and Columbus Circle."
363.2,Entire home/apt,5.0,3.0,2.0,1.0,1.0,1.0,False,1.0,1.0,2.0,"Choose this place if you want to be in the heart of the action with immediate access to endless dining, nightlife, shopping, and transit options. Skip it if you are looking for a quiet, secluded retreat away from the high energy and constant activity of a bustling urban center."
248.37,Entire home/apt,4.0,4.0,2.0,2.0,1.0,1.0,True,2.0,1.0,3.0,"Choose this place if you want to be in the heart of the action near South Street Seaport, Wall Street, and Federal Hall with endless access to dining, nightlife, and transit. Skip it if you are a light sleeper or prefer a quiet, residential atmosphere away from the constant energy of a high-traffic tourist and entertainment hub."
764.59,Entire home/apt,4.76,5.0,3.0,2.0,1.0,117.0,True,2.0,1.0,3.0,"Choose this place if you want to be in the heart of the action with immediate access to world-class dining, museums, and the Chrysler Building. Skip it if you are looking for a quiet, secluded neighborhood experience away from the constant activity of a high-density tourist and commercial hub."
287.63,Entire home/apt,4.5,3.0,2.0,1.0,1.0,4.0,False,1.0,1.0,2.0,"Choose this place if you want to be in the heart of the action near the Chrysler Building with endless dining, cultural, and transit options at your doorstep. Skip it if you prefer a quiet, residential neighborhood away from the constant activity and high density of a major tourist hub."
295.0,Entire home/apt,5.0,4.0,4.0,2.0,1.0,1.0,False,2.0,1.0,3.0,"Choose this place if you want to be in the center of a vibrant neighborhood with endless options for dining, fitness, and nightlife. Skip it if you prefer a quiet residential area or need easy access to pharmacies and everyday essentials."
234.98,Entire home/apt,4.53,3.0,1.0,1.0,1.0,15.0,False,1.0,1.0,2.0,"Choose this place if you want to be in the center of the action with immediate access to transit, dining, and landmarks like Union Square. Skip it if you are a light sleeper or prefer a quiet neighborhood away from a high-energy nightlife and entertainment scene."
224.57,Entire home/apt,4.89,4.0,2.0,1.0,1.0,9.0,False,1.0,1.0,2.0,"Choose this place if you want to be in the heart of the action with constant access to dining, nightlife, entertainment, and transit. Skip it if you are looking for a quiet, secluded retreat away from the high energy and density of a bustling urban center."
331.87,Entire home/apt,4.71,6.0,4.0,4.0,3.0,7.0,False,4.0,3.0,7.0,"Choose this place if you want to be in the heart of the action with immediate access to dining, nightlife, and transit. Skip it if you are looking for a quiet retreat away from the high-energy pace of a busy urban hub."
217.35,Entire home/apt,4.67,2.0,1.0,1.0,1.0,6.0,False,1.0,1.0,2.0,"Choose this place if you want to be steps away from Central Park and every possible convenience, including top-tier transit, museums, and shopping. Skip it if you are looking for a quiet, residential neighborhood removed from the high density of tourist attractions and city activity."
1255.29,Entire home/apt,4.76,8.0,4.0,3.0,1.5,29.0,True,3.0,1.5,4.5,"Choose this place if you want immediate access to a high concentration of dining, nightlife, and transit options. Skip it if you are looking for a quiet, low-energy environment away from the bustle of city activity."
468.0,Entire home/apt,4.91,2.0,1.0,1.0,1.0,92.0,False,1.0,1.0,2.0,"Choose this place if you want to be in the heart of the action with constant access to dining, nightlife, culture, and convenient transit. Skip it if you are looking for a quiet, secluded retreat away from the high energy and bustle of a dense urban environment."
218.0,Private room,4.74,2.0,2.0,1.0,1.0,93.0,False,1.0,1.0,2.0,"Choose this place if you want to be in the heart of a vibrant neighborhood with endless options for dining, nightlife, and shopping right outside your door. Skip it if you prefer a quiet residential atmosphere with easy access to parks or if you require immediate proximity to pharmacies."
1077.63,Entire home/apt,5.0,6.0,3.0,3.0,2.5,2.0,True,3.0,2.5,5.5,"Choose this place if you want to be surrounded by a high concentration of dining, fitness, cultural attractions, and daily conveniences. Skip it if you prefer a quiet, residential atmosphere away from the bustle of a high-activity commercial hub."
421.0,Private room,4.38,2.0,1.0,1.0,1.0,21.0,False,1.0,1.0,2.0,"Choose this place if you want to be in the heart of the action with immediate access to dining, nightlife, parks, and transit. Skip it if you are looking for a quiet, secluded retreat away from the high-energy atmosphere of a bustling urban center."
238.05,Entire home/apt,5.0,4.0,2.0,2.0,1.0,2.0,False,2.0,1.0,3.0,"Choose this place if you want constant access to dining, nightlife, and entertainment right outside your door. Skip it if you are a light sleeper or prefer a quiet, residential atmosphere away from a busy urban scene."
194.7,Entire home/apt,5.0,3.0,1.0,1.0,1.0,4.0,False,1.0,1.0,2.0,"Choose this place if you want to be in the heart of the action with immediate access to dining, nightlife, entertainment, and transit. Skip it if you are a light sleeper or prefer a quiet, residential atmosphere away from a high-energy urban environment."
232.3,Entire home/apt,5.0,4.0,2.0,2.0,1.0,2.0,False,2.0,1.0,3.0,"Choose this place if you want to be in the heart of the action with immediate access to dining, nightlife, entertainment, and transit. Skip it if you prefer a quiet, residential atmosphere away from a high-energy, bustling urban environment."
331.87,Entire home/apt,5.0,8.0,4.0,4.0,3.0,2.0,False,4.0,3.0,7.0,"Choose this place if you want to be in the heart of the action with immediate access to endless dining, nightlife, entertainment, and transit options. Skip it if you are looking for a quiet, low-key environment away from the high-energy pace of a busy city hub."
286.9,Entire home/apt,5.0,3.0,1.0,1.0,1.0,1.0,False,1.0,1.0,2.0,"Choose this place if you want to be in the heart of a vibrant, high-energy neighborhood with endless options for dining, nightlife, and culture right outside your door. Skip it if you are looking for a quiet, low-key retreat or are sensitive to the noise and activity that come with a densely packed, bustling urban area."
465.0,Private room,4.93,2.0,1.0,1.0,1.0,14.0,True,1.0,1.0,2.0,"Choose this place if you want to be steps away from Central Park and surrounded by an abundance of dining, shopping, and transit options. Skip it if you prefer a quiet residential neighborhood, as the high concentration of nightlife and entertainment venues may result in a busier, more active environment."
159.48,Entire home/apt,4.9,2.0,1.0,1.0,1.0,31.0,True,1.0,1.0,2.0,"Choose this place if you want to be in the center of a vibrant neighborhood with endless options for dining, shopping, and nightlife right outside your door. Skip it if you prefer a quiet residential atmosphere or easy access to parks and green space."
236.19,Private room,4.86,1.0,1.0,1.0,1.0,152.0,True,1.0,1.0,2.0,"Choose this place if you want to be surrounded by an abundance of dining, fitness, and cultural options right outside your door. Skip it if you are looking for a quiet, residential retreat away from the high-energy density of a bustling, amenity-rich neighborhood."
265.5,Entire home/apt,4.71,3.0,3.0,1.0,1.0,7.0,False,1.0,1.0,2.0,"Choose this place if you want to be in the heart of the action near the Chrysler Building with endless dining, shopping, and cultural attractions right outside your door. Skip it if you are looking for a quiet, secluded retreat away from the high energy and constant activity of a major urban hub."
213.4,Entire home/apt,4.8,3.0,2.0,2.0,1.0,153.0,True,2.0,1.0,3.0,"Choose this place if you want to be in the center of the action with endless options for dining, nightlife, and transit access right outside your door. Skip it if you are looking for a quiet retreat or easy access to parks and green space."
3235.5,Entire home/apt,5.0,12.0,6.0,5.0,5.5,2.0,True,5.0,5.5,10.5,"Choose this place if you want to be in the heart of the action near the Chrysler Building with endless dining, transit, and green space at your doorstep. Skip it if you prefer a quiet, residential neighborhood away from the high concentration of hotels, nightlife, and tourist-heavy landmarks."
136.43,Entire home/apt,5.0,2.0,2.0,2.0,1.0,8.0,True,2.0,1.0,3.0,"Choose this place if you want to be in the heart of a vibrant, amenity-rich neighborhood with constant access to dining, culture, and nightlife. Skip it if you prefer a quiet, low-energy environment or are sensitive to the noise and activity typical of a high-traffic urban area."
224.9,Entire home/apt,4.25,2.0,1.0,1.0,1.0,4.0,False,1.0,1.0,2.0,"Choose this place if you want immediate access to a wide variety of dining, fitness, shopping, and transit options. Skip it if you prioritize proximity to parks and green space."
326.58,Entire home/apt,5.0,2.0,1.0,1.0,1.0,5.0,True,1.0,1.0,2.0,"Choose this place if you are a sightseer who wants to be steps away from the 9/11 Memorial & Museum, Manhattan Bridge, and One World Observatory while having endless dining, shopping, and transit options at your doorstep. Skip it if you are looking for a quiet, secluded retreat away from the high energy of a bustling, tourist-heavy neighborhood."
167.05,Entire home/apt,5.0,2.0,1.0,1.0,1.0,1.0,False,1.0,1.0,2.0,"Choose this place if you want to be surrounded by endless dining, nightlife, and fitness options. Skip it if you require easy access to public transit or need convenient, nearby pharmacies."
152.13,Entire home/apt,5.0,2.0,1.0,1.0,1.0,6.0,True,1.0,1.0,2.0,"Choose this place if you want to be surrounded by world-class landmarks like the Chrysler Building, museums, and endless dining and transit options. Skip it if you prefer a quiet, residential neighborhood away from the high concentration of hotels, nightlife, and tourist-heavy activity."
298.7,Entire home/apt,5.0,5.0,2.0,2.0,1.0,1.0,False,2.0,1.0,3.0,"Choose this place if you want to be in the center of the action with immediate access to culture, dining, fitness, and convenient transit. Skip it if you are looking for a quiet, residential neighborhood away from the high-energy pace of a busy commercial hub."
759.67,Entire home/apt,5.0,6.0,3.0,2.0,2.0,1.0,False,2.0,2.0,4.0,"Choose this place if you want to be in the heart of the action with immediate access to major sights like the 9/11 Memorial & Museum, Manhattan Bridge, Battery Park, and Federal Hall, alongside an abundance of transit, dining, and cultural amenities. Skip it if you are looking for a quiet, secluded retreat away from the high-energy atmosphere of a bustling, tourist-heavy district."
61.05,Entire home/apt,5.0,1.0,1.0,1.0,1.0,1.0,True,1.0,1.0,2.0,"Choose this place if you want to be in the heart of the action with immediate access to transit, Chelsea Market, and an abundance of dining, shopping, and entertainment. Skip it if you are looking for a quiet retreat with easy access to parks and green space."
211.76,Entire home/apt,5.0,3.0,2.0,1.0,1.0,2.0,False,1.0,1.0,2.0,"Choose this place if you want to be in the center of the action with immediate access to every convenience, cultural attraction, and nightlife option. Skip it if you are looking for a quiet, residential neighborhood away from the high-density energy of a major city hub."
1095.5,Entire home/apt,4.59,6.0,3.0,3.0,2.0,69.0,False,3.0,2.0,5.0,"Choose this place if you want immediate access to extensive shopping, dining, transit, and cultural attractions. Skip it if you are looking for a quiet, secluded residential area away from the high-energy pace of a busy urban center."
912.94,Entire home/apt,4.9,8.0,4.0,3.0,2.0,49.0,True,3.0,2.0,5.0,"Choose this place if you want to be in the center of the action with immediate access to Washington Square Park and a high density of dining, shopping, and transit options. Skip it if you are looking for a quiet, secluded neighborhood away from the bustle of a highly active, amenity-rich urban environment."
259.21,Entire home/apt,5.0,2.0,1.0,1.0,1.0,4.0,False,1.0,1.0,2.0,"Choose this place if you want to be in the heart of the action near the Chrysler Building with endless dining, nightlife, and transit options right outside your door. Skip it if you are looking for a quiet, secluded retreat away from the high-energy pace of a busy, amenity-rich urban hub."
449.71,Entire home/apt,5.0,2.0,1.0,1.0,1.0,1.0,False,1.0,1.0,2.0,"Choose this place if you want effortless access to dining, fitness, shopping, and transit in a highly active urban environment. Skip it if you are looking for a neighborhood with abundant parks and green space."
169.44,Entire home/apt,4.49,2.0,1.0,1.0,1.0,246.0,True,1.0,1.0,2.0,"Choose this place if you want to be in the center of the action with immediate access to dining, nightlife, transit, and Union Square. Skip it if you are looking for a quiet, secluded neighborhood away from the high energy and constant activity of a major urban hub."
190.57,Entire home/apt,5.0,1.0,1.0,1.0,1.0,1.0,False,1.0,1.0,2.0,"Choose this place if you want to be in the heart of the action near Wall Street, Battery Park, and South Street Seaport with immediate access to transit, green space, and endless dining and entertainment options. Skip it if you require a pharmacy nearby or prefer a quieter neighborhood with fewer hotels and tourists."
231.6,Entire home/apt,4.5,4.0,2.0,2.0,1.0,6.0,False,2.0,1.0,3.0,"Choose this place if you want to be in the heart of a vibrant, high-energy neighborhood with constant access to dining, nightlife, and cultural attractions. Skip it if you are a light sleeper or prefer a quiet, residential environment away from the bustle of city entertainment."
304.27,Entire home/apt,5.0,3.0,1.0,1.0,1.0,1.0,False,1.0,1.0,2.0,"Choose this place if you want immediate access to extensive amenities, transit, and cultural attractions. Skip it if you are looking for a quiet, secluded neighborhood away from the high-energy pace of a busy commercial and entertainment hub."
1433.75,Entire home/apt,5.0,4.0,2.0,2.0,2.0,20.0,True,2.0,2.0,4.0,"Choose this place if you want to be in the heart of the city's best sightseeing, culture, and shopping near The High Line, Central Park, Hudson Yards, Whitney Museum of American Art, Chelsea Market, and the Empire State Building. Skip it if you prefer a quiet, residential neighborhood, as the high concentration of nightlife, entertainment, and tourist-focused amenities makes this a busy and active area."
121.07,Private room,4.69,2.0,1.0,1.0,1.0,139.0,False,1.0,1.0,2.0,"Choose this place if you want immediate access to a wide variety of dining, nightlife, fitness options, and transit links. Skip it if you are looking for a quiet retreat with nearby parks or green spaces."
184.37,Entire home/apt,4.78,2.0,2.0,1.0,1.0,45.0,True,1.0,1.0,2.0,"Choose this place if you want to be in the heart of the action near Central Park, The Dakota, and Lincoln Center with endless options for dining, shopping, and transit right outside your door. Skip it if you are looking for a quiet, secluded retreat away from the high-energy atmosphere of a bustling, amenity-rich neighborhood."
126.99,Entire home/apt,4.36,2.0,2.0,1.0,1.0,11.0,False,1.0,1.0,2.0,"Choose this place if you want to be surrounded by endless dining, nightlife, and fitness options. Skip it if you need easy access to public transit or require nearby pharmacies for your daily needs."
237.83,Entire home/apt,5.0,4.0,2.0,1.0,1.0,2.0,True,1.0,1.0,2.0,"Choose this place if you want to be in the heart of the action near Central Park and the Waldorf Astoria with immediate access to transit, dining, and endless entertainment. Skip it if you prefer a quiet, low-key neighborhood away from the high-energy crowds and constant activity of a major tourist and nightlife hub."
63.95,Entire home/apt,4.86,1.0,1.0,1.0,1.0,7.0,True,1.0,1.0,2.0,"Choose this place if you want to be in the heart of the action with immediate access to transit, world-class dining, and iconic landmarks like Chelsea Market and The High Line. Skip it if you are looking for a quiet, residential retreat away from the high-energy atmosphere of a bustling, tourist-heavy neighborhood."
498.5,Entire home/apt,4.89,4.0,2.0,1.0,1.0,54.0,True,1.0,1.0,2.0,"Choose this place if you want to be in the heart of the action near South Street Seaport and Wall Street with easy access to transit, dining, and nightlife. Skip it if you are a light sleeper or prefer a quiet, residential neighborhood away from the high concentration of hotels, bars, and tourist attractions."
1392.13,Entire home/apt,4.76,7.0,4.0,4.0,2.5,34.0,False,4.0,2.5,6.5,"Choose this place if you want to be surrounded by abundant nightlife, dining, and cultural attractions within walking distance. Skip it if you rely on the subway for transportation or require easy access to pharmacies."
521.01,Entire home/apt,5.0,6.0,2.0,1.0,1.5,1.0,False,1.0,1.5,2.5,"Choose this place if you want to be in the center of the action with endless dining, nightlife, and convenience right outside your door. Skip it if you are a light sleeper or prefer a quiet, residential atmosphere away from the bustle of a highly active neighborhood."
322.83,Entire home/apt,5.0,2.0,1.0,1.0,1.0,1.0,False,1.0,1.0,2.0,"Choose this place if you want a highly convenient, action-packed urban experience with easy access to transit, fitness facilities, and diverse shopping. Skip it if you are looking for a quiet, secluded retreat away from the constant activity and bustle of a high-density neighborhood."
169.98,Entire home/apt,4.78,2.0,2.0,1.0,1.0,18.0,False,1.0,1.0,2.0,"Choose this place if you want to be surrounded by endless dining, nightlife, and cultural activities. Skip it if you prioritize easy subway access or need a quiet environment to sleep."
70.07,Private room,4.55,2.0,2.0,1.0,1.0,174.0,False,1.0,1.0,2.0,"Choose this place if you want to be in the heart of the city's vibrant social, shopping, and cultural scene. Skip it if you are looking for a quiet retreat with easy access to parks and green space."
143.8,Entire home/apt,4.81,6.0,3.0,2.0,1.0,67.0,True,2.0,1.0,3.0,"Choose this place if you prioritize easy access to endless dining, shopping, and transit options. Skip it if you are looking for a quiet retreat with plenty of nearby green space."
752.78,Entire home/apt,5.0,4.0,2.0,2.0,2.0,1.0,True,2.0,2.0,4.0,"Choose this place if you want to be in the heart of the action with easy access to transit, dining, nightlife, and fitness options. Skip it if you are a light sleeper or prefer a quiet, residential atmosphere away from a high-energy, busy neighborhood."
309.89,Entire home/apt,4.79,3.0,1.0,1.0,1.0,28.0,False,1.0,1.0,2.0,"Choose this place if you want to be in the heart of a vibrant, amenity-rich neighborhood with excellent access to dining, entertainment, and transit. Skip it if you require immediate access to pharmacies or prefer a quiet area away from a bustling nightlife and social scene."
398.96,Entire home/apt,4.95,3.0,1.0,1.0,1.0,122.0,False,1.0,1.0,2.0,"Choose this place if you want to be in the center of the action with immediate access to endless dining, nightlife, and transit. Skip it if you are looking for a quiet, secluded retreat away from the high energy of a bustling city hub."
730.0,Entire home/apt,4.96,2.0,4.0,1.0,1.0,94.0,True,1.0,1.0,2.0,"Choose this place if you want to be in the heart of the action near Central Park, Columbus Circle, and the American Museum of Natural History with immediate access to transit and endless dining, shopping, and entertainment options. Skip it if you are looking for a quiet, secluded retreat away from the high-energy, bustling environment of a major tourist and nightlife hub."
233.21,Entire home/apt,4.93,2.0,1.0,1.0,1.0,14.0,False,1.0,1.0,2.0,"Choose this place if you want to be in the center of the action with constant access to dining, entertainment, and daily conveniences right outside your door. Skip it if you are a light sleeper or prefer a quiet, residential atmosphere away from a high-energy, bustling environment."
413.0,Private room,4.96,2.0,1.0,1.0,1.0,173.0,True,1.0,1.0,2.0,"Choose this place if you want to be in the heart of the action with immediate access to dining, nightlife, and transit. Skip it if you are looking for a quiet, residential retreat away from the bustle of a high-energy neighborhood."
233.5,Entire home/apt,5.0,4.0,2.0,1.0,1.0,1.0,True,1.0,1.0,2.0,"Choose this place if you want to be steps away from Central Park, The Dakota, and Waldorf Astoria while enjoying exceptional access to fitness, shopping, dining, and transit. Skip it if you prefer a quiet, residential neighborhood removed from the high-energy atmosphere of a major tourist and entertainment hub."
136.8,Entire home/apt,4.67,2.0,1.0,1.0,1.0,12.0,False,1.0,1.0,2.0,"Choose this place if you want to be in the center of a vibrant neighborhood with endless dining, nightlife, and transit access at your doorstep. Skip it if you are looking for a quiet retreat with easy access to parks or green space."
193.6,Entire home/apt,4.92,4.0,3.0,2.0,2.0,136.0,False,2.0,2.0,4.0,"Choose this place if you want to be in the center of the action with immediate access to dining, nightlife, and convenient transit. Skip it if you are looking for a quiet, low-energy neighborhood away from the bustle of city life."
255.79,Entire home/apt,4.67,6.0,3.0,2.0,2.0,3.0,False,2.0,2.0,4.0,"Choose this place if you want to be surrounded by endless nightlife, dining, and fitness options. Skip it if you require easy access to public transit or need a pharmacy within quick reach."
387.0,Entire home/apt,4.67,3.0,1.0,1.0,1.0,27.0,False,1.0,1.0,2.0,"Choose this place if you want to be in the heart of the action with immediate access to transit, endless dining, and fitness options. Skip it if you are looking for a quiet, secluded retreat away from the high-energy pace of a busy urban hub."
218.5,Private room,4.68,2.0,1.0,1.0,1.0,34.0,False,1.0,1.0,2.0,"Choose this place if you want immediate access to a wide variety of dining, nightlife, shopping, and fitness options. Skip it if you prioritize proximity to public transit or frequent access to parks and green space."
188.05,Entire home/apt,5.0,2.0,1.0,1.0,1.0,15.0,True,1.0,1.0,2.0,"Choose this place if you want to be in the heart of the action with immediate access to Central Park, world-class museums, and endless dining and nightlife options. Skip it if you are a light sleeper or prefer a quiet, residential atmosphere away from the constant activity of a major tourist hub."
741.0,Private room,4.87,2.0,3.0,2.0,1.0,140.0,True,2.0,1.0,3.0,"Choose this place if you want to be surrounded by abundant parks, diverse dining, nightlife, and cultural attractions. Skip it if you require immediate access to subway transit or expect convenient, nearby pharmacies."
571.43,Entire home/apt,4.63,8.0,3.0,3.0,1.0,46.0,False,3.0,1.0,4.0,"Choose this place if you want to be in the center of the action with immediate access to every convenience, dining option, and transit link. Skip it if you are looking for a quiet, secluded retreat away from the high-energy atmosphere of a bustling urban hub."
684.25,Entire home/apt,4.7,9.0,4.0,3.0,2.0,172.0,True,3.0,2.0,5.0,"Choose this place if you want to be in the heart of a highly active, amenity-rich neighborhood with endless options for dining, shopping, and entertainment right outside your door. Skip it if you are looking for a quiet, residential retreat or a slower pace of life away from the bustle of a dense, tourist-heavy area."
376.87,Entire home/apt,4.6,6.0,4.0,2.0,1.0,5.0,False,2.0,1.0,3.0,"Choose this place if you are a sightseer or culture seeker who wants to be steps away from The High Line, Empire State Building, Central Park, and the Whitney Museum of American Art. Skip it if you rely on the subway for travel or prefer a quiet neighborhood without the bustle of high-density nightlife and entertainment venues."
233.14,Entire home/apt,5.0,2.0,1.0,1.0,1.0,1.0,False,1.0,1.0,2.0,"Choose this place if you want effortless access to daily errands, fitness, and vibrant nightlife right outside your door. Skip it if you prioritize easy access to parks and green space or prefer a quieter residential atmosphere."
323.5,Private room,4.49,2.0,1.0,1.0,1.0,35.0,False,1.0,1.0,2.0,"Choose this place if you want to be surrounded by endless dining, nightlife, and shopping options. Skip it if you prioritize easy access to public transit or proximity to parks and green space."
186.33,Entire home/apt,4.33,4.0,2.0,2.0,1.0,3.0,False,2.0,1.0,3.0,"Choose this place if you want to be in the heart of a vibrant, high-energy neighborhood with endless options for dining, nightlife, and fitness right outside your door. Skip it if you are a light sleeper or prefer a quiet residential setting with easy access to parks and green space."
783.57,Entire home/apt,5.0,6.0,4.0,3.0,2.0,2.0,True,3.0,2.0,5.0,"Choose this place if you want immediate access to a vibrant scene of nightlife, dining, and fitness options. Skip it if you rely on the subway for transportation or require easy access to pharmacies."
195.1,Entire home/apt,4.93,4.0,2.0,1.0,1.0,46.0,False,1.0,1.0,2.0,"Choose this place if you want to be in the heart of the action with immediate access to transit, iconic landmarks like Chelsea Market and The High Line, and an abundance of shops, dining, and entertainment. Skip it if you are looking for a quiet, secluded retreat away from the high-energy atmosphere of a bustling, tourist-heavy neighborhood."
165.2,Entire home/apt,4.73,2.0,1.0,2.0,1.0,11.0,False,2.0,1.0,3.0,"Choose this place if you want to be in the center of the action with immediate access to dining, shopping, nightlife, and transit. Skip it if you are looking for a quiet retreat or proximity to parks and green space."
237.83,Entire home/apt,4.5,4.0,2.0,2.0,1.0,2.0,False,2.0,1.0,3.0,"Choose this place if you want to be in the heart of the action with immediate access to dining, nightlife, entertainment, and transit. Skip it if you prefer a quiet residential environment away from the energy and activity of a bustling urban hub."
539.01,Private room,4.67,2.0,1.0,1.0,1.0,3.0,False,1.0,1.0,2.0,"Choose this place if you want a highly convenient, amenity-rich urban experience with easy access to transit and endless options for dining, culture, and recreation. Skip it if you are looking for a quiet, secluded residential retreat away from the high-energy atmosphere of a bustling, tourist-heavy neighborhood."
188.07,Entire home/apt,4.5,3.0,2.0,2.0,1.0,2.0,False,2.0,1.0,3.0,"Choose this place if you want immediate access to a high concentration of nightlife, dining, and transit options. Skip it if you are a light sleeper or prefer a quiet, residential atmosphere away from constant activity."
161.44,Entire home/apt,4.29,2.0,1.0,1.0,1.0,7.0,False,1.0,1.0,2.0,"Choose this place if you want immediate access to a vibrant social scene, diverse dining, and frequent fitness opportunities. Skip it if you rely on public transportation or require easy access to essential services like pharmacies."
250.75,Entire home/apt,4.33,3.0,1.0,1.0,1.0,3.0,False,1.0,1.0,2.0,"Choose this place if you want to be in the center of the action with immediate access to dining, nightlife, transit, and daily conveniences. Skip it if you are looking for a quiet retreat or proximity to parks and green space."
468.61,Entire home/apt,4.47,6.0,3.0,3.0,1.0,15.0,False,3.0,1.0,4.0,"Choose this place if you want to be in the center of the action with immediate access to dining, nightlife, transit, and daily conveniences. Skip it if you are looking for a quiet retreat or proximity to parks and green space."
403.53,Entire home/apt,5.0,4.0,3.0,2.0,2.0,2.0,False,2.0,2.0,4.0,"Choose this place if you want to be in the heart of the action with immediate access to Central Park, Columbus Circle, and the American Museum of Natural History along with endless dining and transit options. Skip it if you are looking for a quiet, secluded neighborhood experience away from the constant activity of a major urban hub."
334.63,Entire home/apt,4.67,1.0,2.0,2.0,1.0,3.0,False,2.0,1.0,3.0,"Choose this place if you want to be in the heart of the action with immediate access to Central Park, The Dakota, and an abundance of dining, shopping, and transit options. Skip it if you prefer a quiet, residential atmosphere away from the high concentration of entertainment venues and busy city activity."
366.0,Entire home/apt,4.77,3.0,1.0,1.0,1.0,313.0,True,1.0,1.0,2.0,"Choose this place if you want to be in the heart of the action with immediate access to a wide variety of dining, nightlife, entertainment, and transit options. Skip it if you are looking for a quiet, secluded retreat away from the high energy and constant activity of a bustling urban center."
362.5,Entire home/apt,4.81,3.0,1.0,1.0,1.0,63.0,True,1.0,1.0,2.0,"Choose this place if you want to be in the heart of the action with immediate access to dining, nightlife, transit, and daily conveniences. Skip it if you are looking for a quiet retreat with proximity to parks or green space."
564.5,Entire home/apt,4.71,2.0,2.0,2.0,1.0,111.0,False,2.0,1.0,3.0,"Choose this place if you want to be in the heart of a highly active area with endless options for dining, entertainment, and daily conveniences right outside your door. Skip it if you are looking for a quiet, residential retreat away from the constant energy and bustle of a high-traffic urban center."
331.87,Entire home/apt,4.83,2.0,1.0,1.0,1.0,171.0,False,1.0,1.0,2.0,"Choose this place if you want to be surrounded by culture, nightlife, and abundant green space while having easy access to daily essentials like groceries and gyms. Skip it if you are a light sleeper who prefers a quiet environment or if you rely primarily on the subway for getting around the city."
592.73,Entire home/apt,4.83,1.0,1.0,1.0,1.0,6.0,False,1.0,1.0,2.0,"Choose this place if you want to be in the heart of the action with easy access to transit, dining, nightlife, and cultural attractions. Skip it if you are a light sleeper or prefer a quiet, residential neighborhood away from the bustle of a high-traffic tourist and entertainment hub."
85.43,Private room,4.17,2.0,1.0,1.0,1.0,18.0,True,1.0,1.0,2.0,"Choose this place if you want to be in the center of the action with immediate access to dining, nightlife, and transit. Skip it if you are looking for a quiet, residential retreat away from a high-energy, bustling environment."
1490.0,Entire home/apt,4.9,10.0,5.0,4.0,3.0,125.0,True,4.0,3.0,7.0,"Choose this place if you want to be in the center of the action with easy access to transit, dining, nightlife, and abundant green space. Skip it if you are looking for a quiet, residential retreat away from the high concentration of hotels, entertainment venues, and bustling city amenities."
987.33,Entire home/apt,4.66,6.0,3.0,3.0,2.0,41.0,False,3.0,2.0,5.0,"Choose this place if you want immediate access to extensive shopping, dining, transit, and cultural attractions. Skip it if you are looking for a quiet, residential neighborhood away from the high-energy pace of a busy commercial hub."
171.13,Entire home/apt,4.0,3.0,2.0,1.0,1.0,1.0,False,1.0,1.0,2.0,"Choose this place if you want to be in the center of the action with immediate access to every convenience, from dining and nightlife to transit and fitness. Skip it if you are seeking a quiet, residential retreat away from a high-energy, bustling urban environment."
389.71,Entire home/apt,5.0,2.0,1.0,1.0,1.0,12.0,False,1.0,1.0,2.0,"Choose this place if you want to be in the center of the action with immediate access to fitness, culture, dining, and convenient transit. Skip it if you are looking for a quiet, secluded retreat away from a high-energy, amenity-rich neighborhood."
754.5,Entire home/apt,4.89,10.0,6.0,3.0,2.0,9.0,True,3.0,2.0,5.0,"Choose this place if you want to be in the heart of the action with immediate access to dining, nightlife, culture, and transit. Skip it if you are looking for a quiet, secluded retreat away from the high energy and constant activity of a bustling urban center."
410.34,Entire home/apt,5.0,6.0,3.0,3.0,2.0,1.0,False,3.0,2.0,5.0,"Choose this place if you want to be in the center of the action with easy access to dining, nightlife, shopping, and transit. Skip it if you are looking for a quiet retreat or proximity to parks and green space."
69.7,Private room,4.5,1.0,1.0,1.0,4.0,10.0,False,1.0,4.0,5.0,"Choose this place if you want to be in the center of the action with immediate access to dining, nightlife, and convenient transit. Skip it if you are looking for a quiet, secluded retreat away from the high energy and bustle of a dense urban environment."
284.87,Entire home/apt,4.6,4.0,1.0,1.0,1.0,15.0,False,1.0,1.0,2.0,"Choose this place if you want a high-energy stay with immediate access to fitness facilities, diverse dining, and convenient transit options. Skip it if you are looking for a quiet, low-traffic neighborhood or a retreat away from the bustle of city amenities and nightlife."
167.8,Entire home/apt,5.0,3.0,2.0,1.0,1.0,1.0,False,1.0,1.0,2.0,"Choose this place if you want to be in the center of the action with immediate access to fitness, dining, shopping, and transit. Skip it if you are looking for a quiet, secluded retreat away from a high-energy, bustling neighborhood."
212.03,Entire home/apt,4.76,4.0,4.0,2.0,1.0,37.0,False,2.0,1.0,3.0,"Choose this place if you want to be in the center of the action near Central Park and The Dakota with easy access to transit, dining, and fitness facilities. Skip it if you prefer a quiet, residential neighborhood away from the high concentration of shops, hotels, and entertainment venues."
229.79,Entire home/apt,4.74,5.0,3.0,2.0,1.0,34.0,False,2.0,1.0,3.0,"Choose this place if you want a highly convenient, active neighborhood with endless options for dining, nightlife, and fitness right outside your door. Skip it if you are looking for a quiet residential retreat or easy access to outdoor green space."
277.61,Entire home/apt,5.0,5.0,2.0,2.0,1.0,1.0,False,2.0,1.0,3.0,"Choose this place if you want to be in the center of the action with immediate access to culture, dining, nightlife, and convenient transit. Skip it if you are looking for a quiet, secluded retreat away from the high energy and constant activity of a bustling urban hub."
160.85,Entire home/apt,5.0,2.0,1.0,1.0,1.0,1.0,False,1.0,1.0,2.0,"Choose this place if you want to be in the heart of the city's best sightseeing, dining, and entertainment near Central Park. Skip it if you are looking for a quiet, residential neighborhood away from the high concentration of tourist attractions and active nightlife."
137.33,Entire home/apt,4.56,2.0,1.0,1.0,1.0,16.0,False,1.0,1.0,2.0,"Choose this place if you want a high-energy neighborhood packed with dining, nightlife, and convenient daily amenities. Skip it if you are looking for a quiet retreat with access to parks or green space."
236.23,Entire home/apt,4.83,2.0,1.0,1.0,1.0,12.0,True,1.0,1.0,2.0,"Choose this place if you want to be surrounded by museums, parks like The High Line, and endless dining and entertainment options. Skip it if you rely on the subway to get around, as there is no transit nearby."
659.87,Entire home/apt,4.5,6.0,4.0,3.0,2.5,2.0,False,3.0,2.5,5.5,"Choose this place if you want to be in the center of the action with immediate access to every convenience, from fitness facilities and shops to transit and dining. Skip it if you are looking for a quiet, low-traffic neighborhood away from the bustle of city life."
258.74,Entire home/apt,4.85,2.0,1.0,1.0,1.0,59.0,True,1.0,1.0,2.0,"Choose this place if you want to be in the heart of the action with endless options for dining, nightlife, and cultural activities right outside your door. Skip it if you are looking for a quiet, secluded retreat away from the high-energy atmosphere of a bustling urban center."
210.2,Entire home/apt,4.67,4.0,2.0,2.0,1.0,3.0,False,2.0,1.0,3.0,"Choose this place if you want to be in the heart of the action with constant access to dining, entertainment, and transit. Skip it if you require easy access to pharmacies or prefer a quiet neighborhood away from a high-energy nightlife scene."
182.53,Entire home/apt,4.53,6.0,2.0,1.0,1.0,168.0,False,1.0,1.0,2.0,"Choose this place if you want to be surrounded by culture, nightlife, and abundant green space while having all daily conveniences at your doorstep. Skip it if you rely on easy subway access and prefer a location where transit is immediately available."
256.27,Entire home/apt,4.5,3.0,1.0,1.0,1.0,6.0,False,1.0,1.0,2.0,"Choose this place if you want easy access to a high concentration of dining, shopping, fitness facilities, and nightlife options. Skip it if you prefer a neighborhood with abundant parks and green space or a quieter atmosphere."
206.13,Entire home/apt,4.93,2.0,1.0,1.0,1.0,61.0,False,1.0,1.0,2.0,"Choose this place if you want to be steps away from Central Park and The Dakota while enjoying easy transit access and a high concentration of dining, shopping, and fitness options. Skip it if you prefer a quiet, residential neighborhood removed from the high density of hotels, entertainment venues, and tourist-heavy landmarks."
243.37,Entire home/apt,5.0,4.0,2.0,2.0,2.0,3.0,False,2.0,2.0,4.0,"Choose this place if you want constant access to dining, nightlife, and cultural activities right outside your door. Skip it if you are looking for a quiet, residential atmosphere or are sensitive to the noise and activity typical of a busy entertainment district."
206.97,Entire home/apt,4.98,3.0,2.0,2.0,1.0,42.0,True,2.0,1.0,3.0,"Choose this place if you want to be within walking distance of Riverside Park and a high concentration of dining, nightlife, and daily conveniences. Skip it if you prefer a quiet, residential atmosphere away from the bustle of popular entertainment and tourist-heavy landmarks."
360.08,Entire home/apt,4.88,4.0,2.0,1.0,1.0,43.0,True,1.0,1.0,2.0,"Choose this place if you want to be in the center of the action with immediate access to culture, fitness, dining, and convenient transit. Skip it if you are looking for a quiet, secluded retreat away from the high-energy atmosphere of a bustling, amenity-rich neighborhood."
272.94,Entire home/apt,4.99,3.0,3.0,1.0,1.0,74.0,True,1.0,1.0,2.0,"Choose this place if you want to be in the heart of the action with immediate access to endless dining, shopping, and cultural attractions. Skip it if you prefer a quiet, residential neighborhood away from the high-energy atmosphere of a busy, tourist-heavy district."
528.56,Entire home/apt,4.8,4.0,2.0,1.0,1.0,169.0,True,1.0,1.0,2.0,"Choose this place if you want to be in the center of the action with immediate access to culture, fitness, dining, and transit. Skip it if you are looking for a quiet, secluded retreat away from the high-energy, busy nature of a commercial and nightlife-heavy neighborhood."
405.43,Entire home/apt,5.0,2.0,1.0,1.0,1.0,7.0,False,1.0,1.0,2.0,"Choose this place if you want to be in the heart of a highly active neighborhood with constant access to dining, nightlife, and daily conveniences. Skip it if you are a light sleeper or prefer a quiet, residential environment away from the energy of a busy commercial hub."
240.74,Entire home/apt,4.91,3.0,2.0,2.0,1.0,23.0,True,2.0,1.0,3.0,"Choose this place if you want to be surrounded by endless dining, nightlife, entertainment, and cultural attractions near Battery Park. Skip it if you prefer a neighborhood with easy access to pharmacies or if you require a quieter, less bustling environment."
281.15,Entire home/apt,4.33,4.0,1.0,1.0,1.0,3.0,False,1.0,1.0,2.0,"Choose this place if you want to be within walking distance of major attractions like Hudson Yards, The High Line, Central Park, and Chelsea Market while having abundant access to culture, shopping, and nightlife. Skip it if you prefer a quiet, residential neighborhood removed from the high density of tourists, entertainment venues, and bustling city activity."
59.11,Entire home/apt,4.75,1.0,1.0,1.0,1.0,4.0,True,1.0,1.0,2.0,"Choose this place if you want to be in the heart of the action with immediate access to transit, iconic landmarks like Chelsea Market and The High Line, and an endless variety of dining and nightlife options. Skip it if you are looking for a quiet, secluded retreat or a neighborhood that feels removed from the high-energy pace of a busy city center."
59.11,Entire home/apt,5.0,1.0,1.0,1.0,1.0,4.0,True,1.0,1.0,2.0,"Choose this place if you want to be in the heart of the action with immediate access to transit, dining, and iconic landmarks like Chelsea Market and The High Line. Skip it if you are looking for a quiet, secluded retreat away from a high-energy, bustling urban environment."
58.12,Entire home/apt,5.0,1.0,1.0,1.0,1.0,5.0,True,1.0,1.0,2.0,"Choose this place if you want to be in the heart of the action with immediate access to transit, dining, and iconic landmarks like Chelsea Market and The High Line. Skip it if you are seeking a quiet, residential atmosphere away from the bustle of constant entertainment and nightlife."
642.9,Entire home/apt,5.0,2.0,1.0,1.0,1.0,13.0,False,1.0,1.0,2.0,"Choose this place if you want to be in the heart of a vibrant neighborhood with endless options for dining, nightlife, and recreation right outside your door. Skip it if you prefer a quiet residential atmosphere or require easy access to pharmacies and everyday essentials within the immediate vicinity."
1042.48,Entire home/apt,4.6,8.0,3.0,3.0,2.0,109.0,True,3.0,2.0,5.0,"Choose this place if you want to be in a highly active area with immediate access to fitness facilities, cultural attractions, green spaces, and a full range of daily conveniences. Skip it if you prefer a quiet, low-traffic neighborhood away from the hustle of a busy, amenity-rich urban hub."
160.75,Entire home/apt,4.0,3.0,1.0,1.0,1.0,1.0,False,1.0,1.0,2.0,"Choose this place if you want to be in the center of the action with easy access to dining, shopping, and entertainment. Skip it if you are a light sleeper or prefer a quiet residential atmosphere away from the city's nightlife and crowds."
1028.0,Private room,4.89,6.0,2.0,3.0,2.0,160.0,True,3.0,2.0,5.0,"Choose this place if you want to be in the heart of the action with immediate access to culture, dining, and transit. Skip it if you are looking for a quiet, residential neighborhood away from the bustle of city life."
348.0,Entire home/apt,4.81,6.0,2.0,2.0,1.0,279.0,True,2.0,1.0,3.0,"Choose this place if you want to be steps away from the Chrysler Building and surrounded by an abundance of dining, transit, and cultural attractions. Skip it if you prefer a quiet, residential neighborhood away from the high concentration of nightlife and tourist-focused amenities."
193.6,Entire home/apt,4.5,3.0,1.0,1.0,1.0,8.0,False,1.0,1.0,2.0,"Choose this place if you want to be in the center of the action with immediate access to dining, shopping, and entertainment. Skip it if you are looking for a quiet, residential atmosphere or are sensitive to the noise that accompanies a high-energy nightlife district."
250.63,Entire home/apt,4.91,3.0,2.0,1.0,1.0,23.0,True,1.0,1.0,2.0,"Choose this place if you want to be in the heart of the action with immediate access to Central Park, diverse dining, and excellent transit connections. Skip it if you prefer a quiet, low-traffic neighborhood, as the high concentration of nightlife and entertainment venues creates a busy, high-energy environment."
206.5,Entire home/apt,4.0,2.0,1.0,1.0,1.0,1.0,False,1.0,1.0,2.0,"Choose this place if you want to be steps away from Central Park and enjoy having an abundance of dining, nightlife, and transit options right at your doorstep. Skip it if you are looking for a quiet, secluded neighborhood away from the high-energy atmosphere of a bustling, amenity-rich urban hub."
208.01,Entire home/apt,4.67,4.0,2.0,1.0,1.0,9.0,False,1.0,1.0,2.0,"Choose this place if you want to be in the center of the action with endless dining, shopping, and nightlife options right outside your door. Skip it if you are a light sleeper or prefer a quiet residential environment away from the constant activity of a high-traffic neighborhood."
310.87,Private room,5.0,1.0,1.0,2.0,1.5,10.0,False,2.0,1.5,3.5,"Choose this place if you want to be in the center of the action with easy access to transit, dining, nightlife, and the American Museum of Natural History. Skip it if you are looking for a quiet, low-energy neighborhood away from the bustle of city life."
209.9,Entire home/apt,4.91,4.0,2.0,1.0,1.0,23.0,True,1.0,1.0,2.0,"Choose this place if you want immediate access to vibrant nightlife, diverse dining, and abundant fitness and shopping options. Skip it if you are looking for nearby green space or a quiet neighborhood setting."
210.57,Entire home/apt,5.0,3.0,2.0,2.0,1.0,8.0,True,2.0,1.0,3.0,"Choose this place if you want to be surrounded by an abundance of dining, nightlife, shopping, and fitness options. Skip it if you prefer easy access to public transit or need a pharmacy within close reach."
190.0,Private room,4.59,2.0,2.0,1.0,1.0,118.0,False,1.0,1.0,2.0,"Choose this place if you want to be at the center of the action with easy access to Chelsea Market, The High Line, and a high concentration of dining, nightlife, and transit. Skip it if you are looking for a quiet, secluded retreat away from the bustle of a highly active and commercial neighborhood."
174.0,Private room,4.39,2.0,2.0,1.0,1.0,494.0,False,1.0,1.0,2.0,"Choose this place if you want to be in the heart of the action with easy access to Chelsea Market, The High Line, and endless options for dining, nightlife, and transit. Skip it if you are looking for a quiet, secluded retreat away from a busy, high-energy urban environment."
170.0,Private room,4.64,2.0,2.0,1.0,1.0,194.0,False,1.0,1.0,2.0,"Choose this place if you want to be in the heart of the action with easy access to transit, popular attractions like Chelsea Market and The High Line, and an abundance of dining, nightlife, and fitness options. Skip it if you are looking for a quiet, secluded retreat away from the high-energy atmosphere of a bustling, amenity-rich neighborhood."
203.0,Private room,4.54,2.0,2.0,1.0,1.0,454.0,False,1.0,1.0,2.0,"Choose this place if you want to be in the heart of the action near Chelsea Market and The High Line with easy access to transit, dining, and nightlife. Skip it if you prefer a quiet, low-energy neighborhood away from the bustle of a highly active entertainment and commercial hub."
477.5,Entire home/apt,4.95,2.0,1.0,1.0,1.0,80.0,False,1.0,1.0,2.0,"Choose this place if you are a sightseer or culture seeker who wants to be surrounded by museums, dining, and The High Line. Skip it if you rely on public transportation or prefer a neighborhood with easy subway access."
214.0,Private room,4.45,2.0,2.0,1.0,1.0,219.0,False,1.0,1.0,2.0,"Choose this place if you want to be in the heart of the action with easy access to transit, popular attractions like Chelsea Market and The High Line, and an abundance of dining, nightlife, and fitness options. Skip it if you are looking for a quiet, secluded retreat away from the high-energy atmosphere of a bustling, amenity-rich neighborhood."
264.0,Private room,4.72,2.0,2.0,1.0,1.0,111.0,False,1.0,1.0,2.0,"Choose this place if you want to be in the heart of the action near Chelsea Market and The High Line with easy access to transit, dining, and nightlife. Skip it if you prefer a quiet, residential neighborhood away from the constant activity and high density of entertainment venues."
236.73,Entire home/apt,4.83,4.0,2.0,2.0,1.0,12.0,False,2.0,1.0,3.0,"Choose this place if you want to be in the heart of the action with immediate access to culture, transit, and every daily convenience. Skip it if you prefer a quiet, residential neighborhood away from the high density of nightlife, tourists, and city activity."
444.7,Entire home/apt,4.93,4.0,3.0,2.0,2.0,14.0,True,2.0,2.0,4.0,"Choose this place if you want to be in the heart of the action with immediate access to transit, iconic landmarks like Riverside Park and the Waldorf Astoria, and endless options for dining, nightlife, and fitness. Skip it if you are looking for a quiet, secluded retreat away from the high-energy, bustling environment of a major urban hub."
503.31,Entire home/apt,4.89,2.0,2.0,1.0,1.0,72.0,False,1.0,1.0,2.0,"Choose this place if you are a sightseer who wants easy access to Central Park, The Frick Collection, and a high concentration of cultural and retail amenities. Skip it if you prefer a quiet, residential atmosphere away from the bustle of major tourist attractions and high-traffic transit hubs."
225.0,Private room,4.62,2.0,3.0,1.0,1.0,63.0,False,1.0,1.0,2.0,"Choose this place if you want to be in the heart of the action with immediate access to Chelsea Market, The High Line, and a vast array of dining, nightlife, and transit options. Skip it if you are looking for a quiet, secluded retreat away from the high-energy atmosphere of a bustling, amenity-rich neighborhood."
159.76,Private room,4.5,2.0,1.0,1.0,1.0,105.0,False,1.0,1.0,2.0,"Choose this place if you want a highly convenient, active neighborhood with immediate access to dining, fitness, and cultural attractions. Skip it if you prefer a quiet, residential atmosphere away from a bustling nightlife and commercial scene."
674.0,Entire home/apt,5.0,10.0,5.0,2.0,1.0,3.0,False,2.0,1.0,3.0,"Choose this place if you want to be in the center of the action with immediate access to transit, famous landmarks like Riverside Park and the Waldorf Astoria, and endless options for dining, nightlife, and fitness. Skip it if you are looking for a quiet, secluded retreat away from the high-energy atmosphere of a bustling, amenity-rich neighborhood."
111.0,Private room,2.0,1.0,1.0,1.0,1.0,2.0,False,1.0,1.0,2.0,"Choose this place if you want to be surrounded by culture, nightlife, and abundant green space with every convenience at your doorstep. Skip it if you rely heavily on the subway and need quick, easy access to public transit."
211.57,Entire home/apt,4.87,3.0,1.0,1.0,1.0,15.0,True,1.0,1.0,2.0,"Choose this place if you want to be in the center of the action with constant access to dining, nightlife, transit, and daily conveniences. Skip it if you are looking for a quiet retreat with proximity to parks and green space."
362.03,Entire home/apt,5.0,2.0,1.0,1.0,1.0,19.0,False,1.0,1.0,2.0,"Choose this place if you are a sightseer who wants to be surrounded by culture, shopping, and green space. Skip it if you prefer a quiet residential area away from the high concentration of landmarks and tourist activity."
65.89,Entire home/apt,4.0,1.0,1.0,1.0,1.0,1.0,True,1.0,1.0,2.0,"Choose this place if you want to be in the heart of the action with immediate access to Chelsea Market, The High Line, and endless options for dining, nightlife, and transit. Skip it if you are looking for a quiet, secluded retreat away from the high-energy atmosphere of a bustling, tourist-heavy neighborhood."
179.85,Entire home/apt,4.86,2.0,1.0,1.0,1.0,14.0,True,1.0,1.0,2.0,"Choose this place if you want a high-energy stay with immediate access to fitness facilities, diverse dining, and cultural attractions. Skip it if you prefer a quiet, residential atmosphere away from the bustle of nightlife and busy commercial activity."
307.0,Entire home/apt,4.69,3.0,1.0,1.0,1.0,253.0,True,1.0,1.0,2.0,"Choose this place if you want to be in the center of the action with endless options for dining, nightlife, and culture right outside your door. Skip it if you are a light sleeper or prefer a quiet, residential neighborhood away from the constant activity of a busy urban hub."
59.11,Entire home/apt,5.0,1.0,1.0,1.0,1.0,1.0,True,1.0,1.0,2.0,"Choose this place if you want to be in the heart of the action with immediate access to The High Line, Chelsea Market, and endless options for dining, transit, and entertainment. Skip it if you are looking for a quiet, secluded retreat away from the high-energy atmosphere of a bustling, tourist-heavy neighborhood."
263.08,Entire home/apt,4.5,3.0,1.0,1.0,1.0,4.0,False,1.0,1.0,2.0,"Choose this place if you want to be in the center of the action with immediate access to landmarks like Waldorf Astoria and Riverside Park, as well as abundant dining, nightlife, and transit options. Skip it if you are seeking a quiet, residential retreat away from the high-energy atmosphere of a bustling, amenity-rich neighborhood."
252.0,Private room,4.95,1.0,1.0,1.0,1.0,157.0,True,1.0,1.0,2.0,"Choose this place if you want constant access to dining, nightlife, entertainment, and outdoor activities. Skip it if you are a light sleeper or require immediate access to a pharmacy."
202.43,Entire home/apt,4.91,2.0,1.0,1.0,1.0,266.0,True,1.0,1.0,2.0,"Choose this place if you want to be in the heart of the action with immediate access to transit, dining, and fitness options. Skip it if you prefer a quiet residential neighborhood away from the high-density crowds and bustling commercial activity."
168.61,Entire home/apt,5.0,2.0,1.0,1.0,1.0,4.0,True,1.0,1.0,2.0,"Choose this place if you want effortless access to transit, cultural institutions, and a wide variety of daily conveniences right outside your door. Skip it if you prefer a secluded or residential atmosphere away from the high-traffic activity of a major urban hub."
282.4,Entire home/apt,4.78,5.0,3.0,2.0,1.0,94.0,False,2.0,1.0,3.0,"Choose this place if you want to be steps away from the American Museum of Natural History and Riverside Park while enjoying immediate access to extensive dining, nightlife, and transit options. Skip it if you are seeking a quiet, residential retreat away from the high energy and constant activity of a bustling, tourist-focused neighborhood."
516.8,Entire home/apt,5.0,8.0,4.0,4.0,4.5,41.0,True,4.0,4.5,8.5,"Choose this place if you want constant access to dining, nightlife, and active entertainment options right outside your door. Skip it if you are a light sleeper or prefer a quiet, residential atmosphere away from a high-energy social scene."
132.38,Entire home/apt,4.48,4.0,2.0,2.0,1.0,25.0,True,2.0,1.0,3.0,"Choose this place if you want to be surrounded by endless dining, nightlife, and cultural options right outside your door. Skip it if you are looking for a quiet, residential retreat away from the constant activity and bustle of a high-traffic neighborhood."
237.28,Entire home/apt,2.67,4.0,2.0,2.0,1.0,3.0,False,2.0,1.0,3.0,"Choose this place if you want a highly convenient, active lifestyle with immediate access to fitness facilities, abundant dining, and excellent transit options. Skip it if you are looking for a quiet, secluded retreat away from the hustle of a busy, amenity-rich neighborhood."
175.2,Entire home/apt,5.0,2.0,1.0,1.0,1.0,5.0,True,1.0,1.0,2.0,"Choose this place if you want to be in the center of the action with endless dining, nightlife, and shopping options right outside your door. Skip it if you are looking for a quiet, residential retreat away from the constant activity and bustle of a high-traffic neighborhood."
224.81,Entire home/apt,4.92,2.0,1.0,1.0,1.0,12.0,True,1.0,1.0,2.0,"Choose this place if you want to be in the center of a vibrant neighborhood with endless options for dining, nightlife, and shopping right outside your door. Skip it if you are looking for a quiet, residential retreat away from the constant activity and bustle of a high-traffic area."
1272.78,Entire home/apt,5.0,6.0,4.0,3.0,2.5,5.0,True,3.0,2.5,5.5,"Choose this place if you want to be in the heart of the action with immediate access to Columbus Circle, Central Park, American Museum of Natural History, and Lincoln Center alongside abundant dining, shopping, and transit. Skip it if you prefer a quiet, residential neighborhood away from the high concentration of nightlife, entertainment venues, and tourist-heavy landmarks."
245.97,Entire home/apt,5.0,2.0,1.0,1.0,1.0,1.0,False,1.0,1.0,2.0,"Choose this place if you want to be in the center of the action near Hudson Yards and The High Line with endless options for dining, shopping, and transit at your doorstep. Skip it if you require easy access to pharmacies or prefer a neighborhood with fewer crowds and entertainment venues."
182.17,Entire home/apt,5.0,2.0,1.0,1.0,1.0,1.0,False,1.0,1.0,2.0,"Choose this place if you want to be in the heart of the action with immediate access to Central Park, endless dining, nightlife, and convenient transit. Skip it if you prefer a quiet, low-energy neighborhood away from the constant activity and crowds of a highly developed area."
133.72,Entire home/apt,2.0,2.0,1.0,1.0,1.0,1.0,False,1.0,1.0,2.0,"Choose this place if you want a highly convenient neighborhood with endless options for dining, nightlife, and fitness right outside your door. Skip it if you are looking for a quiet, residential retreat or prefer to avoid the busy, high-energy atmosphere of a commercial hub."
130.9,Entire home/apt,5.0,2.0,1.0,1.0,1.0,9.0,True,1.0,1.0,2.0,"Choose this place if you want to be in the center of a vibrant neighborhood with endless options for dining, nightlife, and culture right outside your door. Skip it if you are a light sleeper or prefer a quiet residential environment away from constant activity."
296.67,Private room,4.71,3.0,2.0,2.0,1.0,21.0,False,2.0,1.0,3.0,"Choose this place if you want to be surrounded by world-class culture, abundant green space, and endless dining and entertainment options. Skip it if you prefer a quiet, residential atmosphere away from the high energy and frequent activity of a popular tourist destination."
375.09,Entire home/apt,5.0,2.0,1.0,1.0,1.0,11.0,False,1.0,1.0,2.0,"Choose this place if you are a sightseer who wants to be steps away from The Metropolitan Museum of Art and Central Park with easy access to transit and cultural institutions. Skip it if you prioritize having convenient, everyday grocery shopping right outside your door."
89.15,Entire home/apt,4.8,1.0,1.0,1.0,1.0,5.0,True,1.0,1.0,2.0,"Choose this place if you want to be in the center of the action with immediate access to Chelsea Market, The High Line, and endless options for dining, transit, and entertainment. Skip it if you prefer a quiet, residential atmosphere away from the constant activity and crowds of a high-energy tourist and nightlife hub."
59.11,Entire home/apt,4.8,1.0,1.0,1.0,1.0,5.0,True,1.0,1.0,2.0,"Choose this place if you want to be in the heart of the action with immediate access to Chelsea Market, The High Line, and endless dining and transit options. Skip it if you are looking for a quiet, low-energy neighborhood away from the crowds and nightlife."
1627.73,Entire home/apt,5.0,8.0,4.0,4.0,4.5,1.0,True,4.0,4.5,8.5,"Choose this place if you want easy access to abundant green space, cultural sights, and a vibrant nightlife scene. Skip it if you require quick access to pharmacies or prefer a location with fewer commercial amenities."
249.81,Entire home/apt,3.5,3.0,1.0,1.0,1.0,2.0,False,1.0,1.0,2.0,"Choose this place if you want to be in the heart of the action with immediate access to landmarks like the Waldorf Astoria and Riverside Park, along with an abundance of dining, nightlife, and transit options. Skip it if you are looking for a quiet, secluded retreat away from the high-energy atmosphere of a bustling, amenity-rich neighborhood."
258.14,Entire home/apt,4.4,3.0,1.0,1.0,1.0,5.0,False,1.0,1.0,2.0,"Choose this place if you want to be in the center of the action near Waldorf Astoria and Riverside Park with easy access to transit, dining, and fitness options. Skip it if you prefer a quiet, low-energy neighborhood away from the bustle of constant entertainment and nightlife."
740.0,Entire home/apt,4.93,2.0,1.0,1.0,1.0,42.0,True,1.0,1.0,2.0,"Choose this place if you want to be in the heart of a vibrant, high-energy neighborhood with endless options for dining, shopping, and nightlife right outside your door. Skip it if you are a light sleeper or prefer a quiet, residential atmosphere away from the constant activity and crowds of a busy urban center."
112.28,Entire home/apt,5.0,4.0,2.0,2.0,2.0,1.0,False,2.0,2.0,4.0,"Choose this place if you want to be in the center of the action with easy access to dining, nightlife, and cultural attractions. Skip it if you are looking for a quiet, residential neighborhood away from the bustle of a high-traffic area."
238.83,Entire home/apt,4.7,2.0,2.0,1.0,1.0,40.0,False,1.0,1.0,2.0,"Choose this place if you want to be steps away from Central Park, The Dakota, and Lincoln Center while enjoying easy access to transit, dining, and fitness options. Skip it if you prefer to have a grocery store nearby or are looking for a quieter neighborhood experience."
87.77,Private room,4.94,1.0,1.0,1.0,1.0,17.0,False,1.0,1.0,2.0,"Choose this place if you are a sightseer who wants to be surrounded by South Street Seaport, museums, dining, and nightlife. Skip it if you prioritize easy subway access or require frequent public transit to get around the city."
224.77,Entire home/apt,4.5,2.0,1.0,1.0,1.0,2.0,False,1.0,1.0,2.0,"Choose this place if you want to be in the heart of a vibrant, high-energy neighborhood with endless options for dining, nightlife, and entertainment right outside your door. Skip it if you are a light sleeper or prefer a quiet residential atmosphere away from the bustle of a busy commercial area."
585.78,Private room,4.64,3.0,2.0,1.0,1.0,14.0,False,1.0,1.0,2.0,"Choose this place if you are a sightseer or active traveler who wants to be surrounded by top-tier entertainment, dining, and fitness options near Riverside Park and the Waldorf Astoria. Skip it if you prefer a quiet, residential atmosphere away from the high-energy density of a bustling, tourist-heavy district."
181.95,Entire home/apt,5.0,2.0,2.0,1.0,1.0,11.0,False,1.0,1.0,2.0,"Choose this place if you want a high-energy neighborhood with immediate access to dining, nightlife, and fitness facilities. Skip it if you are looking for a quiet, residential retreat away from the bustle of constant activity."
1248.0,Entire home/apt,5.0,5.0,3.0,2.0,2.0,41.0,False,2.0,2.0,4.0,"Choose this place if you want to be in the heart of the action with easy access to dining, transit, and recreation. Skip it if you need immediate access to pharmacies or prefer a quiet neighborhood away from high-energy nightlife and entertainment."
272.87,Entire home/apt,5.0,3.0,1.0,1.0,1.0,2.0,False,1.0,1.0,2.0,"Choose this place if you want to be in the heart of the action with endless options for dining, nightlife, and cultural exploration right outside your door. Skip it if you are looking for a quiet, residential retreat away from the high-energy atmosphere of a bustling, amenity-rich neighborhood."
59.11,Entire home/apt,5.0,1.0,1.0,1.0,1.0,2.0,True,1.0,1.0,2.0,"Choose this place if you want to be in the heart of the action near The High Line, Chelsea Market, and Hudson Yards with immediate access to transit and endless options for dining, shopping, and entertainment. Skip it if you are looking for a quiet, secluded retreat away from the high-energy atmosphere of a bustling, amenity-rich neighborhood."
1066.68,Entire home/apt,4.64,6.0,3.0,1.0,1.0,107.0,False,1.0,1.0,2.0,"Choose this place if you want to be in the heart of the action with immediate access to dining, nightlife, shopping, and fitness options. Skip it if you are a light sleeper or prefer a quiet residential environment away from a high-energy, bustling neighborhood."
850.0,Entire home/apt,4.81,7.0,3.0,3.0,1.0,75.0,True,3.0,1.0,4.0,"Choose this place if you are an active traveler who wants to be steps away from Riverside Park, major transit, and a high concentration of dining, shopping, and fitness options. Skip it if you prefer a quiet, residential neighborhood away from the busy atmosphere of hotels and entertainment venues."
200.26,Entire home/apt,4.44,3.0,2.0,2.0,1.0,9.0,False,2.0,1.0,3.0,"Choose this place if you want to be surrounded by an abundance of daily conveniences, dining, and cultural activities. Skip it if you prefer a quiet residential area away from the energy of a highly active, commercial neighborhood."
540.92,Entire home/apt,4.86,4.0,2.0,2.0,1.5,319.0,True,2.0,1.5,3.5,"Choose this place if you are a sightseer or culture seeker who wants to be surrounded by museums, parks like Washington Square Park, and endless dining and entertainment options. Skip it if you rely on the subway for your daily commute or prefer a location with easy transit access."
240.0,Hotel room,2.0,2.0,1.0,1.0,1.0,2.0,False,1.0,1.0,2.0,"Choose this place if you want to be surrounded by iconic landmarks like Central Park and The Dakota while enjoying easy access to abundant dining, entertainment, and fitness facilities. Skip it if you prefer having a grocery store nearby or require convenient access to daily essentials within immediate walking distance."
369.67,Entire home/apt,4.44,4.0,2.0,2.0,1.0,16.0,False,2.0,1.0,3.0,"Choose this place if you want a highly convenient, active lifestyle with immediate access to fitness facilities, cultural institutions, and abundant transit options. Skip it if you are looking for a secluded or quiet residential retreat, as the high density of amenities and transit activity suggests a busy, bustling environment."
246.77,Entire home/apt,5.0,4.0,2.0,2.0,1.0,1.0,False,2.0,1.0,3.0,"Choose this place if you want to be in the heart of the city's vibrant dining, nightlife, and cultural scene. Skip it if you prioritize easy subway access or rely heavily on public transit to get around."
311.0,Entire home/apt,5.0,4.0,2.0,2.0,3.0,8.0,False,2.0,3.0,5.0,"Choose this place if you want to be surrounded by endless dining, nightlife, and fitness options. Skip it if you prefer the convenience of having grocery stores and pharmacies within easy reach."
328.93,Private room,4.91,2.0,1.0,2.0,1.0,127.0,False,2.0,1.0,3.0,"Choose this place if you want to be surrounded by endless dining, nightlife, and cultural attractions. Skip it if you prefer quick, easy access to the subway and rely on public transit to get around."
94.03,Shared room,4.87,1.0,2.0,1.0,1.0,23.0,False,1.0,1.0,2.0,"Choose this place if you want to be steps away from Lincoln Center and enjoy easy access to top-tier entertainment, dining, and transit. Skip it if you prefer a quiet, low-traffic neighborhood rather than a bustling area defined by its high concentration of landmarks and active venues."
268.0,Private room,4.43,2.0,1.0,1.0,1.0,23.0,False,1.0,1.0,2.0,"Choose this place if you want to be in the center of the action with easy access to transit, dining, and nightlife. Skip it if you are looking for a quiet retreat with plenty of nearby parks and green space."
868.0,Entire home/apt,5.0,4.0,1.0,1.0,1.0,13.0,True,1.0,1.0,2.0,"Choose this place if you want a vibrant, amenity-rich neighborhood with plenty of dining, nightlife, and green space right outside your door. Skip it if you are looking for a quiet, secluded retreat away from the activity of a bustling, high-traffic area."
283.93,Entire home/apt,4.94,6.0,3.0,2.0,1.0,134.0,True,2.0,1.0,3.0,"Choose this place if you want constant access to dining, nightlife, and cultural activities right outside your door. Skip it if you are looking for a quiet retreat with easy access to parks and green space."
3318.53,Entire home/apt,4.75,9.0,3.0,2.0,2.5,8.0,False,2.0,2.5,4.5,"Choose this place if you want to be in the heart of the action with immediate access to major landmarks like Waldorf Astoria and Riverside Park, extensive transit options, and a high concentration of dining, fitness, and entertainment venues. Skip it if you prefer a secluded or quiet residential environment away from the high-energy atmosphere of a bustling, tourist-heavy district."
188.96,Entire home/apt,2.67,2.0,1.0,1.0,1.0,3.0,False,1.0,1.0,2.0,"Choose this place if you want to be in the heart of the action with immediate access to Central Park, transit, and abundant dining and entertainment options. Skip it if you are a light sleeper or prefer a quiet, residential atmosphere away from the bustle of a high-traffic, tourist-heavy area."
170.38,Entire home/apt,4.83,2.0,1.0,1.0,1.0,12.0,True,1.0,1.0,2.0,"Choose this place if you want to be in the center of a vibrant neighborhood with endless options for dining, shopping, and fitness right outside your door. Skip it if you are a light sleeper or prefer a quiet, residential atmosphere away from a busy nightlife scene."
100.04,Entire home/apt,4.85,2.0,1.0,1.0,1.0,20.0,False,1.0,1.0,2.0,"Choose this place if you want to be steps away from an active lifestyle, diverse dining, and cultural attractions. Skip it if you require easy access to public transit or need convenient, nearby pharmacies for daily essentials."
195.27,Entire home/apt,4.13,4.0,2.0,1.0,1.0,8.0,False,1.0,1.0,2.0,"Choose this place if you want to be in a highly active neighborhood with immediate access to fitness facilities, abundant green space, and a wide variety of dining and cultural options. Skip it if you prefer a quiet, low-traffic environment away from the bustle of a dense commercial and nightlife hub."
255.9,Entire home/apt,4.89,2.0,2.0,1.0,1.0,9.0,False,1.0,1.0,2.0,"Choose this place if you are a sightseer or culture seeker who wants to be surrounded by museums, parks, and endless dining options. Skip it if you need quick, convenient access to pharmacies or prefer a quieter, less tourist-heavy environment."
165.93,Entire home/apt,4.95,3.0,2.0,1.0,1.0,19.0,True,1.0,1.0,2.0,"Choose this place if you want a highly convenient, vibrant neighborhood with easy access to transit, dining, and green space. Skip it if you prefer a quiet, residential atmosphere away from the bustle of a busy, nightlife-heavy area."
173.95,Entire home/apt,4.61,2.0,2.0,1.0,1.0,114.0,True,1.0,1.0,2.0,"Choose this place if you want immediate access to a wide variety of amenities, transit, and Central Park. Skip it if you prefer a quiet, residential neighborhood away from the high concentration of hotels, entertainment, and busy city life."
277.26,Entire home/apt,5.0,2.0,1.0,1.0,1.0,1.0,False,1.0,1.0,2.0,"Choose this place if you want to be in the heart of the action with immediate access to Hudson Yards, The High Line, and a dense concentration of dining, nightlife, and transit. Skip it if you are looking for a quiet, residential neighborhood away from the constant activity and crowds of a major tourist hub."
200.0,Private room,4.91,2.0,1.0,1.0,1.0,99.0,True,1.0,1.0,2.0,"Choose this place if you want to be in the heart of the action with immediate access to dining, nightlife, transit, and cultural attractions. Skip it if you prefer a quiet, residential atmosphere away from the energy and density of a highly active city hub."
310.26,Entire home/apt,5.0,6.0,3.0,3.0,2.0,1.0,False,3.0,2.0,5.0,"Choose this place if you want a highly convenient, action-packed neighborhood with immediate access to transit, dining, and daily essentials. Skip it if you are looking for a quiet, residential retreat away from the high-energy pace of a busy urban hub."
173.57,Entire home/apt,4.88,2.0,1.0,1.0,1.0,57.0,True,1.0,1.0,2.0,"Choose this place if you want to be in the heart of the action with immediate access to dining, nightlife, entertainment, and landmarks like Riverside Park and the Waldorf Astoria. Skip it if you are looking for a quiet, residential retreat away from the high-energy, bustling atmosphere of a dense commercial hub."
213.5,Entire home/apt,4.75,4.0,2.0,2.0,1.0,12.0,False,2.0,1.0,3.0,"Choose this place if you want easy access to abundant green space, cultural attractions, and a wide variety of daily conveniences. Skip it if you prefer a neighborhood that is not heavily populated with hotels and tourist-focused amenities."
20.57,Shared room,5.0,1.0,2.0,1.0,1.0,2.0,False,1.0,1.0,2.0,"Choose this place if you prioritize easy access to dining, nightlife, and shopping and value having multiple pharmacies nearby. Skip it if you require proximity to subway lines or are looking for a neighborhood with abundant parks and green space."
248.9,Entire home/apt,4.75,3.0,1.0,2.0,1.0,8.0,False,2.0,1.0,3.0,"Choose this place if you want to be within walking distance of extensive dining, nightlife, and cultural attractions. Skip it if you prioritize easy access to public transportation or require frequent subway travel."
110.8,Entire home/apt,5.0,2.0,1.0,1.0,1.0,1.0,True,1.0,1.0,2.0,"Choose this place if you want to be in the center of the action with easy access to dining, nightlife, and cultural sites. Skip it if you are a light sleeper or prefer a quiet, residential atmosphere away from a high-energy environment."
1600.14,Entire home/apt,5.0,14.0,6.0,6.0,4.5,35.0,True,6.0,4.5,10.5,"Choose this place if you want easy access to transit, shopping, dining, and cultural attractions. Skip it if you prioritize having a park or green space nearby."
248.9,Entire home/apt,5.0,5.0,3.0,3.0,1.0,1.0,False,3.0,1.0,4.0,"Choose this place if you want immediate access to abundant dining, nightlife, and cultural attractions. Skip it if you prioritize convenient subway access or require a quiet environment away from active entertainment venues."
492.58,Entire home/apt,4.0,6.0,2.0,2.0,2.0,1.0,False,2.0,2.0,4.0,"Choose this place if you want to be surrounded by world-class culture, dining, and nightlife within walking distance. Skip it if you rely heavily on the subway or prefer a location with easy access to public transit."
82.96,Private room,4.83,1.0,1.0,2.0,1.0,6.0,True,2.0,1.0,3.0,"Choose this place if you want immediate access to transit, diverse dining, and a vibrant nightlife scene. Skip it if you prefer a quiet residential atmosphere or require a wide selection of nearby hotels."
337.4,Entire home/apt,4.5,2.0,2.0,2.0,1.0,2.0,False,2.0,1.0,3.0,"Choose this place if you want a highly convenient, amenity-rich urban experience with easy access to transit, dining, and cultural attractions. Skip it if you prefer a secluded or quiet neighborhood away from the bustle of a major commercial and tourist hub."
230.3,Entire home/apt,5.0,2.0,1.0,1.0,1.0,11.0,False,1.0,1.0,2.0,"Choose this place if you want to be in the heart of the action with immediate access to sightseeing, culture, parks, and convenient transit. Skip it if you are looking for a secluded or quiet residential neighborhood away from the bustle of a highly active urban center."
147.5,Entire home/apt,4.55,2.0,1.0,1.0,1.0,20.0,True,1.0,1.0,2.0,"Choose this place if you want to be surrounded by abundant green space, dining, and nightlife options. Skip it if you are a light sleeper who prefers a quiet environment away from active social scenes."
46.47,Private room,4.0,2.0,1.0,1.0,1.0,1.0,False,1.0,1.0,2.0,"Choose this place if you prioritize convenient access to daily essentials like groceries, pharmacies, and a variety of dining and shopping options. Skip it if you are looking for proximity to cultural attractions like museums and galleries."
738.34,Entire home/apt,4.46,7.0,3.0,3.0,2.0,41.0,False,3.0,2.0,5.0,"Choose this place if you prioritize convenient access to daily essentials, fitness facilities, and diverse dining options. Skip it if you prefer a quiet, residential atmosphere away from the bustle of high-density commercial activity."
344.0,Entire home/apt,5.0,4.0,1.0,1.0,1.0,4.0,True,1.0,1.0,2.0,"Choose this place if you are a sightseer who wants to be surrounded by museums, nightlife, and Central Park. Skip it if you prefer the convenience of having grocery stores nearby or require a quiet environment."
470.5,Private room,5.0,6.0,3.0,3.0,1.5,117.0,False,3.0,1.5,4.5,"Choose this place if you want easy access to late-night dining, shopping, and pharmacies. Skip it if you are relying on public transit, prefer proximity to major landmarks and parks, or want a quiet area away from active nightlife."
128.49,Entire home/apt,4.76,6.0,5.0,2.0,1.5,179.0,True,2.0,1.5,3.5,"Choose this place if you prioritize easy access to daily essentials, groceries, and a vibrant dining and nightlife scene. Skip it if you are looking for proximity to cultural institutions like museums and galleries or prefer a quieter residential environment."
73.6,Private room,5.0,2.0,1.0,1.0,2.0,3.0,True,1.0,2.0,3.0,"Choose this place if you want easy access to late-night dining, shopping, and pharmacies. Skip it if you are relying on public transit or looking for proximity to parks, museums, and major landmarks."
276.97,Entire home/apt,4.7,3.0,2.0,2.0,1.0,44.0,False,2.0,1.0,3.0,"Choose this place if you want to be in the center of the action with immediate access to dining, nightlife, and convenient transit. Skip it if you are looking for a quiet, secluded retreat away from a busy, high-energy neighborhood."
2006.2,Entire home/apt,4.97,6.0,4.0,2.0,2.0,183.0,False,2.0,2.0,4.0,"Choose this place if you want to be in the center of the action with easy access to transit, dining, nightlife, and green space. Skip it if you require convenient access to pharmacies or prefer a neighborhood with fewer entertainment venues and hotels."
723.51,Entire home/apt,4.73,8.0,4.0,4.0,1.0,33.0,False,4.0,1.0,5.0,"Choose this place if you want effortless access to daily conveniences, diverse dining, and reliable transit options. Skip it if you are looking for a quiet, residential neighborhood removed from the high-traffic activity of a commercial hub."
214.05,Entire home/apt,4.84,2.0,1.0,1.0,1.5,43.0,False,1.0,1.5,2.5,"Choose this place if you want to be surrounded by dining, nightlife, and green spaces while staying near major sights and essential services. Skip it if you prioritize easy subway access and rely on public transit to get around the city."
148.43,Entire home/apt,4.58,2.0,1.0,1.0,1.0,24.0,True,1.0,1.0,2.0,"Choose this place if you want to be in the center of an active neighborhood with abundant nightlife, dining, and fitness options right outside your door. Skip it if you are a light sleeper, prefer easy access to public transit, or prioritize having parks and green space within walking distance."
600.0,Entire home/apt,5.0,2.0,1.0,1.0,1.0,11.0,True,1.0,1.0,2.0,"Choose this place if you want to be in the heart of the action with immediate access to dining, entertainment, and daily conveniences. Skip it if you are looking for a quiet, residential retreat away from a busy, high-traffic neighborhood."
82.69,Private room,4.0,1.0,1.0,1.0,1.0,4.0,False,1.0,1.0,2.0,"Choose this place if you want convenient access to daily essentials, fitness facilities, and extensive transit options. Skip it if you prefer a neighborhood that is not densely packed with commercial amenities and high-traffic services."
462.77,Entire home/apt,4.9,4.0,2.0,2.0,2.0,10.0,False,2.0,2.0,4.0,"Choose this place if you want to be in the heart of the action with immediate access to Central Park, extensive dining, and excellent transit connections. Skip it if you are looking for a quiet, secluded neighborhood experience away from the bustle of a highly active, tourist-friendly area."
477.5,Entire home/apt,4.83,6.0,5.0,3.0,2.0,18.0,False,3.0,2.0,5.0,"Choose this place if you prioritize convenience and want immediate access to a wide variety of dining, shopping, and transit options. Skip it if you are looking for a quiet, residential neighborhood away from the high energy and activity of a bustling commercial hub."
145.63,Entire home/apt,5.0,2.0,1.0,1.0,1.0,1.0,False,1.0,1.0,2.0,"Choose this place if you want convenient access to endless dining, nightlife, and daily essentials with excellent transit connectivity. Skip it if you are looking for a quiet neighborhood with easy access to parks and green space."
519.0,Entire home/apt,4.22,11.0,5.0,2.0,2.0,9.0,False,2.0,2.0,4.0,"Choose this place if you want to be in a highly convenient, amenity-rich area with excellent access to dining, shopping, and transit. Skip it if you are looking for a quiet, residential neighborhood away from the bustle of a high-traffic, commercial hub."
192.41,Entire home/apt,4.96,2.0,1.0,1.0,1.0,25.0,False,1.0,1.0,2.0,"Choose this place if you want to be near Lincoln Center and Central Park with excellent access to transit, culture, and recreation. Skip it if you prefer a neighborhood with abundant nightlife and convenient grocery shopping right outside your door."
180.7,Entire home/apt,5.0,2.0,1.0,1.0,1.0,1.0,False,1.0,1.0,2.0,"Choose this place if you want immediate access to dining, nightlife, and convenient transit options. Skip it if you prefer a quiet residential atmosphere away from a high-traffic, bustling commercial area."
206.0,Private room,5.0,2.0,1.0,1.0,1.0,1.0,False,1.0,1.0,2.0,Choose this place if you are a sightseer or culture seeker who wants to be steps away from Hudson Yards and The High Line with plenty of entertainment and green space at your doorstep. Skip it if you require easy access to pharmacies or daily essentials within the immediate block.
336.65,Private room,5.0,2.0,1.0,2.0,1.0,50.0,True,2.0,1.0,3.0,"Choose this place if you want to be within walking distance of extensive dining, nightlife, shopping, and transit options. Skip it if you prioritize having parks or green space in your immediate neighborhood."
190.41,Entire home/apt,5.0,4.0,3.0,2.0,1.0,6.0,False,2.0,1.0,3.0,"Choose this place if you want to be steps away from The High Line and a wide variety of dining, nightlife, and cultural attractions. Skip it if you prefer a quiet, residential neighborhood away from the high concentration of hotels and busy tourist-heavy amenities."
474.0,Entire home/apt,4.55,4.0,2.0,1.0,1.0,31.0,True,1.0,1.0,2.0,"Choose this place if you want to be in the heart of the action with endless dining, nightlife, and cultural sights right outside your door. Skip it if you are looking for a quiet, residential retreat away from the constant activity and bustle of a high-traffic neighborhood."
159.47,Entire home/apt,4.67,2.0,1.0,1.0,1.0,3.0,False,1.0,1.0,2.0,"Choose this place if you want easy access to a wide variety of dining, shopping, and fitness options right outside your door. Skip it if you prefer a neighborhood with a quieter, more residential atmosphere away from a high concentration of commercial activity."
1327.43,Entire home/apt,5.0,4.0,3.0,4.0,2.5,1.0,False,4.0,2.5,6.5,"Choose this place if you want to be steps away from Riverside Park and the Waldorf Astoria with endless options for dining, entertainment, and fitness right outside your door. Skip it if you are looking for a neighborhood rich in museums and galleries."
191.27,Entire home/apt,4.53,2.0,1.0,1.0,1.0,15.0,False,1.0,1.0,2.0,"Choose this place if you are an active traveler who wants to be near Riverside Park and top-tier fitness facilities while staying within walking distance of major landmarks and shopping. Skip it if you prefer a quiet, residential atmosphere away from the high concentration of hotels and entertainment venues."
1023.24,Entire home/apt,5.0,7.0,3.0,3.0,3.0,1.0,False,3.0,3.0,6.0,"Choose this place if you want easy access to abundant dining, fitness facilities, cultural landmarks, and green space. Skip it if you prefer a neighborhood that feels more residential or less focused on high-traffic amenities and hotel-heavy infrastructure."
140.87,Entire home/apt,5.0,3.0,2.0,1.0,1.0,7.0,False,1.0,1.0,2.0,"Choose this place if you want easy access to transit, fitness facilities, and a vibrant social scene. Skip it if you are a light sleeper or prefer a quiet residential environment away from active nightlife."
208.7,Entire home/apt,5.0,3.0,1.0,1.0,1.0,3.0,False,1.0,1.0,2.0,"Choose this place if you want a high-energy lifestyle with immediate access to dining, nightlife, fitness, and major cultural landmarks like The High Line. Skip it if you prefer a quiet, low-traffic neighborhood away from the bustle of a highly active and amenity-dense area."
697.23,Entire home/apt,5.0,4.0,2.0,2.0,1.5,7.0,True,2.0,1.5,3.5,"Choose this place if you are a sightseer who wants to be steps away from The Frick Collection, Central Park Zoo, and Central Park. Skip it if you prefer a neighborhood with convenient access to groceries, pharmacies, and a wide variety of dining or nightlife options."
335.57,Entire home/apt,4.88,2.0,1.0,1.0,1.0,16.0,False,1.0,1.0,2.0,"Choose this place if you are a sightseer who wants easy access to The High Line and a neighborhood packed with dining, nightlife, and daily conveniences. Skip it if you are a light sleeper or prefer a quiet residential area away from the constant activity of a high-energy district."
477.5,Entire home/apt,5.0,4.0,1.0,1.0,1.0,6.0,False,1.0,1.0,2.0,"Choose this place if you want to be in the heart of the city's dining, nightlife, and transit hubs. Skip it if you prefer a quiet residential environment or need easy access to local pharmacies."
262.07,Entire home/apt,5.0,2.0,1.0,1.0,1.0,3.0,True,1.0,1.0,2.0,"Choose this place if you want to be surrounded by abundant amenities, fitness options, and iconic landmarks like the Brooklyn Heights Promenade and Brooklyn Bridge. Skip it if you prefer a quiet residential area away from the high concentration of shops and entertainment venues."
160.11,Private room,4.91,2.0,1.0,1.0,1.0,35.0,True,1.0,1.0,2.0,"Choose this place if you want to be surrounded by vibrant nightlife, culture, and convenient daily amenities. Skip it if you are a light sleeper or prefer a quiet residential environment away from the activity of a busy commercial hub."
90.89,Private room,5.0,2.0,1.0,2.0,1.0,3.0,False,2.0,1.0,3.0,"Choose this place if you want easy access to daily essentials, dining, and nightlife. Skip it if you are looking for nearby sightseeing, museums, or green space."
584.73,Entire home/apt,5.0,6.0,4.0,2.0,2.5,10.0,True,2.0,2.5,4.5,"Choose this place if you want constant access to active nightlife, diverse dining, and fitness options right outside your door. Skip it if you are a light sleeper or prefer a quiet residential atmosphere away from high-energy entertainment."
142.21,Entire home/apt,4.0,6.0,3.0,3.0,1.0,1.0,False,3.0,1.0,4.0,"Choose this place if you prioritize convenient access to daily essentials, transit, and shopping, or if you are visiting The Cloisters. Skip it if you are looking for a neighborhood rich in museums and galleries."
340.9,Entire home/apt,4.77,4.0,2.0,2.0,1.0,13.0,False,2.0,1.0,3.0,"Choose this place if you want to be surrounded by culture, wellness, and dining options in a highly active, amenity-rich environment. Skip it if you are looking for a quiet, residential neighborhood away from the bustle of a high-traffic, tourist-friendly area."
561.67,Entire home/apt,4.91,3.0,1.0,1.0,1.0,44.0,True,1.0,1.0,2.0,"Choose this place if you prioritize access to fitness, cultural institutions, and outdoor space. Skip it if you prefer having essential services like pharmacies within immediate walking distance."
562.99,Entire home/apt,5.0,6.0,2.0,2.0,2.0,3.0,True,2.0,2.0,4.0,"Choose this place if you want to be surrounded by world-class culture, dining, and green space. Skip it if you rely on the subway for your daily travel."
1212.0,Entire home/apt,4.79,4.0,3.0,2.0,1.0,19.0,False,2.0,1.0,3.0,"Choose this place if you are a sightseer who wants to be surrounded by Central Park, museums, and a vibrant dining and nightlife scene. Skip it if you prefer the convenience of having multiple grocery stores within immediate walking distance."
358.4,Private room,4.93,2.0,3.0,2.0,1.0,27.0,False,2.0,1.0,3.0,"Choose this place if you want to be within walking distance of extensive dining, nightlife, entertainment, and fitness options. Skip it if you rely on the subway for your daily commute or prefer a location with easy access to public transit."
209.93,Entire home/apt,4.26,5.0,4.0,3.0,1.0,68.0,True,3.0,1.0,4.0,"Choose this place if you are a culture seeker who prioritizes easy access to museums, parks, and daily conveniences. Skip it if you rely on the subway and prefer a location with high-frequency transit access."
206.92,Entire home/apt,4.78,3.0,1.0,1.0,1.0,19.0,True,1.0,1.0,2.0,"Choose this place if you are an active traveler who enjoys frequenting cafes, gyms, and entertainment venues near landmarks like Riverside Park and the Waldorf Astoria. Skip it if you prefer a neighborhood with convenient access to grocery stores and museums or if you require a wider variety of daily amenities within walking distance."
274.77,Private room,4.35,2.0,1.0,1.0,1.0,65.0,False,1.0,1.0,2.0,"Choose this place if you want to be in the center of a high-energy neighborhood with endless options for dining, nightlife, and fitness. Skip it if you are a light sleeper or if having access to parks and green space is a priority for your stay."
154.01,Entire home/apt,4.41,4.0,2.0,2.0,1.0,157.0,False,2.0,1.0,3.0,"Choose this place if you want to be in the heart of the action with easy access to transit, dining, and shopping. Skip it if you are a light sleeper or prefer a quieter neighborhood away from a busy nightlife scene."
371.0,Private room,5.0,2.0,1.0,1.0,1.0,3.0,True,1.0,1.0,2.0,"Choose this place if you want to be in the heart of the action with immediate access to nightlife, entertainment, fitness, and shopping. Skip it if you are a light sleeper or prefer a quiet, residential neighborhood away from high-energy activity."
729.0,Hotel room,4.5,4.0,2.0,2.0,1.0,28.0,False,2.0,1.0,3.0,"Choose this place if you are a sightseer who wants to be surrounded by Central Park, museums, and a vibrant dining and nightlife scene. Skip it if you prefer the convenience of having multiple grocery stores within immediate walking distance."
432.0,Hotel room,3.67,3.0,1.0,1.0,1.0,6.0,False,1.0,1.0,2.0,"Choose this place if you want to be surrounded by Central Park, world-class museums, and a vibrant dining and nightlife scene. Skip it if you prefer a neighborhood with easy access to grocery stores and daily essentials."
170.54,Entire home/apt,5.0,4.0,4.0,4.0,1.0,1.0,True,4.0,1.0,5.0,"Choose this place if you prioritize convenience, easy transit access, and having an abundance of daily essentials like groceries and pharmacies right at your doorstep. Skip it if you are looking for a vibrant nightlife scene or want to be within walking distance of museums and galleries."
159.3,Entire home/apt,5.0,2.0,1.0,1.0,1.0,2.0,False,1.0,1.0,2.0,"Choose this place if you want to be in the heart of the city's dining, nightlife, and transit hubs. Skip it if you require easy access to pharmacies or prefer a quiet neighborhood without a high concentration of entertainment venues."
205.18,Entire home/apt,4.14,3.0,2.0,1.0,1.0,7.0,False,1.0,1.0,2.0,"Choose this place if you want to be steps from Central Park and surrounded by top-tier dining, nightlife, and cultural attractions. Skip it if you prefer having easy access to grocery stores within your immediate block."
489.0,Shared room,4.96,4.0,2.0,2.0,1.0,80.0,True,2.0,1.0,3.0,"Choose this place if you want easy access to daily essentials, dining, and nightlife. Skip it if you prioritize proximity to parks, museums, or major sightseeing landmarks."
212.97,Entire home/apt,4.84,4.0,2.0,1.0,1.0,106.0,False,1.0,1.0,2.0,"Choose this place if you prioritize easy access to a variety of cafes, dining, and shopping options. Skip it if you rely on public transit or require nearby pharmacies and green spaces."
752.13,Entire home/apt,5.0,4.0,2.0,2.0,2.0,6.0,True,2.0,2.0,4.0,"Choose this place if you are a sightseer who wants to be surrounded by museums like The Frick Collection and green space. Skip it if you prefer a neighborhood with convenient access to groceries, dining, and pharmacies."
167.96,Entire home/apt,5.0,2.0,1.0,1.0,1.0,35.0,True,1.0,1.0,2.0,"Choose this place if you want to be surrounded by abundant dining, nightlife, fitness options, and green space. Skip it if you rely on public transit or prefer to be within walking distance of major tourist landmarks."
323.74,Entire home/apt,4.77,3.0,2.0,1.0,1.0,13.0,True,1.0,1.0,2.0,"Choose this place if you prioritize convenience and want easy access to daily errands, fitness facilities, and retail shopping right outside your door. Skip it if you are looking for a quiet, residential neighborhood feel or prefer a location defined by proximity to specific local landmarks."
307.83,Entire home/apt,4.58,4.0,2.0,2.0,1.0,12.0,False,2.0,1.0,3.0,"Choose this place if you want easy access to abundant dining, fitness facilities, cultural landmarks, and green space. Skip it if you prefer a neighborhood with a more residential or quiet feel, as the high density of hotels and amenities suggests a very active, tourist-focused environment."
306.79,Entire home/apt,5.0,4.0,2.0,2.0,1.0,2.0,False,2.0,1.0,3.0,"Choose this place if you want easy access to daily essentials, a wide variety of dining options, and a neighborhood rich in cultural institutions. Skip it if you prefer a quieter residential area with fewer commercial services and less foot traffic."
436.5,Private room,5.0,4.0,3.0,2.0,1.5,46.0,True,2.0,1.5,3.5,"Choose this place if you prioritize convenient access to fitness facilities, shopping, and essential services. Skip it if you prefer a neighborhood with a unique local identity or specific landmark attractions."
198.29,Entire home/apt,4.86,2.0,1.0,1.0,1.0,248.0,False,1.0,1.0,2.0,"Choose this place if you want convenient access to fitness facilities, shopping, and essential services in a bustling, hotel-dense area. Skip it if you prefer a quiet, residential neighborhood away from the high-traffic environment typical of tourist-heavy districts."
160.03,Entire home/apt,4.57,2.0,1.0,1.0,1.0,7.0,False,1.0,1.0,2.0,"Choose this place if you want to be in the heart of the action with easy access to culture, entertainment, and daily necessities. Skip it if you are a light sleeper or prefer a quiet residential environment away from a busy nightlife scene."
485.0,Entire home/apt,4.94,2.0,2.0,1.0,1.0,197.0,True,1.0,1.0,2.0,"Choose this place if you prioritize easy access to nightlife, groceries, pharmacies, and shopping. Skip it if you require proximity to public transit or prefer a neighborhood with abundant parks and green space."
114.33,Private room,4.67,2.0,3.0,2.0,1.0,3.0,True,2.0,1.0,3.0,"Choose this place if you prioritize convenient access to nightlife, groceries, pharmacies, and shopping. Skip it if you require easy access to public transit or proximity to parks and green space."
231.96,Entire home/apt,4.94,4.0,2.0,2.0,1.0,17.0,True,2.0,1.0,3.0,"Choose this place if you prioritize access to Prospect Park, fitness, and a high concentration of daily conveniences like dining and shops. Skip it if you rely heavily on the subway or prefer being within walking distance of major tourist landmarks."
615.3,Entire home/apt,4.75,11.0,5.0,4.0,2.5,142.0,False,4.0,2.5,6.5,"Choose this place if you want to be in the center of the action with easy access to shopping, culture, and daily conveniences. Skip it if you are looking for a quiet, residential neighborhood away from the bustle of a high-traffic tourist and entertainment hub."
166.66,Entire home/apt,4.53,5.0,4.0,2.0,1.0,30.0,True,2.0,1.0,3.0,"Choose this place if you want to be surrounded by culture, dining, and nightlife with every daily convenience at your doorstep. Skip it if you rely on the subway or prefer a location with easy public transit access."
221.42,Entire home/apt,4.71,4.0,2.0,2.0,1.0,7.0,False,2.0,1.0,3.0,"Choose this place if you want to be in the center of a vibrant scene with constant access to dining, nightlife, and fitness options. Skip it if you are a light sleeper or are looking for a relaxing neighborhood with nearby parks and green space."
224.28,Entire home/apt,4.75,4.0,3.0,2.0,1.0,4.0,True,2.0,1.0,3.0,"Choose this place if you want constant access to dining, nightlife, and fitness options right outside your door. Skip it if you are a light sleeper or prioritize having parks and green space within walking distance."
115.07,Private room,4.82,1.0,1.0,1.0,1.0,38.0,False,1.0,1.0,2.0,"Choose this place if you want to be in the heart of the action with easy access to dining, nightlife, and fitness options. Skip it if you require immediate access to public transit or need convenient, nearby pharmacies."
308.46,Private room,4.95,2.0,1.0,1.0,1.0,98.0,False,1.0,1.0,2.0,"Choose this place if you want to be near Lincoln Center, Central Park, and Columbus Circle with easy access to transit, museums, and cafes. Skip it if you prefer a neighborhood with abundant nightlife, bars, and convenient access to grocery stores or pharmacies."
451.7,Entire home/apt,5.0,4.0,2.0,2.0,2.0,3.0,False,2.0,2.0,4.0,"Choose this place if you want easy access to fitness facilities, cultural attractions, and efficient transit options. Skip it if you prefer a neighborhood defined by specific local landmarks rather than general urban conveniences."
102.9,Private room,4.94,1.0,2.0,2.0,2.0,52.0,True,2.0,2.0,4.0,"Choose this place if you want easy access to transit, abundant dining, nightlife, and green space. Skip it if you require a pharmacy nearby or prefer a quiet environment away from active entertainment venues."
191.52,Entire home/apt,4.79,3.0,1.0,1.0,1.0,34.0,False,1.0,1.0,2.0,"Choose this place if you want to be surrounded by constant activity, dining, and cultural options right outside your door. Skip it if you are a light sleeper or prefer a quiet, residential atmosphere away from a busy nightlife scene."
219.03,Entire home/apt,5.0,2.0,1.0,1.0,1.0,2.0,False,1.0,1.0,2.0,"Choose this place if you want to be in the heart of the city's premier cultural and sightseeing hub near Lincoln Center and Columbus Circle. Skip it if you prefer a quiet residential atmosphere, as the high concentration of entertainment venues and hotels makes this a busy, high-traffic area."
113.66,Entire home/apt,4.44,2.0,1.0,1.0,1.0,9.0,False,1.0,1.0,2.0,"Choose this place if you want to be surrounded by abundant shopping, dining, and cultural activities. Skip it if you prefer a quiet, residential neighborhood away from the high concentration of hotels and entertainment venues."
152.75,Private room,4.83,2.0,1.0,1.0,1.0,41.0,True,1.0,1.0,2.0,"Choose this place if you want to be in the heart of the action with immediate access to culture, shopping, and nightlife. Skip it if you prefer a quiet, residential atmosphere away from the bustle of a high-traffic tourist destination."
300.53,Entire home/apt,5.0,4.0,2.0,2.0,2.0,2.0,False,2.0,2.0,4.0,"Choose this place if you are a sightseer who wants easy access to the Brooklyn Academy of Music and top-tier transit connections. Skip it if you prefer a quiet, residential neighborhood away from busy shopping districts and high-traffic tourist areas."
206.86,Entire home/apt,4.96,4.0,2.0,1.0,1.0,28.0,False,1.0,1.0,2.0,Choose this place if you prioritize easy access to a variety of cafes and dining options. Skip it if you prefer having parks or green space within walking distance.
314.37,Entire home/apt,4.9,4.0,2.0,2.0,1.0,10.0,False,2.0,1.0,3.0,"Choose this place if you want easy access to abundant dining, fitness facilities, cultural landmarks, and green space. Skip it if you prefer a neighborhood that feels more residential and less focused on tourist-heavy amenities and hotels."
174.67,Entire home/apt,4.52,4.0,2.0,2.0,1.0,261.0,False,2.0,1.0,3.0,"Choose this place if you are a sightseer or fitness enthusiast who prioritizes easy access to transit, museums, and health services. Skip it if you prefer a neighborhood with a distinct local identity or specific well-known landmarks nearby."
208.63,Entire home/apt,4.95,3.0,2.0,1.0,1.0,19.0,True,1.0,1.0,2.0,"Choose this place if you are a sightseer who wants easy access to major landmarks like Riverside Park and the Waldorf Astoria along with excellent transit and entertainment options. Skip it if you prefer a quiet, residential atmosphere away from the high concentration of hotels and tourist-focused venues."
356.27,Entire home/apt,5.0,2.0,1.0,1.0,2.0,10.0,False,1.0,2.0,3.0,"Choose this place if you are a culture seeker, fitness enthusiast, or outdoor lover who wants to be steps away from museums, parks, and the Manhattan Bridge. Skip it if you prefer a quiet, residential neighborhood, as the high concentration of entertainment and shops makes this a busy, active area."
380.49,Entire home/apt,4.83,4.0,2.0,2.0,2.0,6.0,True,2.0,2.0,4.0,"Choose this place if you want to be surrounded by museums, parks, and dining options within a short distance. Skip it if you rely on the subway for transportation or are looking for a neighborhood with active nightlife and entertainment venues."
221.27,Entire home/apt,4.81,2.0,2.0,1.0,1.0,333.0,False,1.0,1.0,2.0,Choose this place if you want to be in the heart of the social scene and enjoy easy access to nature and culture. Skip it if you are a light sleeper or prefer a quiet residential environment away from nightlife activity.
283.2,Entire home/apt,4.94,5.0,2.0,2.0,1.0,108.0,True,2.0,1.0,3.0,"Choose this place if you prioritize access to fitness, dining, and green space like Prospect Park. Skip it if you are looking for a neighborhood filled with hotels and major tourist landmarks."
226.77,Entire home/apt,4.71,8.0,6.0,2.0,1.0,9.0,False,2.0,1.0,3.0,"Choose this place if you want to be surrounded by abundant shopping, dining, and cultural activities. Skip it if you prefer a quiet, residential neighborhood away from the high-traffic energy of a busy commercial hub."
440.0,Private room,4.53,2.0,1.0,1.0,1.0,40.0,False,1.0,1.0,2.0,"Choose this place if you want to be surrounded by culture, shopping, and entertainment with easy access to green space and daily essentials. Skip it if you prefer a quiet residential area away from the high concentration of hotels and tourist-focused venues."
403.0,Private room,2.83,2.0,2.0,1.0,1.0,6.0,False,1.0,1.0,2.0,"Choose this place if you want to be surrounded by culture, greenery, and endless shopping and entertainment options. Skip it if you prefer a quiet, residential neighborhood away from the high-traffic activity of a busy tourist and commercial hub."
116.17,Entire home/apt,4.8,2.0,2.0,2.0,1.0,59.0,False,2.0,1.0,3.0,"Choose this place if you want to be surrounded by an abundance of dining, shopping, and cultural activities right outside your door. Skip it if you are looking for a quiet, residential neighborhood away from the high-energy atmosphere of a busy commercial hub."
165.49,Entire home/apt,5.0,5.0,4.0,2.0,1.0,6.0,False,2.0,1.0,3.0,"Choose this place if you want easy access to transit, fitness facilities, and cultural attractions. Skip it if you prefer a neighborhood defined by specific local landmarks rather than general urban convenience."
58.43,Private room,4.49,1.0,1.0,2.0,1.0,115.0,False,2.0,1.0,3.0,"Choose this place if you prioritize convenient access to daily essentials, groceries, and transit, or if you are visiting The Cloisters. Skip it if you are looking for a neighborhood rich in museums and galleries."
670.2,Entire home/apt,4.94,2.0,4.0,4.0,2.5,17.0,False,4.0,2.5,6.5,"Choose this place if you prioritize easy access to daily essentials, local dining, and green spaces in a quiet residential setting. Skip it if you are looking for a vibrant nightlife scene, major tourist landmarks, or convenient proximity to subway lines."
218.19,Entire home/apt,4.79,4.0,3.0,2.0,1.0,14.0,False,2.0,1.0,3.0,"Choose this place if you prioritize easy access to fitness facilities, green space, shopping, and convenient transit connections. Skip it if you prefer a neighborhood that is defined by specific local landmarks or a quieter, less commercial atmosphere."
197.3,Entire home/apt,4.76,3.0,2.0,1.0,1.0,353.0,True,1.0,1.0,2.0,Choose this place if you prioritize convenient access to daily essentials and local shopping. Skip it if you prefer the proximity and services typically found in areas with a higher density of hotels.
144.67,Private room,4.83,2.0,1.0,1.0,1.0,29.0,True,1.0,1.0,2.0,"Choose this place if you want to be surrounded by culture, shopping, and constant activity. Skip it if you prefer a quiet, residential neighborhood away from the hustle of a tourist-heavy district."
718.0,Entire home/apt,4.97,5.0,3.0,3.0,2.0,261.0,True,3.0,2.0,5.0,"Choose this place if you want easy access to daily errands, fitness, and nightlife. Skip it if you prioritize proximity to subway lines or nearby green space."
228.04,Entire home/apt,5.0,4.0,3.0,2.0,1.0,1.0,False,2.0,1.0,3.0,"Choose this place if you want convenient access to essential services, fitness facilities, and reliable transit options. Skip it if you prefer a neighborhood defined by specific famous landmarks rather than general urban amenities."
346.5,Entire home/apt,4.95,2.0,1.0,1.0,1.0,485.0,True,1.0,1.0,2.0,"Choose this place if you are a foodie who enjoys lingering in cafes and restaurants. Skip it if you rely on public transit, need immediate access to pharmacies, or want to be within walking distance of major sightseeing landmarks."
53.31,Private room,4.5,1.0,1.0,2.0,1.0,14.0,True,2.0,1.0,3.0,Choose this place if you prioritize convenient access to daily essentials and The Metropolitan Museum of Art. Skip it if you are looking for vibrant nightlife or proximity to parks and green space.
411.8,Entire home/apt,4.92,4.0,2.0,2.0,1.0,13.0,False,2.0,1.0,3.0,"Choose this place if you want easy access to Riverside Park and a high concentration of landmarks, entertainment, and fitness options. Skip it if you prefer a quieter residential area away from the bustle of hotels and tourist-heavy sights like the Waldorf Astoria."
160.4,Entire home/apt,4.33,2.0,1.0,1.0,1.0,9.0,False,1.0,1.0,2.0,"Choose this place if you want to be in the heart of the city's vibrant nightlife, entertainment, and cultural scene. Skip it if you prefer a quiet environment or need easy access to local pharmacies and daily essentials."
600.87,Entire home/apt,5.0,8.0,4.0,4.0,2.5,5.0,False,4.0,2.5,6.5,Choose this place if you prioritize access to fitness facilities and diverse dining options near Prospect Park. Skip it if you rely on public transit for your daily commute or prefer being within walking distance of major tourist landmarks.
283.93,Entire home/apt,4.69,4.0,2.0,2.0,1.0,13.0,False,2.0,1.0,3.0,"Choose this place if you want easy access to outdoor recreation, fitness facilities, and cultural attractions. Skip it if you are looking for a neighborhood with specific, well-known landmarks or local institutions nearby."
204.1,Entire home/apt,4.0,2.0,2.0,2.0,1.0,4.0,False,2.0,1.0,3.0,"Choose this place if you want to be surrounded by constant entertainment, shopping, and cultural attractions. Skip it if you rely on public transportation or prefer a neighborhood with easy subway access."
326.0,Private room,4.99,2.0,1.0,1.0,1.0,189.0,True,1.0,1.0,2.0,Choose this place if you prioritize easy access to a variety of cafes and dining options. Skip it if you require nearby green space or prefer a neighborhood with a more traditional hotel presence.
183.61,Entire home/apt,4.98,3.0,2.0,2.0,1.0,42.0,True,2.0,1.0,3.0,Choose this place if you prioritize easy access to fitness facilities and a wide variety of dining options. Skip it if you are looking to be within walking distance of major tourist attractions.
495.87,Entire home/apt,5.0,5.0,4.0,3.0,1.5,1.0,False,3.0,1.5,4.5,"Choose this place if you want to be near Central Park and the American Museum of Natural History with easy access to transit, culture, and recreation. Skip it if you prefer having a pharmacy within immediate reach or require a neighborhood with fewer hotels and tourists."
530.11,Entire home/apt,4.91,5.0,2.0,2.0,1.5,79.0,True,2.0,1.5,3.5,"Choose this place if you want to be in the heart of the action with easy transit access, plenty of nightlife, and proximity to the American Museum of Natural History and Prospect Park. Skip it if you prefer a neighborhood with convenient access to daily essentials like grocery stores and pharmacies."
118.07,Entire home/apt,4.65,2.0,1.0,1.0,1.0,43.0,False,1.0,1.0,2.0,"Choose this place if you want convenient access to transit, groceries, and a vibrant dining and nightlife scene. Skip it if you are looking for nearby parks, green space, or a neighborhood rich in museums and entertainment venues."
197.36,Entire home/apt,4.92,2.0,2.0,2.0,1.0,202.0,False,2.0,1.0,3.0,"Choose this place if you want to be in the center of the action with easy access to dining, nightlife, and transit. Skip it if you are a light sleeper or prefer a quiet residential environment."
63.92,Private room,4.0,2.0,1.0,1.0,2.0,1.0,False,1.0,2.0,3.0,"Choose this place if you want convenient access to transit, dining, and pharmacies while enjoying an abundance of green space. Skip it if you prefer a location defined by proximity to specific well-known landmarks."
678.95,Entire home/apt,4.95,4.0,3.0,2.0,2.0,21.0,False,2.0,2.0,4.0,"Choose this place if you want to be surrounded by museums, galleries, and entertainment venues. Skip it if you rely on the subway for travel or need easy access to local pharmacies."
216.77,Entire home/apt,4.94,2.0,1.0,1.0,1.0,194.0,True,1.0,1.0,2.0,Choose this place if you are a fitness enthusiast or shopper who wants to be near the Brooklyn Bridge and does not mind a commute. Skip it if you rely on public transit or prefer to be within walking distance of many hotel options.
246.59,Entire home/apt,4.74,6.0,2.0,2.0,1.0,54.0,False,2.0,1.0,3.0,"Choose this place if you want convenient access to daily necessities, retail, and cultural activities within a neighborhood rich with green space. Skip it if you prefer a residential area with fewer hotels and a slower, less commercial pace."
626.51,Private room,5.0,2.0,1.0,1.0,1.0,1.0,False,1.0,1.0,2.0,"Choose this place if you prioritize easy access to transit, fitness facilities, and essential services while wanting to be near major sights. Skip it if you prefer a neighborhood that is defined by specific local landmarks rather than general urban convenience."
324.5,Entire home/apt,5.0,2.0,1.0,1.0,1.0,2.0,False,1.0,1.0,2.0,"Choose this place if you prioritize an active lifestyle with easy access to cafes, fitness facilities, and green spaces. Skip it if you rely on public transit or need convenient access to grocery stores and pharmacies."
238.85,Entire home/apt,4.0,2.0,1.0,1.0,1.0,1.0,False,1.0,1.0,2.0,Choose this place if you want to spend your time relaxing in cafes and browsing local shops. Skip it if you need easy access to public transit or want to visit parks and museums during your stay.
217.2,Entire home/apt,4.99,2.0,1.0,1.0,1.0,72.0,False,1.0,1.0,2.0,Choose this place if you are a sightseer who prioritizes proximity to major landmarks and abundant green space. Skip it if you prefer a neighborhood defined by local character or specific nearby amenities rather than tourist-focused infrastructure.
170.77,Entire home/apt,4.5,2.0,1.0,1.0,1.0,2.0,False,1.0,1.0,2.0,"Choose this place if you prioritize easy access to essential supplies and frequent visits to local parks and landmarks. Skip it if you prefer a neighborhood defined by specific, well-known local destinations."
200.25,Entire home/apt,4.0,5.0,3.0,3.0,2.5,1.0,False,3.0,2.5,5.5,Choose this place if you prioritize easy access to a variety of dining and cafe options. Skip it if you require proximity to pharmacies or prefer to be near major landmarks and hotels.
361.37,Entire home/apt,5.0,4.0,2.0,2.0,1.0,1.0,False,2.0,1.0,3.0,"Choose this place if you prioritize easy access to daily essentials, fitness facilities, and outdoor recreation. Skip it if you rely heavily on public transportation and prefer a location with a high density of subway options."
231.88,Entire home/apt,5.0,4.0,3.0,2.0,1.0,4.0,False,2.0,1.0,3.0,Choose this place if you want easy access to transit and a vibrant neighborhood filled with dining and nightlife. Skip it if you require convenient access to pharmacies or prefer a quiet environment.
198.43,Entire home/apt,4.94,2.0,1.0,1.0,1.0,17.0,False,1.0,1.0,2.0,"Choose this place if you want to be near Waldorf Astoria and Riverside Park with easy access to entertainment, fitness, and green space. Skip it if you prefer having convenient grocery shopping options within your immediate block."
356.93,Entire home/apt,5.0,5.0,3.0,3.0,2.5,3.0,False,3.0,2.5,5.5,"Choose this place if you prioritize convenient access to daily errands like groceries, pharmacy needs, and shopping. Skip it if you are looking for proximity to parks and green space."
267.04,Entire home/apt,4.8,4.0,3.0,2.0,1.0,15.0,True,2.0,1.0,3.0,"Choose this place if you want easy access to transit, fitness facilities, and entertainment options while remaining close to green space. Skip it if you prefer a quiet, residential atmosphere away from the bustle of active city life."
236.76,Entire home/apt,4.5,4.0,2.0,2.0,1.0,2.0,False,2.0,1.0,3.0,"Choose this place if you prioritize convenient transit, easy access to daily essentials, and plenty of dining and green space. Skip it if you are looking for a neighborhood with a high concentration of nightlife and entertainment venues."
169.63,Entire home/apt,4.75,2.0,1.0,1.0,1.0,4.0,False,1.0,1.0,2.0,Choose this place if you want easy access to public transportation and a vibrant neighborhood with plenty of options for fitness and nightlife. Skip it if you are a light sleeper or prefer a quiet residential environment away from late-night activity.
143.08,Entire home/apt,5.0,4.0,2.0,2.0,1.0,4.0,False,2.0,1.0,3.0,"Choose this place if you prioritize easy access to pharmacies and shops for your daily needs. Skip it if you are looking for proximity to parks, museums, entertainment, or iconic city landmarks."
171.47,Entire home/apt,5.0,2.0,1.0,1.0,1.0,13.0,False,1.0,1.0,2.0,"Choose this place if you want to be near Riverside Park and the Waldorf Astoria while enjoying easy access to entertainment, gyms, and green space. Skip it if you prefer a quiet residential area away from the high concentration of hotels and tourist-heavy landmarks."
280.42,Entire home/apt,4.93,3.0,2.0,2.0,2.0,27.0,False,2.0,2.0,4.0,"Choose this place if you want easy access to transit, parks, and a wide variety of dining and entertainment options. Skip it if you prefer having essential daily services like grocery stores and pharmacies within walking distance."
612.1,Entire home/apt,5.0,8.0,5.0,4.0,2.0,4.0,True,4.0,2.0,6.0,"Choose this place if you want easy access to transit, fitness facilities, and cultural institutions. Skip it if you prefer a neighborhood defined by specific local landmarks rather than general urban convenience."
58.74,Private room,4.93,2.0,1.0,5.0,4.0,15.0,True,5.0,4.0,9.0,"Choose this place if you prioritize easy access to daily essentials like groceries and pharmacies. Skip it if you are looking for a vibrant nightlife, nearby sports facilities, or proximity to major tourist attractions."
310.28,Entire home/apt,5.0,3.0,1.0,1.0,1.0,6.0,True,1.0,1.0,2.0,"Choose this place if you want easy access to the American Museum of Natural History, Prospect Park, and a vibrant neighborhood filled with nightlife and culture. Skip it if you prefer having grocery stores and pharmacies within quick reach or require a quiet environment away from active entertainment venues."
419.24,Entire home/apt,4.67,8.0,4.0,3.0,1.5,9.0,False,3.0,1.5,4.5,Choose this place if you prioritize convenient access to daily essentials and shopping. Skip it if you are looking for vibrant nightlife or proximity to outdoor green spaces.
355.1,Entire home/apt,4.9,10.0,6.0,5.0,2.0,89.0,False,5.0,2.0,7.0,"Choose this place if you prioritize convenient access to daily essentials like groceries, pharmacies, and shopping. Skip it if you are looking for proximity to tourist attractions, cultural institutions, or outdoor green spaces."
455.36,Entire home/apt,5.0,6.0,4.0,3.0,3.0,2.0,False,3.0,3.0,6.0,"Choose this place if you want a vibrant neighborhood filled with nightlife, cafes, and fitness options near plenty of green space. Skip it if you require easy access to public transit or prefer a location with a higher density of hotels."
218.5,Entire home/apt,4.92,5.0,3.0,2.0,1.0,251.0,False,2.0,1.0,3.0,Choose this place if you prioritize easy access to nightlife and pharmacies. Skip it if you rely on public transit or want green space nearby.
2765.47,Entire home/apt,4.89,7.0,3.0,2.0,2.5,9.0,False,2.0,2.5,4.5,Choose this place if you are a sightseer or fitness enthusiast who wants to be close to Lincoln Center and excellent transit. Skip it if you require easy access to pharmacies or enjoy having nightlife and bars within walking distance.
253.5,Entire home/apt,5.0,5.0,4.0,3.0,3.5,2.0,False,3.0,3.5,6.5,Choose this place if you want easy access to groceries and a vibrant nightlife scene. Skip it if you rely on public transit or prefer to be in a neighborhood with many hotel options.
272.87,Entire home/apt,4.54,3.0,1.0,1.0,1.0,13.0,False,1.0,1.0,2.0,"Choose this place if you prioritize easy access to transit, fitness facilities, and essential errands. Skip it if you prefer a neighborhood defined by specific local landmarks rather than general convenience."
200.97,Entire home/apt,5.0,2.0,1.0,1.0,1.0,7.0,False,1.0,1.0,2.0,Choose this place if you are a sightseer who wants easy access to Ellis Island and Battery Park along with plenty of green space and transit options. Skip it if you require immediate access to a pharmacy or prefer a neighborhood with fewer hotels and tourists.
132.96,Entire home/apt,4.81,4.0,2.0,2.0,1.0,21.0,True,2.0,1.0,3.0,Choose this place if you prioritize convenience and want easy access to daily essentials and shopping. Skip it if you are looking for proximity to specific well-known landmarks.
770.5,Private room,4.85,4.0,2.0,2.0,2.0,193.0,True,2.0,2.0,4.0,Choose this place if you prioritize easy access to a wide variety of restaurants and pharmacies. Skip it if you are relying on public transit or looking to be near major parks and sightseeing landmarks.
130.47,Private room,4.85,2.0,1.0,1.0,1.0,13.0,False,1.0,1.0,2.0,"Choose this place if you want convenient access to transit, parks like Washington Square Park and Central Park, and a wide variety of dining and grocery options. Skip it if you are looking for a neighborhood with a vibrant nightlife or a high density of entertainment venues."
217.57,Entire home/apt,5.0,3.0,2.0,2.0,1.0,4.0,True,2.0,1.0,3.0,Choose this place if you want to be near Central Park and enjoy easy access to world-class museums and galleries. Skip it if you are looking for a neighborhood defined by typical urban amenities rather than cultural and green spaces.
149.7,Entire home/apt,5.0,4.0,2.0,1.0,1.0,32.0,False,1.0,1.0,2.0,"Choose this place if you prioritize convenient access to daily essentials like groceries, pharmacy items, and shopping. Skip it if you are looking for a neighborhood rich in sightseeing, entertainment, or fitness facilities."
241.7,Private room,4.5,2.0,1.0,1.0,1.0,2.0,False,1.0,1.0,2.0,"Choose this place if you want immediate access to nightlife, entertainment, and fitness options. Skip it if you rely on the subway for travel or need easy access to pharmacies."
357.0,Entire home/apt,4.98,4.0,2.0,2.0,1.0,181.0,True,2.0,1.0,3.0,"Choose this place if you want easy access to transit, dining, and nightlife. Skip it if you are a light sleeper or require proximity to parks and museums."
169.98,Entire home/apt,4.85,5.0,2.0,2.0,1.0,46.0,False,2.0,1.0,3.0,"Choose this place if you want easy access to transit and a vibrant nightlife scene. Skip it if you are a light sleeper or require frequent, convenient access to pharmacies."
506.0,Entire home/apt,4.76,8.0,5.0,4.0,2.0,49.0,False,4.0,2.0,6.0,"Choose this place if you prioritize convenient access to daily essentials, shopping, and transit connections. Skip it if you are looking to be within walking distance of museums and galleries."
583.4,Entire home/apt,5.0,4.0,2.0,2.0,2.0,5.0,True,2.0,2.0,4.0,"Choose this place if you want to be in the heart of the city's best entertainment, sights, and green spaces. Skip it if you prefer a quiet, residential atmosphere away from the bustle of high-traffic tourist and nightlife areas."
471.8,Entire home/apt,4.71,4.0,2.0,2.0,2.0,7.0,True,2.0,2.0,4.0,"Choose this place if you want convenient access to transit, essential amenities, and proximity to Central Park. Skip it if you prefer a neighborhood that feels less like a tourist-heavy hub with high hotel density."
132.25,Entire home/apt,5.0,3.0,1.0,1.0,1.0,7.0,True,1.0,1.0,2.0,"Choose this place if you prioritize convenient access to daily essentials, dining, and transit in a neighborhood with plenty of green space. Skip it if you are looking for a vibrant nightlife scene or proximity to cultural institutions like museums and galleries."
510.5,Entire home/apt,4.56,3.0,2.0,1.0,1.0,27.0,False,1.0,1.0,2.0,"Choose this place if you want easy access to transit, fitness facilities, and cultural attractions. Skip it if you need immediate access to groceries or pharmacies and prefer a neighborhood with essential daily services nearby."
174.18,Entire home/apt,5.0,5.0,2.0,2.0,1.0,3.0,False,2.0,1.0,3.0,Choose this place if you want convenient access to daily essentials and The Metropolitan Museum of Art. Skip it if you are looking for nearby green space or a vibrant nightlife scene.
485.92,Entire home/apt,5.0,2.0,1.0,1.0,1.0,2.0,True,1.0,1.0,2.0,"Choose this place if you prioritize easy access to transit, fitness facilities, and outdoor recreation. Skip it if you prefer having grocery stores and pharmacies within quick walking distance."
300.33,Entire home/apt,5.0,6.0,2.0,3.0,1.0,1.0,False,3.0,1.0,4.0,"Choose this place if you want easy access to sightseeing, diverse dining, parks, and essential errands. Skip it if you prefer a neighborhood that offers a more typical, less tourist-focused residential experience."
152.3,Entire home/apt,4.73,2.0,2.0,1.0,1.0,11.0,True,1.0,1.0,2.0,Choose this place if you are a sightseer who prioritizes proximity to Central Park and world-class cultural institutions. Skip it if you prefer a neighborhood defined by high-energy nightlife or immediate access to a wide variety of commercial amenities.
135.51,Entire home/apt,5.0,2.0,2.0,1.0,1.0,1.0,False,1.0,1.0,2.0,"Choose this place if you want easy access to fitness facilities and local attractions. Skip it if you prefer a neighborhood defined by specific, well-known landmarks."
139.3,Entire home/apt,4.71,4.0,2.0,1.0,1.0,14.0,True,1.0,1.0,2.0,Choose this place if you prioritize convenient access to daily essentials and reliable public transportation. Skip it if you are looking to be within walking distance of the city's major museums and galleries.
103.68,Entire home/apt,4.5,1.0,1.0,1.0,1.0,2.0,True,1.0,1.0,2.0,Choose this place if you are an active traveler who wants to prioritize fitness and sightseeing while staying in a tourist-friendly area. Skip it if you require easy access to pharmacies or prefer a neighborhood with more residential convenience.
89.07,Entire home/apt,4.7,4.0,3.0,1.0,1.0,105.0,False,1.0,1.0,2.0,Choose this place if you want to be surrounded by nightlife and convenient shopping options. Skip it if you prioritize access to parks or quiet green spaces.
188.07,Entire home/apt,4.5,2.0,1.0,1.0,1.0,2.0,False,1.0,1.0,2.0,"Choose this place if you prioritize easy transit access, frequent museum visits, and nearby parks and cafes. Skip it if you prefer having grocery stores and pharmacies within immediate walking distance."
140.5,Entire home/apt,4.58,2.0,1.0,1.0,1.0,45.0,True,1.0,1.0,2.0,Choose this place if you prioritize easy access to daily errands and reliable public transportation. Skip it if you are looking for a neighborhood with a vibrant local cafe culture.
87.21,Entire home/apt,4.6,2.0,1.0,1.0,1.0,5.0,True,1.0,1.0,2.0,Choose this place if you are an active traveler who enjoys frequenting gyms and visiting local landmarks. Skip it if you prefer having easy access to pharmacies or require a neighborhood with fewer hotels.
78.49,Entire home/apt,4.83,1.0,1.0,1.0,1.0,6.0,True,1.0,1.0,2.0,"Choose this place if you are an active traveler who enjoys sightseeing and prioritizing fitness. Skip it if you prefer having easy, immediate access to pharmacies or do not want to stay in a hotel-heavy area."
294.8,Entire home/apt,5.0,6.0,3.0,3.0,1.0,1.0,False,3.0,1.0,4.0,Choose this place if you want easy access to daily essentials and proximity to Central Park. Skip it if you are looking for a neighborhood that is not defined by its high concentration of tourist landmarks and amenities.
87.21,Entire home/apt,4.6,1.0,1.0,1.0,1.0,5.0,True,1.0,1.0,2.0,Choose this place if you are an active traveler who enjoys hitting the gym and visiting major sights. Skip it if you prefer having easy access to pharmacies or want to avoid a neighborhood dominated by hotels and tourists.
87.21,Entire home/apt,5.0,1.0,1.0,1.0,1.0,2.0,True,1.0,1.0,2.0,"Choose this place if you prioritize proximity to fitness facilities, hotels, and major sights. Skip it if you require easy access to pharmacies or daily essentials within the immediate block."
151.2,Entire home/apt,5.0,4.0,3.0,2.0,1.5,1.0,False,2.0,1.5,3.5,"Choose this place if you prioritize easy access to pharmacies and prefer a location away from the crowds of museums and galleries. Skip it if you are looking for proximity to parks, green spaces, or cultural institutions."
294.16,Entire home/apt,5.0,6.0,2.0,2.0,2.0,3.0,False,2.0,2.0,4.0,"Choose this place if you want to be near American Museum of Natural History and Prospect Park with easy access to transit, nightlife, and culture. Skip it if you prefer a neighborhood with convenient grocery stores and pharmacies nearby or require a quiet environment away from active entertainment venues."
635.64,Entire home/apt,4.66,9.0,5.0,4.0,2.0,71.0,False,4.0,2.0,6.0,Choose this place if you want easy access to groceries and a vibrant nightlife scene right outside your door. Skip it if you are a light sleeper or prefer a quiet residential environment.
158.17,Entire home/apt,4.64,4.0,1.0,1.0,1.0,443.0,False,1.0,1.0,2.0,Choose this place if you want easy access to groceries and a wide variety of entertainment and lodging options right outside your door. Skip it if you prefer a quieter neighborhood with fewer visitors and less commercial activity.
268.27,Private room,4.83,2.0,2.0,2.0,1.0,113.0,False,2.0,1.0,3.0,"Choose this place if you are looking for a quiet, residential atmosphere with plenty of local spots to grab a coffee. Skip it if you need easy access to late-night entertainment, quick pharmacy runs, or the convenience of nearby hotels for visiting guests."
207.8,Entire home/apt,4.75,2.0,1.0,1.0,1.0,52.0,False,1.0,1.0,2.0,"Choose this place if you are a sightseer who prioritizes proximity to The High Line, fitness, and easy access to green space. Skip it if you rely on the subway for your daily commute or prefer a location with high transit connectivity."
116.17,Entire home/apt,4.92,2.0,2.0,1.0,1.0,12.0,True,1.0,1.0,2.0,"Choose this place if you value having abundant grocery stores, shops, and hotels right outside your door. Skip it if you prefer a residential area that feels less focused on high-traffic commercial amenities and tourism infrastructure."
223.34,Entire home/apt,5.0,4.0,3.0,2.0,1.0,6.0,False,2.0,1.0,3.0,"Choose this place if you prioritize convenient access to daily essentials like groceries, pharmacies, and green space. Skip it if you are looking for a neighborhood rich in fitness facilities or major tourist landmarks."
1080.0,Entire home/apt,4.93,6.0,3.0,3.0,2.0,115.0,False,3.0,2.0,5.0,Choose this place if you prioritize easy access to groceries and a vibrant nightlife scene. Skip it if you are looking for proximity to parks or green spaces.
232.6,Entire home/apt,4.63,2.0,1.0,1.0,1.0,16.0,False,1.0,1.0,2.0,"Choose this place if you are a sightseer or culture seeker who wants to be close to Manhattan Bridge and surrounded by museums, galleries, entertainment, and parks. Skip it if you prefer the convenience of having grocery stores and pharmacies within easy reach."
169.63,Entire home/apt,4.8,2.0,1.0,1.0,1.0,10.0,False,1.0,1.0,2.0,Choose this place if you prioritize convenient access to daily essentials and cultural institutions. Skip it if you are looking for a neighborhood defined by proximity to specific local landmarks.
733.0,Entire home/apt,4.82,6.0,3.0,2.0,1.0,102.0,True,2.0,1.0,3.0,Choose this place if you prioritize convenience and easy access to daily essentials and public transportation. Skip it if you are looking for a location defined by famous landmarks or specific local attractions.
147.5,Entire home/apt,4.7,2.0,1.0,1.0,1.0,10.0,False,1.0,1.0,2.0,"Choose this place if you prioritize easy access to a variety of dining and cafe options. Skip it if you require proximity to pharmacies, green spaces, or hotel services."
231.74,Entire home/apt,4.57,9.0,6.0,2.0,1.0,8.0,False,2.0,1.0,3.0,"Choose this place if you prioritize easy transit access, abundant grocery options, and proximity to green space. Skip it if you are looking for a vibrant nightlife scene or a neighborhood filled with local cafes."
392.13,Entire home/apt,5.0,5.0,3.0,2.0,1.0,9.0,False,2.0,1.0,3.0,"Choose this place if you want easy access to Prospect Park and a quieter, greener environment. Skip it if you rely on public transit or want to be within walking distance of major New York City landmarks and hotels."
316.68,Entire home/apt,4.73,2.0,1.0,1.0,1.0,56.0,True,1.0,1.0,2.0,"Choose this place if you prioritize convenience, easy access to public transportation, and having daily essentials like groceries and pharmacies within reach. Skip it if you prefer a neighborhood that feels less focused on transient visitors and high-density commercial services."
153.84,Entire home/apt,4.77,3.0,1.0,1.0,1.0,133.0,True,1.0,1.0,2.0,Choose this place if you prioritize convenient access to daily essentials like groceries and pharmacies alongside a rich cultural scene. Skip it if you are looking for a location defined by proximity to specific well-known landmarks.
143.83,Entire home/apt,5.0,2.0,1.0,1.0,1.0,12.0,True,1.0,1.0,2.0,Choose this place if you value convenience and easy access to retail and essential services. Skip it if you are looking for vibrant nightlife or proximity to outdoor green spaces.
342.38,Entire home/apt,4.95,2.0,2.0,1.0,1.0,269.0,False,1.0,1.0,2.0,"Choose this place if you are a night owl who prioritizes a vibrant bar and cafe scene over sightseeing or easy transit access. Skip it if you require convenient grocery shopping, frequent subway travel, or proximity to major entertainment venues."
230.7,Entire home/apt,4.83,5.0,7.0,3.0,3.0,93.0,False,3.0,3.0,6.0,Choose this place if you are a foodie who wants to spend your time relaxing in local cafes and dining spots near Prospect Park. Skip it if you rely on public transit to get around or need convenient access to grocery stores and major sightseeing destinations.
394.06,Entire home/apt,4.0,4.0,1.0,1.0,1.0,1.0,True,1.0,1.0,2.0,"Choose this place if you are a traveler who prioritizes outdoor recreation, fitness, and proximity to Central Park. Skip it if you prefer a neighborhood defined by residential character rather than a high concentration of hotels and tourist-focused landmarks."
628.33,Entire home/apt,4.21,2.0,2.0,1.0,1.0,14.0,True,1.0,1.0,2.0,"Choose this place if you want to be surrounded by nightlife, cafes, museums, and green space. Skip it if you rely on public transit or need easy access to grocery stores and pharmacies."
183.44,Entire home/apt,4.68,4.0,3.0,2.0,1.0,219.0,True,2.0,1.0,3.0,"Choose this place if you prioritize access to parks, landmarks, and pharmacies and enjoy a hotel-heavy environment. Skip it if you rely on public transit or need convenient access to grocery stores."
227.23,Entire home/apt,4.53,4.0,3.0,2.0,1.0,15.0,False,2.0,1.0,3.0,Choose this place if you are a tourist or fitness enthusiast who wants to be near The High Line and surrounded by cultural attractions and green space. Skip it if you prefer a residential neighborhood feel rather than an area dominated by hotels and high-traffic visitor destinations.
322.1,Entire home/apt,4.55,5.0,3.0,2.0,1.0,115.0,True,2.0,1.0,3.0,Choose this place if you want convenient access to public transportation and essential supplies while being surrounded by local landmarks. Skip it if you prefer a neighborhood that is not defined by high foot traffic and tourist-heavy sights.
294.6,Entire home/apt,5.0,1.0,1.0,1.0,1.0,17.0,True,1.0,1.0,2.0,"Choose this place if you want to be in the heart of the city's best sightseeing, dining, and transit options. Skip it if you require easy access to pharmacies or prefer a neighborhood with more essential services on every corner."
108.63,Entire home/apt,4.92,3.0,2.0,1.0,1.0,149.0,True,1.0,1.0,2.0,"Choose this place if you prioritize easy access to pharmacies and prefer a residential area without the bustle of hotels or tourist attractions. Skip it if you are looking for proximity to museums, parks, or the convenience of a neighborhood with high-density amenities."
551.26,Entire home/apt,4.97,6.0,3.0,2.0,1.0,34.0,True,2.0,1.0,3.0,"Choose this place if you want easy access to cultural institutions, parks, and nightlife. Skip it if you prefer a high density of shops and immediate proximity to subway transit."
451.53,Entire home/apt,4.44,4.0,2.0,2.0,2.0,9.0,False,2.0,2.0,4.0,"Choose this place if you prioritize access to parks, dining, fitness facilities, and sightseeing. Skip it if you prefer having easy access to grocery stores and pharmacies within your immediate block."
83.33,Private room,5.0,1.0,1.0,1.0,1.0,2.0,False,1.0,1.0,2.0,"Choose this place if you want convenient access to transit, essential services, and Central Park. Skip it if you prefer a neighborhood that feels less like a tourist-heavy hub with many hotels."
267.04,Entire home/apt,4.94,2.0,1.0,1.0,1.0,16.0,True,1.0,1.0,2.0,"Choose this place if you want easy access to transit, fitness facilities, and a high concentration of entertainment and daily conveniences. Skip it if you prefer a quiet residential environment away from the activity and bustle of a high-traffic area."
134.22,Entire home/apt,4.82,4.0,2.0,1.0,1.0,49.0,False,1.0,1.0,2.0,Choose this place if you prioritize convenient access to daily essentials and reliable transit over nearby tourist attractions or a dense cafe scene. Skip it if you are looking for a neighborhood rich in sightseeing opportunities or a high concentration of coffee shops.
518.07,Entire home/apt,4.5,6.0,3.0,3.0,3.0,4.0,False,3.0,3.0,6.0,Choose this place if you want to be within walking distance of Central Park and iconic city landmarks. Skip it if you prefer a neighborhood defined by local residential character rather than high-traffic tourist attractions.
160.65,Entire home/apt,5.0,2.0,1.0,1.0,1.0,14.0,True,1.0,1.0,2.0,Choose this place if you want a vibrant social scene with easy access to cafes and groceries. Skip it if you rely on public transit or need immediate access to pharmacies and major tourist attractions.
326.52,Entire home/apt,5.0,2.0,1.0,1.0,1.0,1.0,False,1.0,1.0,2.0,"Choose this place if you want convenient access to public transportation and essential supplies while being surrounded by local sights. Skip it if you prefer a neighborhood that is defined by specific, well-known landmarks rather than general sightseeing opportunities."
171.43,Entire home/apt,4.42,5.0,4.0,2.0,1.0,12.0,False,2.0,1.0,3.0,"Choose this place if you prioritize convenient access to daily essentials, green space, and reliable public transportation. Skip it if you are looking for a neighborhood rich in cultural attractions, museums, or proximity to major landmarks."
231.62,Entire home/apt,5.0,3.0,2.0,2.0,1.5,10.0,False,2.0,1.5,3.5,Choose this place if you want to be close to nightlife and enjoy a vibrant evening scene. Skip it if you rely on public transit to get around or prefer easy access to parks and green space.
203.07,Entire home/apt,5.0,4.0,3.0,2.0,1.0,2.0,False,2.0,1.0,3.0,Choose this place if you are a traveler prioritizing easy access to hotels and local sights. Skip it if you are looking for a neighborhood with abundant parks or green space.
621.0,Entire home/apt,4.57,8.0,4.0,4.0,2.0,65.0,False,4.0,2.0,6.0,Choose this place if you prioritize easy access to groceries and a wide variety of local entertainment. Skip it if you prefer a quiet residential environment away from high-traffic commercial activity.
215.7,Entire home/apt,5.0,3.0,1.0,1.0,1.0,1.0,False,1.0,1.0,2.0,"Choose this place if you want easy access to transit, green space, and major sights. Skip it if you prefer a neighborhood with a distinct local identity rather than one dominated by hotels and tourism."
112.74,Entire home/apt,5.0,2.0,2.0,2.0,1.0,1.0,False,2.0,1.0,3.0,"Choose this place if you prioritize easy access to daily essentials like groceries and pharmacies while enjoying a peaceful, green environment. Skip it if you are looking for a vibrant nightlife, proximity to major tourist attractions, or convenient access to fitness facilities."
433.07,Entire home/apt,5.0,8.0,4.0,3.0,2.0,1.0,False,3.0,2.0,5.0,"Choose this place if you want to be surrounded by major sights, green space, and convenient access to pharmacies. Skip it if you prefer a neighborhood defined by specific local landmarks or a typical residential atmosphere."
223.03,Entire home/apt,5.0,2.0,2.0,1.0,1.0,2.0,False,1.0,1.0,2.0,Choose this place if you prioritize easy access to daily essentials like groceries and pharmacy items. Skip it if you are looking for a neighborhood with abundant coffee shops or nearby green spaces for outdoor recreation.
263.33,Private room,4.94,2.0,1.0,1.0,1.0,239.0,True,1.0,1.0,2.0,Choose this place if you prioritize easy access to public transportation and convenient pharmacy services. Skip it if you are looking for a neighborhood with a vibrant nightlife or a high density of entertainment options.
1106.2,Entire home/apt,4.95,3.0,1.0,2.0,1.0,44.0,False,2.0,1.0,3.0,"Choose this place if you are a sightseer or fitness enthusiast who wants to be close to Lincoln Center and Central Park with excellent transit access. Skip it if you require convenient access to daily necessities like grocery stores and pharmacies, or if you are looking for a vibrant nightlife scene."
319.87,Entire home/apt,5.0,4.0,2.0,2.0,1.0,58.0,True,2.0,1.0,3.0,"Choose this place if you value easy access to public transportation, nearby pharmacies, and plenty of green space. Skip it if you prefer to be within walking distance of specific well-known landmarks."
77.18,Private room,5.0,1.0,1.0,1.0,2.0,1.0,True,1.0,2.0,3.0,"Choose this place if you prioritize easy access to daily essentials like groceries and pharmacies. Skip it if you are looking for a neighborhood rich in culture, entertainment, or outdoor green space."
171.97,Entire home/apt,4.86,2.0,1.0,1.0,1.0,92.0,False,1.0,1.0,2.0,"Choose this place if you prioritize easy transit access, proximity to Central Park, and abundant green space for a convenient, relaxed stay. Skip it if you are looking for a neighborhood with a vibrant nightlife or a high density of entertainment venues."
91.6,Entire home/apt,4.65,1.0,1.0,1.0,1.0,31.0,False,1.0,1.0,2.0,"Choose this place if you prioritize convenient transit access, frequent grocery shopping, and proximity to parks and pharmacies. Skip it if you are looking for a neighborhood with a high density of cafes and hotels or if you prefer a busy, tourist-centric environment."
227.23,Entire home/apt,5.0,4.0,3.0,2.0,1.0,3.0,False,2.0,1.0,3.0,"Choose this place if you are a traveler who prioritizes easy access to transit, fitness facilities, and cultural landmarks. Skip it if you prefer a neighborhood with a distinct local identity or specific well-known attractions nearby."
447.5,Entire home/apt,4.95,5.0,2.0,2.0,1.5,194.0,True,2.0,1.5,3.5,Choose this place if you want to be close to bars and nightlife and do not mind a commute. Skip it if you require easy access to transit or want to be near parks and green space.
958.7,Entire home/apt,4.88,5.0,8.0,3.0,1.0,17.0,False,3.0,1.0,4.0,"Choose this place if you are a cafe lover looking to spend your time relaxing in Prospect Park. Skip it if you need easy subway access, proximity to major tourist landmarks, or convenient grocery shopping nearby."
110.63,Entire home/apt,4.95,2.0,1.0,1.0,1.0,91.0,True,1.0,1.0,2.0,Choose this place if you prioritize easy access to pharmacies and health essentials. Skip it if you are looking for proximity to parks and outdoor green space.
172.56,Entire home/apt,4.71,2.0,1.0,1.0,1.0,7.0,True,1.0,1.0,2.0,Choose this place if you prioritize easy access to pharmacies and health essentials. Skip it if you are looking for a neighborhood defined by proximity to well-known landmarks.
116.2,Entire home/apt,4.61,2.0,2.0,1.0,1.0,28.0,False,1.0,1.0,2.0,Choose this place if you prioritize easy access to fresh food and convenient public transportation. Skip it if you are looking for a location defined by proximity to specific famous landmarks.
224.57,Entire home/apt,4.98,5.0,4.0,3.0,1.0,291.0,False,3.0,1.0,4.0,"Choose this place if you prioritize access to a variety of dining options and prefer a location away from the typical tourist landmarks. Skip it if you rely on public transit, require easy access to pharmacies, or want proximity to parks and green spaces."
141.6,Entire home/apt,4.89,2.0,1.0,1.0,1.0,72.0,False,1.0,1.0,2.0,"Choose this place if you are looking for a high concentration of entertainment venues and prefer a neighborhood focused on nightlife. Skip it if you require proximity to parks, green spaces, or major landmarks and prefer a location with nearby hotel amenities."
375.2,Entire home/apt,5.0,3.0,1.0,2.0,1.0,1.0,True,2.0,1.0,3.0,Choose this place if you want to prioritize easy transit access and vibrant nightlife. Skip it if you are a light sleeper or prefer a quiet residential environment.
199.54,Entire home/apt,4.81,4.0,2.0,2.0,1.0,155.0,False,2.0,1.0,3.0,"Choose this place if you prioritize easy access to daily essentials like groceries and pharmacies. Skip it if you are looking for a neighborhood rich in cultural attractions, fitness facilities, or tourist landmarks."
456.47,Entire home/apt,4.98,2.0,1.0,1.0,1.0,44.0,True,1.0,1.0,2.0,"Choose this place if you want to be near vibrant nightlife, cultural institutions, and parks. Skip it if you prefer having easy access to daily essentials like groceries and pharmacies nearby."
231.24,Entire home/apt,4.33,3.0,1.0,1.0,1.0,18.0,False,1.0,1.0,2.0,Choose this place if you prioritize convenient access to daily essentials and sightseeing opportunities. Skip it if you are looking for a neighborhood rich in cultural institutions like museums and galleries.
4622.0,Entire home/apt,4.69,6.0,4.0,2.0,1.0,121.0,False,2.0,1.0,3.0,Choose this place if you want easy access to late-night drinks and essential pharmacy supplies. Skip it if you are looking for nearby cultural attractions or entertainment venues.
132.37,Entire home/apt,4.7,2.0,1.0,1.0,1.0,114.0,False,1.0,1.0,2.0,Choose this place if you are a sightseer who wants to be close to Central Park and the American Museum of Natural History and prefers a quiet atmosphere with abundant green space. Skip it if you need easy access to daily essentials like pharmacies and grocery stores or are looking for a vibrant nightlife scene.
119.65,Entire home/apt,4.94,2.0,2.0,1.0,1.0,95.0,True,1.0,1.0,2.0,"Choose this place if you prioritize easy access to grocery shopping and prefer a residential environment away from tourist crowds. Skip it if you are looking for proximity to cultural attractions, fitness facilities, or the convenience of nearby hotels."
90.73,Entire home/apt,4.14,2.0,2.0,1.0,1.0,22.0,False,1.0,1.0,2.0,"Choose this place if you prioritize easy access to daily essentials, transit, and green space. Skip it if you are looking for a neighborhood with a high density of local cafes."
2392.67,Entire home/apt,5.0,2.0,2.0,1.0,1.0,1.0,False,1.0,1.0,2.0,"Choose this place if you prioritize proximity to parks, entertainment, and landmarks. Skip it if you require easy access to grocery stores and pharmacies within your immediate neighborhood."
311.0,Entire home/apt,4.86,2.0,1.0,1.0,1.0,7.0,False,1.0,1.0,2.0,"Choose this place if you prioritize easy transit access, frequent grocery shopping, and proximity to Riverside Park. Skip it if you are looking for a neighborhood with a high density of cafes and coffee shops."
543.0,Entire home/apt,4.85,4.0,2.0,2.0,1.0,13.0,True,2.0,1.0,3.0,Choose this place if you want to be near a high concentration of entertainment venues. Skip it if you require easy access to pharmacies or nearby parks and green space.
182.53,Private room,4.56,2.0,4.0,2.0,1.0,416.0,False,2.0,1.0,3.0,Choose this place if you prioritize easy access to fresh groceries and nearby outdoor green space. Skip it if you are looking for a location defined by proximity to famous city landmarks.
221.5,Shared room,5.0,2.0,2.0,1.0,1.0,19.0,True,1.0,1.0,2.0,"Choose this place if you value easy access to nature at Riverside Park, convenient daily errands, and seamless transit connections. Skip it if you prefer a neighborhood that does not prioritize high-density amenities and transit hubs."
155.38,Entire home/apt,5.0,1.0,1.0,1.0,1.0,3.0,False,1.0,1.0,2.0,"Choose this place if you are looking for a vibrant nightlife scene and plenty of cafes. Skip it if you rely on public transit, need easy access to groceries and pharmacies, or prefer a quiet area with nearby green space."
121.7,Entire home/apt,4.48,4.0,3.0,2.0,1.0,21.0,False,2.0,1.0,3.0,Choose this place if you prioritize easy access to daily essentials like groceries and pharmacies. Skip it if you are looking for a neighborhood with an active nightlife or convenient access to fitness facilities.
628.0,Entire home/apt,5.0,4.0,2.0,2.0,1.5,34.0,True,2.0,1.5,3.5,Choose this place if you want to be near a high concentration of entertainment venues. Skip it if you require easy access to pharmacies or nearby parks and green space.
164.82,Entire home/apt,5.0,5.0,2.0,2.0,1.0,3.0,True,2.0,1.0,3.0,"Choose this place if you are looking for a low-key, residential environment away from the bustle of tourist attractions. Skip it if you want easy access to parks, landmarks, or the convenience of nearby hotels."
260.79,Entire home/apt,5.0,5.0,2.0,1.0,1.0,1.0,False,1.0,1.0,2.0,Choose this place if you prioritize access to parks and a high concentration of hotel options. Skip it if you are looking for a neighborhood defined by specific local landmarks or a unique residential character.
124.48,Entire home/apt,4.68,3.0,2.0,1.0,1.0,22.0,False,1.0,1.0,2.0,"Choose this place if you want easy access to vibrant nightlife, entertainment, and green space. Skip it if you prefer having essential services like grocery stores and pharmacies within walking distance."
147.5,Entire home/apt,5.0,4.0,2.0,2.0,1.0,26.0,True,2.0,1.0,3.0,Choose this place if you want easy access to Central Park and convenient transit for sightseeing. Skip it if you are looking for a neighborhood with a high concentration of nightlife and entertainment venues.
2045.88,Entire home/apt,4.86,16.0,12.0,6.0,4.5,14.0,True,6.0,4.5,10.5,Choose this place if you prioritize convenience for daily errands and stocking up on essentials. Skip it if you are looking for vibrant nightlife or easy access to outdoor recreation.
607.0,Entire home/apt,5.0,2.0,1.0,1.0,1.0,25.0,True,1.0,1.0,2.0,"Choose this place if you are a night owl who prioritizes a high density of bars and cafes over proximity to daily conveniences. Skip it if you rely on public transit, need easy access to pharmacies and groceries, or prefer a neighborhood with abundant green space."
432.33,Entire home/apt,4.78,8.0,4.0,3.0,2.0,32.0,False,3.0,2.0,5.0,Choose this place if you want to be surrounded by high-end accommodations and abundant green space. Skip it if you prefer a neighborhood with a distinct local identity or specific nearby landmarks to visit.
157.1,Entire home/apt,4.5,2.0,1.0,1.0,1.0,2.0,False,1.0,1.0,2.0,"Choose this place if you value easy access to daily essentials like groceries and pharmacies or want to be near The Metropolitan Museum of Art. Skip it if you are looking for vibrant nightlife, nearby green space, or a neighborhood with a high density of hotels."
202.8,Entire home/apt,4.79,5.0,3.0,3.0,1.0,56.0,True,3.0,1.0,4.0,"Choose this place if you want convenient access to groceries, transit, parks, and nightlife. Skip it if you prefer a neighborhood with fewer hotels and a less busy atmosphere."
244.13,Entire home/apt,4.97,3.0,2.0,1.0,1.0,75.0,True,1.0,1.0,2.0,Choose this place if you want easy access to late-night activity and essential supplies. Skip it if you are a light sleeper or prefer to have entertainment options within walking distance.
145.67,Entire home/apt,3.0,4.0,2.0,2.0,1.0,6.0,False,2.0,1.0,3.0,"Choose this place if you want convenient access to daily essentials and The Metropolitan Museum of Art. Skip it if you are looking for nightlife, nearby parks, or a bustling neighborhood atmosphere."
880.0,Entire home/apt,4.92,8.0,3.0,4.0,1.5,12.0,True,4.0,1.5,5.5,Choose this place if you prioritize easy access to groceries and frequent nights out. Skip it if you require nearby pharmacies or value immediate access to parks and green space.
104.23,Entire home/apt,5.0,2.0,1.0,1.0,1.0,3.0,True,1.0,1.0,2.0,"Choose this place if you prioritize easy access to daily errands and household supplies. Skip it if you are looking for vibrant nightlife, local entertainment, or proximity to cultural attractions and outdoor green space."
148.5,Private room,4.83,1.0,1.0,1.0,1.0,6.0,False,1.0,1.0,2.0,Choose this place if you want to be near major sights and landmarks. Skip it if you prefer having easy access to parks and green space.
2212.37,Entire home/apt,4.89,8.0,2.0,2.0,2.0,9.0,False,2.0,2.0,4.0,Choose this place if you want easy access to Lincoln Center and Riverside Park with excellent transit connections. Skip it if you prefer a neighborhood with abundant nightlife and convenient grocery shopping nearby.
398.97,Entire home/apt,5.0,6.0,4.0,3.0,2.0,5.0,False,3.0,2.0,5.0,Choose this place if you prioritize easy access to transit and convenient pharmacy services. Skip it if you are looking for local entertainment or a neighborhood with a high concentration of hotels.
435.5,Entire home/apt,4.89,4.0,2.0,2.0,2.0,54.0,True,2.0,2.0,4.0,"Choose this place if you prioritize access to green space, local landmarks, and pharmacies while enjoying a hotel-heavy environment. Skip it if you rely on the subway for daily travel or prefer having easy access to grocery stores within walking distance."
190.63,Entire home/apt,5.0,4.0,2.0,1.0,1.0,1.0,False,1.0,1.0,2.0,"Choose this place if you prioritize convenient access to daily essentials and reliable transit connections. Skip it if you are looking for a vibrant neighborhood atmosphere with nearby nightlife, cafes, or cultural attractions."
139.08,Entire home/apt,4.8,6.0,3.0,2.0,2.0,20.0,True,2.0,2.0,4.0,"Choose this place if you prioritize easy access to pharmacies and nearby green space for a quieter, residential feel. Skip it if you are a tourist looking to explore museums and landmarks or if you rely on convenient subway access to get around the city."
330.5,Private room,5.0,2.0,2.0,2.0,1.0,13.0,True,2.0,1.0,3.0,"Choose this place if you value having easy access to pharmacies and shops and prefer a quiet area away from nightlife. Skip it if you are looking for a vibrant cafe culture, nearby parks, or easy access to museums and galleries."
271.64,Entire home/apt,5.0,4.0,2.0,2.0,1.5,1.0,True,2.0,1.5,3.5,"Choose this place if you want to be in the center of the action with easy access to transit, culture, and nightlife. Skip it if you require immediate access to pharmacies or prefer a neighborhood with a more residential, quiet atmosphere."
552.17,Entire home/apt,5.0,5.0,3.0,1.0,1.5,1.0,True,1.0,1.5,2.5,"Choose this place if you are a cafe enthusiast looking for a quiet retreat near Prospect Park. Skip it if you rely on public transit, need easy access to grocery stores, or want to be within walking distance of major city landmarks."
594.75,Entire home/apt,4.9,4.0,3.0,2.0,1.0,10.0,True,2.0,1.0,3.0,Choose this place if you are a culture seeker who wants to spend your time exploring museums and galleries. Skip it if you are looking for a neighborhood with a vibrant nightlife or a high concentration of entertainment venues.
60.96,Entire home/apt,4.64,3.0,2.0,1.0,1.0,14.0,False,1.0,1.0,2.0,"Choose this place if you are a culture seeker who values easy access to museums, galleries, and essential supplies. Skip it if you prefer a neighborhood defined by iconic landmarks or a bustling local scene."
114.8,Entire home/apt,4.6,2.0,1.0,2.0,1.0,247.0,False,2.0,1.0,3.0,Choose this place if you prioritize easy access to nightlife and cultural institutions. Skip it if you rely on public transportation or prefer having green space nearby.
502.67,Entire home/apt,4.96,3.0,1.0,1.0,1.0,163.0,False,1.0,1.0,2.0,Choose this place if you are a sightseer who values proximity to Riverside Park and a high concentration of hotels. Skip it if you prefer having easy access to grocery stores within your immediate block.
227.0,Entire home/apt,4.89,3.0,2.0,1.0,1.0,257.0,True,1.0,1.0,2.0,"Choose this place if you prioritize convenient access to daily essentials and reliable transit connections. Skip it if you are looking for a vibrant nightlife scene, nearby cultural attractions, or a neighborhood with a high density of cafes and entertainment options."
193.0,Private room,5.0,1.0,1.0,1.0,1.0,8.0,False,1.0,1.0,2.0,"Choose this place if you prioritize proximity to hotels, landmarks, and parks. Skip it if you rely on public transit or need easy access to grocery stores."
171.47,Entire home/apt,5.0,2.0,1.0,1.0,1.0,2.0,True,1.0,1.0,2.0,"Choose this place if you want to prioritize easy transit access, frequent workouts, and proximity to cultural and outdoor attractions. Skip it if you prefer a neighborhood defined by specific local landmarks or a quieter, less active environment."
106.76,Private room,4.74,2.0,1.0,1.0,1.0,130.0,False,1.0,1.0,2.0,"Choose this place if you prioritize convenient access to daily essentials like groceries, pharmacies, and transit. Skip it if you are looking for a vibrant neighborhood with nightlife, cultural attractions, or nearby parks."
284.17,Entire home/apt,5.0,5.0,4.0,3.0,1.0,3.0,True,3.0,1.0,4.0,Choose this place if you want easy access to Central Park and convenient transit for sightseeing. Skip it if you are looking for a neighborhood with a vibrant nightlife or a wide variety of entertainment venues.
178.8,Entire home/apt,4.0,3.0,2.0,1.0,1.0,1.0,False,1.0,1.0,2.0,Choose this place if you prioritize easy access to grocery shopping and prefer a residential feel over a tourist-heavy environment. Skip it if you rely on public transit for your daily commute or want a neighborhood with abundant fitness facilities and sightseeing opportunities.
109.7,Entire home/apt,5.0,2.0,1.0,1.0,1.0,2.0,False,1.0,1.0,2.0,"Choose this place if you prioritize easy access to daily essentials and transit or want to be near The Cloisters. Skip it if you are looking for a neighborhood with abundant nightlife, fitness facilities, or nearby green spaces."
67.67,Private room,5.0,1.0,1.0,1.0,1.0,2.0,False,1.0,1.0,2.0,Choose this place if you prioritize easy access to daily essentials and The Metropolitan Museum of Art. Skip it if you want vibrant nightlife or nearby green space for outdoor recreation.
420.33,Entire home/apt,4.92,4.0,2.0,1.0,1.0,12.0,False,1.0,1.0,2.0,"Choose this place if you want to be close to parks, entertainment, and sightseeing. Skip it if you need easy access to pharmacies or prefer a neighborhood with fewer hotels and tourists."
156.17,Entire home/apt,5.0,2.0,1.0,1.0,1.0,8.0,False,1.0,1.0,2.0,"Choose this place if you are an active traveler who enjoys frequenting gyms, exploring landmarks like Central Park, and spending time in green spaces. Skip it if you are looking for a lively nightlife scene or a high density of bars."
171.7,Entire home/apt,4.88,4.0,2.0,2.0,1.0,8.0,True,2.0,1.0,3.0,Choose this place if you prioritize convenient access to daily essentials like groceries and pharmacies and prefer a quiet environment. Skip it if you are looking for a vibrant nightlife scene or want to be within walking distance of museums and galleries.
233.56,Entire home/apt,4.92,5.0,3.0,2.0,1.0,129.0,True,2.0,1.0,3.0,"Choose this place if you want to be in the center of the local nightlife scene. Skip it if you rely on public transit, require nearby fitness facilities, or prefer a location close to major tourist attractions."
170.61,Entire home/apt,4.9,4.0,2.0,2.0,1.0,10.0,True,2.0,1.0,3.0,"Choose this place if you prioritize convenient access to daily essentials like groceries and pharmacies and enjoy having parks nearby. Skip it if you are looking for a neighborhood rich in cafes, museums, or tourist attractions."
172.23,Entire home/apt,5.0,2.0,1.0,1.0,1.0,1.0,False,1.0,1.0,2.0,Choose this place if you are a culture seeker who prioritizes easy subway access to explore the city. Skip it if you prefer having convenient access to daily essentials like groceries and pharmacies within walking distance.
225.98,Entire home/apt,4.5,2.0,1.0,1.0,1.0,2.0,False,1.0,1.0,2.0,Choose this place if you want to be near Manhattan Bridge and enjoy frequenting entertainment venues and museums. Skip it if you prefer having easy access to grocery stores or require a quiet environment.
253.19,Entire home/apt,4.94,5.0,3.0,2.0,1.5,17.0,True,2.0,1.5,3.5,"Choose this place if you prioritize easy access to daily essentials and green space, or if you want to be near Washington Square Park. Skip it if you are looking for a neighborhood that offers a different atmosphere than one defined by its high concentration of grocery stores and pharmacies."
72.67,Private room,5.0,1.0,1.0,1.0,1.0,11.0,False,1.0,1.0,2.0,Choose this place if you prioritize convenient access to daily essentials and reliable public transportation. Skip it if you are looking to explore local cultural institutions or iconic landmarks.
140.02,Entire home/apt,5.0,3.0,1.0,1.0,1.0,11.0,True,1.0,1.0,2.0,"Choose this place if you prioritize convenient access to daily essentials and public transportation. Skip it if you are looking for an active neighborhood with nearby entertainment, fitness facilities, or cultural attractions."
130.88,Entire home/apt,5.0,4.0,2.0,2.0,1.0,8.0,True,2.0,1.0,3.0,"Choose this place if you prioritize convenient access to daily essentials and public transportation. Skip it if you are looking for local nightlife, fitness facilities, or proximity to cultural attractions."
103.06,Entire home/apt,4.63,2.0,1.0,1.0,1.0,240.0,False,1.0,1.0,2.0,Choose this place if you prioritize easy access to pharmacies and a vibrant nightlife scene. Skip it if you rely on public transportation or prefer a quiet environment for sleeping.
262.17,Entire home/apt,4.87,4.0,2.0,2.0,1.0,87.0,False,2.0,1.0,3.0,"Choose this place if you want a quiet, residential environment away from the bustle of tourist activity. Skip it if you are looking for convenient access to nightlife, entertainment, or nearby outdoor green spaces."
165.58,Entire home/apt,5.0,4.0,3.0,2.0,2.0,8.0,False,2.0,2.0,4.0,"Choose this place if you are looking for a quiet, low-traffic area removed from the typical tourist crowds. Skip it if you want easy access to recreational facilities, green spaces, or a neighborhood with a vibrant local scene."
326.66,Private room,4.98,2.0,2.0,1.0,1.0,81.0,True,1.0,1.0,2.0,Choose this place if you prioritize easy access to groceries and hotel accommodations. Skip it if you require a neighborhood with a wide variety of local gyms and sports facilities.
312.0,Entire home/apt,5.0,2.0,1.0,1.0,1.0,9.0,True,1.0,1.0,2.0,Choose this place if you prioritize easy access to daily necessities and abundant green space near Washington Square Park. Skip it if you prefer a location with a more diverse range of neighborhood amenities beyond groceries and pharmacies.
196.27,Entire home/apt,5.0,3.0,1.0,1.0,1.5,22.0,True,1.0,1.5,2.5,"Choose this place if you want to be in the center of the city's nightlife, entertainment, and cultural scene. Skip it if you prefer a quiet residential area with easy access to parks, gyms, or local hotels."
114.63,Entire home/apt,2.5,4.0,3.0,1.0,1.0,2.0,False,1.0,1.0,2.0,"Choose this place if you prioritize easy transit access, abundant green space, and convenient access to pharmacies. Skip it if you are looking for proximity to museums, galleries, or major tourist landmarks."
46.47,Private room,4.75,1.0,1.0,1.0,2.0,4.0,False,1.0,2.0,3.0,Choose this place if you prioritize easy access to transit and convenient pharmacy services. Skip it if you are looking for proximity to parks and green space.
259.43,Entire home/apt,4.86,4.0,3.0,1.0,1.0,85.0,False,1.0,1.0,2.0,Choose this place if you prioritize easy access to health and wellness supplies. Skip it if you are looking to spend your time exploring local museums and galleries.
182.53,Entire home/apt,4.82,6.0,3.0,2.0,1.0,38.0,False,2.0,1.0,3.0,"Choose this place if you prioritize easy transit access, frequent museum visits, and nearby cafes and parks. Skip it if you prefer having a grocery store within immediate walking distance."
236.13,Entire home/apt,5.0,2.0,1.0,1.0,1.0,1.0,False,1.0,1.0,2.0,Choose this place if you want easy access to medical essentials and nearby sightseeing. Skip it if you are looking for a neighborhood rich in museums and galleries.
188.07,Entire home/apt,5.0,6.0,2.0,2.0,1.0,3.0,False,2.0,1.0,3.0,Choose this place if you want easy access to nightlife and daily provisions. Skip it if you require a pharmacy nearby or prefer a quiet environment.
361.17,Entire home/apt,3.0,6.0,3.0,3.0,2.0,1.0,False,3.0,2.0,5.0,Choose this place if you prioritize easy access to parks and essential services like pharmacies while being surrounded by notable landmarks. Skip it if you are looking for a location defined by specific well-known neighborhood destinations.
119.5,Entire home/apt,4.84,2.0,2.0,2.0,1.0,185.0,True,2.0,1.0,3.0,"Choose this place if you prioritize easy access to pharmacies and prefer a quiet area away from the noise of entertainment venues and tourist crowds. Skip it if you are looking for a vibrant neighborhood with nearby landmarks, museums, galleries, or a wide selection of hotels."
87.84,Entire home/apt,4.92,2.0,1.0,1.0,1.0,13.0,False,1.0,1.0,2.0,"Choose this place if you prioritize convenient access to grocery shopping and prefer a residential area away from tourist-heavy sights. Skip it if you require proximity to museums, gyms, or a wide selection of hotels and local attractions."
435.1,Entire home/apt,4.73,8.0,5.0,4.0,4.0,11.0,True,4.0,4.0,8.0,Choose this place if you prioritize easy transit access and proximity to green space. Skip it if you are looking for a vibrant nightlife scene or a neighborhood with plenty of local cafes.
218.37,Entire home/apt,4.89,2.0,1.0,1.0,1.0,9.0,False,1.0,1.0,2.0,Choose this place if you prioritize access to parks and green space. Skip it if you are looking for a neighborhood with convenient access to gyms and sports facilities.
55.63,Private room,4.78,2.0,1.0,1.0,1.0,151.0,True,1.0,1.0,2.0,"Choose this place if you are a culture seeker who wants easy access to museums, galleries, and entertainment venues. Skip it if you rely on public transit or need convenient access to pharmacies and cafes."
162.98,Entire home/apt,4.67,4.0,4.0,2.0,1.0,3.0,False,2.0,1.0,3.0,"Choose this place if you prioritize easy access to pharmacies and shops and want a quieter environment away from the typical nightlife and tourist crowds. Skip it if you are looking for proximity to gyms, museums, nightlife, or major landmarks like Times Square."
1299.76,Entire home/apt,5.0,6.0,3.0,2.0,2.0,4.0,False,2.0,2.0,4.0,"Choose this place if you want easy access to vibrant nightlife, cultural institutions, and green spaces. Skip it if you require convenient public transit or nearby access to essential groceries and pharmacies."
243.33,Entire home/apt,4.73,2.0,2.0,1.0,1.0,11.0,False,1.0,1.0,2.0,"Choose this place if you prioritize easy access to health, wellness, and pharmacy needs and prefer a quieter residential atmosphere. Skip it if you are looking for a vibrant nightlife scene or want to be in a neighborhood with a high concentration of hotels."
121.87,Entire home/apt,4.96,2.0,1.0,1.0,1.0,27.0,True,1.0,1.0,2.0,"Choose this place if you prioritize convenience to pharmacies and hotels or want to be near major sights. Skip it if you are looking for local nightlife, museums, or access to nearby parks and green space."
414.2,Entire home/apt,4.67,3.0,2.0,1.0,1.0,3.0,False,1.0,1.0,2.0,Choose this place if you are a sightseer who enjoys being near parks and entertainment. Skip it if you require easy access to pharmacies or prefer a location with fewer hotels and tourists.
433.29,Entire home/apt,5.0,3.0,2.0,1.0,1.0,1.0,False,1.0,1.0,2.0,"Choose this place if you want easy access to entertainment, landmarks, and abundant green space. Skip it if you prefer having essential services like pharmacies within walking distance."
124.47,Entire home/apt,5.0,2.0,2.0,1.0,1.0,1.0,False,1.0,1.0,2.0,"Choose this place if you prioritize convenient access to daily essentials, transit, and sightseeing. Skip it if you are looking for a vibrant nightlife scene or a neighborhood filled with local cafes."
425.35,Entire home/apt,5.0,3.0,1.0,1.0,1.0,1.0,False,1.0,1.0,2.0,"Choose this place if you want easy access to abundant green space, entertainment, and sightseeing. Skip it if you require immediate access to pharmacies or prefer a residential area without a high concentration of hotels."
258.13,Entire home/apt,5.0,8.0,4.0,4.0,1.0,1.0,False,4.0,1.0,5.0,"Choose this place if you prioritize convenient transit access and having essential services like groceries and pharmacies within easy reach. Skip it if you are looking for a neighborhood rich in cultural landmarks, museums, or a vibrant cafe and fitness scene."
276.57,Entire home/apt,5.0,4.0,2.0,2.0,2.5,6.0,True,2.0,2.5,4.5,"Choose this place if you prioritize convenient transit access, proximity to major sights, and easy access to pharmacies and hotels. Skip it if you are looking for a vibrant nightlife scene, a variety of local cafes, or nearby parks and green space."
394.2,Entire home/apt,5.0,2.0,1.0,1.0,1.0,24.0,False,1.0,1.0,2.0,"Choose this place if you want to be in the heart of the city's nightlife, entertainment, and cultural scene. Skip it if you require easy access to daily essentials like groceries and pharmacies or prefer a quiet residential area with nearby parks."
417.65,Entire home/apt,4.93,6.0,4.0,3.0,2.5,56.0,True,3.0,2.5,5.5,"Choose this place if you want easy access to cultural institutions, parks, and nightlife. Skip it if you prefer a high density of local shops or rely on convenient subway transit."
81.67,Private room,5.0,2.0,1.0,2.0,1.0,2.0,False,2.0,1.0,3.0,"Choose this place if you prioritize easy access to daily essentials like groceries and pharmacies. Skip it if you are looking for a vibrant neighborhood with nightlife, entertainment, or nearby green space."
86.67,Entire home/apt,4.8,2.0,1.0,1.0,1.0,5.0,False,1.0,1.0,2.0,"Choose this place if you prioritize easy access to groceries and pharmacies and prefer a quiet, residential environment. Skip it if you rely on public transit or want a neighborhood with plenty of cafes, nightlife, and nearby parks."
124.83,Entire home/apt,4.88,2.0,1.0,1.0,1.0,8.0,True,1.0,1.0,2.0,Choose this place if you prioritize easy access to daily essentials and reliable transit. Skip it if you are looking for a vibrant nightlife scene or a neighborhood filled with cafes and cultural attractions.
124.42,Entire home/apt,5.0,2.0,1.0,1.0,1.0,4.0,False,1.0,1.0,2.0,Choose this place if you are looking for an active nightlife scene and prefer a residential area away from tourist-heavy museums and hotels. Skip it if you rely on public transit for your daily commute or need easy access to pharmacies and essential amenities.
124.36,Entire home/apt,4.93,2.0,1.0,1.0,1.0,234.0,True,1.0,1.0,2.0,Choose this place if you prioritize easy access to transit and convenient pharmacy services. Skip it if you are looking for a neighborhood with a vibrant nightlife or a high density of entertainment venues.
228.01,Entire home/apt,4.88,2.0,1.0,1.0,1.0,8.0,False,1.0,1.0,2.0,Choose this place if you prioritize easy transit access and proximity to local landmarks. Skip it if you prefer having grocery stores and pharmacies within quick reach.
195.84,Entire home/apt,4.78,4.0,2.0,2.0,1.0,9.0,False,2.0,1.0,3.0,"Choose this place if you prioritize easy access to groceries and a quiet, residential atmosphere. Skip it if you are looking for proximity to tourist attractions, nightlife, or fitness facilities."
670.03,Entire home/apt,5.0,6.0,3.0,3.0,3.5,3.0,True,3.0,3.5,6.5,Choose this place if you want to be surrounded by hotels and cultural institutions like museums and galleries. Skip it if you rely on public transit to get around or prefer having a wide variety of dining options within walking distance.
185.28,Entire home/apt,4.5,6.0,4.0,1.0,1.0,4.0,False,1.0,1.0,2.0,Choose this place if you prioritize easy access to daily essentials and sightseeing opportunities. Skip it if you rely on public transportation and prefer a location with high subway connectivity.
117.99,Private room,4.72,2.0,1.0,1.0,1.0,117.0,False,1.0,1.0,2.0,"Choose this place if you prioritize easy access to daily essentials like groceries and pharmacies and prefer a quiet, residential atmosphere. Skip it if you rely on public transit, enjoy vibrant nightlife, or want to be within walking distance of museums, parks, and major city attractions."
71.9,Private room,5.0,2.0,1.0,1.0,1.0,9.0,True,1.0,1.0,2.0,"Choose this place if you prioritize easy access to transit and having multiple pharmacies within reach. Skip it if you are looking for proximity to nightlife, fitness facilities, green spaces, or major tourist landmarks."
361.18,Entire home/apt,4.8,2.0,2.0,1.0,1.0,35.0,False,1.0,1.0,2.0,Choose this place if you are a sightseer who wants to be steps away from The Metropolitan Museum of Art. Skip it if you prefer a neighborhood with a unique local character rather than one dominated by hotels.
233.34,Private room,4.77,2.0,1.0,1.0,1.0,156.0,True,1.0,1.0,2.0,"Choose this place if you are an active traveler who prioritizes fitness and nightlife access. Skip it if you prefer a neighborhood with convenient grocery shopping, dining options, or nearby green space."
177.47,Entire home/apt,4.64,6.0,5.0,2.0,1.0,192.0,False,2.0,1.0,3.0,Choose this place if you are a sightseer who values easy transit access and proximity to Washington Square Park and Central Park. Skip it if you are looking for a neighborhood with a high concentration of local entertainment venues.
276.49,Entire home/apt,5.0,6.0,3.0,3.0,1.0,1.0,False,3.0,1.0,4.0,Choose this place if you are a sightseer visiting The Metropolitan Museum of Art who prioritizes easy access to groceries and pharmacies over nightlife. Skip it if you are looking for nearby green space or a neighborhood with a vibrant bar scene.
159.63,Entire home/apt,5.0,2.0,2.0,1.0,1.0,13.0,True,1.0,1.0,2.0,"Choose this place if you want easy access to transit, nightlife, and pharmacies. Skip it if you are looking for proximity to museums, galleries, or major landmarks."
239.22,Entire home/apt,4.48,6.0,5.0,2.0,2.5,33.0,False,2.0,2.5,4.5,Choose this place if you prioritize convenient access to daily essentials and sightseeing. Skip it if you are looking for proximity to parks or green space.
186.87,Entire home/apt,5.0,2.0,1.0,1.0,1.0,36.0,False,1.0,1.0,2.0,"Choose this place if you prioritize an active lifestyle with easy access to cafes and green space. Skip it if you require late-night entertainment, nightlife, or convenient access to pharmacies."
126.45,Entire home/apt,4.57,4.0,2.0,2.0,2.0,53.0,False,2.0,2.0,4.0,"Choose this place if you prioritize access to a high concentration of shops and prefer a quiet, low-key environment away from nightlife. Skip it if you rely on public transit for travel, enjoy visiting museums and parks, or want a neighborhood with a wide variety of cafes and bars."
129.42,Entire home/apt,5.0,2.0,1.0,1.0,1.0,1.0,False,1.0,1.0,2.0,"Choose this place if you prioritize access to cafes and green space and prefer a quiet, residential environment away from tourist hubs. Skip it if you rely on public transit, need immediate access to pharmacies and groceries, or want to be within walking distance of major city sights."
109.9,Entire home/apt,5.0,4.0,2.0,2.0,1.0,10.0,False,2.0,1.0,3.0,Choose this place if you prioritize easy access to daily essentials and green space like Washington Square Park. Skip it if you are looking for a neighborhood with a high density of local cafes.
267.04,Entire home/apt,4.78,2.0,1.0,1.0,1.0,23.0,True,1.0,1.0,2.0,Choose this place if you prioritize easy transit access and proximity to green space. Skip it if you prefer to be within walking distance of specific well-known landmarks.
105.62,Entire home/apt,4.92,3.0,2.0,2.0,1.0,12.0,True,2.0,1.0,3.0,"Choose this place if you prioritize easy access to daily essentials like groceries and pharmacies or enjoy having extra park space nearby. Skip it if you are looking for a vibrant nightlife scene, a variety of cafes, or proximity to museums and galleries."
276.97,Entire home/apt,5.0,2.0,1.0,1.0,2.0,4.0,True,1.0,2.0,3.0,"Choose this place if you prioritize access to parks and green space and prefer a quiet, residential environment. Skip it if you need convenient access to grocery stores or want to be within walking distance of entertainment venues and hotels."
193.0,Entire home/apt,5.0,2.0,1.0,1.0,1.0,1.0,False,1.0,1.0,2.0,"Choose this place if you are looking for a quiet, low-activity environment away from the bustle of the city. Skip it if you rely on public transit or want easy access to fitness facilities and local cafes."
162.27,Entire home/apt,5.0,2.0,1.0,1.0,1.0,17.0,False,1.0,1.0,2.0,Choose this place if you prioritize easy access to pharmacies and proximity to local sights. Skip it if you prefer a block with a high density of well-known landmarks or specific neighborhood attractions.
80.26,Private room,4.89,2.0,1.0,1.0,1.0,9.0,True,1.0,1.0,2.0,"Choose this place if you prioritize easy access to transit and having multiple pharmacies within reach. Skip it if you are looking for nearby parks, active nightlife, or convenient gym access."
110.06,Entire home/apt,5.0,2.0,1.0,1.0,1.0,6.0,False,1.0,1.0,2.0,"Choose this place if you prioritize easy access to daily essentials and green space for a quiet, residential stay. Skip it if you are looking for a neighborhood with proximity to cultural institutions or a variety of fitness facilities."
251.66,Entire home/apt,5.0,6.0,2.0,3.0,2.0,3.0,False,3.0,2.0,5.0,"Choose this place if you are looking for a standard, authentic New York City experience without any specific neighborhood quirks. Skip it if you are seeking a location defined by unique local character or proximity to major landmarks."
245.16,Entire home/apt,5.0,6.0,3.0,2.0,1.5,3.0,False,2.0,1.5,3.5,"Choose this place if you are a coffee lover looking for a quiet, residential atmosphere away from the typical tourist hotel crowds. Skip it if you rely on public transportation to get around or prefer to be within easy walking distance of major subway lines."
325.25,Entire home/apt,5.0,2.0,1.0,1.0,1.0,1.0,False,1.0,1.0,2.0,"Choose this place if you prioritize easy transit access, proximity to entertainment, and abundant green space. Skip it if you require convenient access to groceries and pharmacies within walking distance."
213.86,Entire home/apt,5.0,3.0,2.0,1.0,1.0,1.0,False,1.0,1.0,2.0,"Choose this place if you want to be surrounded by hotels, parks, and sights. Skip it if you need easy access to public transit, pharmacies, or daily conveniences like grocery stores and gyms."
388.0,Entire home/apt,4.91,5.0,2.0,2.0,1.0,243.0,True,2.0,1.0,3.0,"Choose this place if you are looking for a quiet neighborhood with easy access to coffee shops. Skip it if you want to be near nightlife, parks, or a wide variety of entertainment options."
103.44,Entire home/apt,4.77,2.0,1.0,1.0,1.0,13.0,False,1.0,1.0,2.0,"Choose this place if you want to be near a high concentration of entertainment venues. Skip it if you require easy access to pharmacies, parks, or typical neighborhood amenities."
179.4,Entire home/apt,5.0,4.0,2.0,2.0,1.0,4.0,False,2.0,1.0,3.0,"Choose this place if you want to be near a high concentration of entertainment venues. Skip it if you require easy access to pharmacies, grocery stores, or green space."
228.33,Private room,4.98,2.0,2.0,2.0,1.0,190.0,True,2.0,1.0,3.0,"Choose this place if you prioritize easy grocery shopping and convenient access to public transit. Skip it if you are looking to be within walking distance of museums, entertainment venues, or major tourist landmarks."
222.67,Entire home/apt,5.0,2.0,2.0,1.0,1.0,1.0,False,1.0,1.0,2.0,Choose this place if you prioritize access to parks and green space and prefer a quiet environment. Skip it if you require convenient access to grocery stores and pharmacies within your immediate neighborhood.
362.3,Entire home/apt,4.89,4.0,3.0,2.0,1.0,19.0,False,2.0,1.0,3.0,Choose this place if you prioritize easy access to pharmacies and local sightseeing. Skip it if you rely on the subway or require convenient public transit options.
436.84,Entire home/apt,5.0,9.0,4.0,2.0,1.0,7.0,False,2.0,1.0,3.0,"Choose this place if you are looking for a quiet, residential atmosphere away from the bustle of tourist hubs. Skip it if you want to be within walking distance of nightlife, cultural institutions, or a high density of local attractions."
296.8,Private room,4.96,2.0,2.0,3.0,1.0,162.0,True,3.0,1.0,4.0,"Choose this place if you are seeking a quiet, residential atmosphere away from tourist crowds. Skip it if you require easy access to essential supplies or proximity to major sightseeing destinations."
103.23,Entire home/apt,4.55,7.0,7.0,2.0,1.0,76.0,True,2.0,1.0,3.0,"Choose this place if you prioritize easy access to daily essentials like groceries and pharmacies and prefer a quiet residential atmosphere. Skip it if you rely on public transit or want to be within walking distance of museums, cafes, and nightlife."
215.0,Hotel room,4.6,2.0,1.0,1.0,1.0,81.0,False,1.0,1.0,2.0,Choose this place if you prioritize convenient access to daily essentials and transit connections. Skip it if you are looking for a vibrant nightlife scene or proximity to museums and galleries.
397.55,Entire home/apt,5.0,5.0,2.0,2.0,2.0,2.0,True,2.0,2.0,4.0,"Choose this place if you are a sightseer who prioritizes proximity to museums, parks, and landmarks. Skip it if you rely on public transit or need easy access to grocery stores and entertainment."
361.37,Entire home/apt,4.92,6.0,4.0,3.0,2.0,39.0,False,3.0,2.0,5.0,"Choose this place if you prioritize access to cafes and green space and prefer a quiet, residential atmosphere. Skip it if you rely on public transit or need convenient access to grocery stores, pharmacies, and nightlife."
290.89,Entire home/apt,5.0,3.0,3.0,1.0,1.0,8.0,False,1.0,1.0,2.0,Choose this place if you prioritize easy access to pharmacies and nearby sightseeing. Skip it if you are looking for vibrant nightlife or proximity to museums and galleries.
261.51,Entire home/apt,5.0,4.0,4.0,4.0,1.0,1.0,True,4.0,1.0,5.0,"Choose this place if you are a sightseer who values proximity to Central Park and Washington Square Park and prefers a quiet, green environment. Skip it if you rely on nearby entertainment venues or require easy access to grocery stores."
193.6,Entire home/apt,4.75,2.0,1.0,1.0,1.5,18.0,False,1.0,1.5,2.5,Choose this place if you prioritize easy transit access and having plenty of pharmacies and hotels nearby. Skip it if you are looking for a vibrant nightlife scene or a neighborhood filled with local cafes.
272.5,Entire home/apt,5.0,4.0,2.0,2.0,1.0,8.0,True,2.0,1.0,3.0,"Choose this place if you are looking for a quiet, residential atmosphere away from the bustle of tourist hubs. Skip it if you want easy access to nightlife, outdoor recreation, or the convenience of nearby hotels for visiting guests."
197.19,Entire home/apt,5.0,6.0,2.0,3.0,1.5,1.0,False,3.0,1.5,4.5,Choose this place if you prioritize easy access to grocery shopping. Skip it if you are looking for proximity to specific well-known landmarks.
227.07,Entire home/apt,5.0,4.0,3.0,2.0,1.0,1.0,False,2.0,1.0,3.0,Choose this place if you prioritize easy access to pharmacies and proximity to landmarks and sights. Skip it if you rely heavily on the subway and public transit to get around.
132.74,Entire home/apt,5.0,2.0,1.0,1.0,1.0,1.0,False,1.0,1.0,2.0,"Choose this place if you are seeking a quiet, secluded environment away from the typical bustle of the city. Skip it if you prefer easy access to daily conveniences, cultural attractions, or vibrant nightlife."
72.64,Entire home/apt,5.0,2.0,1.0,1.0,1.0,5.0,True,1.0,1.0,2.0,"Choose this place if you prioritize easy access to grocery shopping and prefer a residential area away from tourist crowds. Skip it if you are looking for proximity to sightseeing, cultural institutions, or fitness facilities."
321.39,Entire home/apt,5.0,4.0,2.0,2.0,1.0,4.0,False,2.0,1.0,3.0,"Choose this place if you are looking for a standard, authentic New York City experience without any specific neighborhood quirks. Skip it if you are seeking a location defined by unique local character or proximity to famous landmarks."
108.8,Private room,4.91,1.0,1.0,1.0,1.5,154.0,False,1.0,1.5,2.5,"Choose this place if you are looking for a quiet retreat with plenty of cafes nearby. Skip it if you rely on public transit, require easy access to pharmacies or gyms, or want to be within walking distance of major landmarks and parks."
182.17,Entire home/apt,4.94,2.0,1.0,1.0,1.0,17.0,True,1.0,1.0,2.0,"Choose this place if you prioritize easy transit access, proximity to entertainment and green space, and being near major landmarks. Skip it if you need convenient access to daily necessities like pharmacies and groceries or prefer a neighborhood rich in museums and galleries."
212.7,Entire home/apt,4.95,4.0,2.0,2.0,1.0,39.0,True,2.0,1.0,3.0,Choose this place if you are a culture seeker who prioritizes proximity to museums and galleries. Skip it if you rely on public transit to get around or prefer having a variety of dining options within walking distance.
682.17,Entire home/apt,5.0,8.0,4.0,4.0,2.5,30.0,True,4.0,2.5,6.5,"Choose this place if you prioritize easy access to transit, pharmacies, and green space. Skip it if you are looking for a vibrant nightlife scene."
116.89,Entire home/apt,4.59,2.0,1.0,1.0,1.0,41.0,True,1.0,1.0,2.0,"Choose this place if you prioritize access to parks and green space and prefer a quieter residential atmosphere. Skip it if you are looking for proximity to major landmarks, convenient fitness facilities, or a high density of hotels and tourist infrastructure."
437.28,Entire home/apt,5.0,11.0,7.0,4.0,2.0,2.0,False,4.0,2.0,6.0,"Choose this place if you are looking for a quiet, low-traffic environment away from the typical bustle of city attractions. Skip it if you want to be within walking distance of cultural sites, parks, entertainment, or fitness facilities."
54.4,Private room,4.73,1.0,1.0,1.0,1.0,15.0,False,1.0,1.0,2.0,Choose this place if you prioritize easy access to pharmacies for your daily needs. Skip it if you are looking for proximity to parks and green spaces.
325.24,Entire home/apt,4.79,2.0,1.0,1.0,1.0,251.0,True,1.0,1.0,2.0,"Choose this place if you prioritize access to green space, pharmacies, and a hotel-dense environment. Skip it if you are looking for a vibrant nightlife scene or a neighborhood filled with local cafes."
215.67,Entire home/apt,5.0,2.0,2.0,1.0,1.0,32.0,True,1.0,1.0,2.0,"Choose this place if you are looking for a quiet, residential atmosphere away from the tourist crowds. Skip it if you want easy access to major landmarks, parks, or a wide variety of hotel services and amenities."
180.4,Entire home/apt,4.92,4.0,2.0,1.0,1.0,25.0,True,1.0,1.0,2.0,"Choose this place if you prioritize easy access to pharmacies and a quiet environment away from nightlife and tourist crowds. Skip it if you prefer being close to museums, galleries, and a vibrant social scene."
280.0,Private room,4.79,4.0,1.0,1.0,1.0,56.0,True,1.0,1.0,2.0,Choose this place if you prioritize access to parks and a high concentration of hotels. Skip it if you prefer having convenient grocery stores nearby.
147.79,Entire home/apt,4.64,7.0,5.0,1.0,1.0,22.0,False,1.0,1.0,2.0,Choose this place if you prioritize easy access to pharmacies and health essentials. Skip it if you rely on the subway or public transit to get around the city.
226.99,Entire home/apt,4.88,5.0,3.0,3.0,2.0,8.0,False,3.0,2.0,5.0,"Choose this place if you prioritize a quiet, residential atmosphere away from the bustle of commercial activity. Skip it if you prefer having convenience stores, coffee shops, and outdoor spaces within easy walking distance of your front door."
225.62,Entire home/apt,4.76,4.0,2.0,2.0,2.0,17.0,True,2.0,2.0,4.0,Choose this place if you want to be near The Vessel and prefer a quiet area away from major tourist hubs. Skip it if you are looking for easy access to parks or iconic New York City sightseeing.
256.26,Entire home/apt,5.0,4.0,2.0,2.0,1.0,5.0,True,2.0,1.0,3.0,Choose this place if you prioritize easy access to subway and transit connections. Skip it if you require convenient access to pharmacies or prefer to be near major landmarks and hotels.
119.93,Entire home/apt,4.68,1.0,1.0,1.0,1.0,31.0,False,1.0,1.0,2.0,"Choose this place if you are looking for a secluded, quiet environment away from the city bustle. Skip it if you prefer convenient access to daily essentials, recreational spaces, or local entertainment."
89.41,Private room,4.74,2.0,1.0,1.0,2.0,57.0,False,1.0,2.0,3.0,"Choose this place if you prioritize proximity to landmarks and green space and prefer a quieter environment. Skip it if you require easy access to grocery stores, pharmacies, or local entertainment venues."
523.26,Entire home/apt,4.0,6.0,2.0,2.0,2.0,1.0,True,2.0,2.0,4.0,"Choose this place if you want to be surrounded by museums, parks, and landmarks and prefer a hotel-heavy environment. Skip it if you rely on the subway for travel or need convenient access to grocery stores, gyms, and entertainment venues."
228.47,Entire home/apt,4.6,3.0,2.0,1.0,1.0,10.0,True,1.0,1.0,2.0,"Choose this place if you prioritize access to green space and pharmacies and prefer a quiet, residential atmosphere. Skip it if you are looking for vibrant nightlife or proximity to museums and galleries."
138.57,Entire home/apt,4.91,5.0,3.0,3.0,1.0,11.0,True,3.0,1.0,4.0,"Choose this place if you prioritize convenient access to daily essentials, transit, and green space. Skip it if you are looking for a vibrant nightlife scene, local cafes, or proximity to major cultural landmarks."
288.53,Entire home/apt,4.0,4.0,1.0,1.0,1.0,1.0,False,1.0,1.0,2.0,Choose this place if you want to be near landmarks and green space. Skip it if you rely on the subway for your daily travel.
287.15,Entire home/apt,5.0,4.0,2.0,2.0,1.0,2.0,True,2.0,1.0,3.0,"Choose this place if you prioritize a quiet, secluded environment away from the typical bustle of city transit and crowds. Skip it if you require easy access to public transportation or need frequent, convenient proximity to grocery stores and pharmacies."
205.7,Entire home/apt,4.9,4.0,2.0,1.0,1.0,71.0,False,1.0,1.0,2.0,Choose this place if you prioritize easy access to pharmacies and health essentials. Skip it if you are looking for outdoor recreation or green space in the immediate vicinity.
265.57,Entire home/apt,5.0,4.0,2.0,2.0,1.0,3.0,True,2.0,1.0,3.0,Choose this place if you are a sightseer who values easy transit access and proximity to Central Park. Skip it if you are looking for nightlife or entertainment venues within walking distance.
300.33,Entire home/apt,5.0,6.0,3.0,3.0,1.0,1.0,False,3.0,1.0,4.0,Choose this place if you prioritize proximity to parks and sightseeing over convenience to retail and transit. Skip it if you rely on the subway for daily travel or prefer having grocery stores and shops within easy reach.
391.86,Entire home/apt,4.89,6.0,2.0,2.0,1.0,56.0,False,2.0,1.0,3.0,Choose this place if you are looking for an area with a high concentration of hotels and prefer a stay away from the noise and bustle of transit hubs. Skip it if you rely on the subway for travel or require easy access to grocery stores and pharmacies during your stay.
340.03,Entire home/apt,2.0,6.0,3.0,3.0,1.0,1.0,False,3.0,1.0,4.0,"Choose this place if you are a sightseer who prioritizes proximity to Central Park and enjoys a quiet, green environment. Skip it if you require immediate access to nightlife, entertainment, or convenient pharmacy services."
275.48,Entire home/apt,4.18,8.0,3.0,3.0,2.0,11.0,False,3.0,2.0,5.0,"Choose this place if you prioritize easy access to groceries and reliable subway transit. Skip it if you are looking for a vibrant nightlife, a variety of cafes, or proximity to cultural institutions and gyms."
143.83,Private room,4.74,2.0,4.0,1.0,1.0,145.0,False,1.0,1.0,2.0,"Choose this place if you prioritize easy access to pharmacies and prefer a quiet, residential environment away from nightlife and tourist crowds. Skip it if you want to be within walking distance of cafes, parks, museums, or major landmarks."
387.17,Entire home/apt,5.0,4.0,2.0,2.0,2.0,1.0,False,2.0,2.0,4.0,Choose this place if you prioritize proximity to parks and sightseeing over a vibrant nightlife scene. Skip it if you are looking for a neighborhood with active bars and late-night entertainment.
223.45,Entire home/apt,4.97,2.0,2.0,1.0,1.0,35.0,True,1.0,1.0,2.0,"Choose this place if you are a culture seeker who enjoys visiting museums and galleries and prefers a quiet, low-key environment. Skip it if you require convenient access to daily essentials like pharmacies and grocery stores or if you are looking for an active nightlife scene."
100.44,Private room,4.43,15.0,9.0,4.0,1.0,89.0,False,4.0,1.0,5.0,"Choose this place if you prioritize easy access to pharmacies and prefer a quiet, low-key environment. Skip it if you are looking for nearby outdoor green space, active nightlife, or convenient fitness facilities."
183.9,Entire home/apt,4.93,4.0,2.0,2.0,1.0,44.0,True,2.0,1.0,3.0,Choose this place if you are a sightseer visiting Brooklyn Museum or Brooklyn Botanic Garden who prioritizes easy transit access and pharmacy convenience. Skip it if you prefer having multiple grocery options within walking distance or are looking for a neighborhood with a high density of hotels.
254.43,Entire home/apt,5.0,2.0,1.0,1.0,1.0,3.0,False,1.0,1.0,2.0,"Choose this place if you are a nightlife enthusiast or art lover who prefers a vibrant social scene over convenience. Skip it if you rely on public transit, need easy access to daily essentials like groceries and pharmacies, or prefer a neighborhood with a wide variety of dining options."
64.56,Private room,4.4,2.0,1.0,1.0,2.0,10.0,False,1.0,2.0,3.0,Choose this place if you prefer a location away from the hustle of major transit hubs. Skip it if you rely on easy subway access to get around the city.
105.1,Entire home/apt,4.5,2.0,2.0,2.0,1.0,4.0,False,2.0,1.0,3.0,Choose this place if you want to be in the center of the local nightlife scene. Skip it if you prefer a quiet residential area with easy access to parks and grocery shopping.
220.87,Entire home/apt,4.61,4.0,1.0,1.0,1.0,88.0,False,1.0,1.0,2.0,"Choose this place if you prioritize easy access to pharmacies and prefer a quieter area away from the bustle of transit and fitness hubs. Skip it if you rely on public transportation, enjoy frequent cafe visits, or want immediate access to parks and exercise facilities."
228.63,Entire home/apt,5.0,2.0,2.0,1.0,1.5,2.0,False,1.0,1.5,2.5,"Choose this place if you are seeking a secluded, quiet environment and have access to a private vehicle. Skip it if you rely on public transportation, need easy access to daily essentials, or want to be within walking distance of cultural attractions and city services."
45.63,Shared room,4.25,2.0,2.0,1.0,2.0,4.0,False,1.0,2.0,3.0,"Choose this place if you prefer a quieter, less congested environment away from the city's transit hubs. Skip it if you rely on the subway for daily travel and prefer quick, easy access to public transportation."
239.13,Entire home/apt,4.67,4.0,2.0,2.0,1.0,12.0,False,2.0,1.0,3.0,Choose this place if you prioritize easy access to daily essentials and sightseeing. Skip it if you require nearby green space or a wide variety of local shopping options.
1168.87,Entire home/apt,4.79,6.0,3.0,2.0,1.0,53.0,False,2.0,1.0,3.0,"Choose this place if you are looking for a secluded, low-traffic environment away from the typical bustle of city attractions. Skip it if you require convenient access to daily essentials like pharmacies or want to be within walking distance of parks, landmarks, and entertainment."
78.47,Private room,4.0,1.0,1.0,1.0,1.5,1.0,False,1.0,1.5,2.5,Choose this place if you prioritize a quiet environment over immediate access to convenience stores. Skip it if you rely on having pharmacies within easy reach.
105.43,Entire home/apt,4.5,2.0,1.0,1.0,1.0,2.0,False,1.0,1.0,2.0,Choose this place if you are a sightseer visiting The Metropolitan Museum of Art who values easy access to groceries and a quiet environment. Skip it if you rely on public transit to get around or are looking for a neighborhood with a vibrant nightlife and entertainment scene.
258.11,Entire home/apt,4.67,3.0,1.0,1.0,1.0,12.0,True,1.0,1.0,2.0,Choose this place if you prioritize proximity to Prospect Park and enjoy access to abundant green space. Skip it if you are looking for a neighborhood rich in museums and galleries.
214.17,Entire home/apt,4.92,2.0,1.0,1.0,2.0,13.0,False,1.0,2.0,3.0,Choose this place if you prioritize easy access to pharmacies and a hotel-dense environment. Skip it if you rely on public transit or prefer a neighborhood with abundant parks and green space.
114.07,Entire home/apt,3.0,2.0,2.0,2.0,1.0,1.0,False,2.0,1.0,3.0,"Choose this place if you are looking for a quiet, secluded stay away from the typical noise and crowds of the city. Skip it if you rely on public transit to get around or want easy access to museums, parks, and nightlife."
285.33,Private room,4.82,2.0,3.0,2.0,1.0,121.0,False,2.0,1.0,3.0,Choose this place if you prioritize a quiet environment over immediate access to fitness facilities and public transportation. Skip it if you rely on the subway for daily commuting or want a neighborhood with abundant gyms and sports amenities.
202.0,Private room,4.89,2.0,2.0,2.0,1.0,361.0,True,2.0,1.0,3.0,Choose this place if you prioritize easy access to pharmacies and a quiet environment. Skip it if you rely on the subway or public transit to get around the city.
158.57,Entire home/apt,5.0,4.0,2.0,2.0,2.0,5.0,True,2.0,2.0,4.0,Choose this place if you prioritize proximity to parks and green space and prefer a quiet environment. Skip it if you rely on public transit for commuting or require easy access to pharmacies and fitness facilities.
303.0,Entire home/apt,4.86,4.0,2.0,2.0,1.0,180.0,True,2.0,1.0,3.0,"Choose this place if you prioritize being surrounded by a high density of shops and want a quiet, residential atmosphere away from the bustle of nightlife and dining. Skip it if you rely on nearby grocery stores, parks, or cultural attractions and prefer a location with convenient access to daily amenities and entertainment."
155.79,Entire home/apt,4.97,4.0,2.0,2.0,1.0,226.0,False,2.0,1.0,3.0,"Choose this place if you prioritize easy access to daily essentials like groceries and pharmacy supplies and prefer a quiet, residential atmosphere. Skip it if you are looking for vibrant nightlife, local cafes, or proximity to tourist attractions and cultural venues."
675.0,Entire home/apt,4.82,6.0,3.0,3.0,1.0,138.0,True,3.0,1.0,4.0,Choose this place if you prioritize proximity to landmarks and green space. Skip it if you require easy access to pharmacies or nearby fitness facilities.
544.0,Entire home/apt,4.71,4.0,2.0,2.0,1.5,136.0,True,2.0,1.5,3.5,Choose this place if you prioritize proximity to landmarks and green space. Skip it if you require easy access to gyms or pharmacies.
163.37,Entire home/apt,4.92,4.0,2.0,2.0,1.0,25.0,True,2.0,1.0,3.0,"Choose this place if you are seeking a secluded, quiet environment away from the typical bustle of the city. Skip it if you rely on public transportation, need easy access to daily essentials like groceries and pharmacies, or want to be within walking distance of entertainment and cultural landmarks."
232.11,Entire home/apt,5.0,2.0,1.0,1.0,1.0,3.0,True,1.0,1.0,2.0,"Choose this place if you prioritize a low-key, residential atmosphere away from tourist crowds. Skip it if you are looking for proximity to nature or iconic New York City landmarks."
416.67,Entire home/apt,5.0,3.0,1.0,1.0,1.0,1.0,False,1.0,1.0,2.0,"Choose this place if you prioritize proximity to Central Park, outdoor recreation, and a quiet environment. Skip it if you require convenient access to daily essentials like groceries and pharmacies or are looking for an active nightlife scene."
82.32,Entire home/apt,4.67,1.0,1.0,1.0,1.0,3.0,False,1.0,1.0,2.0,Choose this place if you are a sightseer interested in The Cloisters who prioritizes easy access to groceries and pharmacies. Skip it if you are looking for a neighborhood with abundant fitness facilities or a high concentration of museums and galleries.
275.63,Entire home/apt,4.67,2.0,1.0,1.0,1.0,3.0,False,1.0,1.0,2.0,Choose this place if you are an art enthusiast who wants to spend your trip exploring museums and galleries. Skip it if you rely on public transit to get around or require easy access to a pharmacy.
80.1,Entire home/apt,4.5,6.0,4.0,2.0,1.0,131.0,False,2.0,1.0,3.0,Choose this place if you want easy access to Prospect Park and a greener environment than the typical city block. Skip it if you are looking for a neighborhood rich in museums and galleries.
42.13,Shared room,3.6,3.0,3.0,1.0,2.0,5.0,False,1.0,2.0,3.0,Choose this place if you are looking for a quiet retreat and have access to a car or private transport. Skip it if you rely on the subway to get around the city.
137.11,Entire home/apt,5.0,2.0,2.0,1.0,1.0,2.0,True,1.0,1.0,2.0,Choose this place if you prefer a location away from the transit hubs. Skip it if you rely on the subway to get around the city.
169.0,Private room,4.8,3.0,2.0,2.0,1.0,40.0,True,2.0,1.0,3.0,"Choose this place if you are looking for a quiet, residential atmosphere near Riverside Park and prioritize easy access to pharmacies. Skip it if you rely on public transit or want a neighborhood with a vibrant selection of cafes, nightlife, and cultural venues within walking distance."
231.5,Entire home/apt,4.79,2.0,1.0,1.0,1.0,19.0,False,1.0,1.0,2.0,"Choose this place if you prioritize easy access to pharmacies and prefer a quiet area away from busy retail corridors. Skip it if you enjoy having parks, green spaces, or a wide variety of local shops within walking distance."
210.2,Entire home/apt,5.0,4.0,1.0,1.0,1.0,1.0,False,1.0,1.0,2.0,Choose this place if you prioritize access to fitness facilities and outdoor green space. Skip it if you rely on public transit or need convenient access to grocery stores and pharmacies.
185.0,Hotel room,4.0,2.0,1.0,1.0,1.0,4.0,False,1.0,1.0,2.0,"Choose this place if you want a quiet, residential atmosphere away from the bustle of tourist-heavy areas. Skip it if you prefer being within walking distance of parks, major landmarks, or the convenience of nearby hotels."
185.0,Hotel room,3.0,2.0,1.0,1.0,1.0,1.0,False,1.0,1.0,2.0,"Choose this place if you are looking for a secluded, quiet environment away from tourist crowds. Skip it if you prefer being within walking distance of parks, landmarks, or the convenience of nearby hotels."
516.8,Entire home/apt,5.0,4.0,2.0,2.0,2.0,4.0,False,2.0,2.0,4.0,"Choose this place if you prioritize proximity to landmarks, sights, and green space. Skip it if you rely on public transit or want convenient access to grocery stores and shops."
288.94,Entire home/apt,4.89,4.0,1.0,1.0,1.0,53.0,True,1.0,1.0,2.0,"Choose this place if you are seeking a secluded, quiet environment and have access to a private vehicle. Skip it if you rely on public transportation, need easy access to daily essentials, or want to be within walking distance of cultural attractions and tourist sites."
185.0,Hotel room,3.0,2.0,1.0,1.0,1.0,2.0,False,1.0,1.0,2.0,"Choose this place if you are seeking a quiet, residential atmosphere away from the tourist crowds. Skip it if you want easy access to green space, nearby hotels for guests, or proximity to major sightseeing destinations."
195.09,Entire home/apt,5.0,3.0,2.0,2.0,1.0,2.0,False,2.0,1.0,3.0,"Choose this place if you are looking for a quiet, residential atmosphere away from the bustle of typical city activity. Skip it if you require convenient access to fitness facilities or immediate proximity to pharmacies for your daily needs."
296.71,Private room,4.92,2.0,1.0,1.0,1.0,626.0,True,1.0,1.0,2.0,"Choose this place if you are looking for a standard, authentic New York experience without specific neighborhood quirks. Skip it if you are seeking proximity to major landmarks or unique local features."
775.37,Entire home/apt,5.0,7.0,4.0,3.0,2.5,27.0,False,3.0,2.5,5.5,"Choose this place if you are looking for a quiet retreat near Prospect Park and do not mind relying on alternative transportation. Skip it if you need easy access to the subway, frequent grocery runs, or proximity to major city landmarks and amenities."
803.82,Entire home/apt,4.92,8.0,5.0,4.0,3.5,37.0,True,4.0,3.5,7.5,"Choose this place if you are seeking a secluded, quiet retreat and have access to a car. Skip it if you rely on public transportation or need convenient access to daily essentials and nightlife."
145.28,Entire home/apt,4.78,2.0,1.0,1.0,1.0,18.0,False,1.0,1.0,2.0,Choose this place if you prioritize easy access to pharmacies and major sights. Skip it if you rely on the subway for travel or prefer being near parks and green space.
107.74,Entire home/apt,4.72,3.0,1.0,1.0,1.0,75.0,False,1.0,1.0,2.0,"Choose this place if you are looking for a secluded, quiet environment away from the typical bustle of the city. Skip it if you rely on public transportation or want easy access to cultural attractions, dining, and nightlife."
225.0,Entire home/apt,4.49,2.0,1.0,1.0,1.0,103.0,False,1.0,1.0,2.0,"Choose this place if you prioritize easy access to pharmacies and prefer a quiet, residential atmosphere away from the bustle of tourist attractions and entertainment hubs. Skip it if you are looking for proximity to parks, museums, or a vibrant nightlife scene."
103.23,Entire home/apt,4.81,6.0,4.0,1.0,1.0,77.0,True,1.0,1.0,2.0,"Choose this place if you prioritize easy access to grocery shopping and want a quieter residential feel. Skip it if you rely on public transit, need immediate access to gyms, or are looking to explore museums and galleries."
192.67,Private room,4.75,2.0,1.0,1.0,2.0,21.0,False,1.0,2.0,3.0,Choose this place if you are a sightseer who prioritizes easy transit access and proximity to Washington Square Park and Central Park. Skip it if you are looking for a neighborhood with a vibrant nightlife or a high density of entertainment venues.
290.7,Entire home/apt,4.0,4.0,2.0,2.0,1.0,1.0,False,2.0,1.0,3.0,"Choose this place if you want to be near Grand Army Plaza and prefer a quiet, residential atmosphere away from the bustle of hotels and entertainment. Skip it if you require easy access to pharmacies or a high density of nightlife and local amenities within immediate reach."
301.43,Entire home/apt,4.96,5.0,3.0,3.0,2.0,46.0,True,3.0,2.0,5.0,"Choose this place if you are seeking a secluded, quiet environment away from the typical bustle of the city. Skip it if you rely on public transit, need immediate access to daily essentials, or want to be within walking distance of entertainment and cultural attractions."
377.77,Entire home/apt,4.0,4.0,2.0,2.0,2.0,1.0,False,2.0,2.0,4.0,"Choose this place if you prioritize proximity to landmarks, sights, and green space. Skip it if you rely on public transit or need convenient access to shops and grocery stores."
232.3,Entire home/apt,4.93,4.0,2.0,1.0,1.0,40.0,False,1.0,1.0,2.0,Choose this place if you prioritize easy access to parks and entertainment venues. Skip it if you prefer having cafes and grocery stores within immediate walking distance.
422.25,Entire home/apt,5.0,9.0,7.0,3.0,2.0,2.0,False,3.0,2.0,5.0,"Choose this place if you prioritize a low-profile location away from tourist crowds and busy landmarks. Skip it if you are looking for easy access to fitness facilities, green spaces, or cultural attractions."
114.31,Entire home/apt,5.0,3.0,1.0,1.0,1.0,2.0,True,1.0,1.0,2.0,"Choose this place if you are seeking a quiet, secluded environment away from the typical bustle and tourist density of the city. Skip it if you rely on public transportation or want immediate access to shopping, cultural attractions, and parks."
286.59,Entire home/apt,5.0,5.0,3.0,3.0,2.0,3.0,True,3.0,2.0,5.0,"Choose this place if you prioritize easy access to nature and pharmacies in a quiet, residential setting. Skip it if you rely on public transit or want to be within walking distance of museums and major city landmarks."
193.5,Entire home/apt,4.92,4.0,3.0,2.0,1.0,129.0,False,2.0,1.0,3.0,"Choose this place if you prioritize access to cafes and green space and prefer a quiet, residential atmosphere away from tourist hubs. Skip it if you require convenient access to pharmacies or want to be within walking distance of museums and galleries."
447.27,Entire home/apt,4.33,6.0,4.0,3.0,1.0,6.0,False,3.0,1.0,4.0,"Choose this place if you are looking for a quiet, secluded stay away from the typical bustle and tourist activity of the city. Skip it if you prefer a neighborhood with convenient access to fitness facilities, nightlife, dining, or green spaces."
456.67,Private room,5.0,2.0,2.0,2.0,1.0,48.0,False,2.0,1.0,3.0,"Choose this place if you are looking for a quiet retreat near Prospect Park and do not mind relying on alternative transportation. Skip it if you need easy access to the subway, frequent grocery runs, or proximity to major city landmarks and amenities."
124.33,Entire home/apt,4.88,4.0,1.0,1.0,1.0,64.0,True,1.0,1.0,2.0,"Choose this place if you are looking for a secluded, quiet environment away from the typical bustle of the city. Skip it if you rely on public transit or need easy access to daily necessities like groceries, pharmacies, and entertainment."
211.14,Entire home/apt,4.86,2.0,1.0,1.0,1.0,189.0,True,1.0,1.0,2.0,Choose this place if you prioritize a quiet environment and do not mind traveling for your daily needs. Skip it if you require easy access to fresh groceries or outdoor green spaces.
412.9,Entire home/apt,5.0,6.0,3.0,3.0,2.0,3.0,False,3.0,2.0,5.0,Choose this place if you prioritize easy access to daily essentials and green space. Skip it if you are looking for a neighborhood with a vibrant cafe culture.
154.33,Entire home/apt,4.64,2.0,1.0,1.0,1.0,11.0,False,1.0,1.0,2.0,"Choose this place if you are seeking a secluded, quiet retreat and have your own transportation. Skip it if you rely on public transit or need easy access to daily essentials and urban conveniences."
107.65,Entire home/apt,4.88,2.0,2.0,1.0,1.0,197.0,False,1.0,1.0,2.0,"Choose this place if you are looking for a quiet, secluded retreat away from the typical bustle of the city. Skip it if you rely on public transit or want easy access to gyms, cafes, and cultural attractions."
169.63,Entire home/apt,4.76,4.0,4.0,1.0,2.0,66.0,True,1.0,2.0,3.0,"Choose this place if you prioritize easy access to pharmacies and a quiet, residential atmosphere away from the noise of nightlife and entertainment. Skip it if you prefer being within walking distance of gyms, parks, or the vibrant sightseeing and nightlife scenes typical of New York."
101.78,Private room,5.0,2.0,1.0,1.0,1.0,2.0,True,1.0,1.0,2.0,"Choose this place if you are looking for a secluded, residential atmosphere away from the typical bustle of the city. Skip it if you rely on public transportation or want convenient access to essential amenities and cultural attractions."
44.43,Private room,4.43,1.0,1.0,1.0,1.5,7.0,False,1.0,1.5,2.5,Choose this place if you prioritize being in a dense urban environment without a focus on outdoor recreation. Skip it if you are looking for easy access to parks or green space during your stay.
216.82,Private room,4.88,2.0,2.0,2.0,1.0,224.0,True,2.0,1.0,3.0,"Choose this place if you are a culture enthusiast who wants easy access to museums and galleries. Skip it if you prefer to be near parks, green spaces, or major landmarks."
342.5,Entire home/apt,4.86,3.0,2.0,2.0,1.0,579.0,True,2.0,1.0,3.0,"Choose this place if you are looking for a secluded, quiet environment away from the typical bustle of the city. Skip it if you want easy access to local amenities, entertainment, or recreational facilities."
68.57,Shared room,4.8,1.0,1.0,1.0,1.0,103.0,False,1.0,1.0,2.0,Choose this place if you prioritize easy access to daily essentials like groceries and pharmacy items. Skip it if you rely on public transportation and need a subway station within close reach.
255.07,Entire home/apt,4.94,4.0,2.0,2.0,1.0,33.0,True,2.0,1.0,3.0,"Choose this place if you are looking for a secluded, quiet retreat away from the typical bustle of the city. Skip it if you rely on public transportation or want easy access to daily necessities, entertainment, and cultural attractions."
494.19,Entire home/apt,1.0,6.0,2.0,2.0,2.0,1.0,False,2.0,2.0,4.0,"Choose this place if you are looking for a quiet, scenic stay near hotels and parks. Skip it if you rely on public transit or want easy access to grocery stores, gyms, and nightlife."
146.97,Entire home/apt,5.0,2.0,1.0,1.0,1.5,4.0,True,1.0,1.5,2.5,Choose this place if you are an art enthusiast looking to spend your time visiting museums and galleries. Skip it if you prefer being near parks or iconic landmarks and require outdoor green space.
118.18,Entire home/apt,5.0,2.0,1.0,2.0,1.0,16.0,False,2.0,1.0,3.0,Choose this place if you prioritize access to green space and hotel accommodations over proximity to nightlife or shopping. Skip it if you need easy access to grocery stores or a wide variety of entertainment venues nearby.
180.0,Private room,4.39,4.0,2.0,1.0,1.0,99.0,False,1.0,1.0,2.0,Choose this place if you are looking for a hotel-heavy area with a quieter atmosphere away from the nightlife scene. Skip it if you need easy access to grocery stores or want a neighborhood with a vibrant nightlife.
228.3,Shared room,5.0,2.0,1.0,1.0,1.0,10.0,True,1.0,1.0,2.0,"Choose this place if you are looking for a standard, predictable New York City experience. Skip it if you are seeking a neighborhood with unique local landmarks or distinct character."
228.24,Entire home/apt,4.79,2.0,1.0,1.0,1.0,42.0,True,1.0,1.0,2.0,"Choose this place if you prioritize easy access to pharmacies and a quiet, residential atmosphere away from the city's nightlife and tourist crowds. Skip it if you want to be within walking distance of cafes, entertainment, fitness facilities, or major sightseeing destinations."
513.67,Entire home/apt,4.72,6.0,4.0,3.0,2.0,53.0,False,3.0,2.0,5.0,"Choose this place if you prioritize easy access to grocery stores and pharmacies and prefer a quiet area away from the bustle of hotels and entertainment. Skip it if you rely on public transit, enjoy frequenting cafes and gyms, or want to be within walking distance of parks and major sights."
106.72,Entire home/apt,4.89,2.0,1.0,1.0,1.0,130.0,True,1.0,1.0,2.0,"Choose this place if you are seeking a quiet, residential atmosphere away from the bustle of tourist hubs. Skip it if you require convenient access to daily essentials, local parks, or immediate entertainment options."
118.49,Entire home/apt,4.94,4.0,2.0,2.0,1.0,47.0,False,2.0,1.0,3.0,Choose this place if you prioritize easy access to transit for getting around the city. Skip it if you prefer having grocery stores and parks within walking distance.
167.56,Entire home/apt,4.92,5.0,2.0,1.0,1.0,180.0,True,1.0,1.0,2.0,"Choose this place if you are looking for a quiet retreat near Prospect Park and do not mind traveling for your daily needs. Skip it if you rely on public transit or want convenient access to grocery stores, gyms, and sightseeing."
523.0,Entire home/apt,4.25,4.0,2.0,2.0,2.0,4.0,False,2.0,2.0,4.0,"Choose this place if you prioritize easy access to pharmacies and prefer a quiet area away from the crowds of entertainment and tourist hubs. Skip it if you want to be within walking distance of parks, cultural attractions, or a vibrant nightlife scene."
183.81,Entire home/apt,4.76,4.0,2.0,1.0,1.0,33.0,False,1.0,1.0,2.0,Choose this place if you prioritize access to parks and a high concentration of hotel options. Skip it if you prefer having convenient grocery stores nearby or require a variety of local amenities within immediate reach.
516.0,Entire home/apt,4.77,5.0,3.0,2.0,1.0,104.0,True,2.0,1.0,3.0,Choose this place if you prioritize easy access to pharmacies and health essentials. Skip it if you are looking for proximity to parks and outdoor green space.
5841.0,Entire home/apt,5.0,16.0,21.0,15.0,6.0,2.0,True,15.0,6.0,21.0,Choose this place if you prioritize easy access to pharmacies and health essentials. Skip it if you are looking for proximity to parks or green space.
80.63,Private room,4.63,2.0,1.0,4.0,1.5,104.0,False,4.0,1.5,5.5,"Choose this place if you are looking for a quiet, low-key environment away from the city's nightlife scene. Skip it if you want easy access to outdoor recreation or green space."
155.0,Entire home/apt,4.88,2.0,1.0,1.0,1.0,74.0,False,1.0,1.0,2.0,"Choose this place if you are looking for a secluded, quiet environment and plan to rely on taxis or ride-shares rather than public transit. Skip it if you need convenient access to daily essentials like groceries and pharmacies or want to be within walking distance of parks and subway stations."
70.21,Private room,5.0,2.0,1.0,1.0,1.0,3.0,True,1.0,1.0,2.0,"Choose this place if you are looking for a secluded, quiet environment and have access to a private vehicle. Skip it if you rely on public transportation or want easy access to daily essentials, cultural attractions, and urban amenities."
110.57,Entire home/apt,4.56,2.0,1.0,1.0,1.0,25.0,False,1.0,1.0,2.0,Choose this place if you are a sightseer who prioritizes proximity to Washington Square Park and access to green space. Skip it if you rely on public transit or want easy access to local shops and cafes.
326.88,Entire home/apt,5.0,6.0,4.0,3.0,2.0,11.0,False,3.0,2.0,5.0,Choose this place if you want easy access to nightlife and outdoor recreation. Skip it if you prefer to have daily necessities and cultural institutions within walking distance.
112.41,Entire home/apt,4.96,4.0,2.0,1.0,1.0,48.0,False,1.0,1.0,2.0,"Choose this place if you prioritize easy access to pharmacies and prefer a quiet, residential atmosphere away from the bustle of tourist attractions and entertainment. Skip it if you are looking for a neighborhood with convenient shopping, fitness facilities, or a vibrant nightlife scene."
70.3,Private room,4.86,1.0,1.0,1.0,1.0,7.0,True,1.0,1.0,2.0,"Choose this place if you prioritize easy access to pharmacies and prefer a quiet, residential atmosphere away from the bustle of shops and entertainment. Skip it if you are looking for an active neighborhood with nearby gyms, museums, parks, or a variety of retail options."
120.04,Entire home/apt,4.81,2.0,2.0,1.0,1.0,253.0,False,1.0,1.0,2.0,Choose this place if you prioritize easy access to pharmacies and health essentials. Skip it if you prefer having parks or green spaces within walking distance.
130.0,Private room,5.0,2.0,1.0,1.0,1.0,17.0,False,1.0,1.0,2.0,"Choose this place if you are seeking a secluded, quiet environment away from the typical bustle of the city. Skip it if you need convenient access to daily essentials, fitness facilities, or a vibrant local social scene."
206.49,Entire home/apt,4.35,4.0,1.0,2.0,2.0,17.0,False,2.0,2.0,4.0,Choose this place if you are a sightseer who values easy transit access and proximity to Washington Square Park and Central Park. Skip it if you are looking for a neighborhood with abundant local shopping and entertainment venues right outside your door.
270.0,Hotel room,4.43,3.0,2.0,1.0,1.0,81.0,False,1.0,1.0,2.0,Choose this place if you prioritize proximity to parks and green space and prefer a quieter atmosphere away from nightlife. Skip it if you need easy access to grocery stores or want to be in the center of the city's bar scene.
162.06,Entire home/apt,5.0,4.0,1.0,1.0,1.0,1.0,True,1.0,1.0,2.0,"Choose this place if you are looking for a lively nightlife scene and do not mind a quiet, residential atmosphere without nearby attractions. Skip it if you rely on public transit, want to be within walking distance of shops and sights, or prefer having green space nearby."
211.65,Entire home/apt,5.0,2.0,1.0,1.0,1.0,2.0,False,1.0,1.0,2.0,Choose this place if you are looking for a quiet neighborhood with plenty of local cafes. Skip it if you rely on public transit or need easy access to pharmacies and grocery stores.
134.6,Entire home/apt,4.91,2.0,1.0,1.0,1.0,11.0,True,1.0,1.0,2.0,Choose this place if you want to be near Washington Square Park and enjoy extra access to green space. Skip it if you prefer having a wide variety of cafes within walking distance.
210.6,Entire home/apt,4.75,2.0,2.0,1.0,1.0,214.0,False,1.0,1.0,2.0,"Choose this place if you prioritize access to Washington Square Park and Riverside Park and prefer a quiet, residential atmosphere. Skip it if you want to be within walking distance of major landmarks, entertainment, or convenient daily amenities like cafes and grocery stores."
171.5,Entire home/apt,4.6,4.0,3.0,2.0,1.0,341.0,True,2.0,1.0,3.0,"Choose this place if you are looking for a quiet, residential retreat with easy access to parks and green space. Skip it if you want to be within walking distance of cafes, museums, nightlife, or major city attractions."
220.0,Private room,4.95,2.0,2.0,1.0,1.0,244.0,True,1.0,1.0,2.0,"Choose this place if you prefer a quiet, low-traffic environment away from the bustle of tourist attractions and active hubs. Skip it if you are looking for proximity to fitness facilities, cultural institutions, or outdoor green spaces."
230.0,Private room,4.56,4.0,2.0,1.0,1.0,9.0,True,1.0,1.0,2.0,Choose this place if you are looking for a quiet stay with plenty of hotel options. Skip it if you prefer a neighborhood with vibrant nightlife or easy access to grocery stores.
216.57,Entire home/apt,4.81,3.0,1.0,1.0,1.0,16.0,False,1.0,1.0,2.0,Choose this place if you are a sightseer looking to be near The Metropolitan Museum of Art and prefer a neighborhood with plenty of hotel options. Skip it if you rely on public transit or want easy access to local gyms and sports facilities.
625.65,Entire home/apt,5.0,6.0,3.0,3.0,3.0,2.0,False,3.0,3.0,6.0,Choose this place if you prioritize easy access to public transportation for getting around the city. Skip it if you prefer to have essential services like pharmacies or a wide range of hotel options immediately available in your neighborhood.
314.0,Private room,5.0,2.0,3.0,3.0,2.0,93.0,False,3.0,2.0,5.0,Choose this place if you prioritize convenient access to essentials like pharmacies and a high concentration of hotels. Skip it if you rely on public transportation and need easy access to the subway.
89.5,Entire home/apt,4.63,4.0,2.0,1.0,1.0,51.0,False,1.0,1.0,2.0,"Choose this place if you are seeking a quiet, secluded environment away from the typical hustle and bustle of city attractions. Skip it if you want convenient access to cafes, fitness facilities, entertainment, or cultural landmarks within walking distance."
199.48,Entire home/apt,4.85,4.0,2.0,1.0,1.0,48.0,False,1.0,1.0,2.0,"Choose this place if you prioritize easy access to daily essentials like groceries and pharmacies and prefer a quiet, low-key environment. Skip it if you are looking for proximity to tourist attractions, nightlife, or recreational amenities like parks and gyms."
163.71,Entire home/apt,4.87,4.0,3.0,1.0,1.0,30.0,False,1.0,1.0,2.0,Choose this place if you prioritize convenient access to pharmacies and enjoy staying in an area with more hotels and green space than the typical New York block. Skip it if you are looking for a location defined by proximity to specific well-known landmarks.
206.78,Entire home/apt,4.88,2.0,2.0,1.0,1.0,97.0,True,1.0,1.0,2.0,"Choose this place if you are a sightseer visiting the Brooklyn Bridge who prioritizes easy transit access and proximity to abundant green space. Skip it if you prefer having grocery stores, pharmacies, and shops within immediate walking distance."
133.93,Entire home/apt,4.75,4.0,2.0,2.0,1.0,8.0,False,2.0,1.0,3.0,Choose this place if you prioritize convenient subway and transit access for getting around the city. Skip it if you prefer having easy access to grocery stores and nearby parks or green spaces.
169.58,Entire home/apt,5.0,2.0,1.0,1.0,1.0,6.0,False,1.0,1.0,2.0,Choose this place if you prioritize proximity to Washington Square Park and easy access to pharmacies and green space. Skip it if you rely on public transit or want a neighborhood with abundant shops and cafes at your doorstep.
217.0,Entire home/apt,4.7,2.0,1.0,1.0,1.0,258.0,True,1.0,1.0,2.0,Choose this place if you are looking for a secluded stay and have access to a car or private transport. Skip it if you are relying on the subway to get around the city.
136.13,Entire home/apt,5.0,2.0,3.0,2.0,1.0,10.0,True,2.0,1.0,3.0,Choose this place if you prioritize being in a location where green space is not a requirement for your stay. Skip it if you are looking for access to parks or outdoor recreational areas within walking distance.
189.43,Entire home/apt,4.44,7.0,4.0,2.0,1.0,80.0,False,2.0,1.0,3.0,"Choose this place if you prioritize a quiet, residential atmosphere away from the bustle of city crowds and tourist activity. Skip it if you require convenient access to daily essentials, local entertainment, or nearby outdoor green space."
160.03,Entire home/apt,5.0,5.0,3.0,3.0,1.5,1.0,True,3.0,1.5,4.5,Choose this place if you prioritize a low-profile location away from tourist crowds. Skip it if you want easy access to nature or iconic city landmarks.
354.0,Entire home/apt,4.73,4.0,2.0,1.0,1.0,37.0,False,1.0,1.0,2.0,Choose this place if you prioritize a quiet environment over immediate access to convenience stores. Skip it if you rely on having pharmacies within easy reach for your daily needs.
99.38,Entire home/apt,4.0,2.0,2.0,1.0,1.0,8.0,False,1.0,1.0,2.0,"Choose this place if you are looking for a quiet, leafy retreat with easy access to neighborhood cafes. Skip it if you rely on public transit, need quick access to daily essentials, or want to be within walking distance of nightlife and city landmarks."
371.0,Private room,4.88,2.0,2.0,1.0,1.0,60.0,False,1.0,1.0,2.0,"Choose this place if you prioritize efficient transit access and a residential feel away from tourist hubs. Skip it if you prefer being within walking distance of parks, shopping, and essential services."
110.27,Entire home/apt,4.38,4.0,2.0,1.0,1.0,13.0,False,1.0,1.0,2.0,"Choose this place if you prioritize easy access to daily essentials like groceries and pharmacies and prefer a quiet, residential atmosphere. Skip it if you rely on public transit, enjoy vibrant nightlife and cultural activities, or want to be within walking distance of parks and city landmarks."
120.87,Entire home/apt,4.42,3.0,1.0,1.0,1.0,83.0,False,1.0,1.0,2.0,"Choose this place if you prioritize easy access to daily essentials like groceries and pharmacies. Skip it if you are looking for a vibrant nightlife scene, nearby green spaces, or a neighborhood with plenty of fitness and cultural amenities."
209.23,Entire home/apt,5.0,4.0,3.0,2.0,2.0,1.0,False,2.0,2.0,4.0,"Choose this place if you prioritize a quiet, residential atmosphere away from the bustle of commercial activity. Skip it if you prefer having convenient access to daily essentials, retail shopping, and outdoor recreation within walking distance."
174.78,Entire home/apt,4.42,2.0,1.0,1.0,1.0,95.0,False,1.0,1.0,2.0,"Choose this place if you are a sightseer who enjoys visiting Central Park, museums, and galleries and prefers a quiet neighborhood with easy access to pharmacies. Skip it if you are looking for a vibrant nightlife scene or want a wide variety of shops within walking distance."
278.23,Entire home/apt,5.0,2.0,1.0,1.0,1.5,1.0,False,1.0,1.5,2.5,"Choose this place if you prioritize a quiet, residential atmosphere away from the bustle of commercial activity. Skip it if you require convenient access to daily essentials, retail shopping, or nearby outdoor recreational spaces."
319.0,Private room,4.5,3.0,2.0,1.0,1.0,16.0,True,1.0,1.0,2.0,Choose this place if you prioritize easy transit access and proximity to numerous hotels. Skip it if you prefer a vibrant nightlife scene or want convenient access to grocery stores within the immediate block.
203.23,Entire home/apt,4.5,4.0,1.0,1.0,1.0,8.0,False,1.0,1.0,2.0,"Choose this place if you are looking for a secluded, quiet environment away from the typical bustle of the city. Skip it if you rely on public transit, need easy access to daily conveniences like groceries and pharmacies, or want to be within walking distance of New York's major attractions and nightlife."
83.71,Entire home/apt,4.97,2.0,1.0,1.0,1.0,30.0,False,1.0,1.0,2.0,"Choose this place if you prioritize easy access to groceries and prefer a quiet, residential atmosphere away from the city's tourist hubs. Skip it if you are looking for proximity to nightlife, cultural attractions, or fitness facilities and prefer a neighborhood with an active social scene."
774.33,Shared room,4.88,6.0,6.0,3.0,2.0,67.0,True,3.0,2.0,5.0,Choose this place if you prioritize easy access to grocery shopping and a residential feel. Skip it if you rely on the subway or public transit to get around the city.
88.5,Entire home/apt,5.0,2.0,1.0,1.0,1.0,2.0,False,1.0,1.0,2.0,"Choose this place if you prioritize easy access to groceries and prefer a quiet, residential atmosphere away from the noise of nightlife. Skip it if you rely on public transit, enjoy frequenting local cafes, or want to be within walking distance of parks and green spaces."
398.23,Entire home/apt,4.87,9.0,6.0,4.0,2.5,31.0,True,4.0,2.5,6.5,"Choose this place if you are looking for a secluded, quiet retreat and plan to rely on a car or private transport. Skip it if you need convenient access to public transit, daily necessities, or cultural attractions within walking distance."
184.69,Entire home/apt,5.0,5.0,1.0,3.0,2.0,17.0,True,3.0,2.0,5.0,"Choose this place if you are looking for a secluded, quiet environment away from the typical bustle of the city. Skip it if you want easy access to dining, fitness facilities, nightlife, or major cultural attractions."
209.0,Private room,4.27,2.0,1.0,1.0,1.0,15.0,False,1.0,1.0,2.0,"Choose this place if you prioritize easy transit access, proximity to parks, and a hotel-heavy environment. Skip it if you want vibrant nightlife, frequent entertainment options, or convenient grocery shopping nearby."
161.53,Entire home/apt,4.94,3.0,2.0,1.0,1.0,372.0,False,1.0,1.0,2.0,"Choose this place if you are seeking a quiet, secluded environment away from the bustle of city life. Skip it if you rely on public transportation or want convenient access to dining, shopping, and nightlife."
174.9,Entire home/apt,5.0,6.0,3.0,3.0,2.0,6.0,True,3.0,2.0,5.0,"Choose this place if you are seeking a secluded, quiet environment away from the typical bustle of the city. Skip it if you rely on public transit, need easy access to daily necessities like groceries and pharmacies, or want to be within walking distance of cultural attractions and green spaces."
129.05,Entire home/apt,4.97,2.0,1.0,1.0,1.0,93.0,False,1.0,1.0,2.0,Choose this place if you prioritize a quieter environment over immediate access to convenience stores. Skip it if you rely on having pharmacies within easy reach for your daily needs.
200.96,Entire home/apt,4.9,2.0,1.0,1.0,1.0,10.0,False,1.0,1.0,2.0,"Choose this place if you are looking for a secluded, quiet environment away from the typical bustle of the city. Skip it if you rely on public transit or want easy access to daily conveniences like pharmacies and cafes."
55.8,Private room,4.91,1.0,1.0,1.0,1.0,11.0,False,1.0,1.0,2.0,"Choose this place if you are looking for a quiet, secluded retreat away from the bustle of city services. Skip it if you require convenient access to daily essentials, pharmacies, or a variety of nearby entertainment options."
77.43,Private room,4.8,2.0,1.0,2.0,1.0,56.0,False,2.0,1.0,3.0,Choose this place if you prioritize easy access to pharmacies and a quiet environment away from nightlife. Skip it if you are looking for a vibrant social scene or proximity to museums and galleries.
72.68,Entire home/apt,5.0,1.0,1.0,1.0,1.0,1.0,True,1.0,1.0,2.0,"Choose this place if you are a tourist prioritizing proximity to hotels and major sights. Skip it if you want convenient access to daily essentials like groceries, pharmacies, or a wide variety of dining and nightlife options."
235.73,Entire home/apt,4.95,6.0,2.0,2.0,2.0,66.0,True,2.0,2.0,4.0,Choose this place if you prioritize being in a location where greenery is not a requirement for your stay. Skip it if you are looking for access to parks or outdoor green spaces within the immediate vicinity.
116.87,Entire home/apt,5.0,3.0,1.0,1.0,1.0,11.0,True,1.0,1.0,2.0,"Choose this place if you are looking for a quiet, secluded stay away from the typical bustle of city attractions and nightlife. Skip it if you prefer being within walking distance of cafes, parks, and cultural sites or if you want the convenience of nearby hotels and amenities."
362.68,Entire home/apt,5.0,6.0,3.0,3.0,1.0,25.0,True,3.0,1.0,4.0,Choose this place if you prioritize easy access to public transportation and a quieter atmosphere away from the city's nightlife. Skip it if you want to be within walking distance of entertainment venues or need convenient access to local pharmacies.
136.84,Entire home/apt,4.56,2.0,1.0,1.0,1.0,105.0,True,1.0,1.0,2.0,Choose this place if you prioritize a quiet environment over immediate access to convenience stores. Skip it if you rely on having a pharmacy within easy reach for your daily needs.
155.37,Entire home/apt,5.0,1.0,1.0,1.0,1.0,2.0,False,1.0,1.0,2.0,Choose this place if you prioritize proximity to parks and green space and prefer a quieter environment. Skip it if you rely on public transit for travel or need easy access to pharmacies.
192.67,Entire home/apt,4.71,5.0,4.0,3.0,2.0,34.0,True,3.0,2.0,5.0,"Choose this place if you are looking for a quiet, residential atmosphere away from the typical tourist bustle. Skip it if you want easy access to shopping, cultural attractions, and a wide variety of dining or lodging options."
81.49,Entire home/apt,4.8,3.0,1.0,1.0,1.0,5.0,False,1.0,1.0,2.0,"Choose this place if you prioritize easy access to pharmacies and prefer a quiet, low-activity environment. Skip it if you rely on public transit or want convenient access to dining, nightlife, shopping, and recreation."
139.38,Entire home/apt,4.75,3.0,3.0,2.0,1.0,99.0,False,2.0,1.0,3.0,"Choose this place if you are seeking a quiet, low-traffic environment away from the bustle of the city. Skip it if you want convenient access to dining, entertainment, or cultural attractions."
300.33,Entire home/apt,5.0,6.0,1.0,3.0,1.0,1.0,False,3.0,1.0,4.0,Choose this place if you prioritize proximity to parks and green space and prefer a quieter residential atmosphere. Skip it if you rely on public transit or want convenient access to grocery stores and shops.
251.5,Private room,4.77,5.0,4.0,2.0,1.0,339.0,False,2.0,1.0,3.0,"Choose this place if you are looking for a secluded, quiet environment away from the bustle of tourist-heavy areas. Skip it if you prioritize convenient access to fitness facilities, outdoor recreation, or nearby hospitality services."
255.06,Private room,4.87,2.0,2.0,2.0,1.0,238.0,True,2.0,1.0,3.0,"Choose this place if you are seeking a quiet, secluded environment away from the typical bustle and commercial activity of the city. Skip it if you prefer having convenient access to daily essentials, dining, nightlife, and cultural attractions within walking distance."
188.87,Private room,5.0,2.0,1.0,1.0,1.5,33.0,True,1.0,1.5,2.5,Choose this place if you prioritize a central urban experience and do not require immediate access to nature. Skip it if you are looking for a neighborhood with abundant parks or green space.
170.93,Entire home/apt,4.83,4.0,2.0,2.0,1.0,6.0,False,2.0,1.0,3.0,"Choose this place if you are seeking a secluded, quiet environment away from the typical bustle of the city. Skip it if you rely on public transit, need immediate access to daily essentials, or want to be within walking distance of New York's attractions and nightlife."
138.27,Entire home/apt,4.69,2.0,2.0,1.0,1.0,13.0,False,1.0,1.0,2.0,"Choose this place if you are seeking a remote, quiet retreat away from the bustle of the city and have your own transportation. Skip it if you rely on public transit, need immediate access to essential services like pharmacies, or want to be within walking distance of major tourist attractions and cultural sites."
193.0,Private room,4.97,2.0,2.0,2.0,1.5,33.0,False,2.0,1.5,3.5,"Choose this place if you prioritize a quiet, residential atmosphere away from the bustle of typical high-traffic blocks. Skip it if you require convenient access to daily essentials like pharmacies or nearby outdoor green space."
95.67,Entire home/apt,4.49,4.0,2.0,2.0,1.0,116.0,False,2.0,1.0,3.0,"Choose this place if you are looking for a quiet, low-traffic environment away from the bustle of city attractions. Skip it if you want easy access to local shops, green spaces, or iconic sightseeing destinations."
105.65,Private room,3.5,2.0,1.0,1.0,1.0,2.0,False,1.0,1.0,2.0,"Choose this place if you are seeking a quiet, residential atmosphere away from the bustle of commercial activity. Skip it if you require convenient access to daily essentials like pharmacies, fitness facilities, or a variety of nearby dining options."
217.92,Entire home/apt,5.0,3.0,3.0,2.0,2.0,12.0,True,2.0,2.0,4.0,"Choose this place if you prefer a secluded environment and do not mind traveling for your daily needs. Skip it if you require convenient access to groceries, pharmacies, or outdoor recreation."
400.04,Entire home/apt,4.89,7.0,5.0,3.0,2.5,28.0,True,3.0,2.5,5.5,Choose this place if you prioritize easy access to groceries and prefer a quieter environment away from the bustle of transit and dining hubs. Skip it if you rely on public transportation or want a wide variety of restaurants and fitness facilities within walking distance.
175.17,Entire home/apt,5.0,2.0,1.0,1.0,1.0,3.0,False,1.0,1.0,2.0,Choose this place if you prioritize easy access to pharmacies and prefer a quiet area away from the bustle of entertainment and cultural crowds. Skip it if you enjoy having parks or green space within walking distance or are looking for a neighborhood rich in museums and nightlife.
141.67,Entire home/apt,4.88,3.0,2.0,1.0,1.0,169.0,True,1.0,1.0,2.0,"Choose this place if you are looking for a secluded, quiet environment away from the typical hustle and bustle of city life. Skip it if you rely on public transportation or want easy access to cultural attractions, fitness facilities, and entertainment."
226.4,Entire home/apt,4.92,5.0,2.0,2.0,1.0,38.0,False,2.0,1.0,3.0,"Choose this place if you prioritize easy access to pharmacies and a quiet, residential environment. Skip it if you are looking for vibrant nightlife, nearby entertainment, or a neighborhood packed with gyms and cultural attractions."
85.6,Entire home/apt,4.85,3.0,4.0,1.0,1.0,46.0,True,1.0,1.0,2.0,"Choose this place if you prioritize easy access to pharmacies and a quiet environment away from the bustle of nightlife and entertainment. Skip it if you prefer being within walking distance of gyms, parks, or vibrant city attractions."
178.93,Entire home/apt,4.51,7.0,4.0,2.0,1.0,74.0,False,2.0,1.0,3.0,"Choose this place if you prioritize a quiet, residential atmosphere away from the bustle of city activity. Skip it if you require convenient access to daily essentials, dining options, or vibrant entertainment."
577.06,Entire home/apt,4.59,6.0,4.0,4.0,1.0,58.0,False,4.0,1.0,5.0,"Choose this place if you are looking for a quiet, residential atmosphere away from the typical bustle of city amenities. Skip it if you require convenient access to daily essentials like pharmacies, fitness facilities, or a variety of cafes."
338.53,Entire home/apt,5.0,5.0,4.0,3.0,2.0,2.0,False,3.0,2.0,5.0,"Choose this place if you prioritize easy access to pharmacies and prefer a quiet, residential atmosphere away from the bustle of tourist hubs. Skip it if you are looking for proximity to major landmarks, nightlife, or a vibrant entertainment scene."
454.0,Entire home/apt,4.96,4.0,3.0,1.0,1.0,68.0,True,1.0,1.0,2.0,"Choose this place if you are looking for a quiet, residential atmosphere away from the bustle of commercial activity. Skip it if you require convenient access to daily essentials like groceries, pharmacies, or fitness facilities."
114.49,Entire home/apt,5.0,1.0,1.0,1.0,1.0,1.0,False,1.0,1.0,2.0,"Choose this place if you are looking for a quiet, green retreat near Prospect Park and do not mind relying on alternative transportation. Skip it if you need easy access to subway lines, frequent nightlife, or convenient local pharmacies."
431.84,Entire home/apt,4.55,4.0,2.0,2.0,1.0,55.0,False,2.0,1.0,3.0,Choose this place if you prioritize easy access to groceries and prefer a quiet area away from the bustle of city fitness and dining hubs. Skip it if you rely on public transportation or want a neighborhood with a wide variety of restaurants and gyms within walking distance.
335.73,Private room,5.0,4.0,2.0,1.0,1.0,38.0,False,1.0,1.0,2.0,"Choose this place if you are seeking a quiet, residential atmosphere away from the bustle of city services and transit hubs. Skip it if you rely on public transportation or need easy access to pharmacies and cultural attractions."
165.5,Entire home/apt,4.85,2.0,2.0,1.0,1.0,381.0,True,1.0,1.0,2.0,"Choose this place if you are looking for a quiet, secluded retreat away from the typical bustle of the city. Skip it if you rely on public transit or want convenient access to a wide variety of restaurants and shops right outside your door."
479.29,Entire home/apt,5.0,4.0,2.0,2.0,1.0,1.0,False,2.0,1.0,3.0,"Choose this place if you prefer a secluded environment and do not mind traveling for your daily necessities. Skip it if you require convenient access to groceries, pharmacies, or outdoor recreation."
348.84,Entire home/apt,5.0,3.0,2.0,1.0,2.0,6.0,True,1.0,2.0,3.0,"Choose this place if you prioritize a quiet, residential atmosphere away from the bustle of commercial activity. Skip it if you rely on nearby convenience for daily essentials like groceries and pharmacy items or if you are looking for easy access to local nightlife and entertainment."
283.5,Private room,4.8,2.0,2.0,2.0,1.0,50.0,True,2.0,1.0,3.0,"Choose this place if you prioritize easy access to daily essentials like groceries and pharmacies and prefer a quiet, residential atmosphere. Skip it if you rely on public transit, enjoy vibrant nightlife, or want to be within walking distance of parks, gyms, and cultural attractions."
235.79,Private room,4.92,2.0,2.0,2.0,1.0,273.0,False,2.0,1.0,3.0,"Choose this place if you prioritize easy access to pharmacies and prefer a quiet, residential atmosphere away from the bustle of hotels. Skip it if you require proximity to grocery stores, fitness facilities, or outdoor green spaces."
146.75,Entire home/apt,4.64,3.0,2.0,2.0,1.0,89.0,False,2.0,1.0,3.0,"Choose this place if you are seeking a secluded, quiet retreat away from the typical bustle and commercial density of the city. Skip it if you rely on public transportation or want immediate access to shops, cafes, and cultural attractions."
126.1,Entire home/apt,4.84,5.0,3.0,2.0,1.0,31.0,False,2.0,1.0,3.0,"Choose this place if you are seeking a quiet, secluded retreat away from the typical bustle and transit congestion of the city. Skip it if you rely on public transportation or want immediate access to daily conveniences, fitness facilities, and local attractions."
470.13,Entire home/apt,5.0,1.0,1.0,1.0,1.0,2.0,False,1.0,1.0,2.0,Choose this place if you are a sightseer who prioritizes proximity to landmarks over local amenities. Skip it if you require easy access to daily necessities like groceries and pharmacies or enjoy having a vibrant nightlife and fitness scene nearby.
133.3,Entire home/apt,5.0,2.0,1.0,1.0,1.0,4.0,False,1.0,1.0,2.0,"Choose this place if you prioritize easy access to grocery shopping and prefer a quiet, residential environment away from the bustle of city nightlife and tourist activity. Skip it if you rely on public transit for your daily commute or if you are looking for a neighborhood with convenient access to gyms, parks, cafes, and entertainment."
127.78,Entire home/apt,4.87,3.0,3.0,1.0,1.0,126.0,False,1.0,1.0,2.0,"Choose this place if you are looking for a quiet, hotel-focused stay away from the bustle of the city. Skip it if you want easy access to dining, nightlife, parks, or daily conveniences within walking distance."
56.33,Private room,5.0,2.0,1.0,1.0,1.0,2.0,False,1.0,1.0,2.0,"Choose this place if you prioritize absolute seclusion and a lack of neighborhood activity. Skip it if you want easy access to dining, essential services, or local attractions."
79.49,Private room,4.98,2.0,1.0,1.0,1.0,61.0,False,1.0,1.0,2.0,"Choose this place if you are looking for a secluded, quiet environment away from the typical bustle of the city. Skip it if you need convenient access to daily essentials, dining, fitness facilities, or tourist attractions."
103.61,Entire home/apt,4.84,2.0,1.0,5.0,1.0,420.0,False,5.0,1.0,6.0,"Choose this place if you prioritize a quiet, residential atmosphere away from the bustle of city commerce. Skip it if you want convenient access to dining, shopping, and nightlife within walking distance."
109.4,Entire home/apt,4.14,6.0,3.0,2.0,1.0,93.0,False,2.0,1.0,3.0,"Choose this place if you prioritize easy access to pharmacies and prefer a quiet, residential atmosphere away from the bustle of nightlife and tourist attractions. Skip it if you want to be within walking distance of parks, museums, cafes, or a vibrant social scene."
419.64,Entire home/apt,5.0,4.0,2.0,2.0,2.0,1.0,True,2.0,2.0,4.0,"Choose this place if you are a culture seeker who prioritizes proximity to museums and galleries and prefers a quiet, residential atmosphere. Skip it if you rely on public transit, need immediate access to daily essentials like groceries and pharmacies, or want a neighborhood with a vibrant dining and fitness scene."
143.8,Entire home/apt,5.0,4.0,2.0,2.0,2.0,2.0,False,2.0,2.0,4.0,"Choose this place if you are seeking a secluded, low-traffic environment away from the typical bustle of city amenities. Skip it if you require convenient access to daily essentials, fitness facilities, or tourist attractions."
108.33,Entire home/apt,4.79,3.0,2.0,1.0,1.0,104.0,True,1.0,1.0,2.0,"Choose this place if you are looking for a quiet, secluded stay away from the bustle of commercial activity. Skip it if you require convenient access to fitness facilities, frequent coffee stops, or the immediate presence of other hotels."
383.47,Entire home/apt,4.93,6.0,4.0,3.0,1.0,109.0,False,3.0,1.0,4.0,"Choose this place if you are looking for a quiet, secluded retreat away from the typical bustle and transit congestion of the city. Skip it if you require easy access to public transportation, nearby amenities, or a vibrant neighborhood scene."
99.08,Private room,4.79,1.0,1.0,1.0,1.0,136.0,False,1.0,1.0,2.0,"Choose this place if you are seeking a secluded, residential atmosphere away from the bustle of tourist attractions and commercial services. Skip it if you require convenient access to daily necessities like pharmacies or if you prefer being within walking distance of parks and major city landmarks."
103.24,Entire home/apt,5.0,2.0,1.0,1.0,1.0,2.0,True,1.0,1.0,2.0,"Choose this place if you are looking for a secluded, quiet retreat away from the bustle of the city. Skip it if you prefer a convenient neighborhood with easy access to daily essentials, fitness facilities, and vibrant social activities."
80.7,Entire home/apt,4.14,4.0,1.0,1.0,1.0,7.0,False,1.0,1.0,2.0,"Choose this place if you are looking for a secluded, quiet retreat and have access to a car. Skip it if you rely on public transportation or want convenient access to dining, cafes, and essential supplies."
192.57,Entire home/apt,5.0,4.0,2.0,2.0,2.0,1.0,True,2.0,2.0,4.0,"Choose this place if you want a quiet, secluded environment away from the typical bustle of city life. Skip it if you rely on public transit or want easy access to dining, nightlife, and local amenities."
156.37,Entire home/apt,4.88,4.0,2.0,1.0,1.0,24.0,True,1.0,1.0,2.0,"Choose this place if you prioritize easy access to pharmacies and prefer a quiet area away from hotels and tourist crowds. Skip it if you rely on nearby grocery stores, gyms, or entertainment venues and prefer being close to parks."
212.43,Entire home/apt,4.33,4.0,1.0,2.0,1.0,9.0,False,2.0,1.0,3.0,"Choose this place if you are seeking a secluded, quiet environment away from the typical bustle and transit congestion of the city. Skip it if you require convenient access to daily necessities, fitness facilities, or reliable public transportation."
314.0,Entire home/apt,4.88,5.0,3.0,2.0,1.0,332.0,True,2.0,1.0,3.0,"Choose this place if you prefer a quiet, residential atmosphere away from the bustle of commercial activity. Skip it if you want convenient access to dining and shopping right outside your door."
207.08,Entire home/apt,5.0,2.0,1.0,1.0,1.0,7.0,False,1.0,1.0,2.0,"Choose this place if you prioritize proximity to parks and landmarks and prefer a quiet, residential atmosphere. Skip it if you rely on public transit or want convenient access to dining, nightlife, and shopping."
118.5,Private room,4.93,2.0,1.0,1.0,1.0,15.0,True,1.0,1.0,2.0,"Choose this place if you prioritize easy access to groceries and peaceful green spaces over urban excitement. Skip it if you are looking for a vibrant nightlife scene, convenient fitness options, or proximity to cultural institutions."
235.2,Entire home/apt,4.86,4.0,3.0,1.0,1.0,77.0,False,1.0,1.0,2.0,"Choose this place if you prefer a quiet, residential atmosphere and do not require immediate access to fitness facilities or convenience stores. Skip it if you enjoy frequenting local parks or need easy access to pharmacies and gyms."
126.45,Entire home/apt,4.78,2.0,1.0,1.0,1.0,64.0,True,1.0,1.0,2.0,"Choose this place if you want a quiet, secluded stay away from the typical bustle of city life. Skip it if you rely on public transit or want easy walking access to shops, cafes, and entertainment."
505.0,Entire home/apt,4.95,4.0,2.0,2.0,1.0,83.0,True,2.0,1.0,3.0,"Choose this place if you are looking for a quiet, secluded retreat away from the bustle of the city. Skip it if you rely on public transit or want easy access to daily conveniences like shops, cafes, and pharmacies."
287.61,Entire home/apt,4.91,2.0,2.0,1.0,1.0,79.0,False,1.0,1.0,2.0,"Choose this place if you are seeking a quiet, secluded environment away from the typical bustle of the city. Skip it if you rely on public transit or need convenient access to daily essentials like groceries and pharmacies."
330.94,Entire home/apt,4.63,10.0,3.0,3.0,1.0,67.0,False,3.0,1.0,4.0,"Choose this place if you are a sightseer who wants to be steps away from The Metropolitan Museum of Art. Skip it if you rely on public transit or need easy access to daily conveniences like grocery stores, gyms, and shops."
138.33,Entire home/apt,4.88,5.0,3.0,2.0,1.0,8.0,True,2.0,1.0,3.0,"Choose this place if you are a traveler looking for a high concentration of hotel options and a quiet environment away from the city's nightlife and dining hubs. Skip it if you require convenient access to daily essentials like pharmacies, cafes, and restaurants, or if you are hoping to be within walking distance of major parks and landmarks."
134.38,Entire home/apt,4.59,6.0,4.0,2.0,1.0,100.0,False,2.0,1.0,3.0,"Choose this place if you are seeking a quiet, residential atmosphere away from the bustle of commercial activity. Skip it if you want convenient access to fitness facilities, shopping, or cultural institutions."
343.0,Private room,5.0,2.0,1.0,1.0,1.0,12.0,True,1.0,1.0,2.0,"Choose this place if you prioritize a quiet, secluded environment away from the typical hustle of city amenities. Skip it if you rely on nearby conveniences like pharmacies, fitness centers, or local shops and prefer easy access to green space."
203.12,Private room,4.96,4.0,2.0,2.0,1.0,24.0,False,2.0,1.0,3.0,"Choose this place if you are looking for a secluded, quiet environment away from the typical bustle of the city. Skip it if you want easy access to local amenities, entertainment, or recreational spaces."
130.44,Entire home/apt,4.89,4.0,3.0,2.0,1.0,124.0,True,2.0,1.0,3.0,"Choose this place if you prioritize easy access to subway and transit connections. Skip it if you require convenient access to grocery stores, pharmacies, or local shops."
387.2,Entire home/apt,5.0,4.0,1.0,1.0,1.0,4.0,False,1.0,1.0,2.0,"Choose this place if you are a sightseer visiting the Brooklyn Bridge who prioritizes easy transit access and proximity to green space. Skip it if you prefer having grocery stores, pharmacies, and nightlife within walking distance of your accommodation."
123.85,Entire home/apt,4.57,3.0,1.0,1.0,1.0,136.0,True,1.0,1.0,2.0,"Choose this place if you are looking for a quiet, secluded stay away from the bustle of commercial activity. Skip it if you prefer having convenient access to daily essentials, local shops, and a variety of dining options within walking distance."
267.33,Entire home/apt,4.54,2.0,1.0,1.0,1.0,229.0,True,1.0,1.0,2.0,"Choose this place if you want a quiet, residential atmosphere away from the bustle of tourist-heavy areas. Skip it if you prefer immediate access to outdoor recreation or the convenience of hotels and their associated amenities."
167.65,Entire home/apt,4.79,8.0,4.0,3.0,1.0,149.0,False,3.0,1.0,4.0,"Choose this place if you are a nature lover who wants to be near Prospect Park and prefers a quiet, residential atmosphere. Skip it if you rely on public transit to get around or want easy access to late-night entertainment and essential services."
268.18,Entire home/apt,4.92,2.0,2.0,1.0,1.0,228.0,True,1.0,1.0,2.0,"Choose this place if you are seeking a secluded, quiet environment away from the city's typical hustle and bustle. Skip it if you rely on public transit, need easy access to daily conveniences like pharmacies and gyms, or want to be within walking distance of dining and entertainment."
130.9,Entire home/apt,5.0,2.0,1.0,1.0,1.0,1.0,False,1.0,1.0,2.0,"Choose this place if you prioritize a quiet, residential atmosphere away from the bustle of commercial activity. Skip it if you require convenient access to daily essentials, fitness facilities, or neighborhood amenities within walking distance."
281.73,Entire home/apt,4.79,6.0,4.0,3.0,1.0,14.0,True,3.0,1.0,4.0,"Choose this place if you are a sightseer who prioritizes easy transit access and proximity to Central Park. Skip it if you prefer having a wide variety of dining, shopping, and cafe options within immediate walking distance."
116.75,Private room,3.0,4.0,3.0,2.0,1.0,1.0,False,2.0,1.0,3.0,"Choose this place if you are looking for a quiet stay with plenty of hotel options. Skip it if you rely on public transit or want easy access to parks, nightlife, cafes, and fitness facilities."
1327.43,Entire home/apt,5.0,5.0,2.0,2.0,3.5,11.0,False,2.0,3.5,5.5,"Choose this place if you want to be near Central Park and prioritize easy access to transit and sightseeing. Skip it if you are looking for a neighborhood with a vibrant nightlife, diverse dining options, or convenient local shopping."
309.97,Entire home/apt,5.0,6.0,4.0,3.0,1.0,3.0,False,3.0,1.0,4.0,"Choose this place if you prioritize easy access to pharmacies and prefer a quiet, residential environment away from the city's tourist hubs. Skip it if you rely on public transit, enjoy frequenting cafes and museums, or want to be within walking distance of nightlife and entertainment."
150.8,Entire home/apt,4.7,4.0,3.0,2.0,1.0,90.0,False,2.0,1.0,3.0,"Choose this place if you prioritize easy access to groceries and prefer a quiet residential environment. Skip it if you rely on public transit, enjoy nightlife, or want to be within walking distance of museums, parks, and entertainment."
152.26,Entire home/apt,4.67,4.0,1.0,1.0,1.0,18.0,False,1.0,1.0,2.0,"Choose this place if you prioritize easy access to daily essentials like groceries and pharmacies and prefer a quiet, residential atmosphere. Skip it if you are looking for vibrant nightlife, diverse dining options, or proximity to cultural attractions and entertainment."
387.0,Shared room,4.97,2.0,2.0,2.0,1.0,155.0,True,2.0,1.0,3.0,"Choose this place if you prioritize absolute seclusion and a quiet environment away from the typical bustle of city life. Skip it if you want convenient access to daily essentials, fitness facilities, or a variety of dining and social options within walking distance."
98.95,Entire home/apt,4.87,3.0,1.0,1.0,1.0,15.0,True,1.0,1.0,2.0,"Choose this place if you prioritize easy access to pharmacies and prefer a quiet, residential environment away from the bustle of city amenities. Skip it if you rely on public transit, enjoy exploring museums or nightlife, or need convenient access to grocery stores, cafes, and gyms."
300.33,Entire home/apt,4.68,6.0,1.0,2.0,1.0,75.0,False,2.0,1.0,3.0,"Choose this place if you are seeking a secluded, quiet environment away from the city's typical hustle and bustle. Skip it if you prefer having easy access to social venues, fitness facilities, green spaces, or daily conveniences within walking distance."
93.67,Entire home/apt,4.55,2.0,1.0,1.0,1.0,33.0,True,1.0,1.0,2.0,"Choose this place if you prioritize easy transit access and abundant green space for a peaceful environment. Skip it if you are looking for a vibrant neighborhood with plenty of dining, nightlife, and shopping options within walking distance."
226.95,Entire home/apt,4.63,5.0,2.0,2.0,1.0,19.0,False,2.0,1.0,3.0,"Choose this place if you are seeking a secluded environment away from the city's typical tourist hubs and bustling activity. Skip it if you rely on public transportation or want convenient access to New York's cultural sites, parks, and nightlife."
335.73,Entire home/apt,5.0,8.0,5.0,3.0,1.0,2.0,False,3.0,1.0,4.0,"Choose this place if you are looking for a secluded, quiet retreat away from the typical bustle and density of the city. Skip it if you rely on public transit, need immediate access to conveniences like pharmacies and grocery stores, or want to be within walking distance of New York's dining and entertainment scenes."
169.9,Entire home/apt,4.8,2.0,2.0,2.0,1.0,30.0,False,2.0,1.0,3.0,"Choose this place if you prioritize easy access to pharmacies and grocery stores and prefer a quiet area away from the bustle of entertainment and shopping hubs. Skip it if you are looking for a neighborhood rich in culture, parks, and cafes or if you want to be within walking distance of New York's major sights and nightlife."
173.37,Entire home/apt,4.89,4.0,2.0,1.0,1.0,150.0,True,1.0,1.0,2.0,"Choose this place if you prioritize a quiet, residential atmosphere over convenience and nearby amenities. Skip it if you want easy access to daily essentials, shopping, or local entertainment."
141.04,Entire home/apt,5.0,4.0,2.0,2.0,1.0,1.0,False,2.0,1.0,3.0,"Choose this place if you are seeking a secluded, low-traffic environment away from the typical bustle of the city. Skip it if you rely on public transit or need convenient access to daily essentials like groceries and pharmacies."
212.31,Entire home/apt,4.95,6.0,3.0,3.0,1.0,124.0,True,3.0,1.0,4.0,"Choose this place if you prioritize easy access to pharmacies and prefer a residential area without the constant turnover of nearby hotels. Skip it if you require proximity to gyms, grocery stores, parks, or shopping and prefer a neighborhood with high-density amenities."
253.85,Entire home/apt,4.5,12.0,5.0,5.0,2.0,90.0,False,5.0,2.0,7.0,"Choose this place if you are looking for a secluded, quiet environment away from the typical bustle of the city. Skip it if you rely on public transit or want easy access to dining, nightlife, and fitness facilities."
139.93,Entire home/apt,4.92,2.0,2.0,1.0,1.0,24.0,True,1.0,1.0,2.0,"Choose this place if you prioritize easy access to pharmacies and prefer a quiet, residential environment away from the bustle of hotels and entertainment. Skip it if you require convenient grocery shopping, nearby fitness facilities, or proximity to shops and parks."
220.76,Entire home/apt,4.78,4.0,2.0,2.0,2.0,55.0,False,2.0,2.0,4.0,"Choose this place if you prioritize access to parks and pharmacies and prefer a quiet, residential atmosphere. Skip it if you rely on public transit or want easy access to dining, nightlife, and fitness facilities."
166.48,Entire home/apt,4.86,4.0,2.0,1.0,1.0,7.0,True,1.0,1.0,2.0,"Choose this place if you are looking for a quiet, secluded environment away from the typical bustle of the city. Skip it if you want easy access to entertainment, cultural attractions, or daily conveniences like pharmacies."
67.83,Private room,5.0,1.0,1.0,1.0,1.0,2.0,False,1.0,1.0,2.0,"Choose this place if you are seeking a quiet, secluded environment away from the typical bustle of city life. Skip it if you rely on public transit or want convenient access to shops, nightlife, and daily necessities."
655.0,Entire home/apt,4.97,6.0,3.0,3.0,1.0,109.0,True,3.0,1.0,4.0,"Choose this place if you are looking for a quiet stay in a neighborhood dominated by hotels. Skip it if you need easy access to daily necessities like pharmacies, shops, cafes, or fitness facilities."
454.33,Entire home/apt,4.63,10.0,5.0,4.0,1.5,67.0,False,4.0,1.5,5.5,"Choose this place if you are looking for a quiet, secluded retreat away from the typical bustle and tourist crowds of the city. Skip it if you rely on public transportation or want easy access to the nightlife, museums, and landmarks that define a central New York experience."
166.37,Entire home/apt,4.76,4.0,3.0,2.0,1.0,51.0,False,2.0,1.0,3.0,"Choose this place if you are seeking a quiet, secluded environment away from the typical bustle of city attractions. Skip it if you require convenient access to daily essentials, shopping, or cultural sightseeing."
232.79,Entire home/apt,5.0,2.0,1.0,1.0,2.0,10.0,False,1.0,2.0,3.0,"Choose this place if you prioritize absolute seclusion and do not mind traveling for your daily needs. Skip it if you rely on public transit or want convenient access to food, medicine, and outdoor spaces."
126.66,Entire home/apt,5.0,4.0,2.0,1.0,1.0,42.0,True,1.0,1.0,2.0,"Choose this place if you prioritize easy access to transit and nearby pharmacies for daily essentials. Skip it if you are looking for a vibrant neighborhood with dining, nightlife, and cultural attractions or proximity to parks and fitness facilities."
60.27,Private room,5.0,2.0,4.0,4.0,1.0,1.0,False,4.0,1.0,5.0,"Choose this place if you prioritize access to parks and green space and prefer a quiet, residential atmosphere away from the bustle of the city. Skip it if you rely on public transit or want easy access to shops, cafes, grocery stores, and entertainment."
100.09,Entire home/apt,4.88,3.0,2.0,1.0,1.0,49.0,True,1.0,1.0,2.0,"Choose this place if you prioritize excellent transit access and convenient pharmacy availability. Skip it if you are looking for a neighborhood with active nightlife, diverse dining, or proximity to local landmarks and green spaces."
161.06,Entire home/apt,4.76,6.0,3.0,3.0,1.0,17.0,False,3.0,1.0,4.0,"Choose this place if you value access to nature and pharmacies and prefer a quiet area away from the bustle of city attractions. Skip it if you rely on public transit or want easy access to dining, nightlife, and cultural sights."
70.8,Entire home/apt,4.62,2.0,2.0,1.0,1.0,204.0,False,1.0,1.0,2.0,"Choose this place if you are looking for a quiet, secluded retreat away from the typical bustle and activity of the city. Skip it if you want easy access to dining, nightlife, fitness facilities, or cultural attractions."
88.5,Entire home/apt,4.79,3.0,4.0,1.0,1.0,14.0,False,1.0,1.0,2.0,"Choose this place if you are looking for a secluded, quiet retreat away from the typical hustle and bustle of the city. Skip it if you rely on public transit or want easy access to dining, nightlife, and cultural attractions."
169.87,Entire home/apt,4.93,5.0,2.0,2.0,1.0,45.0,True,2.0,1.0,3.0,"Choose this place if you prioritize excellent transit access and convenient pharmacy availability. Skip it if you are looking for a neighborhood with active nightlife, diverse dining options, or nearby parks and recreational facilities."
450.6,Entire home/apt,4.62,10.0,4.0,4.0,2.0,53.0,True,4.0,2.0,6.0,"Choose this place if you prioritize a quiet, low-activity environment away from the typical bustle of the city. Skip it if you are looking for convenient access to dining, nightlife, fitness facilities, or cultural attractions."
109.53,Entire home/apt,4.61,4.0,2.0,1.0,1.0,44.0,True,1.0,1.0,2.0,"Choose this place if you prioritize easy access to pharmacies and prefer a quiet, residential environment away from the city's hustle. Skip it if you are looking for a vibrant neighborhood with nearby dining, nightlife, entertainment, or green spaces."
222.37,Entire home/apt,5.0,2.0,1.0,1.0,1.0,4.0,False,1.0,1.0,2.0,"Choose this place if you are looking for a secluded, quiet environment away from the typical bustle of city amenities and tourist attractions. Skip it if you rely on immediate access to daily essentials like pharmacies, shops, and fitness facilities or if you prefer being within walking distance of parks and landmarks."
414.47,Entire home/apt,4.86,6.0,3.0,3.0,3.0,7.0,False,3.0,3.0,6.0,"Choose this place if you are looking for a secluded, quiet environment and have arranged for your own transportation and supplies. Skip it if you rely on public transit, need immediate access to daily essentials, or prefer a neighborhood with a wide variety of dining options."
220.13,Entire home/apt,5.0,10.0,5.0,2.0,1.0,2.0,True,2.0,1.0,3.0,"Choose this place if you prioritize easy access to pharmacies and prefer a quiet, residential atmosphere away from the bustle of city attractions. Skip it if you rely on public transit, enjoy frequenting cafes and gyms, or want to be within walking distance of cultural sites and entertainment."
184.37,Entire home/apt,4.81,2.0,2.0,1.0,1.0,16.0,True,1.0,1.0,2.0,"Choose this place if you are seeking a secluded, quiet environment away from the typical bustle of the city. Skip it if you rely on public transit or want easy access to dining, nightlife, and daily conveniences."
404.32,Entire home/apt,4.5,8.0,8.0,2.0,1.0,2.0,False,2.0,1.0,3.0,"Choose this place if you prioritize easy access to pharmacies and a quiet, residential atmosphere away from the bustle of nightlife. Skip it if you are looking for a neighborhood rich in cafes, shopping, or cultural attractions like museums and galleries."
153.93,Entire home/apt,5.0,3.0,1.0,1.0,1.0,1.0,False,1.0,1.0,2.0,"Choose this place if you prioritize proximity to Brooklyn Academy of Music and enjoy access to above-average green space. Skip it if you rely on public transit or prefer having convenient access to grocery stores, dining, and daily amenities."
290.04,Entire home/apt,4.56,6.0,5.0,2.0,1.0,18.0,False,2.0,1.0,3.0,"Choose this place if you are seeking a quiet, secluded environment away from the typical bustle of the city. Skip it if you rely on public transit or want convenient access to dining, nightlife, and daily amenities."
189.0,Private room,5.0,2.0,1.0,1.0,1.0,3.0,False,1.0,1.0,2.0,"Choose this place if you prioritize easy transit access and proximity to parks and green space. Skip it if you want to be within walking distance of restaurants, nightlife, entertainment, or daily conveniences like grocery stores and pharmacies."
108.8,Entire home/apt,4.86,2.0,4.0,1.0,1.0,14.0,True,1.0,1.0,2.0,"Choose this place if you prioritize proximity to parks and pharmacies and prefer a quiet environment. Skip it if you are looking for convenient access to dining, nightlife, shopping, or fitness facilities."
833.33,Entire home/apt,5.0,6.0,4.0,3.0,2.0,3.0,False,3.0,2.0,5.0,"Choose this place if you are looking for a quiet, green retreat near The High Line and prioritize peace over convenience. Skip it if you rely on public transit or want easy access to shopping, dining, and nightlife."
172.23,Entire home/apt,4.88,4.0,1.0,1.0,1.0,25.0,True,1.0,1.0,2.0,"Choose this place if you are looking for a quiet, secluded stay away from the hustle of urban amenities. Skip it if you require convenient access to daily essentials like pharmacies, fitness facilities, or a variety of dining options."
642.0,Entire home/apt,4.4,4.0,2.0,2.0,1.0,50.0,False,2.0,1.0,3.0,"Choose this place if you are looking for a quiet, secluded environment away from the activity of the city. Skip it if you want convenient access to dining, fitness facilities, parks, or nightlife."
332.65,Entire home/apt,4.91,3.0,2.0,1.0,1.0,252.0,True,1.0,1.0,2.0,"Choose this place if you are looking for a quiet, secluded retreat away from the bustle of city services and crowds. Skip it if you rely on public transit or want convenient access to dining, shopping, and daily necessities."
102.86,Entire home/apt,4.94,4.0,2.0,1.0,1.0,101.0,True,1.0,1.0,2.0,"Choose this place if you prioritize easy access to pharmacies and public transit for getting around the city. Skip it if you are looking for a neighborhood with convenient dining, nightlife, entertainment, or proximity to parks and cultural attractions."
225.62,Entire home/apt,4.76,5.0,2.0,2.0,2.0,29.0,True,2.0,2.0,4.0,"Choose this place if you are looking for a secluded, quiet environment away from the typical bustle of commercial activity. Skip it if you want easy access to shops, cafes, parks, or tourist attractions and prefer a neighborhood with a high density of amenities."
882.0,Entire home/apt,5.0,4.0,2.0,2.0,2.0,13.0,True,2.0,2.0,4.0,"Choose this place if you are a sightseer who prioritizes proximity to Brooklyn Botanic Garden and Brooklyn Museum and enjoys abundant green space. Skip it if you prefer a neighborhood with convenient access to dining, grocery stores, gyms, and shops."
116.04,Entire home/apt,4.92,4.0,2.0,2.0,1.0,24.0,False,2.0,1.0,3.0,"Choose this place if you are looking for a secluded, quiet environment away from the typical bustle of the city. Skip it if you want easy access to public transit, dining, entertainment, or any of the standard amenities that define a convenient New York neighborhood."
237.74,Entire home/apt,4.78,12.0,4.0,5.0,2.0,50.0,False,5.0,2.0,7.0,"Choose this place if you are looking for a secluded, quiet environment away from the typical bustle of the city. Skip it if you rely on public transit, need easy access to daily necessities like pharmacies, or want to be within walking distance of New York’s cultural and social attractions."
96.63,Entire home/apt,3.5,8.0,2.0,2.0,1.0,4.0,False,2.0,1.0,3.0,"Choose this place if you want a quiet, low-traffic environment away from the typical bustle of city life. Skip it if you are looking for convenient access to shopping, nightlife, or fitness facilities."
326.38,Entire home/apt,4.82,2.0,1.0,1.0,1.0,57.0,False,1.0,1.0,2.0,"Choose this place if you are looking for a quiet, secluded retreat away from the noise and activity of the city. Skip it if you want convenient access to restaurants, nightlife, or daily errands and prefer a neighborhood with a high density of local amenities."
267.33,Entire home/apt,4.9,2.0,1.0,1.0,1.0,41.0,False,1.0,1.0,2.0,"Choose this place if you want a quiet, secluded environment away from the typical bustle of the city. Skip it if you rely on public transit, need easy access to daily conveniences, or prefer to be within walking distance of dining and entertainment."
187.58,Entire home/apt,5.0,2.0,1.0,1.0,1.0,6.0,False,1.0,1.0,2.0,"Choose this place if you are looking for a quiet, secluded environment away from the typical bustle and congestion of New York City. Skip it if you want convenient access to daily essentials, local amenities, or the vibrant cultural and social life of the city."
109.0,Private room,5.0,2.0,1.0,1.0,1.0,10.0,True,1.0,1.0,2.0,"Choose this place if you prioritize access to parks and green space and prefer a quiet environment away from the city bustle. Skip it if you want convenient access to shops, nightlife, fitness facilities, or cultural attractions."
1155.0,Private room,4.9,10.0,7.0,4.0,4.0,154.0,True,4.0,4.0,8.0,"Choose this place if you prioritize a quiet, low-traffic environment and do not require immediate access to local amenities. Skip it if you prefer a neighborhood with convenient shopping, dining, and fitness options within walking distance."
125.73,Entire home/apt,4.8,3.0,2.0,1.0,1.5,66.0,True,1.0,1.5,2.5,"Choose this place if you want to be near Coney Island and Central Park and prefer a quiet, green environment. Skip it if you need convenient access to dining, nightlife, daily essentials, or cultural institutions."
95.94,Private room,4.67,2.0,1.0,1.0,1.0,3.0,True,1.0,1.0,2.0,"Choose this place if you are seeking a quiet, low-key environment away from the bustle of city activity. Skip it if you want easy access to shopping, fitness facilities, nightlife, or major tourist attractions."
154.31,Entire home/apt,5.0,4.0,2.0,1.0,1.0,3.0,False,1.0,1.0,2.0,"Choose this place if you are looking for a secluded, quiet environment away from the typical bustle of the city. Skip it if you rely on public transit, need easy access to daily necessities like groceries and pharmacies, or want to be within walking distance of nightlife and cultural attractions."
169.59,Entire home/apt,4.85,6.0,4.0,2.0,1.0,100.0,True,2.0,1.0,3.0,"Choose this place if you prioritize easy access to pharmacies and prefer a quiet, residential atmosphere away from the bustle of nightlife and entertainment. Skip it if you rely on nearby gyms, grocery stores, or green spaces and prefer a location with more immediate access to city amenities."
134.9,Entire home/apt,4.6,3.0,3.0,2.0,1.0,15.0,False,2.0,1.0,3.0,"Choose this place if you are a sightseer who prioritizes proximity to Central Park and a quiet, green environment. Skip it if you rely on public transit or want convenient access to dining, shopping, and nightlife."
218.33,Entire home/apt,4.8,2.0,1.0,1.0,1.0,49.0,False,1.0,1.0,2.0,"Choose this place if you are looking for a secluded, quiet environment away from the typical bustle of city services. Skip it if you require convenient access to daily essentials like groceries and pharmacies or prefer to be near parks and commercial activity."
242.27,Entire home/apt,4.83,3.0,2.0,1.0,1.0,144.0,True,1.0,1.0,2.0,"Choose this place if you are looking for a secluded, quiet environment away from the typical bustle of the city. Skip it if you prefer easy access to dining, fitness facilities, and daily conveniences or want to be near major attractions and green spaces."
196.68,Entire home/apt,5.0,2.0,1.0,1.0,1.0,8.0,True,1.0,1.0,2.0,"Choose this place if you are looking for a secluded, quiet environment away from the typical bustle of city services. Skip it if you require convenient access to daily essentials like groceries, pharmacies, and cafes or prefer being close to neighborhood amenities and green spaces."
70.43,Private room,5.0,1.0,1.0,1.0,1.0,1.0,False,1.0,1.0,2.0,"Choose this place if you prioritize easy transit access and proximity to parks over having immediate access to shops, dining, and daily conveniences. Skip it if you prefer a neighborhood with a high density of amenities, gyms, and retail options right outside your door."
137.5,Entire home/apt,4.91,4.0,3.0,2.0,2.0,11.0,True,2.0,2.0,4.0,"Choose this place if you are seeking a quiet, low-traffic environment away from the bustle of the city. Skip it if you want convenient access to local amenities, shopping, fitness facilities, or tourist attractions."
1172.0,Entire home/apt,5.0,6.0,4.0,3.0,3.0,1.0,False,3.0,3.0,6.0,"Choose this place if you prioritize access to parks and green space and prefer a quiet, residential environment away from the city bustle. Skip it if you rely on public transit or want easy access to dining, shopping, and nightlife amenities."
251.64,Entire home/apt,4.56,5.0,2.0,1.0,1.0,18.0,False,1.0,1.0,2.0,"Choose this place if you are looking for a secluded, quiet environment away from the typical bustle of the city. Skip it if you rely on public transit or want easy access to restaurants, nightlife, and daily conveniences."
276.57,Entire home/apt,5.0,6.0,2.0,2.0,1.0,4.0,False,2.0,1.0,3.0,"Choose this place if you are seeking a secluded, quiet environment away from the typical bustle of the city. Skip it if you require convenient access to daily essentials, dining, or recreational spaces within walking distance."
300.0,Entire home/apt,4.92,2.0,1.0,1.0,1.0,141.0,True,1.0,1.0,2.0,"Choose this place if you want to be near Central Park and prefer a quiet, green environment. Skip it if you rely on public transit or want easy access to grocery stores, nightlife, and cultural attractions."
103.24,Entire home/apt,4.83,4.0,2.0,2.0,1.0,36.0,False,2.0,1.0,3.0,"Choose this place if you are seeking a secluded, quiet retreat away from the noise and crowds of the city. Skip it if you rely on immediate access to daily conveniences, fitness facilities, or a vibrant social scene."
62.13,Private room,4.87,2.0,1.0,1.0,1.0,77.0,True,1.0,1.0,2.0,"Choose this place if you are looking for a secluded, quiet environment away from the typical bustle of the city. Skip it if you want easy access to restaurants, shopping, fitness facilities, or local attractions."
309.0,Entire home/apt,4.6,4.0,1.0,1.0,1.0,67.0,False,1.0,1.0,2.0,"Choose this place if you prioritize easy access to pharmacies and prefer a location away from the typical hustle of transit hubs. Skip it if you rely on the subway, need nearby grocery stores and shops, or want to be within walking distance of parks and museums."
90.27,Shared room,4.68,2.0,1.0,1.0,1.0,25.0,False,1.0,1.0,2.0,"Choose this place if you prioritize access to green space and pharmacies and prefer a quiet, residential atmosphere. Skip it if you want to be within walking distance of restaurants, nightlife, shops, or cultural attractions."
107.08,Entire home/apt,5.0,4.0,1.0,1.0,1.0,3.0,False,1.0,1.0,2.0,"Choose this place if you are looking for a quiet, secluded retreat away from the typical bustle of city amenities. Skip it if you want easy access to daily necessities like groceries and pharmacies or if you are interested in being near popular sightseeing destinations."
114.97,Entire home/apt,5.0,4.0,3.0,2.0,1.0,13.0,True,2.0,1.0,3.0,"Choose this place if you prioritize easy access to pharmacies and a quiet, secluded environment away from the city's typical bustle. Skip it if you rely on public transit or want convenient access to cafes, nightlife, and cultural attractions."
93.29,Entire home/apt,4.94,2.0,1.0,1.0,1.0,356.0,True,1.0,1.0,2.0,"Choose this place if you prefer a quiet, residential atmosphere and plan to dine out or bring your own supplies. Skip it if you want convenient access to daily errands, shopping, or immediate grocery options within walking distance."
221.27,Entire home/apt,4.79,5.0,1.0,1.0,1.0,14.0,False,1.0,1.0,2.0,"Choose this place if you are looking for a quiet, green retreat near The Cloisters and Riverside Park with easy access to transit. Skip it if you want to be within walking distance of vibrant nightlife, shopping, cafes, or cultural institutions."
59.36,Private room,5.0,3.0,1.0,1.0,1.0,2.0,False,1.0,1.0,2.0,"Choose this place if you are seeking a quiet, secluded environment away from the typical bustle of city life. Skip it if you want convenient access to restaurants, nightlife, or cultural attractions within walking distance."
144.03,Entire home/apt,5.0,1.0,1.0,1.0,1.0,138.0,False,1.0,1.0,2.0,"Choose this place if you are seeking a secluded, quiet environment away from the bustle of city life. Skip it if you rely on public transportation, need convenient access to daily essentials, or prefer to have dining and entertainment options within walking distance."
74.24,Private room,4.6,1.0,1.0,1.0,1.0,5.0,False,1.0,1.0,2.0,"Choose this place if you prioritize easy access to pharmacies and prefer a quiet, residential environment away from the city's nightlife and tourist hubs. Skip it if you rely on public transit, enjoy having cafes and shops within walking distance, or want to be near gyms and entertainment venues."
159.09,Entire home/apt,4.89,4.0,2.0,2.0,1.0,90.0,True,2.0,1.0,3.0,"Choose this place if you are a sightseer who prioritizes proximity to Brooklyn Academy of Music and access to abundant green space. Skip it if you rely on public transit or need convenient access to grocery stores, dining, and daily essentials."
221.92,Entire home/apt,4.96,6.0,4.0,3.0,2.0,53.0,False,3.0,2.0,5.0,"Choose this place if you prioritize easy access to pharmacies and prefer a quiet, residential environment away from the bustle of shops and entertainment. Skip it if you rely on nearby grocery stores, gyms, or green spaces and prefer a neighborhood with high walkability to daily amenities."
93.4,Entire home/apt,5.0,2.0,1.0,1.0,1.0,6.0,True,1.0,1.0,2.0,"Choose this place if you prioritize easy access to pharmacies and prefer a quiet, residential atmosphere away from the bustle of entertainment venues and hotels. Skip it if you require convenient access to grocery stores, gyms, or a variety of shops and green spaces."
223.83,Entire home/apt,5.0,2.0,1.0,1.0,1.0,5.0,False,1.0,1.0,2.0,"Choose this place if you are looking for a secluded, quiet environment and do not mind traveling for your daily needs. Skip it if you rely on public transit, require easy access to shops and pharmacies, or want to be within walking distance of New York City attractions."
296.0,Entire home/apt,4.75,4.0,3.0,3.0,2.0,282.0,False,3.0,2.0,5.0,"Choose this place if you are seeking a quiet, secluded retreat away from the bustle of the city. Skip it if you prefer convenient access to dining, nightlife, and daily essentials within walking distance."
173.33,Entire home/apt,4.0,4.0,1.0,1.0,1.0,1.0,False,1.0,1.0,2.0,"Choose this place if you prioritize easy access to pharmacies and prefer a quiet, residential environment away from the city's typical bustle. Skip it if you rely on public transit, enjoy walking to dining and nightlife, or want to be within reach of parks and cultural attractions."
300.33,Entire home/apt,4.0,6.0,3.0,3.0,1.0,1.0,False,3.0,1.0,4.0,"Choose this place if you prioritize access to parks and green space and prefer a quiet, residential environment. Skip it if you rely on public transit or need convenient access to grocery stores, shops, and nightlife."
598.0,Entire home/apt,4.92,6.0,4.0,2.0,1.5,105.0,True,2.0,1.5,3.5,"Choose this place if you prioritize absolute seclusion and a lack of neighborhood activity. Skip it if you need convenient access to daily essentials like groceries, pharmacies, and dining options."
348.5,Entire home/apt,4.87,5.0,2.0,2.0,1.0,101.0,True,2.0,1.0,3.0,"Choose this place if you prioritize easy access to pharmacies and prefer a quiet, residential environment away from the city's typical bustle. Skip it if you want to be within walking distance of cafes, nightlife, entertainment, or daily conveniences like grocery stores and gyms."
62.97,Private room,5.0,1.0,1.0,1.0,1.0,10.0,True,1.0,1.0,2.0,"Choose this place if you prioritize easy access to grocery shopping and prefer a quiet, residential atmosphere away from the tourist hubs. Skip it if you rely on public transit, enjoy frequenting local cafes and shops, or require proximity to gyms and entertainment."
139.61,Private room,5.0,2.0,3.0,2.0,1.0,22.0,False,2.0,1.0,3.0,"Choose this place if you prioritize easy access to pharmacies and prefer a quiet, residential environment away from tourist hubs. Skip it if you are looking for a vibrant neighborhood with plenty of dining, nightlife, or convenient access to fitness facilities."
170.04,Private room,4.8,2.0,1.0,1.0,1.0,10.0,True,1.0,1.0,2.0,"Choose this place if you are seeking a secluded, quiet environment away from the typical bustle of the city. Skip it if you rely on public transit or want convenient access to dining, shopping, and entertainment."
85.73,Entire home/apt,4.67,2.0,1.0,1.0,1.0,3.0,False,1.0,1.0,2.0,"Choose this place if you prioritize excellent subway access and a quiet environment away from the city's commercial bustle. Skip it if you prefer having dining, shopping, and entertainment options within easy walking distance."
73.34,Entire home/apt,5.0,4.0,2.0,1.0,1.0,1.0,False,1.0,1.0,2.0,"Choose this place if you are seeking a secluded, quiet environment away from the bustle of city activity. Skip it if you require convenient access to daily essentials, restaurants, or a vibrant social scene."
480.67,Entire home/apt,4.95,2.0,2.0,2.0,1.0,56.0,True,2.0,1.0,3.0,"Choose this place if you are a culture seeker who prioritizes proximity to museums and galleries and prefers a quiet, residential atmosphere. Skip it if you require convenient access to daily essentials like grocery stores, pharmacies, dining, and nightlife."
250.73,Entire home/apt,4.78,2.0,2.0,1.0,1.0,100.0,True,1.0,1.0,2.0,"Choose this place if you are a museum and gallery enthusiast seeking a quiet, residential environment away from the typical bustle of the city. Skip it if you rely on public transit, need easy access to daily essentials like groceries and dining, or prefer being near parks and landmarks."
159.89,Entire home/apt,5.0,5.0,4.0,2.0,1.0,5.0,False,2.0,1.0,3.0,"Choose this place if you are looking for a secluded, quiet environment away from the typical bustle of city activity. Skip it if you want convenient access to restaurants, nightlife, shopping, or recreational facilities within walking distance."
100.8,Private room,4.77,2.0,3.0,2.0,1.0,44.0,False,2.0,1.0,3.0,"Choose this place if you prioritize easy access to pharmacies and prefer a quiet, residential atmosphere away from the bustle of typical city activity. Skip it if you rely on public transit or want to be within walking distance of diverse dining, shopping, and entertainment options."
113.69,Entire home/apt,4.63,4.0,2.0,2.0,1.0,337.0,False,2.0,1.0,3.0,"Choose this place if you are seeking a secluded, quiet environment away from the typical bustle and crowds of the city. Skip it if you prefer convenient access to dining, nightlife, fitness facilities, or daily essentials within walking distance."
96.63,Entire home/apt,4.0,8.0,2.0,1.0,1.0,4.0,False,1.0,1.0,2.0,"Choose this place if you are looking for a quiet, secluded retreat away from the bustle of city activity. Skip it if you want convenient access to shopping, dining, fitness facilities, or major tourist attractions."
414.0,Private room,4.35,2.0,1.0,1.0,1.0,71.0,False,1.0,1.0,2.0,"Choose this place if you want to be near Brooklyn Bridge and Brooklyn Academy of Music and prioritize access to parks and green space. Skip it if you prefer a neighborhood with convenient access to grocery stores, pharmacies, dining, and nightlife."
111.5,Entire home/apt,5.0,2.0,2.0,1.0,1.0,2.0,True,1.0,1.0,2.0,"Choose this place if you are seeking a secluded, quiet environment away from the typical bustle and noise of city life. Skip it if you want convenient access to dining, nightlife, fitness facilities, or essential services within walking distance."
91.1,Entire home/apt,4.17,2.0,1.0,1.0,1.0,12.0,True,1.0,1.0,2.0,"Choose this place if you prioritize access to green space and pharmacies and prefer a quiet, residential atmosphere. Skip it if you rely on public transit or want easy access to dining, nightlife, and entertainment."
138.79,Entire home/apt,5.0,4.0,2.0,2.0,1.0,7.0,True,2.0,1.0,3.0,"Choose this place if you are looking for a secluded, quiet environment away from the typical bustle and noise of the city. Skip it if you want convenient access to dining, nightlife, entertainment, or daily essentials like pharmacies and gyms."
295.0,Private room,4.71,2.0,1.0,1.0,1.0,14.0,False,1.0,1.0,2.0,"Choose this place if you want to be near Brooklyn Bridge and Brooklyn Academy of Music and prioritize access to parks and green space. Skip it if you prefer a neighborhood with convenient access to grocery stores, pharmacies, dining, and nightlife."
122.6,Entire home/apt,4.78,5.0,2.0,2.0,1.0,169.0,False,2.0,1.0,3.0,"Choose this place if you are seeking a quiet, low-traffic environment away from the city's typical hustle. Skip it if you want convenient access to dining, nightlife, shopping, or major tourist attractions."
169.42,Entire home/apt,4.93,2.0,1.0,1.0,1.0,14.0,False,1.0,1.0,2.0,"Choose this place if you prioritize access to parks and green space and prefer a quiet, residential environment away from the city bustle. Skip it if you rely on public transit or want convenient access to dining, nightlife, and daily shopping needs."
165.63,Private room,4.78,2.0,4.0,2.0,1.0,207.0,False,2.0,1.0,3.0,"Choose this place if you are looking for a quiet, secluded environment away from the typical bustle of the city. Skip it if you want convenient access to dining, shopping, nightlife, or recreational activities."
103.98,Entire home/apt,5.0,2.0,1.0,1.0,1.0,2.0,True,1.0,1.0,2.0,"Choose this place if you are seeking a quiet, secluded retreat away from the bustle of city life. Skip it if you rely on public transit or want convenient access to dining, shopping, and everyday essentials."
294.87,Entire home/apt,4.65,5.0,3.0,3.0,2.0,57.0,False,3.0,2.0,5.0,"Choose this place if you are looking for a secluded, quiet environment away from the typical bustle of the city. Skip it if you rely on public transit or want convenient access to dining, shopping, and nightlife."
205.92,Entire home/apt,4.38,7.0,3.0,2.0,1.0,237.0,False,2.0,1.0,3.0,"Choose this place if you are looking for a secluded, quiet environment away from the typical bustle of the city. Skip it if you want easy access to dining, nightlife, fitness facilities, or cultural attractions."
90.9,Entire home/apt,5.0,5.0,2.0,2.0,1.0,1.0,False,2.0,1.0,3.0,"Choose this place if you are looking for a secluded, quiet environment away from the typical bustle of the city. Skip it if you rely on public transit or need convenient access to daily essentials, shops, and recreational activities."
99.0,Entire home/apt,4.73,4.0,1.0,1.0,1.0,15.0,True,1.0,1.0,2.0,"Choose this place if you are looking for a secluded, quiet environment away from the typical bustle of the city. Skip it if you rely on public transit or want easy access to shops, cafes, and entertainment."
97.34,Entire home/apt,4.68,3.0,2.0,1.0,1.0,242.0,False,1.0,1.0,2.0,"Choose this place if you are seeking a secluded, quiet retreat away from the typical bustle and noise of the city. Skip it if you rely on public transit or want convenient access to shops, dining, and entertainment."
29.98,Private room,4.8,1.0,1.0,1.0,1.0,61.0,False,1.0,1.0,2.0,"Choose this place if you prioritize easy access to grocery shopping and prefer a quiet residential environment. Skip it if you are looking for a vibrant neighborhood with plenty of nightlife, cafes, shops, and convenient access to daily essentials like pharmacies and gyms."
142.9,Entire home/apt,4.18,5.0,3.0,2.0,1.0,11.0,False,2.0,1.0,3.0,"Choose this place if you prioritize convenient access to subway and transit connections for getting around the city. Skip it if you are looking for a neighborhood with walkable access to dining, nightlife, fitness facilities, or cultural attractions."
240.15,Entire home/apt,4.78,5.0,4.0,3.0,1.0,9.0,True,3.0,1.0,4.0,"Choose this place if you are looking for a secluded, quiet retreat away from the crowds and commercial activity of typical city blocks. Skip it if you require convenient access to daily essentials like groceries, pharmacies, and dining, or if you want to be within walking distance of major sights and urban amenities."
201.78,Entire home/apt,4.8,4.0,3.0,3.0,1.5,10.0,False,3.0,1.5,4.5,"Choose this place if you are looking for a secluded, quiet environment away from the city bustle. Skip it if you rely on public transit or want easy access to shopping, entertainment, and daily conveniences."
861.59,Entire home/apt,4.81,4.0,3.0,2.0,2.5,57.0,True,2.0,2.5,4.5,"Choose this place if you are seeking a quiet, secluded environment away from the typical bustle and commercial activity of the city. Skip it if you want easy access to parks, nightlife, shopping, or local attractions."
286.0,Entire home/apt,4.43,5.0,4.0,3.0,2.0,7.0,False,3.0,2.0,5.0,"Choose this place if you are looking for a secluded, quiet environment away from the city's typical hustle and bustle. Skip it if you want convenient access to daily essentials, dining, entertainment, or tourist attractions."
73.4,Private room,4.58,1.0,1.0,1.0,2.0,12.0,False,1.0,2.0,3.0,"Choose this place if you are looking for a secluded, quiet environment away from the typical bustle of the city. Skip it if you rely on public transit or want easy access to shops, dining, and cultural attractions."
377.21,Entire home/apt,5.0,4.0,2.0,2.0,1.0,7.0,False,2.0,1.0,3.0,"Choose this place if you are seeking a quiet, secluded retreat away from the typical bustle and transit noise of the city. Skip it if you require convenient access to daily essentials, public transportation, or a variety of dining and entertainment options within walking distance."
187.37,Entire home/apt,4.72,6.0,4.0,2.0,2.0,61.0,True,2.0,2.0,4.0,"Choose this place if you are a sightseer who wants to be near The Metropolitan Museum of Art and prefers a quiet, secluded environment. Skip it if you rely on public transit or want easy access to daily conveniences, dining, and nightlife."
4433.93,Entire home/apt,5.0,16.0,4.0,4.0,3.5,3.0,False,4.0,3.5,7.5,"Choose this place if you prioritize easy access to pharmacies and prefer a quiet, residential atmosphere away from the bustle of city amenities. Skip it if you rely on nearby grocery stores, entertainment, or fitness facilities and prefer being within walking distance of parks and shops."
246.13,Entire home/apt,4.36,2.0,2.0,2.0,2.0,22.0,False,2.0,2.0,4.0,"Choose this place if you are looking for a quiet, secluded environment away from the city bustle. Skip it if you want convenient access to dining, fitness, nightlife, or daily essentials."
323.33,Entire home/apt,5.0,3.0,1.0,1.0,1.0,9.0,False,1.0,1.0,2.0,"Choose this place if you are seeking a secluded, quiet environment away from the activity of the city. Skip it if you rely on public transit or want convenient access to restaurants, shops, and entertainment."
145.83,Entire home/apt,4.64,2.0,1.0,1.0,1.0,11.0,False,1.0,1.0,2.0,"Choose this place if you are seeking a secluded, quiet environment away from the typical bustle of the city. Skip it if you rely on public transit or want convenient access to daily necessities, shopping, and entertainment."
191.37,Entire home/apt,4.7,4.0,2.0,2.0,2.0,10.0,False,2.0,2.0,4.0,"Choose this place if you prioritize easy access to pharmacies and prefer a quiet, residential environment away from the city's nightlife and crowds. Skip it if you rely on public transit, enjoy walking to cafes and shops, or want to be near museums, parks, and entertainment."
152.98,Entire home/apt,4.5,12.0,9.0,3.0,1.0,121.0,False,3.0,1.0,4.0,"Choose this place if you are looking for a secluded, quiet environment and have your own transportation. Skip it if you rely on public transit or want convenient access to dining, shopping, and city amenities."
593.0,Hotel room,5.0,4.0,2.0,1.0,1.0,11.0,False,1.0,1.0,2.0,"Choose this place if you are looking for a secluded, quiet environment and do not mind traveling for your daily needs. Skip it if you rely on public transit, want easy access to shops and restaurants, or prefer to be near the city's active nightlife and landmarks."
564.0,Hotel room,4.77,2.0,1.0,1.0,1.0,35.0,False,1.0,1.0,2.0,"Choose this place if you are looking for a secluded, quiet environment and do not mind traveling for your daily needs. Skip it if you rely on public transit, want easy access to shops and restaurants, or prefer to be near the city's landmarks and nightlife."
753.0,Entire home/apt,4.81,4.0,2.0,1.0,1.0,48.0,False,1.0,1.0,2.0,"Choose this place if you are looking for a secluded, quiet environment away from the typical bustle of the city. Skip it if you need convenient access to daily essentials, public transportation, or a variety of dining and entertainment options."
342.0,Entire home/apt,4.73,4.0,2.0,1.0,1.0,135.0,False,1.0,1.0,2.0,"Choose this place if you are looking for a secluded, quiet environment away from the typical bustle of the city. Skip it if you need convenient access to daily essentials, public transportation, or a variety of dining and entertainment options."
103.9,Entire home/apt,4.8,5.0,3.0,3.0,1.0,25.0,False,3.0,1.0,4.0,"Choose this place if you are looking for a quiet, secluded stay away from the typical bustle and tourist activity of the city. Skip it if you prefer having easy access to dining, nightlife, shopping, and cultural attractions right outside your door."
753.0,Entire home/apt,4.75,4.0,2.0,1.0,1.0,73.0,False,1.0,1.0,2.0,"Choose this place if you are looking for a secluded, quiet environment away from the typical bustle of the city. Skip it if you rely on public transit or need convenient access to daily essentials like groceries, pharmacies, and dining options."
349.0,Hotel room,4.5,2.0,1.0,1.0,1.0,4.0,False,1.0,1.0,2.0,"Choose this place if you are looking for a quiet, secluded environment away from the typical noise and density of the city. Skip it if you prefer having easy access to dining, shopping, transit, or recreational amenities within walking distance."
182.53,Entire home/apt,4.8,8.0,4.0,3.0,2.0,5.0,False,3.0,2.0,5.0,"Choose this place if you are seeking a quiet, secluded retreat away from the typical bustle and tourist activity of the city. Skip it if you prefer a neighborhood with convenient access to shopping, dining, nightlife, and daily essentials."
197.53,Entire home/apt,5.0,2.0,1.0,1.0,1.0,12.0,False,1.0,1.0,2.0,"Choose this place if you prioritize easy access to subway and transit connections. Skip it if you prefer a neighborhood with a wide variety of dining, nightlife, shopping, and daily amenities within walking distance."
114.05,Entire home/apt,4.91,5.0,3.0,3.0,1.5,23.0,False,3.0,1.5,4.5,"Choose this place if you are looking for a secluded, quiet environment away from the typical bustle of the city. Skip it if you rely on public transit or want easy access to dining, nightlife, and cultural attractions."
113.97,Private room,4.8,2.0,2.0,1.0,1.0,10.0,False,1.0,1.0,2.0,"Choose this place if you are looking for a secluded, quiet retreat away from the noise and activity of the city. Skip it if you rely on public transportation or want convenient access to shops, dining, and entertainment."
176.62,Entire home/apt,5.0,2.0,1.0,1.0,1.0,4.0,True,1.0,1.0,2.0,"Choose this place if you want a quiet, secluded stay away from the typical bustle of city life. Skip it if you prefer walking to restaurants, shops, and entertainment or need convenient access to daily amenities."
673.85,Entire home/apt,5.0,10.0,6.0,5.0,2.5,16.0,True,5.0,2.5,7.5,"Choose this place if you are looking for a quiet, secluded retreat away from the noise and activity of the city. Skip it if you rely on public transit or want convenient access to shops, dining, and daily amenities."
88.53,Entire home/apt,4.54,2.0,1.0,1.0,1.0,188.0,False,1.0,1.0,2.0,"Choose this place if you are seeking a secluded, quiet environment and have access to a car. Skip it if you rely on public transit or want convenient access to shops, groceries, and city attractions."
114.56,Entire home/apt,4.79,3.0,3.0,2.0,1.0,66.0,False,2.0,1.0,3.0,"Choose this place if you are seeking a quiet, low-traffic environment away from the bustle of city amenities. Skip it if you want convenient access to dining, shopping, nightlife, or recreational facilities."
91.53,Private room,4.82,2.0,1.0,1.0,1.0,17.0,False,1.0,1.0,2.0,"Choose this place if you are seeking a secluded, quiet environment away from the typical bustle and congestion of the city. Skip it if you rely on public transportation or want convenient access to restaurants, nightlife, and daily amenities."
229.46,Entire home/apt,4.83,4.0,2.0,1.0,2.0,47.0,False,1.0,2.0,3.0,"Choose this place if you are looking for a secluded, quiet retreat away from the noise and activity of the city. Skip it if you rely on public transit or want convenient access to shopping, dining, and entertainment."
199.5,Private room,4.96,4.0,3.0,1.0,1.0,26.0,True,1.0,1.0,2.0,"Choose this place if you are seeking a quiet, low-activity environment away from the bustle of the city. Skip it if you want convenient access to dining, shopping, fitness, or cultural attractions."
98.64,Entire home/apt,4.85,2.0,1.0,1.0,1.0,113.0,True,1.0,1.0,2.0,"Choose this place if you are looking for a secluded, quiet retreat away from the typical bustle of the city. Skip it if you need convenient access to daily necessities, public transportation, or a variety of local amenities."
571.0,Private room,5.0,2.0,2.0,2.0,1.0,3.0,False,2.0,1.0,3.0,"Choose this place if you are seeking a quiet, secluded environment away from the typical bustle of the city. Skip it if you rely on public transit or want easy access to dining, shopping, and entertainment."
54.4,Private room,4.54,1.0,2.0,2.0,1.0,79.0,False,2.0,1.0,3.0,"Choose this place if you are looking for a secluded, quiet retreat away from the typical bustle of the city. Skip it if you prefer to have easy access to dining, shopping, and entertainment within walking distance."
269.0,Entire home/apt,4.72,2.0,2.0,1.0,1.0,280.0,True,1.0,1.0,2.0,"Choose this place if you are looking for a secluded, quiet environment away from the typical bustle of the city. Skip it if you rely on public transit or want convenient access to shops, dining, and daily amenities."
83.33,Private room,4.93,2.0,1.0,2.0,1.0,162.0,True,2.0,1.0,3.0,"Choose this place if you want to be near Grand Army Plaza and Prospect Park and prefer a quiet, green environment. Skip it if you need easy access to grocery stores, dining, nightlife, or daily amenities."
558.04,Entire home/apt,4.72,12.0,9.0,5.0,2.0,65.0,False,5.0,2.0,7.0,"Choose this place if you are seeking a quiet, secluded environment away from the city bustle. Skip it if you rely on public transit or want convenient access to dining, shopping, and entertainment."
213.91,Private room,4.87,8.0,3.0,3.0,1.5,23.0,False,3.0,1.5,4.5,"Choose this place if you are looking for a secluded, quiet environment and do not mind traveling for your daily needs. Skip it if you want easy access to dining, shopping, fitness facilities, or a vibrant neighborhood atmosphere."
221.27,Entire home/apt,1.0,4.0,2.0,2.0,1.0,1.0,False,2.0,1.0,3.0,"Choose this place if you want a quiet, secluded environment away from the typical bustle of city life. Skip it if you prefer easy access to daily conveniences, dining, and fitness facilities within walking distance."
777.5,Entire home/apt,4.97,7.0,3.0,4.0,1.5,39.0,False,4.0,1.5,5.5,"Choose this place if you are seeking a quiet, secluded environment away from the typical bustle and commercial activity of the city. Skip it if you want convenient access to dining, nightlife, shopping, or popular tourist attractions."
121.88,Entire home/apt,5.0,4.0,2.0,2.0,2.0,2.0,False,2.0,2.0,4.0,"Choose this place if you are looking for a secluded, quiet environment away from the typical bustle of city activity. Skip it if you prefer convenient access to daily necessities, dining, fitness facilities, or social venues."
37.83,Private room,5.0,1.0,1.0,1.0,1.0,1.0,True,1.0,1.0,2.0,"Choose this place if you are seeking a secluded, quiet environment away from the typical hustle and bustle of city life. Skip it if you rely on public transit or want convenient access to dining, shopping, and entertainment options."
120.93,Entire home/apt,5.0,2.0,1.0,1.0,1.0,1.0,False,1.0,1.0,2.0,"Choose this place if you are looking for a secluded, quiet environment away from the typical bustle of the city. Skip it if you rely on public transit or want convenient access to restaurants, nightlife, and daily amenities."
129.0,Private room,4.57,2.0,1.0,1.0,1.0,61.0,False,1.0,1.0,2.0,"Choose this place if you are seeking a quiet, secluded environment away from the bustle of city life. Skip it if you rely on immediate access to dining, shopping, fitness facilities, or cultural attractions."
180.91,Entire home/apt,5.0,3.0,2.0,2.0,1.0,3.0,True,2.0,1.0,3.0,"Choose this place if you are looking for a secluded, quiet retreat away from the bustle of the city. Skip it if you want convenient access to dining, shopping, entertainment, or outdoor recreation."
149.33,Entire home/apt,4.83,4.0,2.0,1.0,1.0,6.0,True,1.0,1.0,2.0,"Choose this place if you are seeking a secluded, quiet environment away from the typical bustle of the city. Skip it if you rely on public transit or want convenient access to dining, shopping, and daily amenities."
466.0,Entire home/apt,5.0,2.0,1.0,1.0,1.0,7.0,False,1.0,1.0,2.0,"Choose this place if you are looking for a secluded, quiet environment and plan to rely on a car rather than public transit. Skip it if you want easy access to city amenities, cultural attractions, or a vibrant neighborhood scene."
399.41,Private room,4.8,6.0,4.0,2.0,1.0,139.0,False,2.0,1.0,3.0,"Choose this place if you are seeking a secluded, low-activity environment away from the typical bustle of the city. Skip it if you prefer convenient access to dining, shopping, fitness facilities, or a vibrant nightlife scene."
113.97,Entire home/apt,4.29,2.0,1.0,1.0,1.0,7.0,False,1.0,1.0,2.0,"Choose this place if you prioritize easy access to pharmacies and prefer a quiet area away from the bustle of city amenities. Skip it if you are looking for a neighborhood rich in dining, nightlife, entertainment, or convenient access to shops and parks."
336.38,Entire home/apt,4.96,5.0,2.0,2.0,2.0,26.0,False,2.0,2.0,4.0,"Choose this place if you are seeking a quiet, secluded environment away from the typical bustle of the city. Skip it if you want convenient access to public transportation, shopping, dining, or nightlife."
498.5,Entire home/apt,4.88,6.0,4.0,3.0,1.0,64.0,True,3.0,1.0,4.0,"Choose this place if you are looking for a secluded, quiet environment away from the bustle of city activity. Skip it if you want convenient access to dining, nightlife, fitness facilities, or daily errands."
161.91,Private room,4.72,4.0,4.0,2.0,1.0,47.0,False,2.0,1.0,3.0,"Choose this place if you prefer a quiet, residential environment with easy access to pharmacies. Skip it if you enjoy vibrant nightlife, convenient grocery shopping, or proximity to local cafes and entertainment."
240.15,Entire home/apt,4.85,4.0,3.0,3.0,2.0,59.0,True,3.0,2.0,5.0,"Choose this place if you are seeking a quiet, secluded retreat away from the typical bustle and noise of the city. Skip it if you want convenient access to dining, nightlife, shopping, or recreational activities within walking distance."
173.83,Entire home/apt,4.83,5.0,2.0,2.0,1.5,24.0,False,2.0,1.5,3.5,"Choose this place if you prioritize easy access to pharmacies and prefer a quiet, residential environment away from the bustle of city attractions and nightlife. Skip it if you are looking for a neighborhood with convenient dining, shopping, and fitness options or if you want to be within walking distance of museums and landmarks."
62.78,Private room,4.47,4.0,2.0,5.0,2.5,19.0,True,5.0,2.5,7.5,"Choose this place if you are looking for a secluded, quiet environment away from the typical bustle of the city. Skip it if you rely on public transit or want convenient access to dining, shopping, and entertainment."
759.0,Private room,4.98,5.0,3.0,3.0,1.0,130.0,True,3.0,1.0,4.0,"Choose this place if you are seeking complete seclusion and a quiet environment away from the typical bustle of the city. Skip it if you rely on public transit or want convenient access to shops, dining, and tourist attractions."
203.81,Entire home/apt,4.95,8.0,4.0,4.0,2.0,66.0,True,4.0,2.0,6.0,"Choose this place if you are looking for a secluded, quiet environment away from the typical bustle of the city. Skip it if you rely on public transit or want easy access to dining, shopping, and entertainment."
619.66,Entire home/apt,4.92,4.0,3.0,3.0,2.0,62.0,True,3.0,2.0,5.0,"Choose this place if you are seeking a quiet, secluded environment away from the typical bustle of the city. Skip it if you rely on public transit or want convenient access to dining, shopping, and entertainment."
192.03,Entire home/apt,5.0,2.0,1.0,1.0,1.0,3.0,False,1.0,1.0,2.0,"Choose this place if you are looking for a quiet, secluded retreat away from the noise and crowds of the city. Skip it if you want convenient access to dining, shopping, nightlife, or recreational activities."
238.61,Entire home/apt,5.0,6.0,5.0,3.0,2.0,13.0,True,3.0,2.0,5.0,"Choose this place if you prioritize access to parks and green space and prefer a quiet, residential environment away from the bustle of city services. Skip it if you rely on public transit or need convenient access to grocery stores, pharmacies, dining, and shops."
342.67,Entire home/apt,4.97,2.0,2.0,2.0,1.0,316.0,True,2.0,1.0,3.0,"Choose this place if you are looking for a quiet, secluded environment away from the typical bustle of the city. Skip it if you want convenient access to dining, shopping, nightlife, and essential services within walking distance."
292.5,Entire home/apt,4.86,2.0,1.0,1.0,1.0,236.0,True,1.0,1.0,2.0,"Choose this place if you are looking for a quiet, secluded environment away from the typical bustle of the city. Skip it if you want convenient access to dining, shopping, daily necessities, or local attractions."
88.5,Entire home/apt,5.0,2.0,1.0,1.0,1.0,1.0,False,1.0,1.0,2.0,"Choose this place if you want a quiet, secluded environment away from the typical bustle of city activity. Skip it if you prefer having convenient access to dining, shopping, entertainment, and daily amenities within walking distance."
123.15,Entire home/apt,4.67,2.0,1.0,1.0,1.0,3.0,True,1.0,1.0,2.0,"Choose this place if you are seeking a quiet, secluded environment away from the typical bustle of the city. Skip it if you want convenient access to public transportation, dining, shopping, or local entertainment."
202.13,Entire home/apt,4.91,7.0,4.0,3.0,1.0,57.0,True,3.0,1.0,4.0,"Choose this place if you are looking for a quiet, secluded environment away from the typical hustle and bustle of city activity. Skip it if you want easy access to dining, nightlife, shopping, or recreational facilities within your immediate neighborhood."
179.21,Entire home/apt,5.0,3.0,3.0,2.0,1.0,1.0,False,2.0,1.0,3.0,"Choose this place if you are looking for a secluded, quiet environment away from the typical bustle and commercial activity of the city. Skip it if you want convenient access to daily necessities, fitness facilities, or a vibrant local social scene."
89.88,Private room,5.0,2.0,1.0,1.0,1.0,1.0,True,1.0,1.0,2.0,"Choose this place if you are looking for a quiet, secluded stay away from the typical bustle of the city. Skip it if you want easy access to dining, nightlife, shopping, or local attractions."
108.22,Entire home/apt,5.0,4.0,2.0,2.0,1.0,1.0,True,2.0,1.0,3.0,"Choose this place if you are seeking an extremely quiet, isolated environment away from the typical bustle of the city. Skip it if you rely on public transit, need immediate access to daily essentials like groceries and pharmacies, or want to be within walking distance of dining, entertainment, and cultural attractions."
62.7,Private room,5.0,2.0,2.0,1.0,1.5,1.0,True,1.0,1.5,2.5,"Choose this place if you are looking for a secluded, quiet environment away from the typical bustle and noise of the city. Skip it if you want easy access to public transportation, dining, nightlife, or daily conveniences."
132.82,Entire home/apt,4.86,2.0,3.0,1.0,1.0,358.0,True,1.0,1.0,2.0,"Choose this place if you are looking for a secluded, quiet environment away from the typical bustle of the city. Skip it if you need convenient access to public transportation, daily necessities, or a variety of dining and shopping options within walking distance."
117.09,Entire home/apt,4.93,3.0,2.0,1.0,1.0,153.0,True,1.0,1.0,2.0,"Choose this place if you want a secluded, quiet environment away from the typical bustle of the city. Skip it if you rely on public transit, need easy access to daily essentials like groceries and pharmacies, or want to be within walking distance of dining and entertainment."
117.44,Entire home/apt,4.93,4.0,2.0,2.0,1.0,28.0,True,2.0,1.0,3.0,"Choose this place if you are looking for a secluded, quiet retreat away from the noise and activity of the city. Skip it if you rely on public transit or want easy access to shops, dining, and entertainment."
96.67,Entire home/apt,5.0,2.0,1.0,1.0,1.0,1.0,False,1.0,1.0,2.0,"Choose this place if you are looking for a secluded, quiet retreat away from the typical bustle and density of the city. Skip it if you rely on public transit, want easy access to daily essentials, or prefer to be within walking distance of dining, entertainment, and cultural attractions."
154.87,Entire home/apt,4.71,4.0,2.0,2.0,1.0,14.0,False,2.0,1.0,3.0,"Choose this place if you prioritize proximity to parks and green space and prefer a quiet, residential atmosphere away from the city bustle. Skip it if you rely on public transit or want convenient access to dining, shopping, groceries, and nightlife."
68.77,Private room,1.0,2.0,1.0,1.0,2.0,1.0,False,1.0,2.0,3.0,"Choose this place if you are looking for a secluded, quiet environment away from the typical bustle of the city. Skip it if you rely on public transit or need convenient access to daily essentials like groceries, pharmacies, and dining options."
130.0,Private room,4.87,2.0,1.0,2.0,1.0,82.0,False,2.0,1.0,3.0,"Choose this place if you are looking for a quiet, secluded retreat away from the noise and activity of the city. Skip it if you want convenient access to dining, shopping, fitness facilities, or a vibrant nightlife scene."
367.25,Entire home/apt,4.92,4.0,2.0,2.0,2.0,25.0,False,2.0,2.0,4.0,"Choose this place if you are seeking a secluded, quiet environment away from the bustle of city activity. Skip it if you rely on public transit or want convenient access to dining, shopping, and entertainment."
51.66,Entire home/apt,5.0,1.0,2.0,1.0,1.0,1.0,False,1.0,1.0,2.0,"Choose this place if you are looking for a secluded, quiet environment away from the typical bustle of the city. Skip it if you rely on public transit or want easy access to dining, shopping, and daily conveniences."
319.99,Entire home/apt,4.88,2.0,2.0,2.0,1.0,115.0,True,2.0,1.0,3.0,"Choose this place if you are looking for a secluded, quiet environment away from the typical bustle of the city. Skip it if you want convenient access to dining, shopping, nightlife, or daily amenities within walking distance."
277.47,Entire home/apt,4.78,4.0,2.0,2.0,1.5,114.0,False,2.0,1.5,3.5,"Choose this place if you are seeking a quiet, secluded environment away from the typical bustle of the city. Skip it if you want convenient access to dining, shopping, entertainment, or recreational facilities."
115.65,Entire home/apt,4.83,2.0,2.0,1.0,1.0,36.0,False,1.0,1.0,2.0,"Choose this place if you prioritize a quiet, secluded environment away from the typical bustle of city life. Skip it if you rely on immediate access to daily conveniences, dining, or recreational activities."
66.4,Private room,4.2,7.0,2.0,2.0,1.5,5.0,False,2.0,1.5,3.5,"Choose this place if you are seeking a quiet, secluded environment away from the typical bustle of city life. Skip it if you prefer convenient access to dining, nightlife, shopping, and recreational amenities."
461.67,Entire home/apt,4.67,12.0,5.0,5.0,2.5,27.0,True,5.0,2.5,7.5,"Choose this place if you are looking for a quiet, secluded retreat away from the typical bustle and commercial activity of the city. Skip it if you want easy access to dining, shopping, nightlife, or recreational amenities within walking distance."
154.87,Entire home/apt,4.67,4.0,3.0,3.0,1.0,129.0,False,3.0,1.0,4.0,"Choose this place if you are looking for a secluded, quiet environment and have your own transportation. Skip it if you rely on public transit or want convenient access to dining, shopping, and daily amenities."
152.39,Entire home/apt,5.0,3.0,2.0,1.0,1.0,36.0,False,1.0,1.0,2.0,"Choose this place if you prioritize easy access to pharmacies and need a quiet, secluded environment away from the city bustle. Skip it if you rely on public transit, enjoy frequenting local restaurants and nightlife, or want to be within walking distance of gyms, grocery stores, and parks."
195.43,Entire home/apt,4.5,6.0,5.0,2.0,1.0,123.0,False,2.0,1.0,3.0,"Choose this place if you prioritize absolute isolation and a lack of neighborhood activity. Skip it if you rely on public transit, need easy access to daily essentials like groceries and pharmacies, or want to be within walking distance of dining and city attractions."
61.3,Private room,4.6,2.0,1.0,5.0,2.5,5.0,True,5.0,2.5,7.5,"Choose this place if you are seeking a secluded, quiet environment away from the typical bustle and noise of the city. Skip it if you rely on public transportation or want convenient access to dining, shopping, and entertainment."
150.31,Entire home/apt,3.5,4.0,3.0,3.0,1.0,2.0,False,3.0,1.0,4.0,"Choose this place if you are looking for a secluded, quiet environment away from the typical bustle of the city. Skip it if you want easy access to public transit, dining, shopping, or local entertainment."
138.44,Entire home/apt,4.33,2.0,2.0,1.0,1.0,3.0,True,1.0,1.0,2.0,"Choose this place if you are looking for a secluded, quiet environment away from the typical bustle of the city. Skip it if you rely on public transit or want easy access to restaurants, shops, and entertainment."
142.22,Entire home/apt,5.0,4.0,1.0,1.0,1.0,20.0,True,1.0,1.0,2.0,"Choose this place if you are looking for a secluded, quiet environment away from the typical bustle of the city. Skip it if you rely on public transit or want convenient access to dining, shopping, and daily amenities."
240.3,Entire home/apt,5.0,4.0,2.0,2.0,1.0,73.0,False,2.0,1.0,3.0,"Choose this place if you are seeking a secluded, quiet environment away from the typical bustle of the city. Skip it if you rely on public transit or want convenient access to dining, shopping, and entertainment."
301.89,Entire home/apt,4.64,4.0,2.0,2.0,2.0,11.0,False,2.0,2.0,4.0,"Choose this place if you are seeking a secluded, quiet environment away from the typical bustle of the city. Skip it if you rely on public transit or want convenient access to dining, nightlife, and daily amenities."
149.43,Entire home/apt,4.77,4.0,3.0,2.0,1.0,88.0,True,2.0,1.0,3.0,"Choose this place if you prioritize easy access to pharmacies and value a quiet environment away from the city's nightlife and entertainment. Skip it if you rely on public transit or want convenient access to dining, grocery stores, and daily amenities."
451.0,Entire home/apt,4.79,4.0,4.0,3.0,1.0,181.0,False,3.0,1.0,4.0,"Choose this place if you prioritize easy access to grocery shopping and a quiet, residential environment away from the bustle of city nightlife and entertainment. Skip it if you want to be within walking distance of restaurants, cafes, gyms, or cultural attractions and prefer a neighborhood with a high density of local amenities."
182.89,Entire home/apt,4.89,2.0,3.0,2.0,1.0,36.0,False,2.0,1.0,3.0,"Choose this place if you are looking for a secluded, quiet environment away from the typical bustle of the city. Skip it if you rely on public transit or want convenient access to shops, dining, and daily necessities."
579.46,Entire home/apt,4.38,8.0,4.0,3.0,1.0,34.0,False,3.0,1.0,4.0,"Choose this place if you are looking for a secluded, quiet environment away from the bustle of the city. Skip it if you want convenient access to dining, nightlife, shopping, or recreational amenities."
256.26,Entire home/apt,4.81,8.0,6.0,4.0,3.0,27.0,True,4.0,3.0,7.0,"Choose this place if you are looking for a quiet, secluded environment away from the typical bustle of the city. Skip it if you want convenient access to dining, nightlife, shopping, or recreational facilities."
138.0,Entire home/apt,4.92,3.0,2.0,2.0,1.0,88.0,True,2.0,1.0,3.0,"Choose this place if you are looking for a secluded, quiet environment and have your own transportation. Skip it if you want easy access to daily essentials, public transit, dining, or local attractions."
127.33,Entire home/apt,5.0,4.0,3.0,2.0,1.0,2.0,False,2.0,1.0,3.0,"Choose this place if you prioritize access to green space and pharmacies and prefer a quiet, residential environment. Skip it if you rely on public transit or want convenient access to dining, nightlife, and shopping."
180.75,Entire home/apt,4.94,6.0,3.0,3.0,2.0,65.0,False,3.0,2.0,5.0,"Choose this place if you are looking for a secluded, quiet environment away from the typical hustle of the city. Skip it if you rely on public transit or want easy access to dining, shopping, and entertainment."
235.37,Entire home/apt,4.91,4.0,3.0,2.0,1.0,119.0,False,2.0,1.0,3.0,"Choose this place if you are a nature lover who prioritizes proximity to Brooklyn Botanic Garden and a quiet, green environment. Skip it if you want easy access to dining, nightlife, shopping, or daily conveniences within walking distance."
1185.0,Entire home/apt,4.94,16.0,12.0,8.0,3.5,33.0,True,8.0,3.5,11.5,"Choose this place if you are looking for a quiet, secluded retreat away from the typical bustle and transit congestion of the city. Skip it if you want convenient access to dining, nightlife, shopping, and public transportation."
286.0,Entire home/apt,4.98,2.0,1.0,1.0,1.0,66.0,True,1.0,1.0,2.0,"Choose this place if you are looking for a secluded, quiet retreat away from the activity of the city. Skip it if you rely on public transit or want convenient access to shops, dining, and cultural attractions."
150.67,Entire home/apt,4.44,2.0,2.0,1.0,1.0,70.0,False,1.0,1.0,2.0,"Choose this place if you are seeking a secluded, quiet environment away from the bustle of city life. Skip it if you prefer convenient access to dining, fitness facilities, or a vibrant neighborhood scene."
313.46,Entire home/apt,4.71,6.0,2.0,2.0,3.0,7.0,False,2.0,3.0,5.0,"Choose this place if you are looking for a secluded, quiet environment away from the typical bustle of the city. Skip it if you rely on public transit or want easy access to restaurants, shops, and entertainment."
90.11,Entire home/apt,4.77,3.0,1.0,1.0,1.0,13.0,False,1.0,1.0,2.0,"Choose this place if you are looking for a quiet, secluded retreat away from the bustle of the city. Skip it if you want convenient access to dining, shopping, nightlife, or daily amenities."
448.03,Entire home/apt,5.0,3.0,2.0,2.0,1.5,11.0,False,2.0,1.5,3.5,"Choose this place if you are seeking a quiet, secluded environment away from the bustle of the city. Skip it if you want convenient access to dining, shopping, nightlife, or daily amenities."
95.9,Entire home/apt,5.0,4.0,2.0,2.0,1.0,2.0,True,2.0,1.0,3.0,"Choose this place if you are looking for a quiet, secluded environment away from the typical hustle and bustle of city life. Skip it if you want convenient access to dining, shopping, fitness facilities, or entertainment options within walking distance."
68.03,Private room,5.0,2.0,1.0,4.0,2.0,1.0,True,4.0,2.0,6.0,"Choose this place if you are looking for a quiet, secluded retreat away from the noise and activity of the city. Skip it if you want convenient access to dining, shopping, entertainment, or daily amenities within walking distance."
142.7,Entire home/apt,4.81,4.0,3.0,2.0,1.0,27.0,True,2.0,1.0,3.0,"Choose this place if you are seeking a secluded, quiet environment away from the typical bustle and crowds of the city. Skip it if you rely on public transit or want convenient access to dining, shopping, and entertainment."
553.1,Entire home/apt,5.0,2.0,1.0,1.0,1.0,5.0,False,1.0,1.0,2.0,"Choose this place if you are seeking a secluded, quiet environment away from the typical bustle and transit noise of the city. Skip it if you prefer convenient access to dining, shopping, nightlife, and public transportation."
59.46,Private room,4.73,2.0,1.0,5.0,2.5,11.0,True,5.0,2.5,7.5,"Choose this place if you are looking for a secluded, quiet environment away from the typical bustle of the city. Skip it if you rely on public transit or want convenient access to dining, shopping, and entertainment."
114.33,Entire home/apt,4.85,2.0,1.0,1.0,1.0,13.0,False,1.0,1.0,2.0,"Choose this place if you are seeking a secluded, quiet environment away from the activity of the city. Skip it if you rely on public transit or want convenient access to dining, shopping, and entertainment."
160.4,Entire home/apt,4.71,4.0,2.0,1.0,1.0,14.0,False,1.0,1.0,2.0,"Choose this place if you are seeking a secluded, quiet environment away from the typical bustle of the city. Skip it if you rely on public transit or want convenient access to dining, shopping, and daily amenities."
57.17,Private room,4.0,2.0,1.0,1.0,1.0,3.0,False,1.0,1.0,2.0,"Choose this place if you are looking for a quiet, secluded retreat away from the bustle of city amenities. Skip it if you want convenient access to dining, shopping, nightlife, or daily necessities."
193.6,Entire home/apt,4.71,4.0,3.0,3.0,2.0,24.0,True,3.0,2.0,5.0,"Choose this place if you are seeking a quiet, secluded retreat away from the typical bustle and commercial density of the city. Skip it if you rely on immediate access to dining, shopping, and essential services or if you prefer an active neighborhood with plenty of local amenities."
361.0,Entire home/apt,4.72,6.0,3.0,2.0,2.0,95.0,False,2.0,2.0,4.0,"Choose this place if you are seeking a secluded, quiet environment away from the typical bustle of the city. Skip it if you rely on public transit or want easy access to shops, dining, and cultural attractions."
84.1,Entire home/apt,4.69,2.0,3.0,1.0,1.0,16.0,False,1.0,1.0,2.0,"Choose this place if you are looking for a secluded, quiet environment and plan to rely on your own transportation. Skip it if you want easy access to public transit, daily conveniences, or a vibrant neighborhood scene."
106.13,Entire home/apt,4.97,2.0,1.0,1.0,1.0,30.0,True,1.0,1.0,2.0,"Choose this place if you are seeking a secluded, low-activity environment away from the typical bustle of the city. Skip it if you rely on public transit or want easy access to dining, shopping, and entertainment."
161.28,Entire home/apt,4.0,6.0,2.0,2.0,1.5,3.0,False,2.0,1.5,3.5,"Choose this place if you are looking for a secluded, quiet retreat away from the typical bustle of the city. Skip it if you rely on public transit or want convenient access to shops, dining, and neighborhood amenities."
337.94,Entire home/apt,5.0,6.0,4.0,4.0,2.0,2.0,False,4.0,2.0,6.0,"Choose this place if you prioritize easy access to pharmacies and prefer a quiet, residential environment away from the city's nightlife and crowds. Skip it if you want walkable access to cafes, restaurants, parks, or cultural attractions and rely on nearby entertainment to fill your time."
172.43,Entire home/apt,4.76,6.0,3.0,3.0,1.0,86.0,False,3.0,1.0,4.0,"Choose this place if you are seeking a quiet, secluded retreat away from the typical bustle and commercial activity of the city. Skip it if you want convenient access to dining, entertainment, shopping, or recreational amenities within your immediate neighborhood."
121.7,Entire home/apt,5.0,2.0,1.0,1.0,1.0,16.0,True,1.0,1.0,2.0,"Choose this place if you are looking for a secluded, quiet environment away from the typical hustle of the city. Skip it if you rely on public transit or want convenient access to shops, dining, and nightlife."
143.77,Entire home/apt,4.33,4.0,2.0,2.0,1.0,6.0,False,2.0,1.0,3.0,"Choose this place if you are seeking a quiet, secluded retreat away from the bustle of the city. Skip it if you rely on public transit or want easy access to restaurants, shops, and entertainment."
124.83,Entire home/apt,4.53,4.0,5.0,2.0,1.0,17.0,False,2.0,1.0,3.0,"Choose this place if you prioritize access to parks and green space and prefer a quiet, residential environment away from the city bustle. Skip it if you rely on public transit or want convenient access to dining, shopping, and daily amenities."
191.37,Entire home/apt,4.77,6.0,2.0,2.0,1.0,26.0,False,2.0,1.0,3.0,"Choose this place if you are seeking a quiet, secluded retreat away from the typical bustle and noise of the city. Skip it if you prefer having convenient access to dining, shopping, entertainment, and everyday amenities within walking distance."
149.0,Entire home/apt,4.84,2.0,1.0,1.0,1.0,100.0,True,1.0,1.0,2.0,"Choose this place if you are looking for a secluded, quiet environment and have your own transportation. Skip it if you rely on public transit or want convenient access to dining, shopping, and city attractions."
142.0,Private room,4.03,2.0,1.0,1.0,1.0,433.0,False,1.0,1.0,2.0,"Choose this place if you are looking for a secluded, quiet retreat away from the bustle of the city. Skip it if you want easy access to dining, shopping, transit, or any typical New York City attractions."
586.3,Private room,4.45,2.0,2.0,2.0,1.5,53.0,False,2.0,1.5,3.5,"Choose this place if you are looking for a quiet, secluded environment away from the typical hustle of the city. Skip it if you want convenient access to dining, shopping, entertainment, or daily essentials."
137.67,Entire home/apt,4.84,2.0,1.0,1.0,1.0,338.0,False,1.0,1.0,2.0,"Choose this place if you are looking for a quiet, secluded retreat away from the bustle of the city. Skip it if you need convenient access to public transit, daily necessities, or a variety of dining and entertainment options."
46.25,Private room,4.83,2.0,1.0,1.0,1.0,24.0,False,1.0,1.0,2.0,"Choose this place if you are seeking a quiet, secluded environment away from the typical bustle of the city. Skip it if you prefer having convenient access to dining, shopping, and everyday amenities within walking distance."
174.72,Entire home/apt,5.0,2.0,2.0,1.0,1.0,2.0,False,1.0,1.0,2.0,"Choose this place if you are seeking a secluded, quiet environment away from the typical bustle and noise of the city. Skip it if you rely on public transportation or want convenient access to shops, dining, and daily amenities."
127.11,Private room,4.83,2.0,2.0,2.0,1.0,102.0,False,2.0,1.0,3.0,"Choose this place if you are looking for a secluded, low-key environment away from the typical bustle and noise of the city. Skip it if you want easy access to dining, entertainment, fitness facilities, or local attractions."
970.0,Entire home/apt,4.93,8.0,4.0,3.0,2.0,189.0,True,3.0,2.0,5.0,"Choose this place if you are seeking a quiet, secluded environment away from the bustle of city life. Skip it if you prefer convenient access to daily necessities, dining, and active entertainment options."
54.4,Private room,4.8,1.0,1.0,1.0,1.0,20.0,False,1.0,1.0,2.0,"Choose this place if you are looking for a quiet, secluded environment away from the typical bustle of the city. Skip it if you rely on public transit or want easy access to dining, shopping, and daily conveniences."
294.6,Entire home/apt,5.0,2.0,1.0,2.0,1.0,23.0,False,2.0,1.0,3.0,"Choose this place if you are looking for a secluded, quiet environment away from the typical bustle of the city. Skip it if you rely on public transit or want easy access to daily necessities, dining, and entertainment."
121.6,Entire home/apt,4.75,2.0,1.0,1.0,1.0,139.0,False,1.0,1.0,2.0,"Choose this place if you are seeking a secluded, quiet environment away from the typical bustle and noise of the city. Skip it if you rely on public transit or want convenient access to dining, shopping, and urban amenities."
109.0,Private room,3.67,2.0,1.0,1.0,1.0,55.0,False,1.0,1.0,2.0,"Choose this place if you are seeking a quiet, secluded environment away from the typical bustle of the city. Skip it if you want convenient access to dining, shopping, entertainment, or recreational amenities."
411.0,Entire home/apt,4.58,5.0,2.0,2.0,1.0,305.0,False,2.0,1.0,3.0,"Choose this place if you are looking for a quiet, secluded environment away from the typical bustle of the city. Skip it if you rely on public transit or want convenient access to shops, dining, and daily essentials."
122.36,Entire home/apt,4.84,4.0,2.0,2.0,1.0,62.0,True,2.0,1.0,3.0,"Choose this place if you are looking for a secluded, quiet environment away from the typical bustle of the city. Skip it if you rely on public transit or want convenient access to dining, shopping, and everyday amenities."
58.14,Private room,4.45,1.0,2.0,1.0,1.0,22.0,True,1.0,1.0,2.0,"Choose this place if you are seeking a secluded, quiet environment away from the typical bustle of the city. Skip it if you want convenient access to dining, shopping, or daily amenities within walking distance."
276.57,Entire home/apt,5.0,4.0,1.0,2.0,1.0,1.0,False,2.0,1.0,3.0,"Choose this place if you are looking for a secluded, quiet environment away from the typical hustle of the city. Skip it if you rely on public transit or require easy access to daily necessities like groceries, pharmacies, and dining options."
144.36,Entire home/apt,4.62,2.0,1.0,1.0,1.0,124.0,False,1.0,1.0,2.0,"Choose this place if you are seeking a secluded, quiet retreat away from the bustle of the city. Skip it if you rely on public transit, need immediate access to daily essentials, or want to be within walking distance of New York's dining and entertainment."
109.17,Entire home/apt,5.0,1.0,1.0,1.0,1.0,10.0,True,1.0,1.0,2.0,"Choose this place if you are looking for a secluded, quiet environment away from the typical hustle and bustle of the city. Skip it if you rely on public transit or want convenient access to dining, shopping, and entertainment."
443.92,Private room,5.0,5.0,3.0,2.0,1.0,100.0,True,2.0,1.0,3.0,"Choose this place if you are seeking a secluded, quiet environment away from the city's typical bustle. Skip it if you rely on public transit or want easy access to dining, shopping, and entertainment."
127.06,Entire home/apt,4.96,2.0,1.0,1.0,1.0,24.0,True,1.0,1.0,2.0,"Choose this place if you are looking for a secluded, low-activity environment far from the typical bustle of the city. Skip it if you rely on public transit or want convenient access to dining, shopping, and daily amenities."
436.39,Entire home/apt,5.0,6.0,3.0,3.0,3.0,7.0,False,3.0,3.0,6.0,"Choose this place if you are looking for a quiet, secluded environment away from the typical hustle and bustle of city life. Skip it if you want convenient access to dining, shopping, entertainment, or daily amenities right outside your door."
117.02,Entire home/apt,4.41,4.0,2.0,1.0,1.0,54.0,True,1.0,1.0,2.0,"Choose this place if you are seeking complete isolation and a quiet environment away from the bustle of the city. Skip it if you rely on public transit or want convenient access to dining, shopping, and everyday amenities."
142.74,Private room,4.92,2.0,2.0,2.0,1.0,209.0,False,2.0,1.0,3.0,"Choose this place if you prioritize proximity to transit and access to parks and green space. Skip it if you want to be within walking distance of shops, dining, nightlife, or daily conveniences."
118.55,Entire home/apt,4.62,6.0,4.0,3.0,1.0,113.0,False,3.0,1.0,4.0,"Choose this place if you are a sightseer who wants to be near The Metropolitan Museum of Art and prefers a quiet, low-activity environment. Skip it if you are looking for convenient access to dining, shopping, nightlife, or daily amenities."
424.06,Entire home/apt,4.0,7.0,3.0,2.0,2.0,6.0,False,2.0,2.0,4.0,"Choose this place if you are seeking a secluded, quiet environment away from the typical bustle of the city. Skip it if you rely on public transportation or want convenient access to shops, dining, and daily amenities."
120.0,Private room,4.67,1.0,1.0,1.0,1.0,3.0,True,1.0,1.0,2.0,"Choose this place if you want a quiet, secluded retreat away from the typical bustle of the city near Times Square. Skip it if you rely on public transit or want easy access to dining, shopping, and daily conveniences."
73.97,Private room,4.83,1.0,1.0,1.0,1.0,35.0,True,1.0,1.0,2.0,"Choose this place if you are looking for a secluded, quiet environment away from the typical bustle of the city. Skip it if you rely on public transit or want easy access to restaurants, shops, and entertainment."
275.38,Entire home/apt,4.75,5.0,4.0,3.0,2.0,12.0,False,3.0,2.0,5.0,"Choose this place if you are seeking a secluded, low-activity environment far from the typical bustle of the city. Skip it if you rely on public transit or want convenient access to dining, shopping, and entertainment."
126.78,Entire home/apt,4.91,2.0,1.0,1.0,1.0,46.0,False,1.0,1.0,2.0,"Choose this place if you are seeking a secluded, quiet environment away from the typical hustle of the city. Skip it if you rely on public transit or want convenient access to dining, shopping, and everyday amenities."
263.0,Entire home/apt,4.67,10.0,3.0,3.0,1.0,3.0,False,3.0,1.0,4.0,"Choose this place if you are seeking a secluded, quiet environment away from the typical bustle and transit congestion of the city. Skip it if you prefer convenient access to dining, shopping, nightlife, and public transportation."
155.17,Entire home/apt,4.86,4.0,2.0,1.0,1.0,51.0,True,1.0,1.0,2.0,"Choose this place if you are looking for a quiet, secluded environment away from the typical bustle of city life. Skip it if you want convenient access to dining, shopping, fitness facilities, or entertainment options within walking distance."
222.88,Entire home/apt,4.8,10.0,4.0,3.0,2.0,5.0,False,3.0,2.0,5.0,"Choose this place if you are seeking a quiet, secluded environment away from the typical bustle of city life. Skip it if you prefer having convenient access to dining, shopping, entertainment, and daily necessities within walking distance."
145.09,Entire home/apt,5.0,2.0,1.0,1.0,1.0,2.0,False,1.0,1.0,2.0,"Choose this place if you are seeking a secluded, quiet environment away from the typical bustle of the city. Skip it if you rely on public transit or want convenient access to dining, shopping, and entertainment."
582.23,Entire home/apt,5.0,4.0,3.0,2.0,1.5,1.0,False,2.0,1.5,3.5,"Choose this place if you are looking for a secluded, quiet environment away from the typical bustle of the city. Skip it if you rely on immediate access to daily conveniences, dining, or fitness facilities."
278.67,Entire home/apt,4.33,2.0,1.0,1.0,1.0,6.0,False,1.0,1.0,2.0,"Choose this place if you are looking for a secluded, quiet environment away from the typical bustle of the city. Skip it if you rely on public transit or want easy access to daily necessities, dining, and entertainment."
151.09,Entire home/apt,4.96,3.0,2.0,1.0,1.0,28.0,False,1.0,1.0,2.0,"Choose this place if you are seeking a secluded, quiet environment away from the typical bustle and density of the city. Skip it if you rely on public transit or want convenient access to dining, shopping, and entertainment."
280.23,Entire home/apt,4.94,2.0,2.0,2.0,1.0,17.0,False,2.0,1.0,3.0,"Choose this place if you are seeking a secluded, low-activity environment away from the typical bustle of the city. Skip it if you rely on public transit, require easy access to dining and shops, or want to be within walking distance of New York landmarks and parks."
177.64,Entire home/apt,4.9,2.0,1.0,1.0,1.0,29.0,False,1.0,1.0,2.0,"Choose this place if you are seeking a quiet, isolated retreat away from the noise and activity of the city. Skip it if you rely on public transit or want convenient access to dining, shopping, and everyday amenities."
59.0,Private room,3.5,1.0,1.0,1.0,1.0,2.0,False,1.0,1.0,2.0,"Choose this place if you are seeking a secluded, quiet environment away from the bustle of the city. Skip it if you require convenient access to daily essentials, dining, or recreational amenities."
149.37,Entire home/apt,4.85,8.0,3.0,3.0,2.0,112.0,True,3.0,2.0,5.0,"Choose this place if you are seeking an exceptionally quiet, secluded environment away from the typical bustle of city life. Skip it if you prefer having convenient access to daily essentials, dining, and entertainment within walking distance."
172.72,Entire home/apt,4.7,4.0,1.0,1.0,1.0,128.0,False,1.0,1.0,2.0,"Choose this place if you are looking for a secluded, quiet environment and do not mind traveling for your daily needs. Skip it if you rely on public transit or want convenient access to dining, shopping, and city amenities."
175.17,Entire home/apt,5.0,4.0,1.0,1.0,1.0,3.0,True,1.0,1.0,2.0,"Choose this place if you are seeking complete isolation and a quiet environment away from the city bustle. Skip it if you rely on public transit or want convenient access to dining, shopping, and entertainment."
143.77,Entire home/apt,4.5,4.0,2.0,2.0,1.0,6.0,False,2.0,1.0,3.0,"Choose this place if you prioritize access to parks and green space and prefer a quiet, secluded environment. Skip it if you rely on public transit or want easy access to dining, shopping, and everyday amenities."
508.0,Private room,4.87,2.0,3.0,2.0,2.0,39.0,True,2.0,2.0,4.0,"Choose this place if you are looking for a secluded, quiet environment away from the typical bustle of the city. Skip it if you rely on public transit or want easy access to daily necessities, dining, and entertainment."
432.0,Entire home/apt,4.56,7.0,3.0,2.0,1.0,82.0,False,2.0,1.0,3.0,"Choose this place if you are looking for a secluded, quiet environment away from the typical bustle of the city. Skip it if you need convenient access to public transportation, daily necessities, or a variety of dining and entertainment options."
247.82,Entire home/apt,5.0,4.0,3.0,2.0,2.0,4.0,False,2.0,2.0,4.0,"Choose this place if you are seeking a quiet, secluded retreat away from the bustle of city activity. Skip it if you want convenient access to dining, shopping, entertainment, or daily amenities."
145.43,Entire home/apt,4.95,6.0,3.0,2.0,1.0,38.0,True,2.0,1.0,3.0,"Choose this place if you are seeking a secluded, quiet environment away from the typical bustle and noise of the city. Skip it if you rely on public transportation, need convenient access to daily necessities like groceries and dining, or want to be within walking distance of New York's major attractions and nightlife."
1079.0,Entire home/apt,4.95,9.0,4.0,4.0,2.0,111.0,True,4.0,2.0,6.0,"Choose this place if you are seeking a secluded, quiet environment away from the typical bustle and commercial activity of the city. Skip it if you rely on public transit or want convenient access to dining, shopping, and everyday amenities."
210.2,Entire home/apt,4.75,4.0,4.0,3.0,2.0,4.0,False,3.0,2.0,5.0,"Choose this place if you are a nature lover who wants to be near Riverside Park and enjoys an abundance of local entertainment venues. Skip it if you need easy access to daily necessities like groceries, pharmacies, and dining options within walking distance."
119.0,Private room,4.93,2.0,1.0,1.0,1.0,44.0,True,1.0,1.0,2.0,"Choose this place if you are seeking a quiet, secluded retreat away from the bustle of the city. Skip it if you want convenient access to restaurants, shopping, and everyday amenities."
181.57,Private room,4.0,2.0,1.0,1.0,1.0,6.0,False,1.0,1.0,2.0,"Choose this place if you are seeking a quiet, secluded environment away from the bustle of city life. Skip it if you require convenient access to daily essentials, dining, entertainment, or public amenities."
265.9,Entire home/apt,4.93,2.0,2.0,1.0,1.0,88.0,True,1.0,1.0,2.0,"Choose this place if you are looking for a secluded, quiet environment away from the typical bustle of the city. Skip it if you rely on public transit or want convenient access to dining, shopping, and everyday amenities."
281.0,Private room,5.0,2.0,2.0,2.0,1.0,6.0,True,2.0,1.0,3.0,"Choose this place if you are seeking a secluded, quiet environment away from the typical bustle of the city. Skip it if you require convenient access to daily essentials, dining, or local attractions."
49.1,Private room,4.81,1.0,1.0,2.0,1.0,16.0,True,2.0,1.0,3.0,"Choose this place if you are looking for a secluded, quiet environment away from the typical bustle and noise of the city. Skip it if you rely on public transit or want easy access to dining, shopping, and daily amenities."
94.03,Entire home/apt,5.0,3.0,2.0,1.0,1.0,6.0,True,1.0,1.0,2.0,"Choose this place if you prioritize excellent transit access and a quiet environment away from the city's nightlife. Skip it if you want convenient access to dining, shopping, groceries, or local attractions."
477.67,Entire home/apt,4.58,6.0,4.0,3.0,2.0,50.0,False,3.0,2.0,5.0,"Choose this place if you are seeking a secluded, quiet environment away from the typical bustle of the city. Skip it if you prefer to have convenient access to dining, shopping, groceries, and entertainment within walking distance."
96.63,Entire home/apt,4.68,8.0,3.0,1.0,1.0,19.0,False,1.0,1.0,2.0,"Choose this place if you prioritize access to parks and green space and prefer a quiet, secluded environment away from the city bustle. Skip it if you rely on public transit, need immediate access to groceries and dining, or want a neighborhood with a vibrant nightlife and shopping scene."
34.33,Private room,4.87,1.0,1.0,1.0,1.0,23.0,False,1.0,1.0,2.0,"Choose this place if you are seeking a quiet, secluded environment away from the typical bustle of the city. Skip it if you prefer easy access to dining, shopping, entertainment, or daily conveniences within walking distance."
160.3,Entire home/apt,4.77,2.0,1.0,1.0,1.0,241.0,False,1.0,1.0,2.0,"Choose this place if you are seeking a secluded, quiet environment away from the typical bustle of the city. Skip it if you require convenient access to public transportation, daily necessities, or a variety of dining and entertainment options."
285.3,Entire home/apt,4.97,3.0,2.0,1.0,1.0,109.0,True,1.0,1.0,2.0,"Choose this place if you are looking for a secluded, low-activity environment far from the bustle of the city. Skip it if you require convenient access to daily essentials, public transportation, or a wide variety of dining and entertainment options."
514.0,Private room,4.95,6.0,3.0,3.0,1.5,42.0,True,3.0,1.5,4.5,"Choose this place if you are seeking a secluded, quiet environment away from the typical bustle of the city. Skip it if you require convenient access to daily necessities, public transit, dining, or local entertainment."
305.5,Private room,4.73,2.0,2.0,2.0,1.5,176.0,False,2.0,1.5,3.5,"Choose this place if you are looking for a quiet, secluded environment away from the typical bustle of the city. Skip it if you want convenient access to dining, shopping, transit, or local attractions."
775.0,Entire home/apt,4.94,6.0,8.0,3.0,2.0,196.0,True,3.0,2.0,5.0,"Choose this place if you want a quiet, secluded retreat away from the typical hustle and bustle of city life. Skip it if you prefer having easy access to dining, shopping, and daily conveniences right outside your door."
180.07,Entire home/apt,4.84,6.0,4.0,2.0,1.5,140.0,True,2.0,1.5,3.5,"Choose this place if you prioritize exceptional subway and transit access for getting around the city. Skip it if you want convenient access to dining, groceries, cafes, or local amenities within walking distance."
201.54,Entire home/apt,4.67,10.0,6.0,3.0,1.0,3.0,False,3.0,1.0,4.0,"Choose this place if you are seeking a secluded, quiet environment away from the typical bustle and noise of city life. Skip it if you rely on public transit or want convenient access to shops, dining, and daily amenities."
84.37,Private room,4.57,2.0,1.0,1.0,1.0,222.0,False,1.0,1.0,2.0,"Choose this place if you are looking for a quiet, secluded environment away from the typical bustle of the city. Skip it if you want easy access to dining, shopping, essential services, or recreational activities."
233.94,Private room,4.93,2.0,2.0,2.0,1.0,129.0,True,2.0,1.0,3.0,"Choose this place if you are seeking a secluded, quiet environment away from the bustle of the city. Skip it if you require convenient access to public transportation, dining, shopping, or daily amenities."
54.59,Private room,4.6,2.0,2.0,2.0,1.0,106.0,False,2.0,1.0,3.0,"Choose this place if you are seeking a secluded, quiet retreat away from the typical bustle and commercial density of the city. Skip it if you rely on public transit or want convenient access to dining, shopping, and nightlife within walking distance."
627.65,Entire home/apt,4.83,7.0,3.0,3.0,1.0,71.0,True,3.0,1.0,4.0,"Choose this place if you are looking for a secluded, quiet environment away from the typical bustle and activity of the city. Skip it if you want convenient access to dining, nightlife, shopping, or daily amenities within walking distance."
89.08,Entire home/apt,4.81,4.0,2.0,1.0,1.0,144.0,False,1.0,1.0,2.0,"Choose this place if you are looking for a secluded, quiet environment away from the typical bustle of the city. Skip it if you rely on public transit or want convenient access to dining, shopping, and entertainment."
141.22,Entire home/apt,4.0,4.0,2.0,2.0,1.0,3.0,False,2.0,1.0,3.0,"Choose this place if you are looking for a secluded, quiet environment away from the typical bustle of the city. Skip it if you want convenient access to dining, shopping, and everyday amenities or prefer to be near local attractions."
195.17,Entire home/apt,4.32,5.0,3.0,2.0,1.0,77.0,False,2.0,1.0,3.0,"Choose this place if you are seeking a secluded, quiet environment away from the typical bustle and congestion of the city. Skip it if you rely on public transit or want convenient access to dining, shopping, and everyday amenities."
233.82,Entire home/apt,3.0,5.0,3.0,3.0,1.0,1.0,False,3.0,1.0,4.0,"Choose this place if you are looking for a quiet, secluded environment away from the typical hustle and bustle of the city. Skip it if you want easy access to dining, shopping, nightlife, or daily conveniences within walking distance."
243.07,Private room,4.97,2.0,1.0,1.0,1.0,273.0,True,1.0,1.0,2.0,"Choose this place if you are looking for a secluded, quiet environment away from the typical bustle of the city. Skip it if you rely on public transit or want easy access to restaurants, shops, and entertainment."
400.0,Entire home/apt,4.88,5.0,2.0,2.0,1.0,100.0,True,2.0,1.0,3.0,"Choose this place if you are seeking a secluded, quiet environment away from the typical bustle of city life. Skip it if you rely on public transit or want convenient access to shops, dining, and daily amenities."
124.87,Entire home/apt,5.0,4.0,2.0,2.0,1.0,1.0,False,2.0,1.0,3.0,"Choose this place if you are seeking a secluded, quiet environment away from the typical bustle of the city. Skip it if you rely on public transit or want convenient access to dining, shopping, and daily amenities."
176.17,Entire home/apt,4.78,2.0,1.0,1.0,1.0,54.0,False,1.0,1.0,2.0,"Choose this place if you are seeking a quiet, isolated retreat away from the noise and bustle of city life. Skip it if you rely on public transit, need immediate access to daily essentials like groceries and pharmacies, or want to be within walking distance of dining and entertainment."
155.97,Entire home/apt,4.88,4.0,1.0,1.0,1.0,113.0,False,1.0,1.0,2.0,"Choose this place if you are a dedicated sightseer who wants to be steps away from The Metropolitan Museum of Art. Skip it if you prefer a neighborhood with convenient access to daily essentials, dining, and vibrant city amenities."
130.65,Entire home/apt,5.0,7.0,3.0,2.0,1.0,4.0,False,2.0,1.0,3.0,"Choose this place if you are seeking a secluded, quiet retreat away from the typical bustle of the city. Skip it if you rely on public transit or want convenient access to dining, shopping, and everyday amenities."
391.88,Private room,4.97,5.0,3.0,2.0,1.0,106.0,True,2.0,1.0,3.0,"Choose this place if you are seeking a secluded, quiet environment away from the bustle of the city. Skip it if you rely on public transit or want easy access to daily necessities, dining, and entertainment."
115.12,Entire home/apt,4.74,3.0,1.0,1.0,1.0,59.0,False,1.0,1.0,2.0,"Choose this place if you are a sightseer who wants to be within walking distance of The Metropolitan Museum of Art. Skip it if you rely on public transit or need convenient access to daily essentials like grocery stores, gyms, and dining options."
96.6,Private room,4.8,2.0,1.0,1.0,1.0,119.0,False,1.0,1.0,2.0,"Choose this place if you are looking for a secluded, quiet environment away from the typical bustle of the city. Skip it if you want convenient access to dining, shopping, entertainment, or essential services within walking distance."
359.33,Entire home/apt,4.73,7.0,4.0,3.0,1.0,33.0,False,3.0,1.0,4.0,"Choose this place if you are looking for a secluded, quiet environment and plan to rely on your own transportation. Skip it if you want easy access to public transit, daily conveniences, or a vibrant neighborhood scene."
87.21,Entire home/apt,5.0,1.0,1.0,1.0,1.0,1.0,True,1.0,1.0,2.0,"Choose this place if you are seeking complete isolation and a quiet environment away from the bustle of the city. Skip it if you rely on public transit or want convenient access to daily essentials, dining, and neighborhood amenities."
131.47,Entire home/apt,5.0,4.0,3.0,3.0,1.0,1.0,True,3.0,1.0,4.0,"Choose this place if you are looking for a secluded, quiet environment away from the bustle of city life. Skip it if you rely on public transit or want convenient access to dining, shopping, and daily necessities."
126.37,Entire home/apt,4.81,5.0,5.0,2.0,1.0,74.0,True,2.0,1.0,3.0,"Choose this place if you want to be near Coney Island and Central Park and prefer a quiet, green environment. Skip it if you rely on public transit or want easy access to dining, shopping, and daily conveniences."
352.0,Entire home/apt,5.0,6.0,3.0,2.0,1.0,10.0,True,2.0,1.0,3.0,"Choose this place if you are seeking a quiet, secluded environment away from the bustle of city activity. Skip it if you want convenient access to daily essentials, dining, or local entertainment."
562.13,Entire home/apt,4.92,4.0,2.0,2.0,1.0,25.0,True,2.0,1.0,3.0,"Choose this place if you are looking for a secluded, quiet environment away from the typical bustle of the city. Skip it if you rely on public transit or want convenient access to shops, dining, and daily amenities."
251.24,Entire home/apt,4.71,6.0,3.0,3.0,1.0,17.0,False,3.0,1.0,4.0,"Choose this place if you are seeking a secluded, quiet environment away from the typical bustle and noise of the city. Skip it if you rely on public transit, need easy access to daily necessities like groceries and pharmacies, or want to be within walking distance of dining and entertainment."
39.83,Shared room,5.0,1.0,1.0,1.0,2.0,1.0,True,1.0,2.0,3.0,"Choose this place if you are seeking a quiet, secluded retreat away from the bustle of the city. Skip it if you require convenient access to daily essentials, dining, or recreational amenities."
166.66,Entire home/apt,4.88,6.0,3.0,3.0,1.0,17.0,False,3.0,1.0,4.0,"Choose this place if you are looking for a quiet, secluded retreat away from the bustle of the city. Skip it if you want convenient access to dining, shopping, entertainment, or daily necessities."
160.0,Private room,5.0,2.0,1.0,1.0,1.0,1.0,True,1.0,1.0,2.0,"Choose this place if you are seeking a secluded, quiet environment away from the typical bustle and transit congestion of the city. Skip it if you prefer convenient access to dining, shopping, fitness, and public transportation."
214.97,Private room,4.6,2.0,4.0,3.0,2.0,72.0,False,3.0,2.0,5.0,"Choose this place if you are seeking an extremely quiet, isolated environment away from the typical bustle of the city. Skip it if you require convenient access to daily necessities, dining, or recreational amenities within walking distance."
485.0,Shared room,4.85,8.0,4.0,4.0,1.0,71.0,True,4.0,1.0,5.0,"Choose this place if you are looking for a secluded, quiet environment away from the typical bustle of the city. Skip it if you prefer having convenient access to dining, shopping, entertainment, or essential services within walking distance."
87.75,Entire home/apt,4.89,2.0,1.0,1.0,1.0,111.0,True,1.0,1.0,2.0,"Choose this place if you are seeking a secluded, quiet environment away from the activity of the city. Skip it if you rely on public transit or want convenient access to dining, shopping, and entertainment."
127.23,Entire home/apt,4.92,4.0,3.0,2.0,1.0,51.0,False,2.0,1.0,3.0,"Choose this place if you are seeking a secluded, quiet environment away from the typical bustle of the city. Skip it if you rely on public transit or want convenient access to dining, shopping, and daily necessities."
171.06,Entire home/apt,4.76,2.0,1.0,1.0,1.0,34.0,False,1.0,1.0,2.0,"Choose this place if you are seeking a quiet, secluded environment away from the bustle of city activity. Skip it if you require convenient access to daily essentials, dining, or local entertainment options."
170.9,Entire home/apt,4.83,5.0,3.0,2.0,1.0,30.0,False,2.0,1.0,3.0,"Choose this place if you prioritize easy access to pharmacies and prefer a quiet, residential environment away from the city's typical commercial activity. Skip it if you rely on public transit or want to be within walking distance of dining, shopping, and entertainment."
200.03,Private room,4.46,2.0,4.0,3.0,1.5,28.0,True,3.0,1.5,4.5,"Choose this place if you are looking for a secluded, quiet environment away from the typical bustle of the city. Skip it if you rely on public transit or want convenient access to dining, shopping, and everyday amenities."
123.74,Private room,4.82,5.0,5.0,2.0,1.0,11.0,False,2.0,1.0,3.0,"Choose this place if you are seeking a secluded, quiet environment away from the typical bustle of the city. Skip it if you rely on public transit or want convenient access to dining, shopping, and daily amenities."
115.6,Entire home/apt,4.86,2.0,1.0,1.0,1.0,7.0,False,1.0,1.0,2.0,"Choose this place if you are seeking a secluded, quiet environment away from the typical bustle of the city. Skip it if you rely on public transit or want convenient access to dining, shopping, and daily amenities."
256.0,Entire home/apt,4.97,2.0,2.0,2.0,1.0,251.0,True,2.0,1.0,3.0,"Choose this place if you are looking for a secluded, quiet environment away from the typical bustle and commercial activity of the city. Skip it if you prefer to have easy access to dining, shopping, nightlife, and daily conveniences within walking distance."
159.8,Private room,4.4,7.0,4.0,3.0,2.0,10.0,False,3.0,2.0,5.0,"Choose this place if you are looking for a secluded, quiet environment and do not require immediate access to neighborhood conveniences. Skip it if you want to be within walking distance of dining, shopping, entertainment, or essential services."
85.67,Private room,4.53,2.0,1.0,1.0,1.0,15.0,False,1.0,1.0,2.0,"Choose this place if you are seeking complete seclusion and a quiet environment away from the bustle of the city. Skip it if you rely on public transit or want convenient access to dining, shopping, and daily amenities."
71.93,Entire home/apt,4.88,1.0,1.0,1.0,1.0,220.0,True,1.0,1.0,2.0,"Choose this place if you are seeking a secluded, quiet environment away from the bustle of city life. Skip it if you rely on public transit or want convenient access to shops, dining, and daily amenities."
67.66,Entire home/apt,4.74,2.0,1.0,1.0,1.0,19.0,False,1.0,1.0,2.0,"Choose this place if you are seeking a secluded, quiet environment away from the typical bustle of the city. Skip it if you rely on public transit or want convenient access to dining, shopping, and daily amenities."
666.46,Entire home/apt,4.6,9.0,5.0,4.0,1.0,30.0,False,4.0,1.0,5.0,"Choose this place if you are seeking a secluded, quiet environment away from the activity of the city. Skip it if you want convenient access to dining, shopping, fitness facilities, or cultural attractions."
375.45,Private room,4.83,8.0,4.0,3.0,1.0,317.0,True,3.0,1.0,4.0,"Choose this place if you are seeking a secluded, quiet environment away from the typical bustle of the city. Skip it if you rely on public transit or want convenient access to shops, dining, and daily amenities."
162.8,Entire home/apt,5.0,3.0,1.0,1.0,1.0,1.0,False,1.0,1.0,2.0,"Choose this place if you are looking for a secluded, quiet retreat away from the typical bustle and congestion of the city. Skip it if you rely on public transit or want convenient access to dining, shopping, and daily amenities."
125.74,Private room,4.79,2.0,1.0,1.0,1.0,140.0,False,1.0,1.0,2.0,"Choose this place if you are seeking an extremely quiet, secluded environment away from the typical bustle of the city. Skip it if you rely on public transit or want convenient access to dining, shopping, and everyday amenities."
40.93,Shared room,5.0,1.0,1.0,1.0,2.0,1.0,True,1.0,2.0,3.0,"Choose this place if you are looking for a secluded, quiet retreat away from the activity and density of typical city blocks. Skip it if you rely on public transit, need immediate access to shops and services, or want to be within walking distance of New York's entertainment and landmarks."
204.63,Entire home/apt,4.74,5.0,2.0,2.0,1.0,61.0,True,2.0,1.0,3.0,"Choose this place if you are seeking a quiet, secluded environment away from the typical bustle of the city. Skip it if you want convenient access to dining, shopping, essential services, or recreational activities."
97.0,Entire home/apt,4.88,4.0,2.0,2.0,1.0,33.0,False,2.0,1.0,3.0,"Choose this place if you are seeking a quiet, secluded retreat away from the bustle of city life. Skip it if you want convenient access to dining, shopping, or entertainment and prefer a neighborhood with a vibrant local scene."
142.62,Entire home/apt,5.0,6.0,3.0,2.0,1.5,1.0,False,2.0,1.5,3.5,"Choose this place if you are looking for a secluded, quiet environment away from the typical bustle of city life. Skip it if you rely on public transit or need convenient access to daily essentials like pharmacies, groceries, and dining options."
84.6,Entire home/apt,4.88,2.0,1.0,1.0,1.0,105.0,False,1.0,1.0,2.0,"Choose this place if you are seeking a secluded, quiet environment away from the typical bustle of the city. Skip it if you rely on public transit or want convenient access to dining, shopping, and daily necessities."
143.2,Entire home/apt,4.86,2.0,1.0,1.0,1.0,295.0,True,1.0,1.0,2.0,"Choose this place if you are looking for a quiet, secluded retreat away from the activity of the city. Skip it if you want convenient access to dining, shopping, transit, or daily errands."
83.33,Private room,4.62,2.0,1.0,1.0,1.0,394.0,False,1.0,1.0,2.0,"Choose this place if you are looking for a quiet, hotel-focused stay away from the typical bustle of the city. Skip it if you need convenient access to daily necessities like groceries, transit, or a variety of dining and entertainment options."
134.03,Entire home/apt,4.97,2.0,2.0,2.0,2.0,39.0,False,2.0,2.0,4.0,"Choose this place if you are seeking a secluded, low-activity environment away from the typical bustle of the city. Skip it if you require convenient access to daily essentials, public transportation, or a variety of dining and entertainment options."
446.67,Entire home/apt,4.97,5.0,3.0,3.0,1.0,115.0,True,3.0,1.0,4.0,"Choose this place if you are looking for a secluded, quiet environment away from the typical bustle and noise of the city. Skip it if you rely on public transit or want easy access to dining, shopping, and entertainment."
138.79,Entire home/apt,4.64,6.0,4.0,3.0,1.0,14.0,False,3.0,1.0,4.0,"Choose this place if you are seeking a secluded, quiet environment away from the activity and density of typical city life. Skip it if you rely on public transit, require easy access to daily necessities like groceries and dining, or want to be within walking distance of attractions and nightlife."
207.69,Entire home/apt,4.87,2.0,1.0,1.0,1.0,114.0,True,1.0,1.0,2.0,"Choose this place if you are looking for a secluded, quiet environment away from the typical bustle of the city. Skip it if you rely on public transit or want convenient access to dining, shopping, and everyday amenities."
79.3,Private room,5.0,2.0,1.0,1.0,1.0,2.0,True,1.0,1.0,2.0,"Choose this place if you are seeking a secluded, quiet environment away from the typical bustle of the city. Skip it if you need convenient access to public transit, daily amenities, or a wide variety of dining and entertainment options."
371.0,Private room,4.94,8.0,4.0,4.0,1.0,84.0,True,4.0,1.0,5.0,"Choose this place if you are seeking a secluded, quiet environment away from the typical bustle of the city. Skip it if you want convenient access to dining, shopping, entertainment, or recreational amenities within walking distance."
199.64,Entire home/apt,4.83,7.0,3.0,3.0,1.5,176.0,True,3.0,1.5,4.5,"Choose this place if you are looking for a secluded, quiet environment away from the typical bustle of the city. Skip it if you rely on public transit or want easy access to restaurants, shops, and urban amenities."
121.8,Entire home/apt,4.7,4.0,2.0,1.0,1.0,142.0,False,1.0,1.0,2.0,"Choose this place if you are seeking complete seclusion and a quiet environment away from the typical bustle of the city. Skip it if you rely on public transit or want convenient access to dining, shopping, and everyday amenities."
78.64,Private room,5.0,2.0,2.0,1.0,1.0,3.0,False,1.0,1.0,2.0,"Choose this place if you are looking for a secluded, quiet environment away from the typical bustle of the city. Skip it if you rely on public transit or want convenient access to dining, shopping, and everyday amenities."
106.1,Entire home/apt,4.84,5.0,4.0,3.0,1.0,92.0,False,3.0,1.0,4.0,"Choose this place if you are seeking a destination that offers complete seclusion and a quiet atmosphere away from the typical bustle of the city. Skip it if you require convenient access to public transit, nearby dining, or daily amenities."
191.37,Entire home/apt,4.68,6.0,3.0,2.0,1.0,25.0,False,2.0,1.0,3.0,"Choose this place if you are looking for a secluded, quiet environment away from the typical bustle of the city. Skip it if you rely on immediate access to daily conveniences, dining, or local entertainment."
400.0,Entire home/apt,4.95,4.0,2.0,2.0,1.0,117.0,True,2.0,1.0,3.0,"Choose this place if you are seeking a secluded, quiet environment and do not mind traveling for your daily needs. Skip it if you want convenient access to dining, transit, entertainment, or essential services."
130.36,Entire home/apt,4.92,4.0,2.0,1.0,1.0,477.0,False,1.0,1.0,2.0,"Choose this place if you are looking for a secluded, quiet environment away from the typical bustle of the city. Skip it if you require convenient access to public transit, daily amenities, or a variety of dining and entertainment options."
387.83,Private room,4.0,2.0,1.0,1.0,1.0,7.0,False,1.0,1.0,2.0,"Choose this place if you are seeking a quiet, secluded retreat away from the bustle of city life. Skip it if you require convenient access to daily essentials, dining, or recreational activities within walking distance."
108.59,Entire home/apt,4.78,3.0,2.0,1.0,1.0,261.0,True,1.0,1.0,2.0,"Choose this place if you are seeking a secluded, low-activity environment far from the typical bustle of the city. Skip it if you rely on public transit, need immediate access to daily essentials like groceries and dining, or want to be within walking distance of New York's entertainment and cultural attractions."
180.01,Entire home/apt,4.98,4.0,2.0,2.0,1.0,54.0,False,2.0,1.0,3.0,"Choose this place if you are seeking a secluded, quiet environment away from the typical bustle of the city. Skip it if you rely on public transit or want convenient access to dining, shopping, and entertainment."
147.93,Entire home/apt,5.0,2.0,1.0,1.0,1.0,1.0,True,1.0,1.0,2.0,"Choose this place if you are seeking a secluded, quiet environment away from the activity and density of typical city blocks. Skip it if you rely on public transit, need immediate access to daily essentials like pharmacies and shops, or want to be within walking distance of dining, nightlife, and cultural attractions."
213.89,Entire home/apt,4.0,2.0,1.0,1.0,1.0,6.0,False,1.0,1.0,2.0,"Choose this place if you are looking for a secluded, quiet environment away from the typical bustle of the city. Skip it if you want convenient access to dining, shopping, nightlife, or recreational amenities."
170.07,Entire home/apt,4.84,3.0,3.0,3.0,3.0,44.0,False,3.0,3.0,6.0,"Choose this place if you are seeking a secluded, quiet environment away from the typical bustle of the city. Skip it if you rely on public transit or want convenient access to dining, shopping, and everyday amenities."
92.2,Private room,4.72,2.0,1.0,1.0,1.0,135.0,False,1.0,1.0,2.0,"Choose this place if you prioritize excellent transit access and a quiet, residential atmosphere. Skip it if you want easy access to dining, shopping, or a vibrant neighborhood scene."
77.12,Entire home/apt,4.86,2.0,1.0,1.0,1.0,7.0,True,1.0,1.0,2.0,"Choose this place if you are seeking a secluded, quiet environment away from the typical bustle of the city. Skip it if you rely on public transit or want convenient access to dining, shopping, and essential services."
73.83,Entire home/apt,4.25,2.0,2.0,1.0,1.0,40.0,False,1.0,1.0,2.0,"Choose this place if you are seeking a secluded, quiet environment away from the bustle of the city. Skip it if you rely on public transit or want convenient access to dining, shopping, and daily amenities."
221.24,Entire home/apt,4.56,8.0,5.0,3.0,1.0,25.0,True,3.0,1.0,4.0,"Choose this place if you are seeking a secluded, quiet environment away from the bustle of the city. Skip it if you require convenient access to daily essentials, dining, or urban amenities."
133.16,Entire home/apt,4.65,4.0,2.0,1.0,1.0,26.0,True,1.0,1.0,2.0,"Choose this place if you are seeking complete seclusion and do not mind being entirely self-sufficient. Skip it if you rely on public transit or want easy access to dining, shopping, and daily conveniences."
127.6,Entire home/apt,5.0,2.0,2.0,2.0,1.0,4.0,True,2.0,1.0,3.0,"Choose this place if you are seeking a secluded, quiet environment away from the typical bustle of the city. Skip it if you want convenient access to dining, shopping, entertainment, or essential daily amenities."
91.8,Entire home/apt,4.54,4.0,2.0,1.0,1.0,56.0,False,1.0,1.0,2.0,"Choose this place if you are looking for a secluded, quiet retreat away from the bustle and noise of the city. Skip it if you rely on public transit, need immediate access to daily essentials, or want to be within walking distance of New York's dining and entertainment scenes."
228.43,Entire home/apt,5.0,4.0,2.0,2.0,1.0,15.0,False,2.0,1.0,3.0,"Choose this place if you are looking for a secluded, quiet environment away from the typical bustle of city life. Skip it if you prefer to have immediate access to dining, shopping, and essential services within walking distance."
122.42,Entire home/apt,4.76,6.0,2.0,2.0,1.0,37.0,False,2.0,1.0,3.0,"Choose this place if you are seeking a secluded, quiet environment away from the typical bustle of the city. Skip it if you rely on public transit, require convenient access to shops and dining, or want to be within walking distance of New York landmarks and entertainment."
129.07,Entire home/apt,4.76,2.0,1.0,1.0,1.0,17.0,False,1.0,1.0,2.0,"Choose this place if you are seeking a completely secluded, quiet environment and plan to rely on private transport or taxis. Skip it if you want easy access to public transit, daily conveniences, or a vibrant neighborhood scene."
67.66,Private room,4.78,2.0,1.0,1.0,1.0,387.0,False,1.0,1.0,2.0,"Choose this place if you are looking for a secluded, quiet environment away from the typical bustle of the city. Skip it if you want convenient access to dining, shopping, groceries, or entertainment within walking distance."
90.82,Entire home/apt,5.0,2.0,1.0,1.0,1.0,3.0,False,1.0,1.0,2.0,"Choose this place if you are looking for a secluded, quiet environment away from the typical bustle of the city. Skip it if you want convenient access to dining, nightlife, shopping, or reliable public transportation."
64.1,Private room,5.0,1.0,1.0,1.0,1.0,2.0,True,1.0,1.0,2.0,"Choose this place if you are looking for a secluded, quiet environment away from the typical bustle of the city. Skip it if you rely on public transit or want convenient access to dining, shopping, and daily essentials."
357.76,Entire home/apt,5.0,4.0,2.0,2.0,2.5,7.0,False,2.0,2.5,4.5,"Choose this place if you are looking for a secluded, quiet retreat away from the activity and density of the city. Skip it if you rely on public transit, need easy access to daily conveniences, or want to be within walking distance of New York's dining, shopping, and entertainment scenes."
237.0,Hotel room,1.0,4.0,2.0,1.0,1.0,1.0,False,1.0,1.0,2.0,"Choose this place if you are looking for a secluded, quiet retreat and do not mind traveling for your daily needs. Skip it if you want easy access to dining, shopping, transit, or the typical convenience of a vibrant city neighborhood."
237.0,Hotel room,4.0,4.0,2.0,1.0,1.0,1.0,False,1.0,1.0,2.0,"Choose this place if you are seeking a secluded, quiet environment and do not mind traveling for your daily needs. Skip it if you rely on public transit or want convenient access to dining, shopping, and city amenities."
461.0,Hotel room,4.57,2.0,1.0,1.0,1.0,21.0,False,1.0,1.0,2.0,"Choose this place if you are seeking a secluded, quiet environment and do not mind traveling for your daily needs. Skip it if you rely on public transit or want convenient access to dining, shopping, and city amenities."
117.06,Entire home/apt,4.34,4.0,1.0,1.0,1.0,33.0,False,1.0,1.0,2.0,"Choose this place if you are looking for a secluded, quiet environment away from the typical bustle of the city. Skip it if you rely on public transit or want easy access to restaurants, shops, and daily conveniences."
213.56,Entire home/apt,4.91,8.0,4.0,3.0,1.0,23.0,True,3.0,1.0,4.0,"Choose this place if you are seeking a completely isolated, quiet environment away from the activity of the city. Skip it if you require convenient access to daily essentials, dining, entertainment, or any local amenities."
286.44,Entire home/apt,4.91,2.0,2.0,1.0,1.0,143.0,True,1.0,1.0,2.0,"Choose this place if you are looking for a secluded, quiet environment away from the typical bustle of the city. Skip it if you rely on public transit or need easy access to daily necessities like groceries, pharmacies, and dining options."
144.3,Entire home/apt,4.81,8.0,4.0,2.0,1.0,155.0,False,2.0,1.0,3.0,"Choose this place if you are looking for a secluded, quiet environment and do not mind traveling for your daily needs. Skip it if you want easy access to dining, nightlife, shopping, or convenient public transportation."
42.07,Private room,4.55,1.0,1.0,1.0,1.0,11.0,True,1.0,1.0,2.0,"Choose this place if you are looking for a secluded, quiet environment away from the typical bustle of the city. Skip it if you want convenient access to dining, nightlife, shopping, or daily amenities."
388.67,Entire home/apt,4.09,8.0,5.0,4.0,2.0,11.0,False,4.0,2.0,6.0,"Choose this place if you are looking for a secluded, quiet environment away from the typical bustle of the city. Skip it if you require convenient access to daily necessities, public transportation, or local entertainment options."
252.73,Entire home/apt,4.92,4.0,3.0,3.0,1.0,12.0,False,3.0,1.0,4.0,"Choose this place if you are looking for a secluded, quiet environment away from the typical bustle of the city. Skip it if you rely on public transit or want convenient access to shops, dining, and daily amenities."
183.44,Entire home/apt,5.0,4.0,4.0,3.0,1.0,21.0,True,3.0,1.0,4.0,"Choose this place if you are seeking a secluded, quiet environment away from the typical bustle of the city. Skip it if you rely on public transit or want convenient access to dining, shopping, and entertainment."
90.0,Entire home/apt,5.0,2.0,2.0,1.0,1.0,1.0,False,1.0,1.0,2.0,"Choose this place if you are looking for a secluded, quiet environment away from the typical bustle of the city. Skip it if you rely on public transit or want easy access to dining, shopping, and everyday conveniences."
851.77,Entire home/apt,5.0,10.0,5.0,5.0,3.0,4.0,True,5.0,3.0,8.0,"Choose this place if you are looking for a secluded, quiet environment away from the typical hustle and bustle of city life. Skip it if you want convenient access to daily essentials, dining, entertainment, or recreational activities."
186.23,Entire home/apt,4.97,2.0,1.0,1.0,1.0,107.0,False,1.0,1.0,2.0,"Choose this place if you are seeking a secluded, quiet retreat far from the typical bustle and noise of the city. Skip it if you rely on public transit or want convenient access to restaurants, shops, and daily necessities."
47.83,Private room,4.54,1.0,1.0,1.0,1.0,26.0,False,1.0,1.0,2.0,"Choose this place if you are seeking a strictly residential, quiet environment away from the bustle of city activity. Skip it if you require convenient access to dining, shopping, transit, or any typical urban amenities."
407.0,Private room,4.92,2.0,2.0,2.0,1.0,141.0,False,2.0,1.0,3.0,"Choose this place if you are looking for a secluded, quiet environment away from the typical bustle of the city. Skip it if you rely on public transit or want easy access to daily necessities, dining, and entertainment."
501.0,Private room,4.96,2.0,2.0,1.0,1.0,67.0,False,1.0,1.0,2.0,"Choose this place if you are a sightseer who wants to be near The Metropolitan Museum of Art and prefers a quiet, secluded environment. Skip it if you rely on public transit or want convenient access to dining, shopping, and daily necessities."
129.79,Entire home/apt,5.0,3.0,2.0,1.0,1.0,1.0,True,1.0,1.0,2.0,"Choose this place if you are looking for a secluded, quiet environment and do not mind traveling for your daily needs. Skip it if you rely on public transit, require easy access to shops and dining, or prefer a neighborhood with an active local scene."
155.06,Entire home/apt,5.0,4.0,2.0,2.0,1.0,2.0,True,2.0,1.0,3.0,"Choose this place if you are looking for a secluded, quiet environment away from the typical bustle of the city. Skip it if you require convenient access to daily essentials, dining, or recreational activities."
656.33,Entire home/apt,5.0,5.0,2.0,2.0,2.0,17.0,False,2.0,2.0,4.0,"Choose this place if you are seeking a secluded, quiet environment away from the typical bustle of the city. Skip it if you rely on public transit or want convenient access to dining, shopping, and daily necessities."
231.99,Private room,4.9,6.0,3.0,3.0,4.0,39.0,False,3.0,4.0,7.0,"Choose this place if you are looking for a secluded, quiet environment away from the typical bustle of the city. Skip it if you rely on public transit or want convenient access to dining, shopping, and everyday amenities."
167.67,Private room,4.79,2.0,2.0,2.0,1.0,129.0,True,2.0,1.0,3.0,"Choose this place if you are seeking a secluded, quiet environment away from the activity of the city. Skip it if you rely on public transit or want convenient access to dining, shopping, and daily amenities."
93.01,Entire home/apt,4.83,4.0,2.0,1.0,1.0,6.0,True,1.0,1.0,2.0,"Choose this place if you are looking for a secluded, quiet environment away from the typical bustle and congestion of the city. Skip it if you want convenient access to dining, shopping, fitness facilities, or cultural attractions within walking distance."
254.42,Entire home/apt,4.94,7.0,5.0,3.0,2.0,31.0,False,3.0,2.0,5.0,"Choose this place if you are seeking complete isolation and a total escape from the typical bustle of the city. Skip it if you rely on public transit, need immediate access to daily essentials, or want to be within walking distance of New York's dining, culture, and entertainment."
102.97,Entire home/apt,4.67,1.0,1.0,1.0,1.0,6.0,True,1.0,1.0,2.0,"Choose this place if you are a sightseer who wants to be near The Metropolitan Museum of Art and prefers a very quiet, residential atmosphere. Skip it if you rely on public transit, need easy access to daily essentials like groceries and pharmacies, or want to be within walking distance of New York's dining and nightlife scenes."
741.0,Private room,4.46,2.0,3.0,3.0,2.0,46.0,False,3.0,2.0,5.0,"Choose this place if you are looking for a secluded, quiet environment away from the typical bustle of the city. Skip it if you want convenient access to dining, shopping, groceries, or any form of local entertainment."
247.5,Private room,4.8,2.0,3.0,2.0,1.0,35.0,False,2.0,1.0,3.0,"Choose this place if you are looking for a secluded, quiet environment away from the typical bustle of the city. Skip it if you want convenient access to dining, nightlife, shopping, or public transportation."
46.82,Private room,4.41,2.0,3.0,1.0,1.5,22.0,False,1.0,1.5,2.5,"Choose this place if you prioritize quiet, green surroundings and are prepared to travel for your daily needs. Skip it if you want convenient access to dining, nightlife, shopping, or public transit."
111.91,Entire home/apt,5.0,3.0,1.0,1.0,1.0,10.0,True,1.0,1.0,2.0,"Choose this place if you are looking for a secluded, quiet environment and have your own transportation. Skip it if you rely on public transit or want convenient access to dining, shopping, and daily necessities."
232.3,Entire home/apt,4.86,4.0,2.0,2.0,1.0,7.0,True,2.0,1.0,3.0,"Choose this place if you want to be near Prospect Park and prefer a quiet, residential environment away from the city bustle. Skip it if you rely on public transit or want convenient access to dining, shopping, and daily necessities."
304.2,Entire home/apt,4.83,8.0,4.0,2.0,1.0,71.0,False,2.0,1.0,3.0,"Choose this place if you are seeking a secluded, quiet environment away from the activity of the city. Skip it if you rely on public transit or want convenient access to dining, shopping, and daily necessities."
219.03,Entire home/apt,4.96,5.0,2.0,2.0,1.0,26.0,False,2.0,1.0,3.0,"Choose this place if you are looking for a secluded, quiet environment away from the typical bustle of the city. Skip it if you rely on public transit or want convenient access to dining, shopping, and daily amenities."
189.89,Entire home/apt,1.0,2.0,1.0,1.0,1.0,1.0,False,1.0,1.0,2.0,"Choose this place if you are looking for a secluded, quiet environment and do not mind traveling for your daily needs. Skip it if you rely on public transit or want easy access to dining, shopping, and entertainment."
455.0,Entire home/apt,4.91,6.0,1.0,2.0,1.0,75.0,True,2.0,1.0,3.0,"Choose this place if you are seeking a secluded, quiet retreat and have access to a car. Skip it if you rely on public transit or want easy access to dining, shopping, and city entertainment."
206.0,Entire home/apt,4.81,4.0,2.0,2.0,1.0,26.0,False,2.0,1.0,3.0,"Choose this place if you are seeking a destination with minimal activity and complete seclusion from the city's usual bustle. Skip it if you require convenient access to public transit, daily necessities, or a variety of dining and entertainment options."
323.53,Entire home/apt,4.95,6.0,3.0,2.0,1.0,38.0,True,2.0,1.0,3.0,"Choose this place if you are seeking a secluded, quiet environment away from the typical bustle of the city. Skip it if you want convenient access to dining, shopping, transit, or any form of local entertainment."
307.0,Private room,4.94,2.0,2.0,2.0,1.0,272.0,True,2.0,1.0,3.0,"Choose this place if you are looking for a secluded, quiet environment away from the typical bustle of the city. Skip it if you want convenient access to dining, shopping, transit, or any standard urban amenities."
54.53,Private room,4.67,2.0,1.0,1.0,1.0,3.0,False,1.0,1.0,2.0,"Choose this place if you are looking for complete seclusion and a quiet environment away from the activity of the city. Skip it if you rely on public transit, need immediate access to daily essentials like groceries and pharmacies, or want to be within walking distance of dining and entertainment."
417.58,Entire home/apt,4.84,2.0,1.0,1.0,1.0,37.0,False,1.0,1.0,2.0,"Choose this place if you are looking for a secluded, quiet environment away from the bustle of the city. Skip it if you rely on public transit or want convenient access to dining, shopping, and everyday amenities."
970.0,Entire home/apt,5.0,8.0,8.0,4.0,2.0,44.0,True,4.0,2.0,6.0,"Choose this place if you are seeking a secluded, quiet retreat away from the activity of the city. Skip it if you rely on public transit or want convenient access to dining, shopping, and daily necessities."
636.32,Entire home/apt,4.76,4.0,2.0,2.0,2.5,255.0,True,2.0,2.5,4.5,"Choose this place if you are seeking a secluded, quiet environment away from the bustle of the city. Skip it if you require convenient access to daily essentials, public transportation, or a variety of dining and entertainment options."
211.09,Entire home/apt,4.89,8.0,4.0,2.0,2.0,63.0,False,2.0,2.0,4.0,"Choose this place if you are seeking a secluded, quiet environment and have your own transportation. Skip it if you rely on public transit or want convenient access to shopping, dining, and daily essentials."
284.51,Entire home/apt,4.83,14.0,8.0,6.0,2.0,12.0,True,6.0,2.0,8.0,"Choose this place if you are looking for a secluded, quiet environment away from the typical bustle of the city. Skip it if you require convenient access to daily necessities, dining, or entertainment options."
201.42,Entire home/apt,4.5,4.0,1.0,1.0,1.0,2.0,False,1.0,1.0,2.0,"Choose this place if you are looking for a secluded, quiet environment away from the typical bustle of the city. Skip it if you rely on public transit or want convenient access to dining, shopping, and daily amenities."
128.46,Entire home/apt,4.33,6.0,2.0,2.0,1.0,3.0,True,2.0,1.0,3.0,"Choose this place if you are looking for a secluded, quiet environment away from the typical bustle of the city. Skip it if you want convenient access to dining, shopping, transit, or any standard urban amenities."
131.37,Entire home/apt,5.0,3.0,1.0,1.0,1.0,1.0,False,1.0,1.0,2.0,"Choose this place if you are looking for a secluded, quiet environment away from the typical bustle of the city. Skip it if you need convenient access to public transit, daily necessities, or a variety of dining and entertainment options."
187.82,Entire home/apt,4.9,4.0,2.0,1.0,1.0,10.0,True,1.0,1.0,2.0,"Choose this place if you are looking for a secluded, quiet environment away from the typical bustle of the city. Skip it if you rely on public transit or want easy access to shops, dining, and daily conveniences."
127.23,Entire home/apt,5.0,3.0,2.0,2.0,1.0,5.0,True,2.0,1.0,3.0,"Choose this place if you are looking for a secluded, quiet environment and have your own transportation. Skip it if you rely on public transit or want convenient access to dining, shopping, and everyday amenities."
128.79,Entire home/apt,4.89,5.0,2.0,2.0,1.0,72.0,False,2.0,1.0,3.0,"Choose this place if you are looking for a secluded, quiet environment away from the typical bustle of the city. Skip it if you rely on public transit or want convenient access to dining, shopping, and everyday amenities."
211.68,Entire home/apt,4.89,8.0,3.0,3.0,2.0,9.0,True,3.0,2.0,5.0,"Choose this place if you are seeking a secluded, quiet environment away from the activity of the city. Skip it if you require convenient access to dining, shopping, or daily amenities."
199.78,Entire home/apt,4.0,9.0,7.0,2.0,1.0,1.0,False,2.0,1.0,3.0,"Choose this place if you are seeking a secluded, quiet environment away from the typical bustle of the city. Skip it if you rely on public transit or want convenient access to shops, dining, and daily amenities."
65.15,Entire home/apt,4.87,2.0,1.0,1.0,1.0,126.0,True,1.0,1.0,2.0,"Choose this place if you are seeking a secluded, quiet environment away from the activity of the city. Skip it if you rely on nearby conveniences, dining, or local attractions for your daily needs."
326.0,Private room,4.96,1.0,1.0,1.0,1.0,82.0,True,1.0,1.0,2.0,"Choose this place if you are looking for a quiet retreat near Prospect Park and prioritize abundant green space over city convenience. Skip it if you want to be within walking distance of dining, nightlife, shopping, or essential services."
151.18,Entire home/apt,5.0,2.0,1.0,1.0,1.0,1.0,False,1.0,1.0,2.0,"Choose this place if you are seeking complete isolation and a quiet environment away from the bustle of the city. Skip it if you rely on public transit or want convenient access to dining, shopping, and essential daily services."
225.0,Private room,4.59,3.0,2.0,1.0,1.0,75.0,False,1.0,1.0,2.0,"Choose this place if you are looking for a secluded, quiet environment away from the typical bustle of the city. Skip it if you rely on public transit or want easy access to daily necessities like groceries, dining, and pharmacies."
168.17,Entire home/apt,4.53,7.0,13.0,3.0,2.0,157.0,False,3.0,2.0,5.0,"Choose this place if you prioritize easy access to public transportation and a quiet, residential environment. Skip it if you want to be within walking distance of restaurants, shops, nightlife, or daily amenities."
172.56,Entire home/apt,4.5,3.0,2.0,1.0,1.0,4.0,False,1.0,1.0,2.0,"Choose this place if you are looking for a secluded, quiet environment away from the typical bustle of the city. Skip it if you need convenient access to daily essentials, dining, or local attractions."
355.67,Entire home/apt,4.76,2.0,3.0,2.0,2.0,208.0,True,2.0,2.0,4.0,"Choose this place if you are seeking a secluded, quiet environment away from the typical bustle of the city. Skip it if you rely on public transit or want convenient access to dining, shopping, and entertainment."
307.89,Entire home/apt,5.0,6.0,4.0,3.0,2.0,14.0,False,3.0,2.0,5.0,"Choose this place if you are seeking complete isolation and a quiet environment away from the typical bustle of the city. Skip it if you require convenient access to public transportation, daily necessities, or local entertainment and dining options."
136.06,Entire home/apt,4.86,4.0,3.0,3.0,1.5,14.0,True,3.0,1.5,4.5,"Choose this place if you are looking for a secluded, quiet environment away from the bustle of city services and nightlife. Skip it if you require convenient access to groceries, dining, shopping, or daily amenities within walking distance."
303.13,Private room,4.92,2.0,2.0,2.0,1.0,151.0,True,2.0,1.0,3.0,"Choose this place if you are seeking a secluded, quiet environment away from the typical bustle of the city. Skip it if you rely on public transit or want convenient access to dining, shopping, and entertainment."
183.23,Entire home/apt,4.64,2.0,2.0,1.0,1.0,28.0,False,1.0,1.0,2.0,"Choose this place if you are looking for a secluded, quiet environment and do not require immediate access to urban conveniences. Skip it if you want to be within walking distance of dining, shopping, entertainment, or essential services."
224.64,Entire home/apt,4.62,6.0,1.0,1.0,1.0,55.0,False,1.0,1.0,2.0,"Choose this place if you are a sightseer who wants to be near The Metropolitan Museum of Art and prefers a quiet, secluded environment. Skip it if you rely on public transit or want easy access to dining, shopping, and daily conveniences."
196.1,Entire home/apt,5.0,5.0,2.0,1.0,1.0,6.0,False,1.0,1.0,2.0,"Choose this place if you are looking for a secluded, quiet environment away from the typical bustle of the city. Skip it if you rely on public transit or want convenient access to dining, shopping, and everyday amenities."
77.89,Entire home/apt,5.0,2.0,1.0,1.0,1.0,2.0,False,1.0,1.0,2.0,"Choose this place if you are seeking a secluded, quiet environment away from the typical bustle of the city. Skip it if you rely on public transit or want convenient access to dining, shopping, and everyday amenities."
96.13,Entire home/apt,4.88,4.0,2.0,1.0,1.0,8.0,False,1.0,1.0,2.0,"Choose this place if you are seeking complete isolation and a total escape from the typical bustle of the city. Skip it if you need convenient access to daily essentials, public transit, or any form of local entertainment and dining."
143.55,Private room,4.94,2.0,2.0,2.0,1.0,161.0,True,2.0,1.0,3.0,"Choose this place if you are seeking a secluded, quiet environment away from the typical bustle and commercial activity of the city. Skip it if you require convenient access to daily essentials, dining, entertainment, or local amenities."
137.46,Entire home/apt,5.0,4.0,2.0,1.0,1.0,1.0,False,1.0,1.0,2.0,"Choose this place if you are seeking a secluded, quiet environment away from the typical bustle of the city. Skip it if you rely on public transit, need immediate access to daily essentials, or enjoy having dining and entertainment options within walking distance."
720.0,Entire home/apt,4.78,7.0,4.0,3.0,1.5,83.0,False,3.0,1.5,4.5,"Choose this place if you are seeking a secluded, quiet environment away from the activity of the city. Skip it if you rely on public transit or want convenient access to dining, shopping, and daily amenities."
131.67,Entire home/apt,4.95,5.0,2.0,2.0,1.0,170.0,True,2.0,1.0,3.0,"Choose this place if you are seeking a secluded, quiet environment away from the activity of the city. Skip it if you rely on public transit or want convenient access to dining, shopping, and entertainment."
55.0,Private room,4.67,1.0,1.0,1.0,2.5,3.0,False,1.0,2.5,3.5,"Choose this place if you are seeking a secluded, quiet environment away from the activity of the city. Skip it if you require convenient access to daily necessities, public transit, or local entertainment."
223.47,Entire home/apt,4.45,4.0,1.0,1.0,1.0,56.0,False,1.0,1.0,2.0,"Choose this place if you are looking for a secluded, quiet environment away from the typical bustle of the city. Skip it if you rely on public transit or want convenient access to dining, shopping, and everyday amenities."
46.3,Private room,4.77,1.0,1.0,3.0,1.0,13.0,True,3.0,1.0,4.0,"Choose this place if you are seeking a secluded, quiet environment away from the bustle of the city. Skip it if you rely on public transit or want convenient access to dining, shopping, and entertainment."
89.23,Entire home/apt,4.76,2.0,2.0,1.0,1.0,25.0,False,1.0,1.0,2.0,"Choose this place if you are seeking a secluded, quiet environment and plan to be completely self-sufficient. Skip it if you rely on public transit, need easy access to daily essentials, or want to explore the city's dining and entertainment scene."
83.61,Entire home/apt,5.0,3.0,2.0,1.0,1.0,33.0,True,1.0,1.0,2.0,"Choose this place if you are seeking a completely secluded, quiet environment away from the typical bustle of the city. Skip it if you require convenient access to daily necessities, dining, or local entertainment."
574.5,Private room,4.94,6.0,4.0,3.0,2.0,121.0,True,3.0,2.0,5.0,"Choose this place if you are seeking a secluded, quiet environment away from the activity of the city. Skip it if you require convenient access to public transit, dining, shopping, or daily amenities."
77.43,Private room,4.0,1.0,1.0,1.0,2.5,1.0,False,1.0,2.5,3.5,"Choose this place if you are looking for a secluded, quiet environment away from the typical bustle of the city. Skip it if you want convenient access to dining, shopping, daily amenities, or local entertainment."
89.23,Entire home/apt,5.0,2.0,2.0,1.0,1.0,2.0,False,1.0,1.0,2.0,"Choose this place if you are looking for a secluded, quiet environment and do not mind traveling for your daily needs. Skip it if you rely on public transit or want convenient access to dining, shopping, and essential services."
89.6,Private room,3.0,2.0,1.0,1.0,1.0,2.0,False,1.0,1.0,2.0,"Choose this place if you prioritize excellent transit access and want a quiet, secluded environment away from the city's hustle. Skip it if you prefer having dining, shopping, and everyday conveniences within walking distance of your accommodation."
194.0,Private room,5.0,2.0,1.0,1.0,1.0,2.0,True,1.0,1.0,2.0,"Choose this place if you are seeking complete isolation and a quiet environment away from the city bustle. Skip it if you rely on public transit, require easy access to daily necessities, or prefer to be within walking distance of dining and entertainment."
103.8,Entire home/apt,4.89,2.0,1.0,1.0,1.0,19.0,True,1.0,1.0,2.0,"Choose this place if you are seeking a completely secluded, quiet environment away from the bustle of the city. Skip it if you rely on public transit or want convenient access to dining, shopping, and everyday amenities."
255.4,Entire home/apt,5.0,2.0,2.0,2.0,1.0,2.0,False,2.0,1.0,3.0,"Choose this place if you are seeking a remote, quiet environment and have your own transportation. Skip it if you rely on public transit or want convenient access to dining, shopping, and city amenities."
46.19,Private room,5.0,2.0,1.0,1.0,1.0,2.0,True,1.0,1.0,2.0,"Choose this place if you prioritize a quiet, residential environment with easy access to pharmacies. Skip it if you rely on public transit or want to be within walking distance of restaurants, shops, and nightlife."
120.72,Entire home/apt,4.96,4.0,2.0,2.0,1.0,27.0,True,2.0,1.0,3.0,"Choose this place if you are seeking a secluded, quiet environment away from the bustle of the city. Skip it if you require convenient access to daily essentials, dining, or local amenities."
305.13,Private room,4.83,4.0,2.0,2.0,1.0,42.0,False,2.0,1.0,3.0,"Choose this place if you are seeking complete seclusion and want to be far away from the activity and noise of the city. Skip it if you rely on public transit or want easy access to dining, shopping, and daily conveniences."
77.37,Private room,4.93,2.0,1.0,2.0,2.0,58.0,False,2.0,2.0,4.0,"Choose this place if you are seeking a secluded, quiet environment away from the typical bustle of the city. Skip it if you rely on public transit or want convenient access to dining, shopping, and daily amenities."
200.0,Entire home/apt,4.77,4.0,5.0,2.0,1.0,271.0,True,2.0,1.0,3.0,"Choose this place if you are looking for a secluded, quiet environment away from the typical bustle of the city. Skip it if you want convenient access to dining, shopping, essential services, or cultural attractions."
141.8,Entire home/apt,4.96,4.0,2.0,2.0,1.0,23.0,True,2.0,1.0,3.0,"Choose this place if you are looking for a secluded, quiet environment and have your own transportation. Skip it if you rely on public transit or want easy access to daily essentials, dining, and city attractions."
99.56,Private room,4.83,4.0,2.0,2.0,1.0,6.0,False,2.0,1.0,3.0,"Choose this place if you are seeking a secluded, quiet environment away from the bustle of the city. Skip it if you rely on public transit or want convenient access to dining, shopping, and daily amenities."
91.0,Entire home/apt,1.0,2.0,1.0,1.0,1.0,1.0,False,1.0,1.0,2.0,"Choose this place if you are seeking a secluded, quiet environment and have your own transportation. Skip it if you rely on public transit or want convenient access to dining, shopping, and city attractions."
74.41,Entire home/apt,3.67,3.0,1.0,1.0,1.0,3.0,False,1.0,1.0,2.0,"Choose this place if you are looking for a secluded, quiet retreat away from the bustle of city life. Skip it if you prefer having convenient access to dining, shopping, and everyday amenities within walking distance."
139.97,Private room,4.17,6.0,2.0,2.0,1.0,23.0,False,2.0,1.0,3.0,"Choose this place if you are seeking complete isolation and a quiet environment away from the bustle of the city. Skip it if you require convenient access to public transportation, dining, groceries, or any form of local entertainment."
134.75,Entire home/apt,4.72,2.0,1.0,1.0,1.0,130.0,False,1.0,1.0,2.0,"Choose this place if you are seeking complete seclusion and have no need for local services or public transportation. Skip it if you want to be within walking distance of dining, shopping, transit, or any typical city amenities."
311.83,Entire home/apt,4.5,2.0,2.0,2.0,1.0,2.0,True,2.0,1.0,3.0,"Choose this place if you are seeking complete isolation and a quiet environment away from the city bustle. Skip it if you require convenient access to public transportation, daily necessities, or local dining and entertainment options."
94.77,Entire home/apt,4.63,11.0,8.0,3.0,1.0,62.0,False,3.0,1.0,4.0,"Choose this place if you are seeking a secluded, quiet environment away from the typical bustle of the city. Skip it if you rely on public transit or want convenient access to dining, shopping, and everyday amenities."
268.25,Shared room,4.85,2.0,3.0,2.0,1.0,74.0,False,2.0,1.0,3.0,"Choose this place if you are seeking a secluded, quiet environment away from the typical bustle and noise of the city. Skip it if you rely on public transit or want convenient access to dining, shopping, and daily amenities."
558.63,Entire home/apt,4.94,9.0,7.0,4.0,2.5,79.0,False,4.0,2.5,6.5,"Choose this place if you are seeking a secluded, quiet environment and do not mind being away from the typical bustle of the city. Skip it if you rely on public transit or want convenient access to shops, dining, and daily amenities."
47.75,Private room,5.0,1.0,2.0,2.0,1.0,1.0,False,2.0,1.0,3.0,"Choose this place if you are seeking a secluded, quiet environment away from the typical bustle of the city. Skip it if you rely on public transit or want convenient access to dining, shopping, and daily amenities."
247.33,Private room,4.9,2.0,1.0,1.0,1.0,245.0,True,1.0,1.0,2.0,"Choose this place if you are seeking a secluded, quiet environment away from the typical bustle of the city. Skip it if you want convenient access to dining, shopping, nightlife, or essential services within walking distance."
512.0,Private room,4.9,4.0,4.0,3.0,2.0,125.0,True,3.0,2.0,5.0,"Choose this place if you are seeking complete seclusion and a total break from the bustle of the city. Skip it if you require convenient access to daily essentials, public transportation, or any form of local entertainment and dining."
390.5,Private room,4.98,2.0,3.0,2.0,1.0,171.0,True,2.0,1.0,3.0,"Choose this place if you are looking for a secluded, quiet environment away from the typical bustle of the city. Skip it if you rely on public transit or want convenient access to dining, shopping, and everyday amenities."
241.59,Entire home/apt,4.91,8.0,4.0,3.0,2.0,11.0,False,3.0,2.0,5.0,"Choose this place if you are seeking a completely secluded and quiet environment away from the typical bustle of the city. Skip it if you rely on public transit or want convenient access to dining, shopping, and daily amenities."
319.53,Entire home/apt,4.85,2.0,1.0,1.0,1.0,182.0,True,1.0,1.0,2.0,"Choose this place if you are a dedicated visitor to The Metropolitan Museum of Art who prioritizes a quiet, secluded environment away from the typical bustle of the city. Skip it if you rely on public transit, need immediate access to daily essentials like groceries and pharmacies, or want to be within walking distance of New York's dining and nightlife scenes."
83.93,Entire home/apt,4.48,2.0,1.0,1.0,1.0,29.0,False,1.0,1.0,2.0,"Choose this place if you are seeking a secluded, quiet environment away from the city bustle. Skip it if you require convenient access to daily essentials, dining, or recreational amenities."
184.8,Entire home/apt,4.82,2.0,1.0,1.0,1.0,44.0,True,1.0,1.0,2.0,"Choose this place if you are seeking a secluded, quiet environment away from the activity and density of typical city blocks. Skip it if you require convenient access to daily essentials, public transportation, or a wide variety of dining and entertainment options."
405.17,Entire home/apt,5.0,6.0,4.0,3.0,2.0,2.0,False,3.0,2.0,5.0,"Choose this place if you are seeking a secluded, quiet environment away from the activity of the city. Skip it if you rely on public transit or want convenient access to dining, shopping, and everyday essentials."
187.11,Entire home/apt,5.0,2.0,1.0,1.0,1.0,1.0,True,1.0,1.0,2.0,"Choose this place if you are seeking complete isolation and a quiet environment away from the bustle of the city. Skip it if you require convenient access to public transit, daily necessities, or any form of local entertainment and dining."
214.8,Entire home/apt,4.9,2.0,3.0,2.0,1.0,88.0,False,2.0,1.0,3.0,"Choose this place if you are looking for a secluded, quiet environment away from the typical bustle of the city. Skip it if you want convenient access to dining, shopping, transit, or daily amenities."
111.2,Entire home/apt,4.85,2.0,2.0,1.0,1.0,62.0,False,1.0,1.0,2.0,"Choose this place if you are seeking a destination with minimal activity and complete isolation from the typical bustle of the city. Skip it if you require convenient access to daily necessities, public transportation, or any form of local entertainment and dining."
89.31,Entire home/apt,4.92,2.0,1.0,1.0,1.0,63.0,False,1.0,1.0,2.0,"Choose this place if you are seeking complete isolation and a quiet environment away from the typical bustle of the city. Skip it if you rely on public transit or need convenient access to daily essentials like groceries, dining, and shops."
123.94,Entire home/apt,5.0,2.0,2.0,1.0,1.0,2.0,False,1.0,1.0,2.0,"Choose this place if you are seeking a secluded, quiet environment and plan to rely on your own transportation. Skip it if you need convenient access to public transit, daily amenities, or a vibrant neighborhood scene."
188.49,Entire home/apt,4.88,6.0,4.0,2.0,1.0,64.0,True,2.0,1.0,3.0,"Choose this place if you are seeking a quiet, secluded environment and do not mind traveling for your daily needs. Skip it if you prefer a vibrant neighborhood with easy access to transit, dining, shopping, and essential services."
50.33,Private room,4.2,1.0,1.0,1.0,2.5,5.0,False,1.0,2.5,3.5,"Choose this place if you are seeking a secluded, quiet environment away from the bustle of city life. Skip it if you require convenient access to daily essentials, dining, or entertainment within walking distance."
119.82,Private room,4.75,2.0,4.0,1.0,1.0,16.0,False,1.0,1.0,2.0,"Choose this place if you are looking for a secluded, quiet environment away from the typical bustle of the city. Skip it if you rely on public transit or want convenient access to shops, dining, and daily amenities."
424.14,Entire home/apt,5.0,5.0,3.0,2.0,1.0,61.0,True,2.0,1.0,3.0,"Choose this place if you are looking for a secluded, quiet environment and do not mind traveling for your daily needs. Skip it if you want easy access to dining, nightlife, shopping, or convenient public transportation."
165.37,Entire home/apt,4.48,8.0,2.0,2.0,1.0,21.0,False,2.0,1.0,3.0,"Choose this place if you are seeking complete isolation and absolute quiet away from the activity of the city. Skip it if you rely on public transit or want convenient access to dining, shopping, and everyday essentials."
105.65,Entire home/apt,5.0,3.0,1.0,1.0,1.0,12.0,True,1.0,1.0,2.0,"Choose this place if you are seeking complete isolation and a quiet environment away from the bustle of the city. Skip it if you rely on public transit, need easy access to daily essentials, or want to be within walking distance of dining and entertainment."
177.2,Entire home/apt,4.65,6.0,4.0,2.0,1.0,166.0,False,2.0,1.0,3.0,"Choose this place if you are seeking a secluded, quiet environment away from the activity of the city. Skip it if you rely on public transit, want easy access to daily necessities like groceries and dining, or prefer to be near New York's entertainment and cultural attractions."
667.33,Entire home/apt,4.33,16.0,8.0,5.0,3.5,3.0,False,5.0,3.5,8.5,"Choose this place if you are seeking a secluded, quiet environment away from the typical bustle of the city. Skip it if you rely on public transit or want convenient access to dining, shopping, and daily amenities."
167.0,Entire home/apt,4.86,4.0,2.0,2.0,1.0,50.0,True,2.0,1.0,3.0,"Choose this place if you are looking for a secluded, quiet environment away from the typical bustle of the city. Skip it if you rely on public transit or want easy access to dining, shopping, and everyday amenities."
256.63,Entire home/apt,4.5,5.0,2.0,1.0,1.0,28.0,False,1.0,1.0,2.0,"Choose this place if you are seeking a secluded environment away from the typical bustle of the city. Skip it if you rely on public transit or want easy access to daily necessities, dining, and entertainment."
249.92,Private room,4.51,4.0,2.0,2.0,1.0,89.0,False,2.0,1.0,3.0,"Choose this place if you are seeking complete isolation and a quiet environment away from the city bustle. Skip it if you require convenient access to transit, dining, shopping, or daily necessities."
114.3,Entire home/apt,4.36,3.0,2.0,1.0,1.0,11.0,False,1.0,1.0,2.0,"Choose this place if you are seeking a secluded environment far from the noise and activity of typical city life. Skip it if you rely on public transit or want convenient access to dining, shopping, and everyday amenities."
61.12,Entire home/apt,5.0,2.0,1.0,1.0,1.0,2.0,False,1.0,1.0,2.0,"Choose this place if you are seeking a secluded environment far from the typical bustle and noise of city life. Skip it if you require convenient access to public transit, daily amenities, or a vibrant neighborhood scene within walking distance."
259.95,Entire home/apt,4.87,8.0,6.0,3.0,2.0,116.0,True,3.0,2.0,5.0,"Choose this place if you are looking for a secluded, quiet environment away from the typical bustle of the city. Skip it if you want convenient access to daily essentials, dining, entertainment, or recreational facilities."
261.8,Entire home/apt,4.76,4.0,2.0,1.0,1.0,21.0,False,1.0,1.0,2.0,"Choose this place if you prioritize excellent subway access and a quiet environment away from the city's commercial bustle. Skip it if you want convenient access to dining, shopping, groceries, or nightlife within walking distance."
261.07,Private room,4.92,2.0,1.0,1.0,1.0,12.0,False,1.0,1.0,2.0,"Choose this place if you are seeking complete isolation and a quiet environment away from the bustle of the city. Skip it if you require convenient access to public transit, daily necessities, or any form of local entertainment and dining."
196.51,Private room,4.77,2.0,1.0,1.0,1.0,125.0,False,1.0,1.0,2.0,"Choose this place if you are seeking a secluded, quiet environment away from the bustle of city services and commercial activity. Skip it if you prefer convenient access to dining, shopping, and daily amenities within walking distance."
152.3,Entire home/apt,4.8,4.0,2.0,2.0,1.0,40.0,False,2.0,1.0,3.0,"Choose this place if you are seeking a secluded, quiet retreat away from the typical bustle and noise of the city. Skip it if you require convenient access to public transportation, dining, shopping, or daily necessities within walking distance."
214.41,Private room,4.75,6.0,5.0,4.0,2.0,4.0,False,4.0,2.0,6.0,"Choose this place if you are seeking complete seclusion and a quiet environment away from the bustle of the city. Skip it if you rely on public transit or want convenient access to daily essentials like groceries, dining, and shops."
134.83,Entire home/apt,4.82,2.0,1.0,1.0,1.0,28.0,True,1.0,1.0,2.0,"Choose this place if you are seeking complete isolation and a quiet environment away from the bustle of the city. Skip it if you rely on public transit, need easy access to daily necessities like groceries and pharmacies, or want to be within walking distance of dining and entertainment."
170.33,Entire home/apt,4.68,8.0,4.0,3.0,1.0,41.0,True,3.0,1.0,4.0,"Choose this place if you are seeking a secluded, quiet environment and do not mind traveling for your daily needs. Skip it if you rely on public transit or want convenient access to dining, shopping, and city amenities."
227.0,Entire home/apt,4.88,8.0,4.0,3.0,2.0,117.0,True,3.0,2.0,5.0,"Choose this place if you are seeking a secluded, quiet environment away from the typical bustle of the city. Skip it if you rely on public transit, require convenient access to daily necessities and dining, or prefer to be within walking distance of urban amenities and attractions."
105.38,Entire home/apt,4.89,4.0,4.0,1.0,1.0,186.0,False,1.0,1.0,2.0,"Choose this place if you are seeking a remote, quiet environment and do not require local amenities or public transportation. Skip it if you prefer a walkable neighborhood with easy access to dining, shopping, transit, and city attractions."
211.5,Private room,4.95,2.0,1.0,1.0,1.0,39.0,True,1.0,1.0,2.0,"Choose this place if you are looking for a secluded, quiet retreat away from the bustle of the city. Skip it if you need convenient access to public transit, daily amenities, or a vibrant neighborhood scene."
455.0,Entire home/apt,4.64,2.0,1.0,1.0,1.0,251.0,False,1.0,1.0,2.0,"Choose this place if you are seeking a secluded, quiet environment and have your own transportation. Skip it if you rely on public transit or want convenient access to dining, shopping, and daily necessities."
249.0,Private room,4.89,2.0,1.0,1.0,1.0,245.0,True,1.0,1.0,2.0,"Choose this place if you are seeking a secluded, quiet environment away from the bustle of the city. Skip it if you rely on public transit or want convenient access to dining, shopping, and daily amenities."
294.27,Entire home/apt,4.54,5.0,2.0,2.0,1.0,13.0,False,2.0,1.0,3.0,"Choose this place if you are seeking a secluded, quiet environment away from the bustle of the city. Skip it if you rely on public transit or want convenient access to dining, shopping, and daily amenities."
342.4,Entire home/apt,4.63,6.0,3.0,2.0,1.0,8.0,False,2.0,1.0,3.0,"Choose this place if you are seeking complete isolation and a quiet environment away from the typical bustle of the city. Skip it if you rely on public transit or want convenient access to shops, dining, and daily necessities."
67.91,Entire home/apt,5.0,2.0,1.0,1.0,1.0,3.0,False,1.0,1.0,2.0,"Choose this place if you are seeking a secluded, quiet environment away from the activity of the city. Skip it if you rely on public transit or want convenient access to dining, shopping, and daily amenities."
555.21,Entire home/apt,4.95,4.0,5.0,4.0,2.0,19.0,False,4.0,2.0,6.0,"Choose this place if you are seeking a secluded, quiet environment away from the typical bustle of city life. Skip it if you need convenient access to daily essentials, dining, or local amenities."
320.59,Private room,5.0,4.0,2.0,3.0,1.0,8.0,False,3.0,1.0,4.0,"Choose this place if you are seeking a completely secluded, quiet environment away from the bustle of the city. Skip it if you rely on public transit or want convenient access to dining, shopping, and everyday amenities."
88.5,Entire home/apt,4.97,2.0,1.0,2.0,1.0,30.0,True,2.0,1.0,3.0,"Choose this place if you are seeking complete isolation and total quiet away from the city bustle. Skip it if you require convenient access to transit, dining, shopping, or any typical urban amenities."
209.1,Entire home/apt,4.85,8.0,4.0,3.0,2.0,52.0,True,3.0,2.0,5.0,"Choose this place if you are seeking a secluded, quiet environment away from the bustle of city life. Skip it if you rely on public transit or want convenient access to dining, shopping, and daily necessities."
175.29,Entire home/apt,4.85,6.0,3.0,2.0,1.0,34.0,False,2.0,1.0,3.0,"Choose this place if you prioritize access to parks and green space and want a quiet, secluded environment. Skip it if you require convenient access to dining, shopping, grocery stores, or entertainment and prefer a neighborhood with a high density of local amenities."
108.38,Entire home/apt,4.91,4.0,4.0,1.0,1.0,11.0,True,1.0,1.0,2.0,"Choose this place if you are seeking a secluded, quiet environment away from the bustle of city life. Skip it if you rely on public transit or want convenient access to dining, shopping, and daily necessities."
367.68,Entire home/apt,4.82,8.0,4.0,4.0,2.0,62.0,False,4.0,2.0,6.0,"Choose this place if you are looking for a quiet, secluded retreat away from the bustle of city life. Skip it if you need convenient access to daily essentials, dining, or local entertainment."
120.97,Entire home/apt,5.0,3.0,2.0,2.0,1.0,7.0,True,2.0,1.0,3.0,"Choose this place if you are seeking a secluded, quiet environment away from the typical bustle of the city. Skip it if you rely on public transit or want convenient access to dining, shopping, and everyday amenities."
111.32,Entire home/apt,4.66,2.0,2.0,1.0,1.0,56.0,True,1.0,1.0,2.0,"Choose this place if you are seeking a secluded, quiet environment away from the activity of the city. Skip it if you rely on nearby conveniences, dining options, or easy access to local attractions and amenities."
234.1,Entire home/apt,5.0,3.0,2.0,2.0,1.5,3.0,False,2.0,1.5,3.5,"Choose this place if you are seeking complete isolation and a quiet environment away from the bustle of the city. Skip it if you rely on public transit, need easy access to daily essentials like groceries and pharmacies, or want to explore the dining and entertainment culture of New York."
86.9,Entire home/apt,4.85,2.0,1.0,1.0,1.0,60.0,True,1.0,1.0,2.0,"Choose this place if you are seeking a secluded, quiet environment away from the bustle of the city. Skip it if you rely on public transit, require convenient access to daily essentials like groceries and dining, or want to be within walking distance of New York's typical amenities and attractions."
133.47,Entire home/apt,4.87,2.0,2.0,1.0,1.0,169.0,False,1.0,1.0,2.0,"Choose this place if you are seeking a secluded, quiet environment away from the typical bustle of the city. Skip it if you rely on public transit or want convenient access to dining, shopping, and everyday amenities."
124.02,Entire home/apt,4.86,4.0,2.0,2.0,1.0,37.0,True,2.0,1.0,3.0,"Choose this place if you are seeking a secluded, quiet environment away from the activity of the city. Skip it if you require convenient access to daily essentials, dining, or local amenities."
80.03,Entire home/apt,4.64,7.0,4.0,2.0,1.0,84.0,True,2.0,1.0,3.0,"Choose this place if you are looking for a secluded, quiet environment away from the typical bustle of the city. Skip it if you rely on public transit or want convenient access to dining, shopping, and everyday amenities."
151.03,Entire home/apt,4.93,4.0,3.0,2.0,1.0,76.0,True,2.0,1.0,3.0,"Choose this place if you are seeking complete isolation and a quiet environment away from the city bustle. Skip it if you require convenient access to daily necessities, public transit, or local amenities."
89.7,Entire home/apt,4.91,2.0,2.0,1.0,1.0,103.0,True,1.0,1.0,2.0,"Choose this place if you are seeking a secluded, quiet retreat away from the typical bustle of the city. Skip it if you rely on public transit or want convenient access to dining, shopping, and everyday amenities."
79.9,Entire home/apt,4.78,2.0,1.0,1.0,1.0,36.0,True,1.0,1.0,2.0,"Choose this place if you are seeking complete isolation and a quiet environment away from the city bustle. Skip it if you rely on public transit or want convenient access to dining, shopping, and everyday essentials."
342.0,Entire home/apt,4.84,2.0,2.0,1.0,1.0,115.0,True,1.0,1.0,2.0,"Choose this place if you are looking for complete isolation and a quiet environment away from the activity of the city. Skip it if you rely on public transit, need easy access to daily necessities like groceries and pharmacies, or want to explore the dining and cultural attractions of New York."
271.5,Private room,4.91,5.0,2.0,2.0,1.0,33.0,True,2.0,1.0,3.0,"Choose this place if you are seeking complete isolation and a quiet environment away from the city bustle. Skip it if you require convenient access to daily essentials, dining, or public transportation."
173.34,Private room,4.91,2.0,1.0,1.0,1.0,82.0,True,1.0,1.0,2.0,"Choose this place if you are seeking a secluded, quiet environment away from the typical bustle and commercial activity of the city. Skip it if you prefer convenient access to dining, shopping, groceries, and entertainment within walking distance."
257.0,Entire home/apt,4.83,3.0,2.0,1.0,1.0,71.0,True,1.0,1.0,2.0,"Choose this place if you are seeking a secluded, quiet environment away from the typical bustle and noise of city life. Skip it if you prefer convenient access to daily necessities, dining, entertainment, or local amenities within walking distance."
117.83,Entire home/apt,4.75,4.0,2.0,2.0,1.0,4.0,False,2.0,1.0,3.0,"Choose this place if you are looking for a secluded, quiet environment away from the typical bustle of the city. Skip it if you want convenient access to dining, shopping, transit, or any of the standard amenities that define a functional New York neighborhood."
389.03,Entire home/apt,4.0,5.0,3.0,3.0,2.5,1.0,False,3.0,2.5,5.5,"Choose this place if you are seeking complete isolation and a quiet environment away from the activity of the city. Skip it if you require convenient access to public transportation, shopping, dining, or any standard urban amenities."
112.1,Entire home/apt,4.91,2.0,2.0,1.0,1.0,146.0,True,1.0,1.0,2.0,"Choose this place if you are seeking a secluded, quiet environment away from the activity of the city. Skip it if you require convenient access to public transit, dining, shopping, or local amenities."
59.3,Entire home/apt,4.8,2.0,2.0,1.0,1.0,5.0,True,1.0,1.0,2.0,"Choose this place if you are seeking a secluded, quiet environment away from the typical bustle of the city. Skip it if you rely on public transit or want convenient access to dining, shopping, and everyday amenities."
121.83,Entire home/apt,4.83,2.0,1.0,1.0,1.0,23.0,False,1.0,1.0,2.0,"Choose this place if you are seeking a secluded, quiet environment away from the typical bustle of the city. Skip it if you rely on public transit, need immediate access to daily essentials, or want to be within walking distance of dining and entertainment."
460.27,Entire home/apt,4.61,6.0,5.0,3.0,2.0,46.0,False,3.0,2.0,5.0,"Choose this place if you are looking for a secluded, quiet environment away from the typical bustle of the city. Skip it if you rely on public transit or want convenient access to dining, shopping, and everyday amenities."
337.53,Entire home/apt,4.8,2.0,2.0,1.0,1.0,60.0,False,1.0,1.0,2.0,"Choose this place if you are looking for a secluded, quiet environment away from the typical bustle of the city. Skip it if you rely on public transit, need immediate access to shops and dining, or prefer to be within walking distance of New York's cultural and entertainment attractions."
176.07,Entire home/apt,5.0,2.0,1.0,1.0,1.0,7.0,False,1.0,1.0,2.0,"Choose this place if you are seeking a secluded, quiet environment away from the bustle of the city. Skip it if you rely on public transit or want convenient access to dining, shopping, and daily amenities."
251.23,Entire home/apt,4.95,6.0,3.0,2.0,1.0,40.0,False,2.0,1.0,3.0,"Choose this place if you are seeking a secluded, quiet environment away from the city bustle. Skip it if you require convenient access to public transit, daily amenities, or a vibrant neighborhood scene."
100.91,Entire home/apt,4.75,4.0,2.0,1.0,1.0,16.0,True,1.0,1.0,2.0,"Choose this place if you are seeking a location with absolute seclusion and minimal activity. Skip it if you require convenient access to daily essentials, dining, or any form of local entertainment."
348.06,Entire home/apt,4.94,2.0,2.0,2.0,1.0,65.0,False,2.0,1.0,3.0,"Choose this place if you are seeking a secluded, quiet environment away from the activity of the city. Skip it if you rely on public transit or want convenient access to dining, shopping, and entertainment."
79.25,Private room,4.83,2.0,1.0,1.0,1.0,6.0,False,1.0,1.0,2.0,"Choose this place if you are looking for an exceptionally quiet, isolated retreat away from the typical bustle of the city. Skip it if you need convenient access to daily essentials, dining, shopping, or a variety of neighborhood amenities."
253.59,Entire home/apt,4.77,8.0,4.0,4.0,2.0,22.0,False,4.0,2.0,6.0,"Choose this place if you are seeking complete isolation and a quiet environment away from the bustle of the city. Skip it if you require convenient access to public transit, daily necessities, or any form of local entertainment and dining."
220.35,Entire home/apt,4.9,2.0,1.0,1.0,0.5,21.0,False,1.0,0.5,1.5,"Choose this place if you are looking for a secluded, quiet retreat and have your own transportation. Skip it if you require convenient access to daily necessities, public transit, dining, or local entertainment."
283.5,Private room,4.94,4.0,2.0,2.0,1.0,68.0,True,2.0,1.0,3.0,"Choose this place if you are seeking complete isolation and absolute quiet away from the activity of the city. Skip it if you require convenient access to daily necessities, public transportation, or any form of local entertainment and dining."
168.17,Private room,4.81,2.0,2.0,2.0,1.0,203.0,False,2.0,1.0,3.0,"Choose this place if you are seeking a secluded, quiet environment away from the typical bustle of the city. Skip it if you rely on public transit or want convenient access to dining, shopping, and everyday amenities."
695.0,Private room,4.97,5.0,3.0,3.0,1.0,72.0,True,3.0,1.0,4.0,"Choose this place if you are seeking complete isolation and a total escape from the bustle of the city. Skip it if you require convenient access to daily necessities, public transportation, or any form of local entertainment and dining."
195.98,Entire home/apt,4.74,2.0,4.0,2.0,1.0,146.0,False,2.0,1.0,3.0,"Choose this place if you are seeking a secluded, quiet environment away from the activity of the city. Skip it if you rely on public transit or want convenient access to dining, shopping, and daily necessities."
113.96,Entire home/apt,5.0,4.0,3.0,2.0,1.0,1.0,False,2.0,1.0,3.0,"Choose this place if you are seeking complete isolation and absolute quiet away from the activity of the city. Skip it if you rely on public transit or want convenient access to dining, shopping, and everyday essentials."
134.23,Entire home/apt,4.65,4.0,2.0,2.0,1.0,20.0,False,2.0,1.0,3.0,"Choose this place if you are seeking a remote, quiet retreat and have your own transportation. Skip it if you rely on public transit or want easy access to dining, shopping, and everyday necessities."
117.01,Entire home/apt,4.88,2.0,1.0,1.0,1.0,80.0,True,1.0,1.0,2.0,"Choose this place if you are looking for a quiet, secluded retreat surrounded by greenery. Skip it if you rely on public transit or need convenient access to daily essentials like groceries, dining, and shops."
241.66,Entire home/apt,4.21,4.0,3.0,3.0,1.0,19.0,False,3.0,1.0,4.0,"Choose this place if you are seeking a secluded, quiet environment away from the typical bustle of the city. Skip it if you rely on public transit or want convenient access to dining, shopping, and daily amenities."
44.27,Private room,5.0,2.0,1.0,5.0,2.0,3.0,False,5.0,2.0,7.0,"Choose this place if you are seeking a secluded, quiet environment away from the typical bustle and noise of city life. Skip it if you rely on public transit or want convenient access to dining, shopping, and everyday amenities."
304.2,Entire home/apt,4.88,2.0,1.0,1.0,1.0,51.0,False,1.0,1.0,2.0,"Choose this place if you are seeking a secluded, quiet environment away from the bustle of the city. Skip it if you require convenient access to daily essentials, dining, or public transportation."
125.37,Private room,5.0,4.0,1.0,1.0,1.0,10.0,False,1.0,1.0,2.0,"Choose this place if you are seeking complete seclusion and a quiet environment away from the city bustle. Skip it if you rely on public transit or want convenient access to dining, shopping, and everyday amenities."
116.97,Entire home/apt,4.67,2.0,2.0,1.0,1.0,6.0,False,1.0,1.0,2.0,"Choose this place if you are seeking a secluded, quiet environment away from the typical bustle of the city. Skip it if you prefer convenient access to dining, shopping, transit, or local amenities."
303.3,Entire home/apt,5.0,6.0,3.0,3.0,1.0,17.0,False,3.0,1.0,4.0,"Choose this place if you are seeking a secluded, quiet environment away from the city's typical density and activity. Skip it if you require convenient access to public transit, daily amenities, or a vibrant neighborhood scene."
249.05,Entire home/apt,5.0,4.0,2.0,2.0,1.0,7.0,False,2.0,1.0,3.0,"Choose this place if you are seeking complete isolation and a quiet environment away from the city bustle. Skip it if you require convenient access to daily necessities, public transportation, or any form of local entertainment and dining."
83.36,Private room,5.0,2.0,1.0,1.0,1.0,1.0,False,1.0,1.0,2.0,"Choose this place if you are seeking extreme seclusion and have your own transportation to reach essentials. Skip it if you want convenient access to dining, shopping, transit, or any typical urban amenities."
44.81,Private room,5.0,1.0,1.0,1.0,1.0,1.0,False,1.0,1.0,2.0,"Choose this place if you are looking for a secluded, quiet environment and do not mind being away from the typical bustle of the city. Skip it if you rely on public transit or want convenient access to dining, shopping, and everyday amenities."
51.2,Private room,4.75,1.0,1.0,3.0,1.0,16.0,False,3.0,1.0,4.0,"Choose this place if you are seeking a completely isolated, quiet retreat away from the bustle of the city. Skip it if you require convenient access to daily necessities, public transportation, or any form of local entertainment and dining."
106.47,Private room,4.67,3.0,2.0,1.0,1.0,269.0,False,1.0,1.0,2.0,"Choose this place if you are looking for a secluded, quiet environment and do not mind traveling for your daily needs. Skip it if you want easy access to dining, shopping, transit, or a vibrant neighborhood atmosphere."
297.93,Entire home/apt,4.91,8.0,6.0,3.0,1.0,99.0,False,3.0,1.0,4.0,"Choose this place if you are looking for a secluded, quiet environment and do not mind traveling for your daily needs. Skip it if you want easy access to transit, dining, shopping, or the vibrant activity typical of a New York neighborhood."
120.0,Private room,4.67,2.0,1.0,1.0,1.0,6.0,False,1.0,1.0,2.0,"Choose this place if you are looking for a secluded, quiet environment and do not mind being away from the typical bustle of the city. Skip it if you rely on public transit or want convenient access to dining, shopping, and everyday amenities."
82.74,Entire home/apt,4.71,2.0,1.0,1.0,1.0,7.0,False,1.0,1.0,2.0,"Choose this place if you are looking for complete seclusion and want to avoid the typical bustle of the city. Skip it if you rely on public transit or want convenient access to dining, shopping, and entertainment."
165.5,Private room,4.92,2.0,1.0,1.0,1.5,62.0,True,1.0,1.5,2.5,"Choose this place if you are seeking complete seclusion and a total break from the bustle of the city. Skip it if you require convenient access to daily essentials, public transit, or any form of local entertainment and dining."
84.26,Entire home/apt,5.0,4.0,2.0,2.0,1.0,4.0,True,2.0,1.0,3.0,"Choose this place if you are seeking a secluded, quiet environment away from the bustle of the city. Skip it if you rely on public transit or want convenient access to dining, shopping, and daily necessities."
103.0,Private room,4.9,2.0,2.0,1.0,1.0,31.0,False,1.0,1.0,2.0,"Choose this place if you are seeking a secluded, quiet environment away from the activity of the city. Skip it if you require convenient access to public transportation, dining, shopping, or daily necessities."
387.17,Entire home/apt,4.61,6.0,3.0,3.0,2.0,31.0,False,3.0,2.0,5.0,"Choose this place if you are seeking complete isolation and a total escape from the bustle of the city. Skip it if you require convenient access to daily necessities, public transportation, or any form of local entertainment and dining."
335.57,Entire home/apt,4.87,8.0,3.0,3.0,2.0,23.0,False,3.0,2.0,5.0,"Choose this place if you are looking for complete seclusion and an absolute lack of urban activity. Skip it if you require convenient access to transit, dining, shopping, or any typical city amenities."
63.8,Entire home/apt,5.0,1.0,1.0,1.0,1.0,9.0,True,1.0,1.0,2.0,"Choose this place if you are seeking complete seclusion and absolute quiet away from the activity of the city. Skip it if you require convenient access to daily necessities, public transportation, or any form of local entertainment and dining."
446.9,Entire home/apt,5.0,8.0,3.0,2.0,1.0,1.0,False,2.0,1.0,3.0,"Choose this place if you are looking for complete seclusion and a quiet environment away from the city bustle. Skip it if you rely on public transit or want convenient access to dining, shopping, and everyday amenities."
153.39,Entire home/apt,4.86,8.0,5.0,2.0,1.0,139.0,False,2.0,1.0,3.0,"Choose this place if you are looking for a secluded, quiet environment away from the typical bustle of the city. Skip it if you require convenient access to public transit, daily amenities, or a variety of dining and entertainment options."
318.0,Private room,5.0,2.0,2.0,2.0,1.5,51.0,True,2.0,1.5,3.5,"Choose this place if you are looking for a secluded, quiet environment away from the typical bustle of the city. Skip it if you require convenient access to daily necessities, dining, or local entertainment."
259.62,Private room,4.74,6.0,4.0,3.0,1.0,199.0,False,3.0,1.0,4.0,"Choose this place if you are seeking a secluded, quiet environment away from the activity of the city. Skip it if you require convenient access to public transit, dining, shopping, or daily necessities."
160.0,Private room,4.93,2.0,1.0,3.0,1.5,30.0,True,3.0,1.5,4.5,"Choose this place if you prioritize excellent transit access and a quiet environment away from the city bustle. Skip it if you want convenient access to dining, shopping, groceries, or nightlife within walking distance."
128.76,Entire home/apt,4.51,6.0,2.0,2.0,1.0,288.0,False,2.0,1.0,3.0,"Choose this place if you are looking for an extremely quiet, secluded environment and do not mind traveling for your daily needs. Skip it if you want easy access to dining, nightlife, shopping, or convenient public transportation."
163.13,Entire home/apt,4.0,5.0,5.0,2.0,1.0,1.0,False,2.0,1.0,3.0,"Choose this place if you are looking for a secluded, quiet retreat away from the bustle of the city. Skip it if you rely on public transit or want convenient access to dining, shopping, and everyday amenities."
268.5,Entire home/apt,4.9,2.0,2.0,2.0,1.0,84.0,False,2.0,1.0,3.0,"Choose this place if you are seeking a secluded, quiet environment away from the bustle of the city. Skip it if you require convenient access to daily essentials, dining, or public transportation."
150.16,Entire home/apt,4.76,4.0,2.0,2.0,1.0,46.0,False,2.0,1.0,3.0,"Choose this place if you are seeking a secluded, quiet environment away from the activity of the city. Skip it if you require convenient access to public transit, dining, shopping, or daily necessities."
84.92,Entire home/apt,4.8,2.0,1.0,1.0,1.0,20.0,True,1.0,1.0,2.0,"Choose this place if you are seeking a secluded, quiet retreat far from the typical bustle and noise of city life. Skip it if you rely on immediate access to dining, shopping, and essential services or prefer to be within walking distance of New York's vibrant entertainment and attractions."
121.9,Private room,4.0,4.0,2.0,2.0,1.0,5.0,False,2.0,1.0,3.0,"Choose this place if you are seeking a secluded, quiet environment away from the typical bustle and congestion of the city. Skip it if you require convenient access to public transit, daily necessities, or local dining and entertainment options."
135.93,Entire home/apt,4.83,2.0,2.0,2.0,1.0,23.0,False,2.0,1.0,3.0,"Choose this place if you are looking for a secluded, quiet environment away from the typical bustle of the city. Skip it if you want convenient access to dining, shopping, or daily amenities and prefer to be within walking distance of local services."
187.78,Entire home/apt,4.89,6.0,3.0,3.0,2.0,19.0,False,3.0,2.0,5.0,"Choose this place if you are seeking a secluded, quiet environment and have your own transportation. Skip it if you want convenient access to city amenities, public transit, dining, or local entertainment."
213.4,Private room,4.75,2.0,2.0,2.0,1.0,140.0,True,2.0,1.0,3.0,"Choose this place if you are seeking complete isolation and a quiet environment away from the bustle of the city. Skip it if you rely on public transit, need easy access to daily necessities like groceries and dining, or want to be within walking distance of New York's typical urban amenities."
101.55,Shared room,4.94,2.0,1.0,1.0,1.0,16.0,True,1.0,1.0,2.0,"Choose this place if you are looking for complete seclusion and an exceptionally quiet environment away from the city bustle. Skip it if you rely on public transit, require convenient access to daily essentials like food and shopping, or want to be within reach of New York's entertainment and cultural attractions."
265.53,Entire home/apt,4.89,5.0,2.0,2.0,1.0,18.0,False,2.0,1.0,3.0,"Choose this place if you are looking for a secluded, quiet environment away from the typical bustle of the city. Skip it if you rely on public transit or want easy access to shops, dining, and daily conveniences."
354.0,Private room,4.95,6.0,3.0,1.0,1.0,122.0,True,1.0,1.0,2.0,"Choose this place if you are seeking a secluded, quiet environment away from the typical bustle of the city. Skip it if you rely on public transit, require easy access to daily necessities like groceries and dining, or want to be within walking distance of New York's attractions and nightlife."
92.3,Entire home/apt,4.53,3.0,2.0,1.0,1.0,68.0,True,1.0,1.0,2.0,"Choose this place if you are seeking complete isolation and a quiet environment away from the bustle of the city. Skip it if you rely on public transit or want convenient access to dining, shopping, and daily necessities."
159.03,Entire home/apt,5.0,2.0,1.0,1.0,1.0,6.0,True,1.0,1.0,2.0,"Choose this place if you are seeking extreme isolation and a quiet environment away from the bustle of the city. Skip it if you rely on public transit, need easy access to daily essentials like food and medicine, or want to be within walking distance of New York's typical amenities and entertainment."
318.0,Private room,4.97,2.0,3.0,2.0,1.0,148.0,True,2.0,1.0,3.0,"Choose this place if you are looking for complete seclusion and quiet away from the activity of the city. Skip it if you rely on public transit, need easy access to daily necessities, or want to be within walking distance of dining and entertainment."
296.77,Private room,4.95,8.0,4.0,3.0,1.0,20.0,False,3.0,1.0,4.0,"Choose this place if you are looking for complete isolation and a quiet environment away from the city bustle. Skip it if you rely on public transit or want convenient access to dining, shopping, and daily necessities."
157.0,Entire home/apt,4.94,2.0,1.0,1.0,1.0,47.0,True,1.0,1.0,2.0,"Choose this place if you are seeking complete seclusion and a quiet environment far from the bustle of the city. Skip it if you rely on public transit, require easy access to daily necessities like groceries and pharmacies, or want to be within walking distance of dining and entertainment."
335.87,Entire home/apt,3.0,10.0,3.0,2.0,1.5,2.0,False,2.0,1.5,3.5,"Choose this place if you are seeking complete seclusion and a quiet environment away from the city bustle. Skip it if you rely on public transit or need convenient access to daily essentials like groceries, pharmacies, and dining."
72.48,Entire home/apt,4.5,4.0,2.0,1.0,1.0,4.0,False,1.0,1.0,2.0,"Choose this place if you are seeking complete isolation and a quiet environment away from the city bustle. Skip it if you require convenient access to public transportation, dining, shopping, or daily necessities."
85.4,Entire home/apt,4.46,2.0,1.0,1.0,1.0,70.0,False,1.0,1.0,2.0,"Choose this place if you are seeking a secluded, quiet environment away from the typical bustle of the city. Skip it if you rely on public transit or want convenient access to dining, shopping, and daily amenities."
202.8,Entire home/apt,4.73,7.0,4.0,2.0,1.0,48.0,False,2.0,1.0,3.0,"Choose this place if you are looking for a secluded, quiet environment and have your own transportation. Skip it if you want easy access to dining, shopping, transit, or the typical convenience of city amenities."
102.52,Entire home/apt,5.0,2.0,1.0,1.0,1.0,8.0,False,1.0,1.0,2.0,"Choose this place if you are seeking complete isolation and a quiet environment away from the bustle of the city. Skip it if you rely on public transit or want convenient access to dining, shopping, and everyday essentials."
136.43,Entire home/apt,4.64,2.0,1.0,1.0,1.0,11.0,False,1.0,1.0,2.0,"Choose this place if you are seeking complete isolation and absolute quiet away from the activity of the city. Skip it if you rely on public transit or want convenient access to dining, shopping, and daily necessities."
174.22,Entire home/apt,4.97,4.0,3.0,2.0,1.0,30.0,False,2.0,1.0,3.0,"Choose this place if you are looking for complete seclusion and a quiet environment away from the activity of the city. Skip it if you rely on public transit or want easy access to dining, shopping, and everyday conveniences."
169.8,Entire home/apt,5.0,4.0,2.0,1.0,1.0,26.0,False,1.0,1.0,2.0,"Choose this place if you are looking for a quiet, secluded retreat with access to green space. Skip it if you require convenient access to transit, dining, shopping, or daily necessities."
369.86,Private room,4.84,4.0,2.0,2.0,1.0,64.0,True,2.0,1.0,3.0,"Choose this place if you are looking for a secluded, quiet environment away from the activity of the city. Skip it if you rely on public transit or want convenient access to dining, shopping, and daily necessities."
38.55,Private room,4.6,3.0,3.0,3.0,1.0,5.0,True,3.0,1.0,4.0,"Choose this place if you are seeking complete isolation and a quiet environment away from the bustle of the city. Skip it if you rely on public transit or want convenient access to dining, shopping, and everyday amenities."
140.0,Private room,4.59,2.0,1.0,1.0,1.0,27.0,False,1.0,1.0,2.0,"Choose this place if you are seeking complete seclusion and absolute quiet away from the activity of the city. Skip it if you require convenient access to public transportation, dining, shopping, or any local amenities."
279.5,Private room,4.0,2.0,1.0,1.0,1.0,5.0,False,1.0,1.0,2.0,"Choose this place if you are seeking complete isolation and total quiet away from the activity of the city. Skip it if you require convenient access to daily necessities, public transportation, or any form of local entertainment and dining."
357.0,Private room,5.0,2.0,2.0,2.0,2.0,107.0,True,2.0,2.0,4.0,"Choose this place if you are seeking a secluded, quiet environment away from the typical bustle of the city. Skip it if you rely on public transit or want convenient access to dining, shopping, and everyday amenities."
385.9,Entire home/apt,4.81,16.0,7.0,3.0,1.5,171.0,False,3.0,1.5,4.5,"Choose this place if you prioritize excellent subway access and a quiet, secluded environment away from the city's typical hustle. Skip it if you want convenient access to dining, shopping, groceries, or nightlife within walking distance."
249.43,Entire home/apt,4.91,2.0,3.0,2.0,1.0,32.0,False,2.0,1.0,3.0,"Choose this place if you are seeking complete isolation and a total escape from the typical bustle of the city. Skip it if you rely on public transit, require convenient access to daily essentials, or want to be within walking distance of dining and entertainment."
172.0,Entire home/apt,4.93,2.0,1.0,1.0,1.0,121.0,True,1.0,1.0,2.0,"Choose this place if you are seeking complete isolation and a total break from the activity of the city. Skip it if you require convenient access to daily necessities, public transportation, or any form of local entertainment and dining."
90.23,Entire home/apt,4.81,4.0,2.0,1.0,1.0,31.0,False,1.0,1.0,2.0,"Choose this place if you are looking for complete seclusion and an absolute lack of city activity. Skip it if you require convenient access to transit, dining, shops, or any typical urban amenities."
457.0,Private room,5.0,6.0,4.0,3.0,1.5,14.0,False,3.0,1.5,4.5,"Choose this place if you are looking for a secluded, quiet environment away from the typical bustle of the city. Skip it if you rely on public transit or want convenient access to shops, dining, and daily necessities."
131.67,Entire home/apt,4.85,9.0,7.0,2.0,1.0,34.0,False,2.0,1.0,3.0,"Choose this place if you are looking for a secluded, quiet environment away from the typical bustle of the city. Skip it if you rely on public transit or want convenient access to dining, shopping, and daily necessities."
58.85,Entire home/apt,5.0,4.0,1.0,2.0,1.0,1.0,False,2.0,1.0,3.0,"Choose this place if you are seeking complete isolation and a quiet environment away from the city bustle. Skip it if you require convenient access to daily necessities, public transportation, or any form of local entertainment and dining."
114.37,Entire home/apt,4.0,6.0,3.0,1.0,1.0,1.0,True,1.0,1.0,2.0,"Choose this place if you are seeking a secluded, quiet environment away from the bustle of city services and commercial activity. Skip it if you need convenient access to dining, shopping, or daily essentials and prefer a neighborhood with a lively atmosphere."
199.43,Private room,4.0,2.0,1.0,1.0,1.0,5.0,False,1.0,1.0,2.0,"Choose this place if you prioritize excellent transit access and a quiet, secluded environment. Skip it if you want convenient access to dining, shopping, groceries, or nightlife within walking distance."
385.5,Private room,5.0,2.0,2.0,2.0,2.0,10.0,True,2.0,2.0,4.0,"Choose this place if you are looking for a secluded, quiet environment away from the typical bustle of the city. Skip it if you rely on public transit or want easy access to dining, shopping, and everyday amenities."
160.0,Private room,5.0,2.0,1.0,1.0,1.0,32.0,True,1.0,1.0,2.0,"Choose this place if you are looking for complete isolation and a quiet environment away from the activity of the city. Skip it if you rely on public transit or want convenient access to dining, shopping, and everyday amenities."
189.0,Private room,4.88,2.0,1.0,1.0,1.0,25.0,True,1.0,1.0,2.0,"Choose this place if you are looking for complete seclusion and want to avoid the typical noise and activity of a city block. Skip it if you need convenient access to public transportation, dining, shops, or any daily amenities."
108.74,Entire home/apt,4.91,2.0,1.0,1.0,1.0,348.0,False,1.0,1.0,2.0,"Choose this place if you are looking for a secluded, quiet retreat away from the activity of the city. Skip it if you need convenient access to transit, dining, shopping, or daily necessities."
202.8,Entire home/apt,4.72,7.0,4.0,3.0,1.0,71.0,False,3.0,1.0,4.0,"Choose this place if you are seeking complete isolation and a quiet environment away from the city bustle. Skip it if you require convenient access to daily necessities, public transportation, or any form of local entertainment and dining."
111.22,Entire home/apt,5.0,3.0,3.0,1.0,1.0,6.0,True,1.0,1.0,2.0,"Choose this place if you are seeking complete isolation and a quiet environment away from the city bustle. Skip it if you require convenient access to daily necessities, public transportation, or any form of local entertainment and dining."
118.36,Entire home/apt,4.52,2.0,1.0,1.0,1.0,33.0,False,1.0,1.0,2.0,"Choose this place if you are seeking complete isolation and a quiet environment away from the city bustle. Skip it if you rely on public transit or want convenient access to dining, shopping, and everyday amenities."
183.63,Entire home/apt,4.93,2.0,4.0,3.0,1.0,14.0,True,3.0,1.0,4.0,"Choose this place if you are seeking complete isolation and a quiet environment away from the bustle of the city. Skip it if you require convenient access to public transportation, dining, shopping, or daily necessities."
151.2,Private room,4.0,2.0,3.0,3.0,1.5,1.0,False,3.0,1.5,4.5,"Choose this place if you are seeking a secluded, quiet environment away from the typical bustle of the city. Skip it if you rely on public transit or want convenient access to dining, shopping, and everyday amenities."
144.29,Entire home/apt,5.0,4.0,2.0,1.0,1.0,30.0,False,1.0,1.0,2.0,"Choose this place if you are looking for a secluded, quiet environment and have your own transportation. Skip it if you want easy access to daily necessities, public transit, or a vibrant neighborhood scene."
152.21,Entire home/apt,5.0,1.0,1.0,1.0,1.0,2.0,False,1.0,1.0,2.0,"Choose this place if you are seeking a completely secluded, quiet environment away from the typical bustle of the city. Skip it if you rely on public transit or require easy access to daily necessities, dining, and entertainment."
174.65,Entire home/apt,5.0,4.0,2.0,2.0,1.0,2.0,True,2.0,1.0,3.0,"Choose this place if you are seeking complete isolation and a quiet environment away from the bustle of the city. Skip it if you rely on public transit or want convenient access to dining, shopping, and everyday amenities."
130.6,Entire home/apt,5.0,3.0,1.0,1.0,1.0,22.0,True,1.0,1.0,2.0,"Choose this place if you are seeking complete isolation and a quiet environment away from the city bustle. Skip it if you require convenient access to public transit, daily necessities, dining, or local entertainment."
255.34,Entire home/apt,4.96,2.0,2.0,2.0,1.0,179.0,True,2.0,1.0,3.0,"Choose this place if you are looking for complete seclusion and a total break from the activity of the city. Skip it if you rely on public transit or want easy access to daily necessities like groceries, dining, and shops."
103.0,Private room,5.0,2.0,1.0,1.0,1.0,12.0,True,1.0,1.0,2.0,"Choose this place if you are seeking a secluded, quiet environment away from the activity of the city. Skip it if you rely on public transit or want convenient access to dining, shopping, and daily amenities."
87.3,Private room,3.0,2.0,1.0,1.0,1.0,3.0,False,1.0,1.0,2.0,"Choose this place if you are seeking a secluded, quiet environment away from the activity of the city. Skip it if you require convenient access to public transit, daily amenities, or local dining and entertainment options."
242.47,Private room,4.36,2.0,3.0,3.0,2.0,14.0,False,3.0,2.0,5.0,"Choose this place if you are looking for complete isolation and a quiet environment away from the city bustle. Skip it if you rely on public transit, need easy access to daily necessities like groceries and pharmacies, or want to be within walking distance of New York's dining and entertainment options."
171.19,Entire home/apt,4.94,3.0,2.0,2.0,1.0,93.0,False,2.0,1.0,3.0,"Choose this place if you are seeking complete seclusion and absolute quiet away from the activity of the city. Skip it if you require convenient access to daily essentials, dining, or any form of local entertainment."
222.53,Private room,4.73,2.0,1.0,1.0,1.0,112.0,False,1.0,1.0,2.0,"Choose this place if you are seeking complete isolation and a quiet environment away from the bustle of the city. Skip it if you rely on public transit, need immediate access to daily essentials like groceries and pharmacies, or want to be within walking distance of dining and entertainment."
61.73,Private room,4.5,2.0,1.0,2.0,1.0,29.0,False,2.0,1.0,3.0,"Choose this place if you are seeking a secluded, quiet environment away from the city's typical hustle and bustle. Skip it if you require convenient access to public transit, daily amenities, or local entertainment options."
265.67,Entire home/apt,5.0,4.0,2.0,2.0,1.0,3.0,True,2.0,1.0,3.0,"Choose this place if you are visiting Coney Island and prioritize absolute seclusion and quiet over convenience. Skip it if you rely on public transit, need easy access to daily essentials, or want to be within walking distance of dining, shopping, and nightlife."
237.97,Entire home/apt,5.0,6.0,1.0,3.0,2.0,2.0,False,3.0,2.0,5.0,"Choose this place if you are seeking a secluded, quiet environment away from the activity of the city. Skip it if you need convenient access to daily essentials, dining, or recreational amenities."
120.78,Entire home/apt,4.86,3.0,2.0,1.0,1.0,14.0,False,1.0,1.0,2.0,"Choose this place if you are looking for a secluded, quiet environment and have your own transportation. Skip it if you want to be within walking distance of daily necessities, dining, or public transit."
69.62,Private room,4.89,3.0,1.0,1.0,1.0,91.0,True,1.0,1.0,2.0,"Choose this place if you are seeking complete seclusion and want to avoid the typical noise and crowds of the city. Skip it if you rely on public transit or want easy access to daily necessities, dining, and entertainment."
137.87,Entire home/apt,5.0,2.0,1.0,1.0,1.0,17.0,False,1.0,1.0,2.0,"Choose this place if you are looking for a secluded, quiet environment and have your own transportation. Skip it if you want easy access to daily necessities, public transit, or a vibrant neighborhood scene."
326.0,Entire home/apt,4.76,2.0,2.0,2.0,1.0,244.0,True,2.0,1.0,3.0,"Choose this place if you are seeking a completely isolated and quiet environment away from the activity of the city. Skip it if you want convenient access to daily necessities, dining, or any form of local entertainment."
124.39,Private room,4.95,2.0,1.0,1.0,1.0,203.0,True,1.0,1.0,2.0,"Choose this place if you are seeking a secluded, quiet environment away from the activity of the city. Skip it if you rely on public transit or want easy access to restaurants, shops, and daily conveniences."
84.4,Entire home/apt,5.0,1.0,2.0,1.0,1.0,5.0,False,1.0,1.0,2.0,"Choose this place if you are seeking complete isolation and a quiet environment away from the city bustle. Skip it if you rely on public transit or want convenient access to dining, shopping, and everyday amenities."
128.23,Entire home/apt,5.0,4.0,1.0,2.0,1.0,5.0,False,2.0,1.0,3.0,"Choose this place if you are looking for an exceptionally quiet and secluded environment away from the bustle of the city. Skip it if you rely on public transit or want convenient access to dining, shopping, and everyday amenities."
375.0,Entire home/apt,4.83,2.0,2.0,2.0,1.0,109.0,True,2.0,1.0,3.0,"Choose this place if you are looking for an exceptionally quiet and secluded environment away from the bustle of the city. Skip it if you require convenient access to public transit, daily amenities, or a variety of dining and entertainment options."
238.0,Private room,4.9,4.0,3.0,2.0,1.0,270.0,True,2.0,1.0,3.0,"Choose this place if you are looking for complete seclusion and a quiet environment away from the city bustle. Skip it if you rely on public transit, need easy access to daily necessities like groceries and pharmacies, or want to be within walking distance of dining and entertainment."
245.0,Entire home/apt,4.81,2.0,2.0,1.0,1.0,85.0,True,1.0,1.0,2.0,"Choose this place if you are looking for complete seclusion and a quiet environment away from the activity of the city. Skip it if you rely on immediate access to daily essentials, dining, or local amenities."
274.5,Entire home/apt,4.8,2.0,3.0,2.0,1.0,230.0,True,2.0,1.0,3.0,"Choose this place if you are seeking extreme seclusion and are fully prepared to be self-sufficient. Skip it if you require convenient access to daily necessities, public transportation, or any form of local activity."
239.19,Entire home/apt,4.8,8.0,3.0,3.0,1.5,82.0,False,3.0,1.5,4.5,"Choose this place if you are seeking complete isolation and a quiet environment away from the city bustle. Skip it if you require convenient access to daily necessities, public transportation, or any form of local entertainment and dining."
213.87,Entire home/apt,4.89,4.0,2.0,2.0,1.0,35.0,False,2.0,1.0,3.0,"Choose this place if you are seeking complete isolation and absolute quiet away from the activity of the city. Skip it if you require convenient access to daily essentials, public transportation, or any form of entertainment and dining."
135.13,Entire home/apt,4.89,4.0,2.0,2.0,1.0,9.0,False,2.0,1.0,3.0,"Choose this place if you are seeking absolute isolation and a complete lack of urban activity. Skip it if you require convenient access to daily necessities, public transportation, or any form of local entertainment."
111.43,Entire home/apt,4.0,2.0,1.0,2.0,1.0,1.0,True,2.0,1.0,3.0,"Choose this place if you are seeking complete isolation and absolute quiet away from the activity of the city. Skip it if you require convenient access to daily essentials, public transportation, or any form of local entertainment and dining."
73.8,Entire home/apt,4.92,2.0,1.0,1.0,1.0,156.0,False,1.0,1.0,2.0,"Choose this place if you are seeking absolute seclusion and a quiet environment away from the bustle of the city. Skip it if you require convenient access to public transportation, dining, shopping, or daily necessities."
147.12,Entire home/apt,4.82,4.0,2.0,2.0,1.0,11.0,False,2.0,1.0,3.0,"Choose this place if you are seeking a secluded, quiet environment away from the activity of the city. Skip it if you require convenient access to public transit, dining, shopping, or daily necessities."
203.77,Entire home/apt,5.0,4.0,3.0,2.0,1.0,3.0,False,2.0,1.0,3.0,"Choose this place if you are seeking a secluded, quiet environment away from the typical bustle of the city. Skip it if you need convenient access to daily essentials, public transportation, or a variety of dining and entertainment options."
164.18,Entire home/apt,4.43,5.0,2.0,2.0,1.0,40.0,False,2.0,1.0,3.0,"Choose this place if you are seeking an extremely quiet, isolated retreat away from the bustle of the city. Skip it if you require convenient access to public transit, daily necessities, or any form of local entertainment and dining."
157.5,Private room,5.0,2.0,2.0,2.0,1.0,12.0,False,2.0,1.0,3.0,"Choose this place if you are looking for a secluded, quiet environment away from the typical bustle of the city. Skip it if you rely on public transit or want convenient access to dining, shopping, and everyday amenities."
508.0,Entire home/apt,4.71,6.0,3.0,3.0,2.0,35.0,False,3.0,2.0,5.0,"Choose this place if you are seeking complete seclusion and a quiet environment away from the city bustle. Skip it if you require convenient access to public transportation, dining, shops, or daily necessities."
112.47,Entire home/apt,4.0,4.0,2.0,2.0,1.0,3.0,False,2.0,1.0,3.0,"Choose this place if you are seeking a secluded, quiet environment away from the activity of the city. Skip it if you rely on public transit or want convenient access to dining, shopping, and daily necessities."
314.19,Entire home/apt,4.64,14.0,7.0,7.0,4.0,22.0,False,7.0,4.0,11.0,"Choose this place if you are seeking a secluded, quiet environment away from the bustle of the city. Skip it if you require convenient access to daily essentials, public transit, or local dining and entertainment."
83.72,Entire home/apt,1.0,2.0,1.0,1.0,1.0,1.0,False,1.0,1.0,2.0,"Choose this place if you are looking for complete seclusion and a quiet environment away from the city bustle. Skip it if you require convenient access to public transportation, dining, shopping, or any essential daily amenities."
127.96,Entire home/apt,5.0,2.0,1.0,1.0,1.0,2.0,False,1.0,1.0,2.0,"Choose this place if you are seeking complete isolation and a total escape from the bustle of the city. Skip it if you require convenient access to daily essentials, dining, or any form of local activity."
201.5,Entire home/apt,4.96,2.0,1.0,1.0,1.0,257.0,True,1.0,1.0,2.0,"Choose this place if you are seeking complete isolation and a quiet environment away from the bustle of the city. Skip it if you require convenient access to daily necessities, public transportation, or any form of local entertainment and dining."
184.39,Entire home/apt,4.67,4.0,2.0,2.0,1.0,6.0,False,2.0,1.0,3.0,"Choose this place if you are seeking complete seclusion and absolute quiet away from the activity of the city. Skip it if you require convenient access to transit, dining, shopping, or any daily necessities."
357.04,Entire home/apt,5.0,10.0,6.0,3.0,2.0,3.0,True,3.0,2.0,5.0,"Choose this place if you are seeking a secluded, quiet environment away from the bustle of the city. Skip it if you rely on public transit or want convenient access to dining, shopping, and daily essentials."
138.3,Entire home/apt,5.0,3.0,2.0,2.0,1.0,2.0,True,2.0,1.0,3.0,"Choose this place if you are looking for an exceptionally quiet, isolated retreat away from the activity of the city. Skip it if you need convenient access to daily essentials, public transportation, or any form of local entertainment and dining."
96.51,Entire home/apt,4.92,4.0,2.0,1.0,1.0,183.0,False,1.0,1.0,2.0,"Choose this place if you are seeking complete isolation and absolute quiet away from the activity of the city. Skip it if you require convenient access to daily essentials, public transportation, or any form of local entertainment and dining."
243.25,Entire home/apt,4.84,4.0,2.0,2.0,1.0,93.0,False,2.0,1.0,3.0,"Choose this place if you are looking for a secluded, quiet retreat and plan to be completely self-sufficient. Skip it if you rely on public transit, want easy access to daily necessities, or enjoy the convenience of nearby dining and entertainment."
187.17,Entire home/apt,4.77,4.0,2.0,2.0,1.0,52.0,False,2.0,1.0,3.0,"Choose this place if you are seeking complete isolation and a quiet environment away from the city bustle. Skip it if you require convenient access to daily necessities, public transportation, or any form of local activity and entertainment."
205.5,Private room,5.0,4.0,1.0,2.0,1.0,1.0,False,2.0,1.0,3.0,"Choose this place if you are seeking absolute seclusion and a total break from the bustle of the city. Skip it if you rely on public transit, need easy access to daily essentials, or want to be within walking distance of restaurants and entertainment."
380.5,Private room,4.69,7.0,3.0,3.0,2.0,16.0,False,3.0,2.0,5.0,"Choose this place if you are seeking complete seclusion and a quiet environment away from the bustle of the city. Skip it if you rely on public transit or want convenient access to dining, shopping, and everyday amenities."
54.94,Entire home/apt,4.86,6.0,3.0,3.0,1.0,36.0,False,3.0,1.0,4.0,"Choose this place if you are seeking complete seclusion and absolute quiet away from the city bustle. Skip it if you require convenient access to transit, dining, shopping, or any typical urban amenities."
95.32,Entire home/apt,5.0,3.0,2.0,2.0,1.0,9.0,True,2.0,1.0,3.0,"Choose this place if you are seeking complete seclusion and a quiet environment away from the activity of the city. Skip it if you rely on public transit or want convenient access to dining, shopping, and everyday amenities."
238.24,Entire home/apt,4.5,4.0,2.0,2.0,1.0,4.0,False,2.0,1.0,3.0,"Choose this place if you are seeking complete isolation and absolute quiet away from the activity of the city. Skip it if you require convenient access to transit, dining, shopping, or daily necessities."
232.5,Private room,5.0,2.0,2.0,2.0,1.0,1.0,False,2.0,1.0,3.0,"Choose this place if you are seeking complete isolation and a quiet environment far from the bustle of the city. Skip it if you require convenient access to daily necessities, public transportation, or any form of local entertainment and dining."
1036.5,Entire home/apt,4.91,6.0,3.0,2.0,1.0,44.0,False,2.0,1.0,3.0,"Choose this place if you are seeking complete seclusion and a quiet environment away from the bustle of the city. Skip it if you require convenient access to public transportation, dining, shops, or daily necessities."
362.5,Private room,4.89,6.0,3.0,3.0,2.0,9.0,False,3.0,2.0,5.0,"Choose this place if you are seeking complete isolation and a total escape from the bustle of city life. Skip it if you need convenient access to daily essentials, public transportation, or any form of local entertainment and dining."
192.5,Entire home/apt,4.79,4.0,2.0,1.0,1.0,34.0,False,1.0,1.0,2.0,"Choose this place if you are seeking complete isolation and a quiet environment away from the activity of the city. Skip it if you require convenient access to daily necessities, public transportation, or any form of local entertainment and dining."
656.5,Entire home/apt,4.87,5.0,3.0,2.0,1.0,30.0,False,2.0,1.0,3.0,"Choose this place if you are seeking complete seclusion and a quiet environment away from the bustle of the city. Skip it if you require convenient access to public transit, daily necessities, or any form of local entertainment and dining."
252.21,Private room,4.74,2.0,1.0,1.0,1.0,87.0,False,1.0,1.0,2.0,"Choose this place if you are seeking complete isolation and a quiet environment away from the city bustle. Skip it if you require convenient access to daily necessities, public transportation, or any form of local entertainment and dining."
285.3,Entire home/apt,4.94,2.0,3.0,2.0,1.0,114.0,True,2.0,1.0,3.0,"Choose this place if you are looking for complete isolation and a quiet environment away from the city bustle. Skip it if you require convenient access to daily necessities, public transportation, or any form of local entertainment and dining."
116.84,Entire home/apt,5.0,5.0,3.0,2.0,1.5,2.0,False,2.0,1.5,3.5,"Choose this place if you are seeking complete isolation and absolute quiet away from the activity of the city. Skip it if you require convenient access to daily necessities, public transportation, or any form of local entertainment."
189.0,Private room,4.74,5.0,3.0,3.0,1.5,39.0,False,3.0,1.5,4.5,"Choose this place if you are looking for complete isolation and a quiet environment away from the city bustle. Skip it if you require convenient access to daily essentials, public transportation, or any form of local entertainment and dining."
72.06,Private room,4.84,2.0,1.0,1.0,1.0,116.0,True,1.0,1.0,2.0,"Choose this place if you are seeking complete seclusion and absolute quiet away from the activity of the city. Skip it if you rely on public transit, need immediate access to daily essentials, or want to be within walking distance of dining and entertainment."
404.91,Entire home/apt,4.95,6.0,4.0,4.0,2.0,78.0,False,4.0,2.0,6.0,"Choose this place if you are looking for complete seclusion and a quiet environment away from the activity of the city. Skip it if you rely on public transit or want convenient access to dining, shopping, and everyday amenities."
61.47,Private room,5.0,1.0,2.0,2.0,1.0,2.0,False,2.0,1.0,3.0,"Choose this place if you are seeking complete isolation and absolute quiet away from the activity of the city. Skip it if you need convenient access to daily essentials, public transportation, or any form of local entertainment and dining."
102.47,Entire home/apt,4.8,2.0,2.0,1.0,1.0,60.0,False,1.0,1.0,2.0,"Choose this place if you are looking for absolute seclusion and a complete break from the activity of a typical city neighborhood. Skip it if you require convenient access to daily necessities, dining, or any form of local entertainment."
328.17,Entire home/apt,4.83,6.0,12.0,6.0,3.5,29.0,False,6.0,3.5,9.5,"Choose this place if you are seeking complete isolation and a quiet environment away from the bustle of the city. Skip it if you require convenient access to public transportation, dining, shops, or any daily amenities."
277.65,Entire home/apt,4.75,6.0,1.0,1.0,1.0,4.0,True,1.0,1.0,2.0,"Choose this place if you are looking for complete seclusion and isolation near Coney Island. Skip it if you want convenient access to transit, dining, shopping, or any typical city amenities."
142.53,Entire home/apt,4.85,6.0,4.0,2.0,1.0,27.0,False,2.0,1.0,3.0,"Choose this place if you are seeking complete isolation and a total escape from the bustle of the city. Skip it if you require convenient access to daily essentials, public transportation, or any form of local activity."
290.41,Entire home/apt,4.6,6.0,3.0,3.0,2.0,84.0,False,3.0,2.0,5.0,"Choose this place if you are seeking complete seclusion and absolute quiet away from the city bustle. Skip it if you require convenient access to daily essentials, public transportation, or any form of local entertainment and dining."
143.57,Entire home/apt,5.0,1.0,2.0,1.0,1.0,10.0,False,1.0,1.0,2.0,"Choose this place if you are seeking complete isolation and absolute quiet away from the city bustle. Skip it if you require convenient access to daily essentials, public transportation, or any form of local entertainment."
143.0,Private room,4.82,2.0,1.0,1.0,1.0,74.0,True,1.0,1.0,2.0,"Choose this place if you are seeking complete isolation and a quiet environment away from the city bustle. Skip it if you require convenient access to daily necessities, public transportation, or any form of local entertainment and dining."
288.0,Private room,4.96,2.0,1.0,1.0,1.0,24.0,False,1.0,1.0,2.0,"Choose this place if you are seeking complete seclusion and absolute quiet away from the activity of the city. Skip it if you require convenient access to daily necessities, public transportation, or any form of local entertainment."
196.57,Private room,4.87,2.0,4.0,3.0,1.0,31.0,False,3.0,1.0,4.0,"Choose this place if you are seeking complete isolation and absolute quiet away from the activity of the city. Skip it if you require convenient access to daily necessities, public transportation, or any form of local entertainment and dining."
130.9,Entire home/apt,5.0,5.0,4.0,3.0,1.5,6.0,False,3.0,1.5,4.5,"Choose this place if you are seeking a completely isolated and quiet environment away from the bustle of the city. Skip it if you need convenient access to daily essentials, public transportation, or any form of local activity and amenities."
317.99,Entire home/apt,4.89,16.0,4.0,2.0,1.0,18.0,False,2.0,1.0,3.0,"Choose this place if you are looking for a secluded, quiet environment away from the bustle of the city. Skip it if you require convenient access to public transportation, dining, shopping, or daily necessities."
192.86,Private room,5.0,4.0,3.0,2.0,1.0,17.0,False,2.0,1.0,3.0,"Choose this place if you are looking for complete seclusion and absolute quiet. Skip it if you need easy access to daily necessities, public transportation, or any form of entertainment."
549.0,Entire home/apt,4.95,6.0,3.0,3.0,2.0,120.0,True,3.0,2.0,5.0,"Choose this place if you are seeking complete isolation and a quiet environment away from the city bustle. Skip it if you require convenient access to daily necessities, public transportation, or any form of local activity."
253.91,Entire home/apt,4.85,2.0,2.0,1.0,1.0,148.0,True,1.0,1.0,2.0,"Choose this place if you are looking for a secluded, quiet retreat and plan to rely on your own transportation to visit Coney Island. Skip it if you want convenient access to city amenities, public transit, or a walkable neighborhood with shops and dining."
211.56,Entire home/apt,5.0,6.0,6.0,3.0,2.0,2.0,False,3.0,2.0,5.0,"Choose this place if you are looking for complete seclusion and a quiet environment away from the city bustle. Skip it if you require convenient access to daily essentials, public transportation, or any form of local entertainment and dining."
294.0,Entire home/apt,4.7,7.0,3.0,3.0,2.0,53.0,False,3.0,2.0,5.0,"Choose this place if you are seeking complete seclusion and absolute quiet away from the activity of the city. Skip it if you require convenient access to daily necessities, public transportation, or any form of local entertainment."
223.01,Entire home/apt,4.74,4.0,3.0,2.0,1.0,19.0,False,2.0,1.0,3.0,"Choose this place if you are seeking complete isolation and absolute quiet away from the city bustle. Skip it if you require convenient access to transit, food, shopping, or any typical urban amenities."
166.51,Private room,4.92,7.0,2.0,3.0,1.0,12.0,False,3.0,1.0,4.0,"Choose this place if you are seeking complete isolation and a quiet environment away from the city bustle. Skip it if you require convenient access to daily necessities, public transportation, or any form of local entertainment."
149.0,Private room,4.92,2.0,2.0,2.0,1.0,220.0,True,2.0,1.0,3.0,"Choose this place if you are seeking complete isolation and a quiet environment away from the activity of the city. Skip it if you require convenient access to daily necessities, public transportation, or any form of local entertainment and dining."
159.76,Entire home/apt,4.81,3.0,1.0,1.0,1.0,16.0,True,1.0,1.0,2.0,"Choose this place if you are looking for a secluded retreat near Coney Island and prefer total isolation over urban convenience. Skip it if you rely on public transit, need immediate access to shops or dining, or want to be within walking distance of typical city amenities."
61.66,Private room,2.0,1.0,1.0,1.0,1.0,1.0,False,1.0,1.0,2.0,"Choose this place if you are seeking complete isolation and absolute quiet away from the city bustle. Skip it if you require easy access to public transportation, daily conveniences, or any form of local entertainment and dining."
104.6,Entire home/apt,5.0,2.0,1.0,1.0,1.0,3.0,False,1.0,1.0,2.0,"Choose this place if you are seeking complete isolation and a quiet environment away from the city bustle. Skip it if you require convenient access to daily necessities, public transportation, or any form of local entertainment and dining."
67.85,Entire home/apt,4.66,4.0,2.0,1.0,1.0,242.0,True,1.0,1.0,2.0,"Choose this place if you are looking for complete isolation and a quiet environment away from the activity of the city. Skip it if you rely on public transit or want easy access to dining, shopping, and everyday conveniences."
294.0,Entire home/apt,4.38,4.0,3.0,2.0,1.0,61.0,False,2.0,1.0,3.0,"Choose this place if you are seeking complete isolation and absolute quiet away from the activity of the city. Skip it if you require convenient access to daily necessities, public transportation, or any form of local entertainment and dining."
352.59,Entire home/apt,4.95,10.0,5.0,5.0,3.0,20.0,True,5.0,3.0,8.0,"Choose this place if you are seeking complete isolation and a total absence of urban activity. Skip it if you require access to basic necessities, public transportation, or any form of local amenities."
135.83,Entire home/apt,3.25,1.0,1.0,1.0,1.0,4.0,False,1.0,1.0,2.0,"Choose this place if you are looking for absolute seclusion and have no need for local amenities or public transit. Skip it if you want to be within walking distance of food, shops, entertainment, or any form of transportation."
213.96,Entire home/apt,4.9,6.0,6.0,3.0,2.5,105.0,False,3.0,2.5,5.5,"Choose this place if you are seeking complete seclusion and absolute quiet away from the activity of the city. Skip it if you require convenient access to daily necessities, public transportation, or any form of local entertainment and dining."
278.51,Entire home/apt,4.33,12.0,7.0,3.0,1.0,6.0,True,3.0,1.0,4.0,"Choose this place if you are seeking complete isolation and absolute quiet away from the activity of the city. Skip it if you require convenient access to daily necessities, public transportation, or any form of local entertainment and dining."
162.15,Entire home/apt,4.64,5.0,3.0,2.0,1.0,14.0,False,2.0,1.0,3.0,"Choose this place if you are looking for absolute seclusion and a complete break from the activity of the city. Skip it if you need convenient access to daily essentials, public transportation, or any form of local entertainment."
99.56,Entire home/apt,4.87,2.0,2.0,1.0,1.0,339.0,False,1.0,1.0,2.0,"Choose this place if you are seeking complete isolation and absolute quiet away from the activity of the city. Skip it if you require convenient access to daily essentials, public transportation, or any form of local entertainment and dining."
171.11,Entire home/apt,3.0,3.0,1.0,1.0,1.0,2.0,False,1.0,1.0,2.0,"Choose this place if you are seeking complete seclusion and absolute quiet away from the activity of the city. Skip it if you rely on public transit or want convenient access to food, shopping, and entertainment."
218.67,Entire home/apt,5.0,2.0,1.0,1.0,1.0,1.0,False,1.0,1.0,2.0,"Choose this place if you are seeking complete isolation and absolute quiet away from the activity of the city. Skip it if you require convenient access to daily necessities, public transportation, or any form of local entertainment."
375.45,Entire home/apt,4.86,5.0,3.0,3.0,2.0,138.0,True,3.0,2.0,5.0,"Choose this place if you are seeking complete isolation and absolute quiet away from the activity of the city. Skip it if you require convenient access to daily necessities, public transportation, or any form of local entertainment and dining."
108.52,Entire home/apt,4.81,6.0,3.0,1.0,1.0,94.0,True,1.0,1.0,2.0,"Choose this place if you are seeking complete isolation and absolute quiet away from the activity of the city. Skip it if you require convenient access to daily necessities, public transportation, or any form of local entertainment and dining."
105.3,Entire home/apt,4.72,2.0,1.0,1.0,1.0,47.0,False,1.0,1.0,2.0,"Choose this place if you are seeking complete isolation and absolute quiet away from the city bustle. Skip it if you require convenient access to daily essentials, public transportation, or any form of local entertainment."
100.7,Entire home/apt,5.0,2.0,2.0,1.0,1.0,8.0,True,1.0,1.0,2.0,"Choose this place if you are seeking complete seclusion and absolute quiet away from the activity of the city. Skip it if you require convenient access to daily essentials, public transportation, or any form of local entertainment and dining."
73.19,Entire home/apt,5.0,4.0,1.0,1.0,1.0,2.0,False,1.0,1.0,2.0,"Choose this place if you are seeking complete isolation and absolute quiet away from the activity of the city. Skip it if you require convenient access to daily necessities, public transportation, or any form of local entertainment."
144.88,Entire home/apt,4.51,5.0,2.0,2.0,1.0,37.0,False,2.0,1.0,3.0,"Choose this place if you are looking for complete seclusion and an absolute escape from the bustle of the city. Skip it if you need convenient access to daily essentials, public transportation, or any form of local activity."
120.2,Entire home/apt,4.33,4.0,2.0,2.0,1.0,6.0,False,2.0,1.0,3.0,"Choose this place if you are looking for complete seclusion and a quiet environment away from the city bustle. Skip it if you require convenient access to daily necessities, public transportation, or any form of local entertainment and dining."
289.85,Entire home/apt,4.38,4.0,2.0,2.0,2.0,13.0,False,2.0,2.0,4.0,"Choose this place if you are seeking complete isolation and a total escape from the bustle of the city. Skip it if you require convenient access to daily essentials, public transportation, or any form of local activity."
317.0,Entire home/apt,4.0,4.0,2.0,2.0,1.0,3.0,False,2.0,1.0,3.0,"Choose this place if you are looking for complete seclusion and absolute quiet away from the activity of the city. Skip it if you need convenient access to daily essentials, public transportation, or any form of local amenities and services."
476.5,Entire home/apt,4.95,8.0,5.0,3.0,2.0,104.0,True,3.0,2.0,5.0,"Choose this place if you are seeking complete isolation and absolute quiet away from the activity of the city. Skip it if you require convenient access to daily necessities, public transportation, or any form of local amenities."
365.5,Entire home/apt,4.76,4.0,3.0,3.0,2.0,131.0,False,3.0,2.0,5.0,"Choose this place if you are seeking complete isolation and absolute quiet away from the activity of the city. Skip it if you require convenient access to daily necessities, public transportation, or any form of local amenities."
248.9,Entire home/apt,4.65,6.0,3.0,3.0,2.0,48.0,False,3.0,2.0,5.0,"Choose this place if you are seeking complete isolation and absolute quiet away from the activity of the city. Skip it if you require convenient access to daily necessities, public transportation, or any form of local amenities."
96.71,Entire home/apt,4.94,2.0,2.0,1.0,1.0,121.0,False,1.0,1.0,2.0,"Choose this place if you are seeking complete isolation and absolute quiet away from the activity of the city. Skip it if you require convenient access to daily necessities, public transportation, or any form of local amenities and services."
98.53,Entire home/apt,4.74,2.0,1.0,1.0,1.0,23.0,False,1.0,1.0,2.0,"Choose this place if you are seeking complete isolation and absolute quiet away from the activity of the city. Skip it if you require convenient access to daily necessities, public transportation, or any form of local amenities."
204.84,Entire home/apt,4.85,14.0,5.0,3.0,2.0,13.0,False,3.0,2.0,5.0,"Choose this place if you are seeking complete seclusion and have your own transportation. Skip it if you want convenient access to daily necessities, public transit, or any local amenities."
