price,room_type,ratings,guests,bathrooms,property_number_of_reviews,is_superhost,num_bedrooms,num_baths,surroundings_summary
284.1,Entire home/apt,4.91,3.0,1.0,11.0,False,1.0,1.0,"Dense clusters of cafes, shops, and restaurants define this location situated steps from rapid transit and sports facilities. The neighborhood sits adjacent to Herald Square, providing immediate access to major transit hubs and iconic landmarks."
323.33,Private room,4.74,1.0,1.0,43.0,False,2.0,1.0,"Dense clusters of retail, cafes, and hotels define the streetscape near Herald Square and Bryant Park. Grocery markets and sports facilities are located steps away from these central thoroughfares."
690.98,Private room,4.0,8.0,2.0,1.0,False,2.0,2.0,"High-density concentrations of luxury hotels, retail boutiques, and fitness centers define this corridor situated directly beside the Empire State Building. Grocery markets and cultural venues are located steps away from these thoroughfares."
588.0,Entire home/apt,4.0,2.0,1.0,5.0,False,1.0,1.0,"Dense concentrations of retail, cafes, and entertainment venues define the immediate surroundings of Times Square. Hotels and sports facilities sit within the immediate vicinity of these transit-accessible corridors."
290.0,Private room,4.14,2.0,1.0,7.0,False,1.0,1.0,"High-density athletics facilities and commercial lodging define the streetscape, while fresh grocery markets sit immediately outside the front door. This location remains a short walk from the Flatiron Building and Madison Square Park."
1452.0,Private room,5.0,12.0,3.0,1.0,False,3.0,3.0,"Dense clusters of entertainment venues, hotels, and shops define this location adjacent to Rockefeller Center. Cultural venues and public parks remain accessible within a short walk of the surrounding streets."
1199.0,Entire home/apt,5.0,5.0,1.0,21.0,True,2.0,1.0,"High-density athletic facilities and a concentration of hotels define the immediate surroundings, while cultural venues sit directly on the doorstep. Residents enjoy a short walk to Madison Square Park and local grocery markets."
312.68,Entire home/apt,4.73,4.0,1.0,15.0,False,1.0,1.0,"High-density transit hubs and entertainment venues define the immediate surroundings, with cultural institutions located just steps away. Proximity to Times Square and Madison Square Garden anchors this central district within the city's primary transit network."
595.92,Private room,4.46,8.0,1.0,56.0,False,1.0,1.0,"High-density retail corridors and fitness facilities define the streetscape, which sits steps away from rapid transit connections. Hotels occupy the immediate surroundings, placing the location a couple minutes from Madison Square Garden."
475.05,Entire home/apt,3.0,5.0,1.0,1.0,False,1.0,1.0,"High-density entertainment venues and transit hubs define the immediate surroundings, while nearby parks provide accessible open space. Proximity to Madison Square Garden places the location at the center of the city's most active corridors."
266.0,Private room,4.4,2.0,1.0,15.0,False,1.0,1.0,"Dense clusters of cafes, galleries, and shops define the streetscape, while grocery markets and sports facilities remain accessible within steps. The New Museum and the Manhattan Bridge are both located about 10 minutes away."
164.73,Entire home/apt,4.87,2.0,1.0,23.0,True,2.0,1.0,"Densely concentrated cafes and grocery stores define the streetscape, while a high density of museums and galleries offers cultural depth. The New Museum and the Manhattan Bridge are a short walk away, with hotels located steps from the block."
724.27,Entire home/apt,4.83,6.0,1.0,6.0,True,2.0,1.0,Times Square anchors a dense concentration of entertainment venues and hotels that contrasts with the immediate availability of grocery markets and cultural institutions. This central hub sits within walking distance of Rockefeller Center and Bryant Park.
325.0,Private room,4.46,2.0,1.0,61.0,False,1.0,1.0,"Concentrated clusters of museums, galleries, and cafes define this neighborhood, which also maintains immediate access to local grocery stores and hotels. The New Museum sits a short walk away, while the Manhattan Bridge is reachable in about ten minutes."
232.42,Private room,4.86,2.0,1.0,7.0,False,1.0,1.0,"High concentrations of fitness facilities, retail storefronts, and entertainment venues define the immediate surroundings. Cultural institutions and fresh food markets are located steps away from the property."
454.78,Entire home/apt,4.33,6.0,1.0,3.0,False,3.0,1.0,"High-density entertainment venues and extensive subway transit access define the immediate surroundings. Hotels and cultural institutions sit steps away, while Times Square and Hudson Yards remain within a short commute."
198.53,Private room,4.9,4.0,1.0,39.0,True,1.0,1.0,"High concentrations of grocery stores, dining, and cafes distinguish this location from the rest of the city. Cultural venues are situated on the doorstep, and the Manhattan Bridge is a short walk away."
207.0,Hotel room,4.0,4.0,1.0,1.0,False,1.0,1.0,Proximity to the Manhattan Bridge offers immediate access to extensive dining and museum options that rank among the most concentrated in the city. Residents also benefit from a short walk to nearby parks and open space.
155.03,Entire home/apt,5.0,3.0,1.0,1.0,False,1.0,1.0,"Museums and galleries sit alongside a high concentration of grocery stores and nightlife venues. Sports facilities are located steps away, while the New Museum is a short walk from the area."
336.65,Entire home/apt,4.98,3.0,1.5,47.0,False,1.0,1.5,High-density entertainment venues and nightlife hubs define the immediate surroundings of Times Square. Hotels and cultural institutions sit steps away from the transit-rich intersection of major subway lines.
615.0,Hotel room,5.0,2.0,1.0,2.0,False,1.0,1.0,"High-density nightlife venues and a concentration of museums and galleries define the neighborhood, which sits a couple minutes from the New Museum. Hotels are located steps away from these cultural and social hubs."
285.17,Entire home/apt,4.83,4.0,1.0,6.0,False,1.0,1.0,"High concentrations of fitness facilities, grocery stores, and hotels distinguish this neighborhood from the rest of the city. Cultural venues are located steps away, while Madison Square Park is accessible via a short walk."
214.9,Entire home/apt,4.81,2.0,1.0,16.0,False,2.0,1.0,"This neighborhood features a dense concentration of world-class dining, art galleries, and museums alongside immediate access to the expansive green space of Washington Square Park. Residents benefit from a short walk to local sports facilities and rapid transit connections."
318.27,Private room,4.75,4.0,1.0,129.0,False,2.0,1.0,"High-density grocery options and extensive transit connectivity define the immediate surroundings, which also sit within walking distance of the Manhattan Bridge. Proximity to major museums and local parks provides a balance between urban infrastructure and open space."
154.22,Entire home/apt,4.33,1.0,1.0,6.0,False,1.0,1.0,"High-density concentrations of fitness facilities and commercial lodging define the streetscape, which sits steps away from expansive public parkland. Proximity to cultural venues and landmarks like Rockefeller Center provides immediate access to the city's primary tourist and recreational hubs."
289.35,Private room,3.68,2.0,1.0,31.0,False,1.0,1.0,"High-density entertainment venues, dining, and nightlife define this location, which sits a couple minutes from Times Square. Hotels and markets are immediately accessible to support the surrounding concentration of cultural landmarks."
245.8,Entire home/apt,5.0,3.0,2.0,2.0,False,1.0,2.0,"Dense concentrations of grocery stores and transit hubs define this neighborhood, which also sits within walking distance of the Manhattan Bridge. Extensive museum and gallery access complements the nearby parks and hotels available to visitors."
397.7,Entire home/apt,4.62,4.0,1.0,81.0,False,1.0,1.0,"High concentrations of fitness facilities and grocery stores contrast with the dense presence of hotels throughout the neighborhood. Cultural venues sit on the doorstep, while Madison Square Park remains a short walk away."
547.36,Entire home/apt,4.83,4.0,1.0,46.0,True,1.0,1.0,"High concentrations of grocery stores, museums, and nightlife venues define this neighborhood's dense urban fabric. Rapid transit stations are within a short walk, and the New Museum is located about 10 minutes away."
116.15,Entire home/apt,4.7,2.0,1.0,37.0,False,1.0,1.0,"High concentrations of dining, nightlife, and cultural institutions distinguish this neighborhood from the rest of the city. Washington Square Park sits steps away, and the area remains a short walk from rapid transit."
388.43,Entire home/apt,5.0,2.0,1.0,1.0,False,2.0,1.0,"High-density nightlife and dining options define this location, which remains just steps away from rapid transit. Tompkins Square Park sits within a short walk of these active corridors."
418.61,Entire home/apt,3.0,3.0,1.0,1.0,False,1.0,1.0,"High-density entertainment venues and nightlife options define the immediate surroundings, which sit within a short walk of Rockefeller Center. Hotels occupy the doorstep of this corridor, providing direct access to the concentrated dining and performance spaces located near Carnegie Hall."
283.55,Entire home/apt,4.81,1.0,1.0,62.0,False,1.0,1.0,"High concentrations of fitness facilities and retail shops define the streetscape, while nearby galleries provide a cultural counterbalance. The Flatiron Building is a short walk away, offering convenient access to the neighborhood's dense transit network."
276.7,Entire home/apt,4.82,2.0,1.0,11.0,True,1.0,1.0,"Concentrations of museums, galleries, and major attractions define the neighborhood, while nearby gyms and sports facilities provide a sharp contrast to the dense cultural landscape. Residents enjoy immediate access to local hotels and are situated about 10 minutes from the Woolworth Building."
656.33,Entire home/apt,4.88,5.0,1.0,110.0,True,2.0,1.0,"High-density cultural attractions and abundant cafes define this neighborhood, which sits adjacent to Federal Hall and the New York Stock Exchange. Sports facilities are located on the doorstep, providing active recreation within a landscape dominated by historic landmarks and major green spaces."
210.2,Entire home/apt,5.0,2.0,1.0,6.0,False,1.0,1.0,"Concentrated dining, nightlife, and cafe options define the immediate surroundings, which also feature cultural venues and markets within walking distance. Washington Square Park sits a short walk away from these dense urban amenities."
139.49,Private room,4.5,2.0,1.0,688.0,False,1.0,1.0,"Dense concentrations of historic attractions and cafes define this neighborhood, which sits steps away from public sports facilities and open park space. Federal Hall and the New York Stock Exchange anchor the surrounding streets, placing the location within walking distance of the 9/11 Memorial & Museum."
745.0,Private room,5.0,3.0,1.0,5.0,False,1.0,1.0,"Extensive green space and a high density of cultural institutions define this neighborhood, which sits adjacent to Central Park. Sports facilities and numerous hotels are located within immediate walking distance of these major landmarks."
449.27,Entire home/apt,5.0,2.0,1.0,1.0,False,1.0,1.0,"Dense concentrations of dining, nightlife, and entertainment venues define this neighborhood's vibrant streetscape. Cultural institutions and rapid transit stations are located steps away, while Washington Square Park remains a short walk from the center of the activity."
878.86,Entire home/apt,4.94,2.0,1.0,36.0,True,1.0,1.0,"Dense concentrations of dining, nightlife, and cafes define this neighborhood's vibrant streetscape. Rapid transit access sits steps away, placing the area within a short walk of Washington Square Park."
112.43,Private room,5.0,3.0,1.0,2.0,False,1.0,1.0,"High concentrations of major attractions, hotels, and grocery stores define this neighborhood, which sits within walking distance of the Empire State Building. Residents benefit from immediate access to sports facilities and nearby cultural venues."
59.11,Entire home/apt,4.6,1.0,1.0,5.0,True,1.0,1.0,"High-density entertainment venues and nightlife options define this location, which sits a short walk from Times Square. Hotels and cultural venues are situated on the doorstep, providing immediate access to the city's transit network."
628.0,Private room,5.0,4.0,2.0,1.0,False,1.0,2.0,"High-density cultural attractions and transit hubs sit alongside immediate access to the expansive green space of Central Park. Local sports facilities are located steps away from the neighborhood, which is situated a short walk from Columbus Circle."
149.39,Entire home/apt,5.0,2.0,1.0,1.0,False,1.0,1.0,"Dense clusters of cafes and hotels define the immediate surroundings of Grand Central Terminal, while nearby parks provide pockets of green space. Sports facilities are located steps away from these urban landmarks."
417.51,Entire home/apt,4.73,4.0,1.0,56.0,True,1.0,1.0,"Dense clusters of diverse dining, cafes, and shops define this neighborhood, which sits steps away from local cultural venues and sports facilities. The area remains a short walk from Washington Square Park and a few minutes from the Stonewall Inn."
266.07,Entire home/apt,4.93,2.0,1.0,15.0,False,1.0,1.0,"High concentrations of fitness facilities and retail outlets define the local landscape. Cultural venues and hotels are located steps away, while Madison Square Garden sits within a ten-minute walk."
290.21,Entire home/apt,4.4,2.0,1.0,5.0,False,1.0,1.0,"High concentrations of dining, cafes, and shops define this neighborhood, which sits steps away from rapid transit and cultural venues. The location is situated right by Stonewall Inn and a short walk from Washington Square Park and Washington Square Arch."
286.3,Entire home/apt,4.77,5.0,1.0,99.0,True,1.0,1.0,"Dense clusters of dining, cafes, and retail shops define the immediate surroundings, which sit a short walk from rapid transit and local parks. The neighborhood is situated a couple minutes from Stonewall Inn and about 10 minutes from Washington Square Park."
620.33,Private room,4.95,4.0,1.0,21.0,False,1.0,1.0,"Dense clusters of cafes and expansive green spaces define this neighborhood, which sits within immediate reach of Grand Central Terminal. Sports facilities are located on the doorstep, providing an active counterpoint to the surrounding transit hub."
279.65,Entire home/apt,4.5,2.0,2.5,4.0,False,2.0,2.5,"Dense concentrations of dining, retail, and cafe options define the streetscape, which sits steps away from rapid transit and cultural venues. This location is a short walk from Washington Square Park and the Washington Square Arch."
63.84,Entire home/apt,4.5,1.0,1.0,2.0,True,1.0,1.0,"High concentrations of fitness facilities, galleries, and retail shops define the local landscape. Residents enjoy immediate access to open green space and are a short walk from rapid transit connections."
255.23,Entire home/apt,4.5,1.0,1.0,4.0,False,1.0,1.0,"Dense clusters of dining, cafes, and retail shops define the immediate surroundings, which sit steps away from local cultural venues and sports facilities. This location is a couple minutes from Stonewall Inn and about 10 minutes from Washington Square Park."
1685.0,Entire home/apt,5.0,5.0,2.0,4.0,False,2.0,2.0,"Extensive green space and a high density of cultural institutions define this location, which sits steps away from local hotels. Central Park and the Museum of Modern Art are within a short walk of the site."
651.0,Entire home/apt,4.82,2.0,1.0,22.0,True,1.0,1.0,High-density transit connectivity and a concentration of major cultural attractions define this location near the Woolworth Building. Sports facilities and historic landmarks are situated within walking distance of the surrounding streetscape.
298.0,Entire home/apt,4.86,2.0,1.0,356.0,True,1.0,1.0,High-density transit hubs and major financial landmarks define this intersection of historic architecture and modern infrastructure. Sports facilities and cultural venues sit steps away from the Woolworth Building.
388.57,Entire home/apt,5.0,3.0,1.0,1.0,False,1.0,1.0,High concentrations of cultural venues and sports facilities stand alongside the dense urban attractions and green spaces of the Financial District. Proximity to Federal Hall and the New York Stock Exchange places this location at the center of the city's historic and commercial core.
272.77,Entire home/apt,5.0,3.0,1.0,1.0,True,1.0,1.0,"High concentrations of grocery stores and cultural galleries define the neighborhood, which sits within a short walk of local parks. The area maintains proximity to the Manhattan Bridge and the New Museum while offering access to multiple subway lines."
354.0,Hotel room,5.0,4.0,1.0,1.0,False,1.0,1.0,"Dense concentrations of cafes, hotels, and dining establishments define the urban landscape surrounding Grand Central Terminal. Cultural venues and sports facilities are located steps away from these thoroughfares."
954.0,Entire home/apt,4.84,6.0,2.0,25.0,True,2.0,2.0,"Major cultural attractions and extensive transit connections define this location, which sits steps away from local sports facilities. The neighborhood provides immediate access to the Woolworth Building and the surrounding historic landmarks of the Financial District."
215.01,Entire home/apt,4.75,4.0,1.0,63.0,False,1.0,1.0,"Dense clusters of nightlife, entertainment venues, and dining options define the immediate surroundings. Hotels are located steps away, and a short walk provides access to rapid transit."
166.63,Private room,4.71,1.0,1.0,24.0,True,1.0,1.0,"High-density nightlife and abundant grocery options define the immediate surroundings, while Tompkins Square Park provides nearby access to green space. Cultural venues and sports facilities are situated within walking distance of the neighborhood."
2054.12,Entire home/apt,4.81,6.0,2.0,37.0,True,2.0,2.0,"High concentrations of cultural institutions and athletic facilities define this neighborhood, which sits a short walk from the Woolworth Building. Residents enjoy immediate access to rapid transit and daily markets alongside proximity to the 9/11 Memorial & Museum."
764.59,Entire home/apt,4.76,5.0,1.0,117.0,True,2.0,1.0,High concentrations of hotels and major tourist attractions define the immediate surroundings of Grand Central Terminal. Cultural venues and public green spaces are located steps away from these dense urban corridors.
315.51,Entire home/apt,4.67,3.0,1.0,12.0,False,1.0,1.0,"High-density concentrations of fitness facilities and sports venues contrast with a robust selection of local retail shops and cultural galleries. Grocery markets and hotels are located within a short walk of the neighborhood, which sits about 10 minutes from the Flatiron Building."
2282.36,Entire home/apt,4.94,6.0,3.0,68.0,True,3.0,3.0,"Dense concentrations of retail, nightlife, and dining define this neighborhood, which remains a short walk from the Stonewall Inn and The High Line. Grocery stores and cultural venues are located steps away from the surrounding streets."
627.67,Private room,4.91,2.0,1.0,57.0,False,1.0,1.0,"Extensive green space and a high concentration of cultural institutions define this neighborhood, which sits within a short walk of Central Park and the Central Park Zoo. Proximity to major museums and local sports facilities provides diverse recreational access for residents and visitors alike."
105.62,Entire home/apt,4.33,2.0,1.0,3.0,True,1.0,1.0,"High-density athletic facilities and cultural institutions define the local landscape, which sits just steps from rapid transit lines. Nearby landmarks include Washington Square Park and the Flatiron Building."
136.8,Entire home/apt,4.67,2.0,1.0,3.0,False,1.0,1.0,"High-density entertainment venues, bars, and dining options define the immediate surroundings, while hotels and open space are located steps away. The location sits about 10 minutes from Times Square and the Intrepid Sea, Air & Space Museum."
239.7,Entire home/apt,5.0,2.0,1.0,3.0,False,1.0,1.0,High concentrations of museums and galleries stand alongside a dense collection of hotels and major attractions. Grand Central Terminal provides rapid transit access just steps away from these landmarks.
197.82,Entire home/apt,4.86,3.0,1.0,108.0,True,1.0,1.0,"High concentrations of athletic facilities, retail storefronts, and diverse dining options define the local streetscape. Residents enjoy proximity to the MTA - Christopher St Sheridan Square Station and a short walk to daily grocery markets."
169.58,Entire home/apt,5.0,2.0,1.0,1.0,True,1.0,1.0,High concentrations of athletic facilities and cultural institutions define the local landscape. Hotels and rapid transit stations are located within a short walk of the neighborhood.
262.0,Entire home/apt,4.75,2.0,1.0,60.0,False,1.0,1.0,"Abundant green space and active recreational facilities define the local landscape, which sits in immediate proximity to a dense concentration of cultural venues and hotels. This setting remains a short walk from Union Square while providing access to the nightlife and dining options found throughout the surrounding blocks."
201.0,Entire home/apt,4.64,2.0,1.0,58.0,False,1.0,1.0,"Extensive green spaces and diverse recreational facilities contrast with a vibrant local nightlife scene. Cultural venues and hotels sit on the doorstep, while Union Square remains a short walk away."
856.0,Entire home/apt,4.96,4.0,2.0,68.0,True,2.0,2.0,"Cultural institutions and grocery stores are densely concentrated here, while proximity to the Manhattan Bridge provides direct access to major transit lines. Parks and hotels are located immediately adjacent to the surrounding residential blocks."
419.4,Entire home/apt,5.0,4.0,1.0,1.0,False,2.0,1.0,"High-density entertainment venues and nightlife options define this location, which sits steps away from rapid transit and local sports facilities. The neighborhood maintains proximity to Columbus Circle and Central Park."
232.88,Entire home/apt,4.0,3.0,1.0,2.0,False,1.0,1.0,"High-density entertainment, nightlife, and dining venues define the immediate surroundings, while cultural institutions sit just steps away. A short walk provides access to rapid transit, placing the location about 10 minutes from the Intrepid Sea, Air & Space Museum and Times Square."
290.25,Entire home/apt,4.6,5.0,1.0,5.0,False,2.0,1.0,"High concentrations of nightlife and dining venues define the immediate surroundings, while cultural institutions remain steps away. A short walk provides access to rapid transit, placing the area within ten minutes of Times Square."
165.93,Entire home/apt,4.0,2.0,1.0,1.0,False,1.0,1.0,"High-density nightlife and entertainment venues define the local atmosphere alongside a diverse selection of dining options. Rapid transit stations are located steps away, providing quick access to Columbus Circle and Central Park."
371.49,Entire home/apt,5.0,4.0,2.0,2.0,True,1.0,2.0,"Museums, galleries, and retail corridors define the immediate surroundings, while nearby sports facilities provide active recreation. Central Park is a short walk away, offering a green contrast to the dense concentration of transit and cultural institutions."
1096.67,Entire home/apt,5.0,4.0,2.0,10.0,True,2.0,2.0,"High-density entertainment venues and hotel clusters define this corridor, which remains a short walk from Hudson Yards. Residents benefit from exceptional subway connectivity and immediate access to local sports facilities."
450.0,Private room,5.0,2.0,1.0,8.0,True,1.0,1.0,Extensive green spaces and a high concentration of tourist attractions define this neighborhood located steps away from local markets and cultural venues. The area sits a short walk from Grand Central Terminal and the United Nations Headquarters.
238.82,Entire home/apt,5.0,2.0,1.0,2.0,False,1.0,1.0,"High concentrations of athletic facilities and cultural institutions define the neighborhood, which remains a short walk from the High Line. Grocery markets are located steps away, while Chelsea Market is accessible within a ten-minute trip."
66.78,Shared room,4.68,1.0,1.0,264.0,False,1.0,1.0,"High-intensity athletic facilities and a dense concentration of cultural venues distinguish this location from the surrounding urban fabric. The Solomon R. Guggenheim Museum is accessible within a short walk, while the immediate vicinity lacks the green space typically found throughout the city."
362.0,Entire home/apt,4.8,5.0,1.0,5.0,False,1.0,1.0,"High-density nightlife and entertainment venues define the immediate surroundings, while cultural institutions and hotels remain steps away. The location sits approximately ten minutes from the Intrepid Sea, Air & Space Museum and Times Square."
279.68,Entire home/apt,4.33,3.0,1.0,6.0,False,1.0,1.0,"High concentrations of museums and galleries define the local landscape, while gyms and retail shops remain readily available. Central Park and The Metropolitan Museum of Art are located within a short walk of these cultural institutions."
466.67,Entire home/apt,4.64,5.0,1.0,56.0,True,2.0,1.0,Dense concentrations of cultural venues and parkland sit alongside the historic landmarks of South Street Seaport and the Brooklyn Bridge. Sports facilities are situated steps away from the high-density hotel and attraction corridors of the Financial District.
82.42,Private room,4.59,1.0,4.0,17.0,False,1.0,4.0,"Abundant green space and a high density of hotels and attractions define this neighborhood, which sits on the doorstep of the 18th Street (IRT Third Avenue Line) train station. Union Square is a short walk away, while Madison Square Park and the Flatiron Building are accessible within a ten-minute stroll."
510.0,Entire home/apt,5.0,4.0,1.0,5.0,True,2.0,1.0,"High-density athletic facilities and a variety of dining options define the streetscape, which remains notably sparse in public green space. Cultural venues are situated steps away, and the neighborhood is located about 10 minutes from Central Park."
252.97,Entire home/apt,4.73,4.0,1.0,11.0,False,2.0,1.0,"High concentrations of museums, parks, and attractions distinguish this location from the surrounding urban landscape. Sports facilities are situated steps away, and rapid transit is accessible via a short walk."
289.73,Entire home/apt,4.83,4.0,1.0,6.0,False,2.0,1.0,"Cultural institutions and athletic facilities define this neighborhood, which sits within walking distance of Central Park and The Metropolitan Museum of Art. Grocery markets are located steps away, and rapid transit access is available via a short walk."
202.77,Entire home/apt,4.92,2.0,1.0,26.0,True,1.0,1.0,"High-density cultural attractions and diverse dining options define the immediate surroundings. Grocery markets are located steps away, and Madison Square Park is accessible within a ten-minute walk."
175.0,Entire home/apt,5.0,4.0,1.0,2.0,False,1.0,1.0,"High concentrations of gyms and dining venues define the local landscape, which remains sparse in public green space. Cultural venues are situated steps away, while grocery markets are accessible within a short walk."
20.47,Shared room,3.0,1.0,1.0,2.0,False,1.0,1.0,"Retail storefronts and hotel accommodations are densely concentrated throughout these streets, while public green space remains notably scarce. Grocery markets are accessible within a short walk, and sports facilities are located steps away."
218.5,Private room,4.68,2.0,1.0,34.0,False,1.0,1.0,"High concentrations of fitness facilities and cultural institutions define the neighborhood, which also sits within a short walk of public parks. Hotels are located on the doorstep, and the area is situated about 10 minutes from The High Line, Chelsea Market, and Madison Square Garden."
907.8,Entire home/apt,5.0,6.0,3.5,5.0,False,3.0,3.5,Dense retail corridors and vibrant nightlife hubs define the immediate surroundings. Residents enjoy proximity to local parks and cultural venues within a short walk.
696.07,Entire home/apt,5.0,4.0,2.0,1.0,True,2.0,2.0,Concentrated museum and gallery districts merge with expansive green space near The High Line. Hotels and markets are located steps away from these cultural institutions.
160.75,Entire home/apt,4.0,3.0,1.0,1.0,False,1.0,1.0,"High concentrations of nightlife and entertainment venues define this neighborhood, which also maintains convenient access to local grocery stores. Hotels are situated steps away from the street, and the Intrepid Sea, Air & Space Museum is located within a short travel time."
255.79,Entire home/apt,4.67,6.0,2.0,3.0,False,2.0,2.0,"High concentrations of gyms and nightlife venues define the neighborhood's active social scene, while limited subway access necessitates reliance on local transit alternatives. Cultural venues are situated steps away, and the Williamsburg Bridge is within a short walk."
227.62,Private room,4.66,4.0,1.0,250.0,False,1.0,1.0,"High concentrations of hotels, dining, and retail define the urban density of this location. Grocery markets are situated on the doorstep, while public park space remains steps away."
263.25,Entire home/apt,4.75,4.0,1.0,8.0,False,1.0,1.0,"High concentrations of dining, nightlife, and cultural attractions define this neighborhood, which remains within walking distance of Madison Square Park. Grocery markets and sports facilities are located steps away from the residential core."
133.11,Private room,5.0,1.0,1.0,2.0,False,1.0,1.0,"Extensive green space and cultural institutions define the surroundings, which sit a short walk from Central Park. The neighborhood provides immediate access to local markets and is situated a couple minutes from the American Museum of Natural History."
120.97,Entire home/apt,4.78,2.0,1.0,9.0,False,1.0,1.0,"High-density retail and transit access define this location, which lacks the green space found in most other parts of the city. Grocery markets and sports facilities are situated immediately outside the front door."
190.73,Entire home/apt,4.71,4.0,1.0,7.0,True,2.0,1.0,"High-density transit hubs and extensive retail corridors define the immediate surroundings, which are situated about 10 minutes from the Brooklyn Academy of Music. Local access to daily markets and hotel accommodations complements the proximity to numerous fitness facilities."
163.16,Entire home/apt,5.0,4.0,1.0,2.0,False,1.0,1.0,Extensive greenery at Tompkins Square Park anchors a neighborhood defined by its dense concentration of nightlife venues and cultural institutions. Residents enjoy immediate access to local grocery markets and nearby sports facilities.
334.63,Entire home/apt,4.67,1.0,1.0,3.0,False,2.0,1.0,"Extensive green space and recreational facilities define this neighborhood, which sits within a short walk of Central Park. The area provides immediate access to hotels and local markets while remaining near cultural landmarks like the American Museum of Natural History."
257.52,Entire home/apt,4.74,2.0,1.0,35.0,False,1.0,1.0,"Extensive green space and proximity to Central Park contrast with high-density transit access and nearby grocery stores. Sports facilities are located on the doorstep, while the American Museum of Natural History remains a short walk away."
153.4,Entire home/apt,4.78,1.0,1.0,231.0,False,1.0,1.0,Extensive green space and proximity to the American Museum of Natural History define the local landscape. Cultural venues and markets are situated within a short walk of these residential surroundings.
275.27,Entire home/apt,5.0,3.0,1.0,23.0,True,1.0,1.0,"Abundant green space and a high concentration of hotels and athletic facilities define this neighborhood. Residents enjoy proximity to the American Museum of Natural History and Central Park, with cultural venues and food markets located within a short walk."
250.63,Entire home/apt,4.91,3.0,1.0,23.0,True,1.0,1.0,"Extensive green space and parkland define the immediate surroundings, while a short walk leads to the American Museum of Natural History and Central Park. Sports facilities are located steps away, complementing the nearby concentration of hotels and grocery stores."
251.62,Entire home/apt,5.0,4.0,1.0,2.0,False,2.0,1.0,"Dense clusters of nightlife, entertainment venues, and dining define the immediate surroundings. The Intrepid Sea, Air & Space Museum and nearby park space provide accessible landmarks within a short walk."
147.19,Entire home/apt,5.0,3.0,1.0,3.0,False,1.0,1.0,"High-energy nightlife and entertainment venues define the immediate surroundings, while the Intrepid Sea, Air & Space Museum and nearby waterfront parks provide accessible open space."
158.2,Entire home/apt,4.6,3.0,1.5,10.0,True,1.0,1.5,"Abundant green space and a high concentration of galleries define the neighborhood, which sits steps away from local sports facilities. The area remains a couple minutes from the Manhattan Bridge and offers transit access within a short walk."
290.4,Entire home/apt,4.75,2.0,1.0,4.0,False,1.0,1.0,High concentrations of fitness facilities and diverse dining options define the local landscape. Grocery markets are located steps away from these active corridors.
236.07,Entire home/apt,5.0,1.0,1.0,2.0,False,1.0,1.0,"Concentrated clusters of museums and galleries define the local landscape, though public transit access remains limited compared to the rest of the city. Grocery markets are situated steps away, and the area is a short walk from The High Line."
234.17,Entire home/apt,4.86,2.0,1.0,14.0,False,1.0,1.0,"Abundant green space and proximity to major museums distinguish this setting from the surrounding urban density. Hotels are located steps away, while sports facilities remain within a short walk."
273.16,Entire home/apt,5.0,2.0,1.0,6.0,True,1.0,1.0,"High-energy nightlife and diverse dining options define the local streetscape, while nearby gyms provide active recreation. The Williamsburg Bridge is a short walk away, and hotels are situated steps from the residential core."
268.27,Entire home/apt,5.0,2.0,1.0,1.0,False,1.0,1.0,"Dense clusters of museums and major cultural attractions define the immediate surroundings, which contain minimal parkland or open green space. Grocery markets and sports facilities are located steps away from these high-density blocks."
205.5,Private room,4.0,1.0,1.0,4.0,False,1.0,1.0,High-density nightlife and retail corridors define the immediate surroundings. Hotels and cultural venues are located steps away from these active thoroughfares.
283.0,Hotel room,3.33,3.0,1.0,3.0,False,1.0,1.0,"Expansive green space at Central Park meets dense cultural programming near The Dakota. Rapid transit is steps away, providing immediate access to the surrounding museums and performance venues."
878.79,Entire home/apt,5.0,4.0,2.0,30.0,False,2.0,2.0,"Abundant green space and proximity to the Whitney Museum of American Art define this location, which lacks immediate subway access. Hotels and markets are situated steps away from the residential streets bordering The High Line."
195.27,Entire home/apt,4.13,4.0,1.0,8.0,False,1.0,1.0,"High concentrations of athletic facilities and cultural attractions define the immediate surroundings, while the nearby Solomon R. Guggenheim Museum and Central Park provide accessible open space. Frequent subway transit options serve the neighborhood, and grocery stores are located within a short walk."
191.01,Entire home/apt,4.66,3.0,1.0,70.0,False,2.0,1.0,"Extensive green space and a high concentration of cultural institutions define this neighborhood, which sits within walking distance of the American Museum of Natural History and Central Park. Residents benefit from immediate access to local grocery markets and nearby rapid transit lines."
180.93,Private room,4.81,2.0,1.0,83.0,True,1.0,1.0,"Dense retail corridors and expansive parkland define the neighborhood, despite a limited presence of local grocery stores. Sports facilities and cultural venues sit steps away, while the Williamsburg Bridge remains accessible within a ten-minute walk."
535.76,Entire home/apt,4.68,4.0,1.0,25.0,False,2.0,1.0,Dense commercial corridors and abundant local markets define the streetscape despite a notable scarcity of public green space. Residents benefit from immediate access to cultural venues even as the location remains distanced from the nearest subway lines.
462.77,Entire home/apt,4.9,4.0,2.0,10.0,False,2.0,2.0,"Central Park and the American Museum of Natural History sit within walking distance of this neighborhood, which features a high density of citywide attractions and green space. Residents also benefit from convenient access to local grocery markets and sports facilities alongside robust subway connectivity."
263.47,Entire home/apt,4.9,3.0,1.0,70.0,True,1.0,1.0,"High concentrations of entertainment venues and green space distinguish this location, which sits steps away from local sports facilities. The neighborhood provides immediate access to Lincoln Center and Central Park while remaining a short walk from Columbus Circle."
650.0,Entire home/apt,5.0,8.0,2.0,6.0,True,4.0,2.0,"Extensive parkland and cultural institutions contrast with limited local subway access. Grocery markets and sports facilities sit within walking distance, and the Williamsburg Bridge is a short walk away."
1119.0,Entire home/apt,4.61,5.0,1.0,294.0,False,2.0,1.0,"High concentrations of major attractions and green space define the immediate surroundings, though local grocery options remain limited. Cultural venues and the United Nations Headquarters are accessible within a short walk."
239.7,Entire home/apt,4.5,3.0,1.0,6.0,False,1.0,1.0,"High concentrations of dining, fitness facilities, and cultural attractions distinguish this location within the city. Parks and open spaces sit steps away, while grocery stores remain accessible within a short walk."
723.51,Entire home/apt,4.73,8.0,1.0,33.0,False,4.0,1.0,"High concentrations of cultural attractions and hotels define this location, which sits steps away from rapid transit lines. Riverside Park is a short walk from the neighborhood, providing immediate access to expansive waterfront green space."
209.93,Entire home/apt,4.26,5.0,1.0,68.0,True,3.0,1.0,"Expansive green spaces and a high concentration of museums contrast with the surrounding urban density. Residents enjoy proximity to the Brooklyn Bridge and Manhattan Bridge, with rapid transit stations located a short walk away."
411.58,Entire home/apt,5.0,4.0,1.0,2.0,True,1.0,1.0,"High-density concentrations of citywide attractions and nightlife define the neighborhood, which remains within a short walk of rapid transit. Cultural venues sit on the doorstep, and the United Nations Headquarters is located about 10 minutes away."
259.03,Entire home/apt,4.56,2.0,1.0,18.0,False,1.0,1.0,Abundant green space and parkland provide a natural counterpoint to the concentration of nearby cultural venues and athletic facilities. Residents benefit from a short walk to both local grocery markets and diverse recreational attractions.
235.37,Entire home/apt,4.0,3.0,1.0,1.0,True,1.0,1.0,"High concentrations of cultural attractions and nightlife define the local environment, which sits steps away from rapid transit. Grocery stores and markets are located within immediate reach, and Union Square is accessible in ten minutes."
388.12,Entire home/apt,3.0,3.0,1.0,2.0,False,1.0,1.0,High concentrations of local sports facilities and cultural attractions contrast with the limited proximity to subway transit lines. Grocery markets and public park spaces remain accessible within a short walk.
160.21,Entire home/apt,5.0,3.0,1.0,8.0,False,2.0,1.0,"High concentrations of fitness facilities and local attractions define the neighborhood, which also offers immediate proximity to rapid transit. Diverse dining options are readily available within a short walk of the area's cultural venues."
250.73,Entire home/apt,4.75,3.0,1.0,16.0,False,1.0,1.0,"High concentrations of major city attractions and hotels define the local landscape, while nearby Central Park and Riverside Park provide immediate access to expansive green space. Residents benefit from a short walk to local markets for daily provisions."
154.01,Entire home/apt,4.41,4.0,1.0,157.0,False,2.0,1.0,"High-frequency subway access at Bergen Street (IRT Eastern Parkway Line) contrasts with a notable scarcity of hotels in the immediate vicinity. Grocery markets sit within a short walk of the neighborhood, which is positioned right by Barclays Center."
307.83,Entire home/apt,4.58,4.0,1.0,12.0,False,2.0,1.0,"Abundant parkland and green space define the immediate surroundings, contrasting with the dense concentration of nearby gyms and cultural venues. Residents have a short walk to reach local grocery markets and various neighborhood attractions."
571.0,Entire home/apt,4.5,4.0,2.0,42.0,False,2.0,2.0,High concentrations of athletic facilities and recreational green space define the immediate surroundings. Cultural venues and rapid transit stations are located steps away from these active outdoor areas.
243.37,Entire home/apt,4.83,4.0,1.0,6.0,False,2.0,1.0,"High-density entertainment venues and nightlife define the local streetscape, while the Intrepid Sea, Air & Space Museum sits a short walk away. Hotels occupy the immediate surroundings, and grocery options remain steps away."
217.93,Entire home/apt,4.77,3.0,1.0,39.0,True,2.0,1.0,"Retail storefronts and nightlife venues occupy a prominent position within the city, while hotel accommodations remain sparse. Sports facilities are located on the doorstep, and grocery markets are reachable within a short walk."
358.0,Private room,3.33,2.0,1.0,3.0,False,1.0,1.0,"High concentrations of gyms and entertainment venues define this block, which lacks the green space found in most other parts of the city. Grocery markets and hotels are located steps away."
147.5,Entire home/apt,4.7,2.0,1.0,10.0,False,1.0,1.0,Dense clusters of cafes contrast with a notable absence of nearby parks or green space. Grocery markets and cultural venues remain within a short walk of the block.
173.07,Entire home/apt,4.58,3.0,1.0,53.0,False,1.0,1.0,"Extensive green space defines the surroundings, while limited public transit access and a lack of nearby attractions set the neighborhood apart from the rest of the city. Sports facilities are situated steps away, and Prospect Park is reachable in about ten minutes."
203.57,Private room,4.87,2.0,1.0,53.0,False,3.0,1.0,"High concentrations of hotels and attractions define the local landscape, while Riverside Park remains a short walk away. Public sports facilities are situated steps from the residential blocks, providing an immediate contrast to the nearby green spaces of Central Park."
770.5,Private room,4.85,4.0,2.0,193.0,True,2.0,2.0,Local cafes are abundant while transit access and major attractions remain limited. Grocery stores and cultural venues are located steps away.
518.07,Entire home/apt,4.5,6.0,3.0,4.0,False,3.0,3.0,"Abundant green space and cultural attractions define the immediate surroundings, which remain a short walk from Central Park. Grocery stores and markets are situated within a short walk, while hotels are located on the doorstep."
125.48,Entire home/apt,4.77,2.0,1.0,60.0,True,1.0,1.0,"Proximity to the Brooklyn Academy of Music and Barclays Center provides immediate access to major entertainment venues. Extensive subway connectivity serves the neighborhood, while local markets are situated directly on the doorstep."
623.0,Entire home/apt,5.0,5.0,2.0,1.0,False,4.0,2.0,Residents enjoy proximity to abundant local shops and cultural venues located steps away. The neighborhood maintains a quiet character due to limited subway access while remaining about 10 minutes from Brooklyn Academy of Music.
283.93,Entire home/apt,4.69,4.0,1.0,13.0,False,2.0,1.0,"Expansive green spaces provide a quiet contrast to the nearby urban attractions and sports facilities. The Roosevelt Island Tramway sits on the doorstep, offering rapid transit access to the rest of the city."
322.5,Private room,4.9,8.0,1.0,58.0,True,2.0,1.0,"High concentrations of grocery stores and retail shops define the local streetscape, while entertainment venues remain notably scarce. Residents benefit from a short walk to both sports facilities and the 116th Street (IRT Third Avenue Line) station."
241.53,Entire home/apt,5.0,2.0,1.0,17.0,False,1.0,1.0,High-frequency subway access and a dense concentration of nightlife venues define the local streetscape. Public parks and cultural institutions are located within a short walk of the neighborhood.
214.03,Entire home/apt,4.89,4.0,1.0,9.0,True,3.0,1.0,"High-frequency subway access connects this location to the broader city, while cultural venues and hotels sit on the doorstep of Driggs Avenue. The neighborhood remains a short walk from the Williamsburg Bridge."
169.63,Entire home/apt,4.75,2.0,1.0,4.0,False,1.0,1.0,"The neighborhood features a high concentration of nightlife, sports facilities, and entertainment venues alongside immediate access to local markets and rapid transit. The Williamsburg Bridge stands a couple minutes away, providing a distinct connection to the surrounding urban landscape."
217.2,Entire home/apt,4.99,2.0,1.0,72.0,False,1.0,1.0,"Abundant green space and local attractions distinguish this neighborhood from the surrounding urban density. Sports facilities are located steps away, while grocery markets remain within a short walk."
79.67,Private room,4.15,2.0,1.0,20.0,False,2.0,1.0,Industrial streetscapes and a lack of nearby parks distinguish this location from the broader city environment. Grocery stores and rapid transit stations remain accessible within a short walk.
301.1,Entire home/apt,4.96,5.0,2.0,23.0,False,2.0,2.0,"Concentrated clusters of hotels, grocery stores, and entertainment venues define the streetscape near the Apollo Theater. Rapid transit stops are located steps away from these dense urban amenities."
274.79,Entire home/apt,5.0,4.0,1.5,76.0,False,2.0,1.5,High-density hotel clusters contrast with the quiet residential character of the surrounding blocks. Public parks and fresh food markets are accessible within a short walk from the doorstep.
222.5,Entire home/apt,4.79,2.0,1.0,14.0,False,1.0,1.0,Abundant parkland and cultural attractions distinguish this location from its limited access to the citywide subway network. Grocery markets and sports facilities remain within a short walk of the neighborhood.
920.0,Hotel room,4.0,12.0,3.0,4.0,False,3.0,3.0,"High concentrations of entertainment venues and nightlife define the local streetscape while proximity to public parks offers a balance of green space. The neighborhood sits within a short walk of the Intrepid Sea, Air & Space Museum and provides immediate access to nearby hotels."
235.0,Hotel room,4.5,2.0,1.0,2.0,False,1.0,1.0,"High concentrations of entertainment venues and nightlife define the local streetscape, balanced by nearby access to public green space. Cultural venues and the Intrepid Sea, Air & Space Museum are a short walk away, while hotels are situated on the doorstep."
404.75,Entire home/apt,4.93,3.0,1.0,90.0,False,1.0,1.0,"High-frequency subway access and diverse entertainment venues define the neighborhood, which sits a short walk from the Brooklyn Academy of Music. Sports facilities are located steps away, while nearby parks provide green space within reach of the Barclays Center."
183.14,Entire home/apt,4.63,6.0,2.0,8.0,True,3.0,2.0,"Abundant grocery options and high-frequency transit access define the local streetscape, while cultural institutions remain sparse. Hotels sit immediately adjacent to the residential frontage, and public parkland is reachable within a short walk."
58.74,Private room,4.93,2.0,4.0,15.0,True,5.0,4.0,"Residential streets here offer few local attractions or entertainment venues despite a high density of nearby grocery stores. Sports facilities are situated steps away, and public parks remain within a short walk."
297.93,Entire home/apt,5.0,3.0,1.0,6.0,True,1.0,1.0,"High-frequency transit access and extensive athletic facilities define the neighborhood, while grocery stores and cultural venues remain within a short walk. The surrounding streets balance these dense urban services with a concentration of local attractions."
153.97,Entire home/apt,4.93,2.0,1.0,29.0,True,1.0,1.0,Abundant greenery and local attractions distinguish this neighborhood from the surrounding urban density. Residents enjoy immediate access to sports facilities and a short walk to nearby grocery markets despite limited subway connectivity.
103.2,Entire home/apt,4.78,4.0,1.0,68.0,False,1.0,1.0,"Dense grocery store availability defines the immediate surroundings, which lack local parkland and cultural institutions. Sports facilities sit directly outside the front door, while rapid transit remains a short walk away."
119.5,Entire home/apt,4.87,2.0,1.0,46.0,True,2.0,1.0,"Museums and galleries are densely concentrated within the immediate surroundings, while the local environment remains largely devoid of major tourist attractions or hotels. Sports facilities are located steps away from the residential streets."
157.47,Entire home/apt,5.0,4.0,1.0,3.0,True,1.0,1.0,High concentrations of hotels and cultural attractions distinguish this neighborhood despite its limited access to subway transit. Residents remain steps away from grocery markets and a short walk from the Apollo Theater.
650.06,Entire home/apt,4.84,9.0,2.0,43.0,False,3.0,2.0,"Abundant grocery stores and nightlife options contrast with a relative scarcity of local cafes. Parks and sports facilities are located on the doorstep, while the Williamsburg Bridge is accessible within a ten-minute walk."
314.67,Entire home/apt,4.0,5.0,1.0,2.0,False,2.0,1.0,"Expansive green spaces and local attractions define the neighborhood, though residents rely on limited public transit options. Sports facilities sit on the doorstep, and neighborhood markets are accessible within a short walk."
59.08,Entire home/apt,5.0,1.0,1.0,2.0,True,1.0,1.0,"High concentrations of attractions, hotels, and entertainment venues define the immediate surroundings. Riverside Park remains a short walk from the residential streets."
167.11,Entire home/apt,5.0,3.0,1.0,7.0,True,1.0,1.0,"High concentrations of grocery stores and cultural institutions distinguish this location, which maintains a quiet atmosphere due to the scarcity of local cafes. Central Park is accessible within a short walk, and hotels are situated steps away."
447.5,Entire home/apt,4.95,5.0,1.5,194.0,True,2.0,1.5,"Nightlife venues are densely concentrated throughout the immediate vicinity, while public transit access remains limited compared to the rest of the city. Grocery stores and markets are located within a short walk of these residential streets."
880.0,Entire home/apt,4.92,8.0,1.5,12.0,True,4.0,1.5,"Frequent grocery stores and a high concentration of hotels contrast with limited subway access. The Apollo Theater is about 10 minutes away, while parks and cultural venues are within a short walk."
285.04,Entire home/apt,4.47,6.0,1.0,15.0,True,2.0,1.0,High-frequency subway access contrasts with a limited local selection of grocery stores. Proximity to museums and nearby public parks provides a balance of cultural and recreational space.
297.16,Entire home/apt,5.0,4.0,1.0,9.0,True,1.0,1.0,"Extensive green space defines the immediate surroundings, with Central Park located just a couple minutes away. The neighborhood balances these quiet parklands with proximity to the American Museum of Natural History and local grocery markets within a short walk."
143.83,Entire home/apt,5.0,2.0,1.0,12.0,True,1.0,1.0,Minimal greenery and nightlife distinguish the local streetscape from the broader city environment. Grocery stores and the MTA-Nostrand Ave-A & C Lines are located steps away.
230.22,Entire home/apt,5.0,5.0,2.0,1.0,False,2.0,2.0,"Abundant parkland and green space define the neighborhood, standing in sharp contrast to the scarcity of hotels and limited subway transit access. Sports facilities and cultural venues are situated steps away from the residential streets."
285.33,Private room,4.82,2.0,1.0,121.0,False,2.0,1.0,"Cultural venues sit on the doorstep of these residential streets, while local grocery stores and markets remain within a short walk. The surrounding neighborhood maintains a consistent architectural style that reflects the typical development patterns found throughout the city."
67.67,Private room,5.0,1.0,1.0,2.0,False,1.0,1.0,"Grocery stores are highly accessible while nightlife options remain sparse. Local sports facilities and cultural venues are within a short walk, despite a lack of nearby parks or green space."
104.23,Entire home/apt,5.0,2.0,1.0,3.0,True,1.0,1.0,"Residential streets here lack the typical concentration of entertainment venues, parks, and nightlife found throughout the rest of the city. Grocery markets and sports facilities are located just steps away from these quiet blocks."
107.76,Entire home/apt,4.95,3.0,1.0,60.0,False,1.0,1.0,"Grocery stores and markets are located steps away from this residential setting, which lacks the nearby green spaces and nightlife found in other parts of the city. A short walk provides access to rapid transit connections."
677.86,Entire home/apt,4.92,6.0,1.0,146.0,True,2.0,1.0,Abundant grocery options and nearby green spaces contrast with a relative scarcity of local fitness facilities. Cultural venues and rapid transit stations are accessible within a short walk.
362.83,Entire home/apt,4.74,2.0,1.0,23.0,False,1.0,1.0,Abundant greenery and a high density of hotels contrast with a notable scarcity of local grocery stores. Sports facilities and rapid transit are both within a short walk of the Beacon Theatre.
215.45,Entire home/apt,4.91,8.0,1.0,158.0,False,2.0,1.0,Frequent subway access and numerous grocery stores anchor this location within the city grid. Hotels and public park space are situated steps away from the residential blocks.
214.3,Entire home/apt,4.76,5.0,1.0,29.0,False,1.0,1.0,High concentrations of hotels and expansive green spaces define the immediate surroundings. Grocery stores and rapid transit stations are located within a short walk.
101.76,Private room,4.74,1.0,2.0,61.0,False,1.0,2.0,Residential streets transition into a dense cluster of cultural venues located just steps away. A short walk connects these homes to local markets and grocery stores.
856.0,Entire home/apt,4.97,2.0,1.0,60.0,True,1.0,1.0,Limited public transit access contrasts with a high concentration of nightlife venues throughout the neighborhood. Residents also benefit from a short walk to both local parks and sports facilities.
106.76,Private room,4.74,2.0,1.0,130.0,False,1.0,1.0,"Residential streets here lack the concentration of entertainment venues, hotels, and museums found throughout much of the city. Daily groceries are available steps away, and rapid transit is accessible via a short walk."
138.3,Entire home/apt,3.89,4.0,1.0,9.0,True,2.0,1.0,"Residential streets here lack the hotels and expansive green spaces common to other parts of the city. Cultural venues are located steps away, though grocery stores remain sparse in the immediate vicinity."
179.02,Entire home/apt,4.88,4.0,1.0,8.0,True,2.0,1.0,"Residential streets here lack the concentration of museums and cultural attractions found elsewhere in the city, yet they provide immediate access to a high density of local grocery stores. The Calle 103–Corona Plaza station and nearby park space sit on the doorstep, offering direct transit and recreational connections."
228.89,Entire home/apt,4.8,2.0,1.5,30.0,False,2.0,1.5,Limited hotel and attraction density distinguishes this location from more central parts of the city. Residents have a short walk to local grocery markets and sports facilities.
311.07,Entire home/apt,5.0,5.0,1.0,12.0,True,3.0,1.0,"Extensive green space defines the immediate surroundings, with Central Park located just a couple minutes away. While the area offers convenient subway access and nearby markets, it remains removed from the city's primary entertainment districts."
563.6,Entire home/apt,4.83,6.0,1.0,88.0,True,3.0,1.0,"Abundant green space and frequent transit access define the local landscape, with Central Park situated a couple minutes away. Grocery markets are located on the doorstep of 104th Street station, providing immediate access to daily essentials."
180.4,Entire home/apt,4.92,4.0,1.0,25.0,True,1.0,1.0,High concentrations of city attractions and subway access contrast with a relative scarcity of hotels. Grocery stores are located steps away from the residential blocks.
193.6,Entire home/apt,4.75,2.0,1.5,18.0,False,1.0,1.5,"High concentrations of hotels contrast with a scarcity of local cafes and nightlife venues. The 121st Street (IRT Second Avenue Line) station is on the doorstep, providing rapid transit access."
143.47,Entire home/apt,5.0,2.0,1.0,7.0,True,1.0,1.0,Cultural institutions are densely concentrated here despite the absence of hotels or major tourist attractions. Groceries and markets are located steps away from the residential streetscape.
272.87,Entire home/apt,5.0,4.0,1.0,14.0,True,2.0,1.0,"Residential streets here lack the hotels and entertainment venues common to much of the city. Daily groceries are available steps away, and local parks remain within a short walk."
302.36,Entire home/apt,4.93,8.0,2.0,28.0,True,3.0,2.0,"Grocery stores are abundant throughout the immediate vicinity, while public transit access remains limited compared to the rest of the city. Hotels are situated steps away, and the Apollo Theater is reachable in about ten minutes."
380.53,Entire home/apt,5.0,6.0,1.5,2.0,False,3.0,1.5,Proximity to the United Nations Headquarters provides access to numerous local attractions and expansive green spaces. Residents rely on nearby rapid transit for daily needs due to a limited presence of local grocery stores.
110.06,Entire home/apt,5.0,2.0,1.0,6.0,False,1.0,1.0,"Grocery stores are abundant in this neighborhood, which lacks the concentration of hotels and museums found elsewhere in the city. Public parks and rapid transit stations are located within a short walk of the residential streets."
320.07,Entire home/apt,4.52,12.0,3.5,27.0,False,4.0,3.5,"Abundant green space defines this setting, which sits a couple minutes from Central Park and steps away from sports facilities. The location offers transit access within the top tier of the city while remaining removed from the concentration of entertainment venues found elsewhere."
57.71,Private room,5.0,3.0,1.0,10.0,False,3.0,1.0,"High-density transit access and a concentration of hotels define the neighborhood, while local sports facilities and cultural venues sit within a short walk. The scarcity of cafes provides a quiet counterpoint to the surrounding urban infrastructure."
227.07,Entire home/apt,5.0,4.0,1.0,1.0,False,2.0,1.0,Residential streets transition into bustling corridors of grocery markets and cultural venues located just steps away. The Apollo Theater sits approximately ten minutes from the neighborhood.
164.76,Entire home/apt,4.79,4.0,1.0,129.0,False,1.0,1.0,"Residential surroundings lack the typical concentration of hotels and grocery stores found across the city. Cultural venues and sports facilities sit steps away, while Prospect Park remains a short walk from the block."
179.4,Entire home/apt,5.0,4.0,1.0,4.0,False,2.0,1.0,"Industrial infrastructure and paved surfaces dominate the local landscape, leaving little room for parks or retail amenities. Sports facilities are located steps away, while rapid transit remains a short walk from the neighborhood."
173.89,Private room,4.97,2.0,1.0,29.0,False,1.0,1.0,"Grocery stores and sports facilities are located directly on the doorstep of this residential setting. The surrounding streets lack hotels, public parkland, and nearby subway access."
190.87,Entire home/apt,4.67,4.0,1.0,9.0,False,1.0,1.0,"Grocery stores are scarce in the immediate vicinity, yet the Washington Avenue (BMT Myrtle Avenue Line) train station sits on the doorstep. Cultural venues are steps away, providing a sharp contrast to the limited local food retail options."
201.37,Entire home/apt,4.38,2.0,1.0,13.0,True,1.0,1.0,Limited transit options and a scarcity of local retail define the neighborhood’s quiet streetscape. Residents benefit from immediate access to nearby parks and sports facilities.
505.04,Entire home/apt,5.0,4.0,2.5,20.0,False,2.0,2.5,"Residential streets here lack the concentration of hotels and museums found in other parts of the city. Athletic facilities are located steps away, while grocery stores remain within a short walk."
98.62,Entire home/apt,5.0,1.0,1.5,1.0,False,1.0,1.5,"High concentrations of hotels contrast with the limited local subway access. Grocery markets are steps away, and the Apollo Theater is about 10 minutes from the location."
450.0,Shared room,4.83,2.0,2.0,107.0,True,3.0,2.0,Residential streets here lack the concentration of museums and hotels found in other parts of the city. Parks and grocery stores remain within a short walk of the neighborhood.
131.67,Entire home/apt,4.5,2.0,1.0,2.0,True,1.0,1.0,"Residential streets here offer quiet seclusion despite proximity to the A train, which provides direct transit access. The neighborhood remains removed from major entertainment and tourist attractions, though hotels are steps away and The Cloisters is reachable within ten minutes."
168.15,Entire home/apt,4.89,2.0,1.0,92.0,False,1.0,1.0,"Residential streets here lack the hotels, parks, and tourist attractions found elsewhere in the city. Local grocery stores and sports facilities remain within a short walk of the neighborhood."
228.3,Shared room,5.0,2.0,1.0,10.0,True,1.0,1.0,Residential streets transition into dense clusters of hotels and cultural venues. These surroundings offer immediate access to local hospitality and arts programming.
170.37,Entire home/apt,4.88,6.0,1.0,16.0,True,3.0,1.0,The neighborhood offers extensive access to public transit while maintaining a limited presence of local cafes. Residents are located a short walk from the Williamsburg Bridge and nearby grocery markets.
122.42,Entire home/apt,4.8,3.0,1.0,10.0,True,1.0,1.0,"Residential streets in this neighborhood lack the dense concentration of museums, hotels, and attractions found elsewhere in the city. Grocery stores and public parks are located within a short walk of the Bayside LIRR Train Station."
208.0,Private room,5.0,4.0,1.0,4.0,False,1.0,1.0,"High-density hotel and transit infrastructure define the immediate surroundings, while athletic facilities remain sparse. Grocery markets are situated steps away from the residential core."
516.0,Entire home/apt,4.77,5.0,1.0,104.0,True,2.0,1.0,Residential buildings transition into local markets and hotels within a short walk. The neighborhood maintains a consistent urban scale typical of the surrounding city.
210.2,Entire home/apt,5.0,4.0,1.0,1.0,False,1.0,1.0,"Public transit options are absent from this location, and residents face limited access to nearby grocery stores. Cultural venues and sports facilities are situated within walking distance of the block."
114.27,Entire home/apt,4.88,2.0,1.0,8.0,False,1.0,1.0,"Residential density defines this location, which lacks the hotels, parks, and entertainment venues found throughout much of the city. Grocery markets remain within a short walk, while sports facilities are situated steps away."
52.51,Private room,5.0,1.0,1.0,1.0,False,1.0,1.0,Residential streets here lack the concentration of cultural institutions and public parks found in other parts of the city. Grocery stores and markets remain within a short walk of these quiet blocks.
103.23,Entire home/apt,4.81,6.0,1.0,77.0,True,1.0,1.0,Residential streets transition into a quiet neighborhood setting with grocery markets located just steps away. Local parks and open spaces remain within a short walk of the surrounding housing.
661.87,Entire home/apt,5.0,14.0,2.0,12.0,False,5.0,2.0,Limited transit connectivity and sparse recreational facilities define the local landscape. Grocery markets and cultural venues are located steps away from these residential surroundings.
258.11,Entire home/apt,4.67,3.0,1.0,12.0,True,1.0,1.0,"Residential streets here offer limited proximity to cultural institutions and transit hubs while remaining a short walk from Prospect Park. Grocery stores are steps away, providing immediate access to daily essentials despite the relative distance from major sports facilities and the Brooklyn Botanic Garden."
209.3,Private room,4.51,3.0,1.0,169.0,False,1.0,1.0,High concentrations of hotels and expansive green spaces contrast with a notable scarcity of local grocery stores. Sports facilities and cultural venues are located steps away.
449.57,Entire home/apt,5.0,15.0,0.5,1.0,False,3.0,0.5,Proximity to subway lines provides exceptional transit connectivity despite the surrounding scarcity of local cafes and nightlife. Residents enjoy immediate access to nearby parks and cultural venues.
186.58,Entire home/apt,5.0,2.0,2.0,6.0,False,1.0,2.0,Limited transit options and a scarcity of local grocery stores define the daily experience in this neighborhood. Cultural venues and hotels remain within a short walk of the residential streets.
331.75,Entire home/apt,4.91,10.0,1.0,23.0,False,2.0,1.0,Dense urban development leaves little room for greenery throughout the immediate surroundings. Residents benefit from a short walk to rapid transit and proximity to cultural venues.
408.5,Entire home/apt,4.25,5.0,1.0,4.0,False,3.0,1.0,"Residential streets here lack the expansive parks and recreational facilities found in other parts of the city. Daily necessities are available at local grocery stores, and cultural venues remain accessible within a short walk."
217.67,Entire home/apt,4.93,2.0,1.0,112.0,True,1.0,1.0,"Minimal green space and a scarcity of local entertainment venues define the neighborhood's sparse urban landscape. Cultural venues sit steps away from the residential core, while grocery stores and markets remain within a short walk."
80.1,Entire home/apt,4.5,6.0,1.0,131.0,False,2.0,1.0,"Proximity to Prospect Park and the Parkside Avenue station provides immediate access to open space and transit despite a relative scarcity of local museums, galleries, and athletic facilities. The neighborhood remains within walking distance of grocery markets and is situated about 10 minutes from the Brooklyn Botanic Garden."
348.06,Entire home/apt,4.98,2.0,1.0,93.0,True,1.0,1.0,"Dense urban infrastructure and high-frequency transit access define the immediate surroundings, which lack the green space found in most other parts of the city. Grocery markets and sports facilities are located steps away, while the block contains minimal hotel accommodations."
314.0,Private room,5.0,2.0,2.0,93.0,False,3.0,2.0,"Abundant green space provides a quiet retreat from the neighborhood, which remains removed from the city's dense transit and cafe networks. Grocery markets and sports facilities are located steps away, and the Apollo Theater is accessible within a ten-minute commute."
243.39,Entire home/apt,4.85,2.0,1.0,122.0,True,1.0,1.0,"Residents have limited access to local grocery stores and retail shops despite proximity to a high concentration of citywide entertainment venues. Sports and cultural facilities are within a short walk, and the location is about 10 minutes from Barclays Center and Brooklyn Academy of Music."
110.63,Private room,1.0,2.0,1.0,1.0,False,3.0,1.0,"High concentrations of hotels and expansive green spaces define the neighborhood, while local grocery options remain notably scarce. Cultural venues and sports facilities are located steps away from the residential blocks."
112.24,Entire home/apt,4.85,2.0,1.0,13.0,True,1.0,1.0,Limited public transit options and a lack of nearby hotels define the neighborhood's quiet residential character. Grocery stores and public park space are located within immediate walking distance of the residential blocks.
124.45,Private room,5.0,2.0,1.0,2.0,False,1.0,1.0,Limited transit connectivity distinguishes this neighborhood from the city's more accessible urban centers. Residents benefit from immediate access to local grocery markets and a short walk to nearby hotels.
805.0,Entire home/apt,4.3,4.0,2.0,20.0,False,2.0,2.0,"Residential density defines the immediate surroundings, which lack the public parks and entertainment venues common to other parts of the city. Grocery stores and cultural venues are located steps away from the block."
287.42,Entire home/apt,4.92,2.0,1.0,25.0,False,1.0,1.0,Sparse green space and limited local retail define the immediate surroundings. Sports facilities and rapid transit remain within a short walk.
189.89,Entire home/apt,5.0,5.0,1.0,4.0,False,3.0,1.0,Quiet residential streets offer a reprieve from the city's dense nightlife and retail corridors. Grocery stores and public parks remain within easy walking distance of these secluded blocks.
231.0,Private room,4.84,4.0,1.0,93.0,False,2.0,1.0,"Residential quiet defines this location, which lacks the density of museums and entertainment venues found elsewhere in the city. Hotels are situated on the doorstep of the 36th Street (BMT Fifth Avenue Line) station, while sports facilities remain within a short walk."
117.88,Entire home/apt,4.76,3.0,1.0,17.0,False,1.0,1.0,"Residential streets here lack the hotels and expansive green spaces found in other parts of the city. Local access to sports facilities remains immediate, while grocery stores are reachable within a short walk."
69.89,Private room,5.0,2.0,1.0,1.0,True,1.0,1.0,"Residential streets here lack the museums and hotels common to most of the city, while green space remains scarce. Sports facilities are located steps away, and grocery markets are accessible by a short walk."
312.68,Private room,4.96,4.0,1.0,137.0,True,1.0,1.0,Residential streets here offer limited proximity to major city attractions and nightlife venues. Public parks and rapid transit stations are located within a short walk of the neighborhood.
468.0,Entire home/apt,4.97,4.0,1.0,121.0,True,2.0,1.0,Residential density defines the streetscape in the absence of local parks or entertainment venues. Daily needs and the MTA Subway - Church Ave (2/5) station remain accessible steps away.
147.84,Entire home/apt,5.0,6.0,1.0,2.0,False,2.0,1.0,"Residents experience limited access to transit and daily retail compared to the rest of the city. The neighborhood provides proximity to Prospect Park and the Brooklyn Botanic Garden, alongside nearby sports facilities."
456.5,Entire home/apt,4.91,4.0,1.0,94.0,False,1.0,1.0,"Residential density defines the streetscape in the absence of local parks or entertainment venues. Rapid transit access at the MTA Subway - Church Ave (2/5) station sits on the doorstep, while grocery stores remain within a short walk."
251.5,Private room,4.77,5.0,1.0,339.0,False,2.0,1.0,"Industrial warehouses and sparse commercial infrastructure define this block, which lacks the hotels, parks, and fitness facilities common elsewhere in the city. Residents maintain proximity to daily necessities and rapid transit through a short walk to nearby grocery stores and subway stations."
122.63,Entire home/apt,4.91,4.0,1.0,24.0,True,2.0,1.0,"Residential streets here lack the concentration of hotels, museums, and green spaces found in other parts of the city. Grocery stores and sports facilities remain accessible within a short walk."
163.86,Entire home/apt,4.91,5.0,1.0,22.0,True,2.0,1.0,"Cultural venues are located immediately adjacent to this residential setting, which lacks the hotels, transit hubs, and entertainment venues found elsewhere in the city. Daily grocery needs are met within a short walk of the block."
188.87,Private room,5.0,2.0,1.5,33.0,True,1.0,1.5,"Limited green space and sparse transit options define this neighborhood, though hotels are located steps away. Residents find grocery stores and markets within a short walk of the residential streets."
232.67,Entire home/apt,4.33,6.0,1.0,6.0,False,2.0,1.0,"Local grocery stores and markets are situated directly on the doorstep, while nearby sports facilities remain within a short walk. The immediate surroundings lack the density of hotels, museums, and cafes found in other parts of the city."
364.61,Entire home/apt,5.0,4.0,2.0,6.0,True,2.0,2.0,"Abundant parkland provides a quiet contrast to the limited transit options and sparse grocery access found throughout the neighborhood. Hotels and sports facilities are located within a short walk, and the Beacon Theatre is reachable in about ten minutes."
177.0,Entire home/apt,5.0,6.0,1.0,6.0,False,2.0,1.0,Residential streets offer a quiet alternative to the city's dense commercial hubs while keeping local markets within steps of the front door. Cultural venues remain reachable by a short walk despite the limited presence of nearby dining and retail options.
224.3,Entire home/apt,4.94,2.0,1.0,16.0,False,1.0,1.0,"Limited access to grocery stores, transit, and cultural institutions defines the local landscape. Residents remain a short walk from the Beacon Theatre and nearby park space."
110.63,Entire home/apt,5.0,2.0,1.0,1.0,False,2.0,1.0,Limited vegetation and sparse retail options define the local landscape. Residents maintain proximity to rapid transit and neighborhood sports facilities.
134.73,Entire home/apt,4.81,2.0,1.0,67.0,False,2.0,1.0,"Residential quiet defines this location, which lacks the dense concentration of entertainment venues and hotels found elsewhere in the city. Daily necessities and rapid transit remain within a short walk of the block."
123.43,Private room,5.0,4.0,1.0,1.0,False,2.0,1.0,Residential streets here lack the concentration of nightlife and cultural venues found in most other parts of the city. Residents benefit from a short walk to the Church avenue train station B/Q trains and the green space of Prospect Park.
79.47,Entire home/apt,3.67,2.0,1.0,3.0,False,1.0,1.0,"Residential streets here lack significant parkland and cultural institutions, maintaining a quiet atmosphere away from the city's nightlife districts. Grocery stores and rapid transit stations are located within a short walk of the neighborhood."
445.1,Entire home/apt,5.0,6.0,2.0,1.0,False,3.0,2.0,"Residential streets here lack the concentration of hotels, grocery stores, and retail shops found in more commercial parts of the city. Public sports facilities and rapid transit stations are both accessible within a short walk."
57.37,Private room,5.0,1.0,1.0,1.0,False,1.0,1.0,"Quiet residential streets define this neighborhood, which lacks the dense concentration of entertainment venues and major attractions found elsewhere in the city. Residents benefit from the proximity of local parks and grocery markets within a short walk of their homes."
191.5,Private room,4.87,2.0,1.0,90.0,True,1.0,1.0,"Limited access to public transit, hotels, and green space defines the local landscape. Grocery markets and cultural venues remain reachable within a short walk."
1327.43,Entire home/apt,5.0,5.0,3.5,11.0,False,2.0,3.5,"Quiet residential streets sit a couple minutes from Central Park, offering a peaceful atmosphere removed from the city's dense nightlife and dining corridors. The MTA Subway - 96th St (B/C) station is on the doorstep, providing rapid transit access to the rest of the city."
169.25,Entire home/apt,5.0,4.0,1.0,11.0,False,1.0,1.0,Residential streets in this location lack the immediate proximity to hotels and public parks found elsewhere in the city. Grocery stores and cultural venues remain within a short walk despite the limited access to the subway network.
103.24,Entire home/apt,5.0,2.0,1.0,2.0,True,1.0,1.0,"Residential streets here lack the dense concentration of tourist attractions and entertainment venues found elsewhere in the city. Rapid transit access remains available steps away, while local parks provide open space within a short walk."
199.13,Entire home/apt,4.7,2.0,1.0,33.0,True,1.0,1.0,"Abundant green space defines this neighborhood right by Central Park, while local nightlife and grocery options remain sparse. Residents benefit from a short walk to nearby sports facilities and cultural venues."
296.07,Entire home/apt,4.53,6.0,1.0,118.0,False,3.0,1.0,"Quiet residential streets offer a reprieve from the city's dense nightlife and transit hubs. Local parks are steps away, and the Apollo Theater is accessible within a short commute."
321.86,Entire home/apt,4.96,2.0,1.0,298.0,False,1.0,1.0,"Residential quiet defines this location, which lacks the hotels and transit density common to much of the city. Cultural venues sit steps away, while local markets remain accessible by a short walk."
237.47,Entire home/apt,4.87,2.0,1.5,23.0,True,1.0,1.5,Residential streets here lack the concentrated attractions and entertainment venues found in more active parts of the city. Daily necessities and rapid transit connections remain within a short walk of the neighborhood.
165.83,Entire home/apt,4.83,4.0,1.0,29.0,False,2.0,1.0,"The immediate surroundings lack public parks and dining options, contrasting with the nearby sports facilities. Rapid transit is accessible within a short walk of the block."
205.0,Private room,4.81,2.0,2.0,119.0,False,1.0,2.0,"Residential streets here lack the immediate access to parks, transit, and fitness facilities found in most other parts of the city. Grocery stores and cultural venues remain within a short walking distance."
210.17,Entire home/apt,4.98,4.0,1.0,144.0,True,2.0,1.0,"Residential streets in this section lack the concentration of hotels, museums, and grocery stores found in most other parts of the city. Parks and rapid transit stations remain within a short walk of the neighborhood."
205.0,Private room,5.0,1.0,2.0,3.0,True,1.0,2.0,Residential streets in this vicinity offer a quiet atmosphere removed from the city's commercial hubs and athletic facilities. Grocery stores and rapid transit stations remain accessible within a short walk.
74.24,Private room,4.6,1.0,1.0,5.0,False,1.0,1.0,"Residential buildings occupy the immediate surroundings, offering a quiet departure from the dense concentration of entertainment venues and hotels found elsewhere in the city. Grocery stores and public park space are located steps away from the quiet streetscape."
233.0,Private room,4.67,2.0,1.0,3.0,False,1.0,1.0,The lack of nearby parks and recreational facilities contrasts with the immediate presence of grocery markets and rapid transit. Avenida Central (línea de la Avenida Myrtle) provides direct rail access at the doorstep.
111.5,Entire home/apt,5.0,2.0,1.0,2.0,True,1.0,1.0,"Residential streets in this neighborhood lack the parks, hotels, and entertainment venues common elsewhere in the city. Sports facilities remain a short walk away, while cultural venues are located steps from the block."
53.67,Private room,4.92,2.0,1.0,12.0,True,1.0,1.0,"Residential streets here lack the concentration of museums, nightlife, and green space found in other parts of the city. Grocery stores and rapid transit stations remain within a short walk of the neighborhood."
276.14,Entire home/apt,4.47,10.0,1.0,94.0,False,3.0,1.0,"Residential streets here lack the hotels, parks, and tourist attractions common to other parts of the city. Grocery stores are located steps away, while cultural venues remain within a short walk."
165.93,Entire home/apt,5.0,4.0,1.0,4.0,False,1.0,1.0,"Residential surroundings remain quiet due to a lack of nearby cultural institutions and nightlife venues. Local sports facilities are located steps away, while grocery markets are reachable within a short walk."
214.1,Entire home/apt,5.0,4.0,2.0,4.0,False,2.0,2.0,"The surrounding streets lack the typical concentration of parks, nightlife, and cultural attractions found elsewhere in the city. Residents benefit from a short walk to both neighborhood grocery stores and rapid transit stations."
480.67,Entire home/apt,4.95,2.0,1.0,56.0,True,2.0,1.0,"Limited access to grocery stores, hotels, and green space defines the local landscape. Cultural venues are situated steps away, while sports facilities remain within a short walk."
99.0,Entire home/apt,4.73,4.0,1.0,15.0,True,1.0,1.0,"Residential streets here lack the concentration of cafes, hotels, and cultural institutions found throughout much of the city. Public parks and sports facilities remain within a short walk of the neighborhood."
154.31,Entire home/apt,5.0,4.0,1.0,3.0,False,1.0,1.0,"Parks and open space sit steps away from this location, which lacks the density of museums and grocery stores found in other parts of the city. Residents have limited access to subway transit but remain about 10 minutes from Brooklyn Academy of Music."
62.7,Private room,5.0,2.0,1.5,2.0,True,1.0,1.5,"Residential quiet defines this location, which lacks the density of hotels, dining, and entertainment found elsewhere in the city. Sports facilities are situated steps away, while local markets remain accessible within a short walk."
499.0,Private room,4.98,2.0,2.0,128.0,False,2.0,2.0,"Residential streets here lack the typical concentration of hotels, attractions, and grocery stores found elsewhere in the city. Prospect Park and local sports facilities remain within a short walk of the neighborhood."
992.0,Private room,5.0,6.0,1.0,5.0,False,2.0,1.0,Limited local options for daily groceries and dining contrast with the immediate proximity of hotels and sports facilities. Residents experience reduced access to subway transit compared to the broader city.
139.37,Entire home/apt,5.0,8.0,1.0,1.0,False,1.0,1.0,"Grocery stores and markets are located steps away from this residential setting, which features limited access to public parks and recreational facilities. Cultural venues are also within immediate reach despite the relative scarcity of citywide attractions in the surrounding blocks."
139.2,Entire home/apt,5.0,4.0,1.0,3.0,True,1.0,1.0,"Residential streets in this pocket lack the dense concentration of nightlife, hotels, and cultural institutions found throughout much of the city. Local grocery stores and sports facilities remain within a short walking distance."
342.0,Entire home/apt,4.73,4.0,1.0,135.0,False,1.0,1.0,"Limited local grocery, transit, and dining options contrast with the immediate proximity of hotels and sports facilities. These amenities sit directly on the doorstep of the surrounding residential streets."
753.0,Entire home/apt,4.75,4.0,1.0,73.0,False,1.0,1.0,"Limited access to grocery stores, transit, and dining options defines the daily experience in this neighborhood. Hotels and sports facilities are located immediately adjacent to the residential blocks."
63.53,Entire home/apt,4.16,2.0,1.0,32.0,True,1.0,1.0,"Grocery stores and markets are situated steps from the front door, while the surrounding streets lack the parks, nightlife, and attractions common to other parts of the city. A short walk provides access to local sports facilities."
205.92,Entire home/apt,4.38,7.0,1.0,237.0,False,2.0,1.0,"Residential streets here lack the concentration of hotels, museums, and entertainment venues found in other parts of the city. Daily necessities and the MTA Subway - 79th St (D) station are located on the doorstep."
948.33,Entire home/apt,4.81,10.0,3.0,85.0,True,5.0,3.0,"Residential streets here lack the concentration of dining and entertainment venues found elsewhere in the city. Rapid transit access is available steps away, providing a direct connection to more active districts."
127.06,Entire home/apt,4.96,2.0,1.0,24.0,True,1.0,1.0,"The surrounding streets lack parks and athletic facilities, standing in contrast to the nearby markets and cultural venues accessible on foot. This location offers minimal hotel presence while maintaining proximity to essential daily services."
133.67,Entire home/apt,4.96,2.0,1.0,28.0,True,1.0,1.0,"Residential quiet defines this location, which lacks the density of commercial dining and entertainment found elsewhere in the city. Grocery stores and cultural venues remain accessible within a short walk."
382.74,Entire home/apt,4.88,3.0,2.0,8.0,False,2.0,2.0,Limited vegetation and sparse commercial storefronts contrast with the surrounding urban density. Grocery markets and sports facilities remain accessible within a short walk.
898.8,Entire home/apt,4.85,4.0,2.0,62.0,False,2.0,2.0,"Residential quiet prevails due to the absence of nightlife and limited retail options. Sports facilities remain within a short walk, while cultural venues are located steps away."
451.0,Entire home/apt,4.79,4.0,1.0,181.0,False,3.0,1.0,"Residential quiet prevails here due to the total absence of hotels, museums, and nightlife venues. Grocery stores are located steps away, while local sports facilities remain within a short walk."
96.0,Entire home/apt,4.61,2.0,1.0,92.0,False,1.0,1.0,"Residential streets here lack the dense concentration of hotels, museums, and entertainment venues found in other parts of the city. Daily errands and outdoor recreation are accessible within a short walk."
132.77,Entire home/apt,5.0,5.0,2.0,5.0,True,2.0,2.0,Residential streets here lack the concentration of entertainment venues and hotels found in more central parts of the city. Local residents benefit from proximity to neighborhood grocery stores and nearby public parks despite limited access to the subway system.
89.32,Entire home/apt,3.67,2.0,1.0,3.0,False,1.0,1.0,"Residential streets here remain quiet due to the absence of nightlife, museums, and athletic facilities. Daily needs are met by the proximity of local grocery stores and nearby public park space."
172.43,Entire home/apt,4.76,6.0,1.0,86.0,False,3.0,1.0,"Residential streets offer limited access to public parks, nightlife, and major city attractions. Grocery stores and rapid transit stations remain within a short walk of the neighborhood."
195.43,Entire home/apt,4.5,6.0,1.0,123.0,False,2.0,1.0,"Cultural venues are located steps away, while the immediate surroundings lack local parks and green space. Hotels remain within a short walk of the block, even as residents face limited access to nearby grocery stores and dining options."
258.01,Private room,4.64,4.0,1.0,265.0,False,1.0,1.0,"The immediate surroundings lack the cafes, parks, and gyms common to most city blocks. Hotels occupy the doorstep, while grocery stores and markets remain within a short walk."
62.78,Private room,4.47,4.0,2.5,19.0,True,5.0,2.5,"Residents live far from subway lines and nightlife venues, with minimal access to public green space. Local grocery stores and sports facilities remain within a short walk of the neighborhood."
107.06,Entire home/apt,4.96,2.0,1.0,71.0,True,1.0,1.0,"Residential streets here lack the typical concentration of cafes, bars, and transit access found throughout the rest of the city. A short walk leads to local parks and grocery stores."
260.67,Entire home/apt,4.81,2.0,1.0,143.0,True,2.0,1.0,"Residential streets here lack the concentration of entertainment, transit, and grocery options found in other parts of the city. Parks and cultural venues remain accessible within a short walk from the neighborhood."
485.0,Entire home/apt,4.66,12.0,2.0,85.0,False,3.0,2.0,"Sports facilities sit steps away from a residential environment that lacks the museums, galleries, and entertainment venues found in most other parts of the city. Hotels are located within a short walk of this transit-isolated setting."
120.87,Entire home/apt,5.0,3.0,1.0,2.0,False,2.0,1.0,Residential streets here lack the proximity to subway transit and nightlife found in most of the city. Local grocery stores and public parks remain within a short walk of the neighborhood.
143.28,Entire home/apt,4.53,4.0,1.0,109.0,False,1.0,1.0,Residential streets here lack the typical concentration of nightlife and recreational venues found throughout the rest of the city. Daily necessities and rapid transit connections remain within a short walking distance.
350.0,Entire home/apt,4.96,2.0,1.0,111.0,True,1.0,1.0,"Residential streets in this neighborhood lack the concentration of hotels, cafes, and attractions found in other parts of the city. Grocery stores and public parks remain accessible within a short walk."
121.6,Entire home/apt,4.75,2.0,1.0,139.0,False,1.0,1.0,"Residential streets here lack the concentration of hotels, nightlife, and transit access found in other parts of the city. Parks and grocery markets remain within a short walk of the neighborhood."
143.77,Entire home/apt,4.5,4.0,1.0,6.0,False,2.0,1.0,Residential streets here lack the proximity to transit and commercial amenities found in most of the city. These quiet blocks remain a short walk from the expansive green space of Prospect Park.
127.23,Entire home/apt,4.75,6.0,1.5,52.0,True,2.0,1.5,"Residential streets here lack the dense concentration of nightlife, hotels, and green space found throughout much of the city. Sports facilities remain a short walk away, and cultural venues are located steps from the neighborhood."
286.5,Entire home/apt,5.0,4.0,1.0,5.0,False,1.0,1.0,Residential streets here lack the dense transit and commercial amenities found in most of the city. These quiet surroundings sit a short walk from the expansive green space of Prospect Park and nearby sports facilities.
195.67,Private room,4.3,2.0,1.0,50.0,False,2.0,1.0,Quiet residential streets remain removed from the city's nightlife and transit hubs. Local grocery stores and public parks are accessible within a short walk.
640.0,Private room,4.93,2.0,1.0,84.0,True,2.0,1.0,"Residential quiet defines this location, which lacks the density of museums and nightlife found elsewhere in the city. Daily necessities and green space are available within immediate walking distance."
76.23,Entire home/apt,4.9,2.0,1.0,309.0,True,1.0,1.0,"Residential streets here lack the concentration of museums, parks, and dining options found elsewhere in the city. Daily necessities and rapid transit remain accessible within a short walk."
98.27,Entire home/apt,4.5,3.0,1.0,70.0,True,1.0,1.0,"Quiet residential streets offer a reprieve from the city's dense nightlife and transit hubs. Grocery stores are located steps away, while local sports facilities remain within a short walk."
273.19,Private room,4.67,4.0,2.0,12.0,False,2.0,2.0,"Local sports facilities are situated steps away, contrasting with the absence of nearby parks or subway access. Residents reach groceries and markets with a short walk, though the immediate vicinity lacks the retail density found in most other parts of the city."
302.41,Entire home/apt,4.84,4.0,1.0,98.0,False,2.0,1.0,"Grocery stores and markets are located steps from the front door, while the surrounding streets lack the museums, parks, and hotels common to most of the city. Rapid transit stations remain within a short walk of the residential blocks."
322.33,Entire home/apt,5.0,2.0,1.0,14.0,True,1.0,1.0,"Residential streets in this location lack the museums, galleries, and expansive green spaces found throughout much of the city. Daily necessities and sports facilities are available within immediate walking distance."
67.78,Private room,4.85,2.0,1.0,102.0,True,1.0,1.0,"Grocery stores and markets are located immediately outside the front door, while sports facilities remain within a short walk. The immediate surroundings lack the parks, shops, and attractions commonly found across the rest of the city."
93.76,Entire home/apt,4.78,1.0,1.0,179.0,True,1.0,1.0,Residential streets here lack the dense concentration of nightlife and entertainment venues found in other parts of the city. A short walk provides access to local grocery stores and markets.
407.0,Private room,4.92,2.0,1.0,141.0,False,2.0,1.0,"Grocery stores and markets are located steps away from this residential stretch. The immediate surroundings lack the museums, parks, and transit access commonly found throughout the rest of the city."
130.01,Entire home/apt,4.76,4.0,1.0,118.0,True,2.0,1.0,"Industrial and residential surroundings lack the typical concentration of museums, parks, and attractions found elsewhere in the city. The MTA New York City Transit-Beverly Rd station sits on the doorstep, while local grocery options remain within a short walk."
143.0,Entire home/apt,4.38,8.0,1.0,146.0,False,1.0,1.0,Residential streets here lack the typical density of cafes and transit hubs found elsewhere in the city. Immediate access to local parkland provides an open outdoor space despite the limited proximity to commercial amenities and fitness facilities.
107.5,Private room,5.0,2.0,1.0,2.0,False,1.0,1.0,"Residential streets here lack the museums, galleries, and green spaces common to other parts of the city. The MTA New York City Transit-Beverly Rd station sits on the doorstep, while grocery stores remain within a short walk."
237.0,Hotel room,4.0,4.0,1.0,1.0,False,1.0,1.0,"Local food and cultural options are notably scarce compared to the rest of the city. Hotels are situated steps away, and public park space remains accessible within a short walk."
329.33,Private room,4.92,2.0,1.0,192.0,True,2.0,1.0,"Residential streets here lack the dense concentration of museums, entertainment venues, and subway stations found throughout much of the city. Local grocery stores and public parks remain accessible within a short walk."
255.9,Entire home/apt,4.75,4.0,1.0,4.0,False,1.0,1.0,Residential streets here lack the dense concentration of retail and entertainment venues common to much of the city. Grocery stores and cultural institutions remain within a short walk of the neighborhood.
151.18,Entire home/apt,5.0,2.0,1.0,1.0,False,1.0,1.0,"Residential streets here lack the immediate access to parks, gyms, and nightlife found in most other parts of the city. Grocery stores and cultural venues remain within a short walk of the neighborhood."
1142.0,Private room,4.95,2.0,2.5,20.0,True,2.0,2.5,"Residential quiet defines this location, which lacks the hotels and entertainment venues common to most city blocks. Grocery markets are accessible steps away, and cultural venues remain within a short walk."
91.87,Entire home/apt,4.65,2.0,1.0,49.0,True,1.0,1.0,"The immediate surroundings lack the museums, parks, and diverse dining options common to most of the city. Residents benefit from rapid transit and grocery access located steps away, with New York Airport on the doorstep."
1027.5,Entire home/apt,4.84,11.0,1.5,58.0,True,3.0,1.5,"Residential streets here lack the immediate subway access and commercial density found in most of the city. A short walk leads to local grocery markets, while nearby hotels provide the primary point of external activity."
335.0,Entire home/apt,4.93,6.0,1.0,86.0,False,2.0,1.0,"Grocery stores and markets are located directly on the doorstep. The immediate surroundings lack the hotels, museums, and green spaces common to most other city blocks."
825.0,Entire home/apt,4.68,10.0,3.0,60.0,False,5.0,3.0,"Residential streets here lack the immediate subway access and commercial density found in most of the city. Hotels are located steps away, while grocery stores remain within a short walk."
286.44,Entire home/apt,4.91,2.0,1.0,143.0,True,1.0,1.0,"Residential blocks here lack the museums, hotels, and public green spaces found throughout much of the city. Local grocery markets and sports facilities remain accessible within a short walk."
382.22,Entire home/apt,4.74,6.0,1.0,109.0,False,2.0,1.0,"Residential streets here lack the concentration of museums, entertainment venues, and shops found in other parts of the city. Grocery stores are located steps away, while local parks remain within a short walk."
371.0,Private room,4.94,8.0,1.0,84.0,True,4.0,1.0,"Residential streets here lack the concentration of cafes, galleries, and entertainment venues found in more central parts of the city. A short walk provides access to both local parks and the MTA Subway - Liberty Ave (A/C) station."
373.0,Entire home/apt,4.83,6.0,1.0,6.0,False,2.0,1.0,"Residential quiet defines this location, which lacks the dense concentration of museums, shops, and nightlife found in other parts of the city. Rapid transit at Santa Marta la dominadora provides immediate citywide connectivity, while daily groceries remain within a short walk."
125.26,Entire home/apt,4.29,6.0,1.5,7.0,True,3.0,1.5,Residential streets near the Avenue J station lack the nightlife and commercial activity found in busier parts of the city. Local grocery stores and cultural venues remain accessible within a short walk from the neighborhood.
44.27,Private room,5.0,2.0,2.0,3.0,True,1.0,2.0,"Residential density defines this stretch, which lacks the museums, hotels, and public green spaces common elsewhere in the city. Grocery stores and markets sit steps away, and rapid transit remains a short walk from the front door."
224.64,Entire home/apt,4.62,6.0,1.0,55.0,False,1.0,1.0,"Grocery stores and markets are situated steps away from a residential environment that lacks immediate subway access. The neighborhood maintains a quiet character with minimal retail or dining options, though local hotels remain within a short walk."
63.63,Private room,5.0,1.0,1.0,3.0,True,1.0,1.0,Residential streets here offer limited commercial activity compared to the city's denser corridors. Parks and open space are located steps away from the neighborhood.
225.25,Entire home/apt,5.0,8.0,2.0,6.0,True,3.0,2.0,"Residential streets remain free of the hotels, museums, and entertainment venues common elsewhere in the city. Daily groceries and fresh markets are available within immediate walking distance."
302.5,Entire home/apt,4.94,4.0,1.0,144.0,True,1.0,1.0,Local dining and retail options are notably sparse compared to the rest of the city. Residents benefit from proximity to cultural venues and a short walk to rapid transit.
426.5,Entire home/apt,4.66,2.0,1.0,92.0,False,2.0,1.0,"Residential blocks sit in immediate proximity to the Pennsylvania Avenue IRT New Lots Line station. Grocery stores and markets are located steps away, while the surrounding environment lacks the nightlife and recreational attractions common to other parts of the city."
318.3,Entire home/apt,5.0,5.0,1.5,2.0,False,3.0,1.5,"Residential streets here lack the typical concentration of hotels and entertainment venues found elsewhere in the city. Local grocery markets are located within a short walk, while sports facilities are situated steps away."
159.05,Entire home/apt,4.6,4.0,1.0,30.0,False,2.0,1.0,Residential streets here lack the typical concentration of city nightlife and cultural institutions found elsewhere in the borough. Local grocery stores and public park space remain accessible within a short walk.
89.23,Entire home/apt,5.0,2.0,1.0,2.0,False,1.0,1.0,Residential streets in this section lack the commercial density and tourist attractions found in other parts of the city. Grocery stores and sports facilities remain within a short walking distance.
159.84,Entire home/apt,4.87,6.0,1.0,67.0,True,2.0,1.0,"Residential streets here lack the concentration of cafes, hotels, and museums found across much of the city. Public parks and sports facilities remain within a short walk of the neighborhood."
197.34,Entire home/apt,4.47,5.0,1.0,19.0,False,2.0,1.0,"Residential streets here lack the concentration of nightlife, cafes, and galleries found in other parts of the city. Grocery stores and public parks are within a short walk of the New Lots Train Station."
211.09,Entire home/apt,4.89,8.0,2.0,63.0,False,2.0,2.0,"Residential streets here lack the concentration of cultural attractions and hotels found in other parts of the city. Grocery stores are located steps away, while local parks remain within a short walk."
129.52,Entire home/apt,4.62,7.0,1.0,21.0,False,3.0,1.0,"The immediate surroundings lack the typical density of cafes, galleries, and transit access found throughout the rest of the city. Sports facilities and open park space are located steps away from the residential frontage."
96.63,Entire home/apt,4.62,4.0,1.0,29.0,False,2.0,1.0,"Residential streets here lack the typical concentration of local cafes and fitness facilities found elsewhere in the city. Open park space remains immediately accessible, while grocery options are available within a short walk."
33.53,Private room,4.69,2.0,1.0,16.0,False,1.0,1.0,"Grocery stores and markets are located steps away from this residential setting, which lacks the cafes, entertainment venues, and cultural institutions common to other parts of the city. A short walk provides access to the Metro North - Morris Heights train station."
111.2,Entire home/apt,4.85,2.0,1.0,62.0,False,1.0,1.0,"Residential streets here lack the concentration of hotels, cafes, and attractions found in other parts of the city. Grocery stores and public parks remain accessible within a short walk."
117.83,Entire home/apt,4.75,4.0,1.0,4.0,False,2.0,1.0,Residential streets here lack the typical concentration of hotels and nightlife found elsewhere in the city. Grocery stores and cultural venues remain accessible within a short walk.
249.0,Private room,4.89,2.0,1.0,245.0,True,1.0,1.0,Residential streets directly abut expansive parkland while remaining removed from the city's typical density of transit hubs and cultural institutions. Grocery stores and markets are reachable within a short walk of these quiet blocks.
514.0,Entire home/apt,4.95,3.0,1.0,58.0,True,2.0,1.0,The immediate surroundings lack the commercial amenities and public attractions common to most city blocks. Residents benefit from proximity to open park space and a short walk to local grocery markets.
71.57,Entire home/apt,4.7,2.0,1.0,109.0,True,1.0,1.0,"Residential buildings occupy this quiet stretch of the city, lacking the dense concentration of hotels and entertainment venues found in more central districts. Grocery stores and local sports facilities remain within a short walking distance of the neighborhood."
261.07,Private room,4.92,2.0,1.0,12.0,False,1.0,1.0,"Industrial warehouses and quiet residential streets define this neighborhood, which lacks the typical concentration of cafes and entertainment venues found elsewhere in the city. Public sports facilities are located steps away, while grocery options remain within a short walk."
61.06,Private room,4.7,1.0,1.0,23.0,False,0.0,1.0,Residential buildings stand in isolation from the city's typical density of cultural attractions and cafes. A brief walk provides access to local grocery and market options.
183.57,Entire home/apt,4.9,2.0,1.0,107.0,False,1.0,1.0,"Residential streets here lack the typical concentration of hotels, nightlife, and green space found throughout the rest of the city. Grocery stores and cultural venues remain accessible within a short walk."
255.34,Entire home/apt,4.96,2.0,1.0,179.0,True,2.0,1.0,"Residential streets here lack the concentration of cafes, galleries, and transit stations found in other parts of the city. Grocery stores and public parks remain within a short walk of the neighborhood."
405.0,Private room,4.86,6.0,2.0,210.0,True,3.0,2.0,"Residential streets here lack the museums, parks, and entertainment venues common to most of the city. Sports facilities and hotels are located within a short walk of the neighborhood."
233.59,Private room,4.5,2.0,1.0,4.0,False,3.0,1.0,Residential streets here lack the typical concentration of nightlife and transit found throughout the rest of the city. Daily necessities and local park space remain immediately accessible from the doorstep.
561.23,Entire home/apt,4.76,2.0,1.0,125.0,False,1.0,1.0,Residential buildings stand in isolation from the city's typical density of entertainment and tourist attractions. Local grocery stores remain within a short walk of these quiet streets.
132.47,Entire home/apt,4.73,2.0,1.0,123.0,False,2.0,1.0,"Residential surroundings lack the typical concentration of cultural attractions, gyms, and museums found elsewhere in the city. Daily necessities and overnight accommodations remain accessible within a short walk."
152.21,Entire home/apt,5.0,1.0,1.0,2.0,False,1.0,1.0,"Residential streets in this part of the city lack the concentration of cafes, grocery stores, and attractions found in more developed neighborhoods. The surrounding environment remains strictly utilitarian, offering no immediate access to local retail or public gathering spaces."
146.44,Entire home/apt,4.93,4.0,1.0,73.0,True,1.0,1.0,Residential streets here lack the dense concentration of nightlife and entertainment venues found throughout much of the city. Daily necessities and green space remain accessible within a short walk.
56.6,Private room,5.0,1.0,1.0,3.0,False,3.0,1.0,"Residential streets here lack the concentration of cafes, entertainment venues, and cultural institutions found in other parts of the city. Grocery stores and hotels are reachable within a short walk."
189.33,Entire home/apt,4.63,6.0,2.0,43.0,True,2.0,2.0,Residential buildings stand in isolation from the city's typical density of nightlife and tourist attractions. Local grocery stores remain within immediate walking distance of these quiet streets.
259.62,Private room,4.74,6.0,1.0,199.0,False,3.0,1.0,Residential streets here lack the typical concentration of city nightlife and cultural institutions found elsewhere in the borough. Local markets and public parkland remain accessible within a short walk of the neighborhood.
108.74,Entire home/apt,4.91,2.0,1.0,348.0,False,1.0,1.0,The absence of local retail and dining options distinguishes this location from the typical density of the city. Residents benefit from immediate pedestrian access to nearby parks and public sports facilities.
357.0,Private room,5.0,2.0,2.0,107.0,True,2.0,2.0,"Clifton station provides immediate rapid transit access in a setting devoid of the bars, cafes, and hotels typically found throughout the city. This residential environment remains distinct from the surrounding urban density by excluding the commercial nightlife and hospitality venues common elsewhere."
397.0,Entire home/apt,4.98,2.0,1.0,55.0,True,1.0,1.0,"Residential quiet defines this location, which lacks the typical density of cafes and nightlife found elsewhere in the city. Daily necessities are reachable by a short walk, and the Beach 36th Street station provides immediate access to rapid transit."
1076.0,Private room,4.96,8.0,2.5,49.0,True,4.0,2.5,"Residential quiet defines this street, which lacks the nightlife and entertainment venues common to most city blocks. Open park space sits steps from the front door, while grocery stores remain within a short walk."
107.59,Entire home/apt,5.0,2.0,1.0,1.0,True,1.0,1.0,"Residential streets here lack the typical concentration of cafes, nightlife, and attractions found elsewhere in the city. A short walk provides access to local grocery stores and markets."
212.77,Entire home/apt,3.0,6.0,2.0,1.0,False,3.0,2.0,"Residential streets here lack the concentration of nightlife, cafes, and entertainment venues found throughout much of the city. A short walk provides access to local grocery stores and markets."
375.0,Entire home/apt,5.0,4.0,2.0,76.0,True,2.0,2.0,Residential streets provide a quiet buffer from the hotels located steps away. A short walk connects the neighborhood to local grocery and market options.
93.17,Entire home/apt,4.64,4.0,1.0,11.0,True,2.0,1.0,Residential streets here lack the typical concentration of cafes and nightlife found throughout the rest of the city. Grocery stores and sports facilities remain accessible within a short walk.
642.0,Private room,4.95,2.0,2.0,19.0,True,2.0,2.0,"Residential streets in this section of the city lack the concentration of cafes, nightlife, and attractions found in more central neighborhoods. Grocery stores and hotels remain within a short walking distance of the local housing."
142.28,Entire home/apt,4.78,6.0,2.0,67.0,False,3.0,2.0,"Industrial warehouses and open lots dominate the surroundings, contrasting with the dense residential development found elsewhere in the city. LaGuardia Airport Terminal B is a short walk away."
270.08,Entire home/apt,4.99,2.0,1.0,101.0,True,1.0,1.0,Sports facilities sit directly on the doorstep while residential streets remain removed from the city's typical density of cafes and nightlife. A short walk connects the quiet surroundings to local parks and open space.
72.36,Private room,4.75,2.0,1.0,8.0,False,1.0,1.0,"Residential buildings define the streetscape in the absence of local commercial activity or public attractions. The surrounding environment remains strictly focused on housing, lacking the cafes, nightlife, and retail common to other parts of the city."
345.13,Entire home/apt,5.0,5.0,2.5,1.0,False,4.0,2.5,Residential streets here lack the typical concentration of cafes and nightlife found in other parts of the city. A short walk provides access to local sports facilities.
294.0,Private room,4.73,4.0,1.0,52.0,False,2.0,1.0,"Residential buildings occupy this stretch of the city, which lacks the concentration of cafes, bars, and attractions found in most other neighborhoods. The quiet surroundings remain distinct from the dense commercial activity typical of the broader urban landscape."
194.7,Entire home/apt,5.0,4.0,1.0,2.0,False,2.0,1.0,Residential quiet defines this streetscape in the absence of typical commercial amenities. Public sports facilities are situated steps away from the surrounding housing.
167.8,Private room,5.0,2.0,1.0,9.0,False,1.0,1.0,Residential streets here lack the concentration of cafes and nightlife found in more active parts of the city. A short walk leads to local park space.
105.3,Entire home/apt,4.72,2.0,1.0,47.0,False,1.0,1.0,"Residential streets here remain entirely free of the bars, cafes, and restaurants found throughout the rest of the city. The surrounding environment consists exclusively of quiet housing blocks removed from commercial activity."
280.8,Private room,4.96,7.0,2.0,26.0,False,3.0,2.0,Residential streets here lack the immediate commercial amenities found in most other parts of the city. A short walk provides access to local parks and open space.
181.5,Entire home/apt,4.74,2.0,1.0,89.0,False,1.0,1.0,"Residential buildings stand in isolation from the commercial activity and public gathering spaces found throughout the rest of the city. The surrounding streetscape lacks the cafes, nightlife, and local attractions common to other urban blocks."
309.73,Entire home/apt,5.0,6.0,2.0,15.0,False,3.0,2.0,Residential streets in this section of the city lack the concentration of dining and retail options found in more active neighborhoods. A short walk provides access to local parkland and open space.
217.0,Entire home/apt,4.96,2.0,1.0,23.0,True,1.0,1.0,Residential streets here lack the typical concentration of cafes and nightlife found throughout the rest of the city. A short walk provides convenient access to local grocery stores and markets.
288.0,Private room,4.43,2.0,1.0,7.0,False,2.0,1.0,"Residential buildings stand in isolation from the commercial activity and public gathering spaces found throughout the rest of the city. The surrounding environment remains strictly focused on housing, lacking the cafes, nightlife, and attractions common to other urban blocks."
