price,room_type,ratings,guests,bathrooms,property_number_of_reviews,is_superhost,num_bedrooms,num_baths,surroundings_summary
284.1,Entire home/apt,4.91,3.0,1.0,11.0,False,1.0,1.0,"Dense blocks of exceptional shopping, dining, and cafe density surround Herald Square, offering immediate access to rapid transit and sports facilities."
323.33,Private room,4.74,1.0,1.0,43.0,False,2.0,1.0,"This dense commercial district concentrates an exceptionally high density of citywide shopping, cafe, and lodging options within a short walk of Times Square and Grand Central Terminal. Daily essentials including grocery markets and sports facilities are located just steps away."
690.98,Private room,4.0,8.0,2.0,1.0,False,2.0,2.0,"Midtown Manhattan pairs an exceptional density of hotels and retail with immediate neighborhood access to daily markets and cultural institutions, sitting right by the Empire State Building."
588.0,Entire home/apt,4.0,2.0,1.0,5.0,False,1.0,1.0,"This vibrant urban sector combines some of the city's densest concentrations of retail shops, cafes, and entertainment venues with immediate proximity to Times Square and Grand Central Terminal. Hotels are located on the doorstep, offering direct access to major transit hubs and iconic Midtown landmarks."
290.0,Private room,4.14,2.0,1.0,7.0,False,1.0,1.0,"Centres of commerce and lodging sit directly alongside an extraordinary density of athletic and fitness facilities. Markets and grocery stores are on the doorstep, while Madison Square Park is a couple minutes away."
1452.0,Private room,5.0,12.0,3.0,1.0,False,3.0,3.0,"Dense clusters of entertainment venues, hotels, and retail sit right by Rockefeller Center, while nearby parks and cultural institutions remain a short walk away."
1199.0,Entire home/apt,5.0,5.0,1.0,21.0,True,2.0,1.0,"High concentrations of fitness facilities and dining destinations contrast with the surrounding urban fabric, while cultural venues sit directly on the doorstep. The neighborhood stands a short walk from Madison Square Park and Herald Square."
312.68,Entire home/apt,4.73,4.0,1.0,15.0,False,1.0,1.0,Exceptional transit access and a high concentration of fitness facilities contrast with dense entertainment options near Times Square. Cultural venues sit steps away from the bustling streets.
595.92,Private room,4.46,8.0,1.0,56.0,False,1.0,1.0,"Intense retail, cafe, and fitness densities contrast with immediate access to rapid transit and hotels near Madison Square Garden."
475.05,Entire home/apt,3.0,5.0,1.0,1.0,False,1.0,1.0,"This neighborhood concentrates elite concentrations of entertainment venues and transit access alongside nearby hotel accommodations. Parks and open space sit steps away, while well-known destinations like Times Square and Madison Square Garden are accessible within about ten minutes."
266.0,Private room,4.4,2.0,1.0,15.0,False,1.0,1.0,"This neighborhood pairs an exceptional concentration of independent cafes, museums, and shops with immediate access to everyday grocery markets. Located about ten minutes from the New Museum, the surrounding streets blend dense cultural destinations with residential convenience."
164.73,Entire home/apt,4.87,2.0,1.0,23.0,True,2.0,1.0,"An exceptionally dense concentration of art galleries, specialty grocers, and independent cafes defines this block, which sits just a short walk from the New Museum. Rapid transit and nearby hotels provide convenient access to the surrounding citywide contrasts."
724.27,Entire home/apt,4.83,6.0,1.0,6.0,True,2.0,1.0,"This vibrant Midtown sector concentrates an unmatched density of entertainment venues, hotels, and cafes alongside everyday markets on the doorstep. Cultural venues are steps away, while the area remains right by Times Square."
325.0,Private room,4.46,2.0,1.0,61.0,False,1.0,1.0,Dense cultural attractions and contemporary galleries contrast with everyday grocery access near the New Museum. Rapid transit is available within a short walk.
232.42,Private room,4.86,2.0,1.0,7.0,False,1.0,1.0,"This dynamic neighborhood combines an exceptionally dense concentration of fitness centers, retail shops, and entertainment venues with immediate proximity to Madison Square Garden and cultural venues. Daily errands are streamlined by fresh markets just steps away, contrasting with the intense urban energy anchored nearby by the Empire State Building."
454.78,Entire home/apt,4.33,6.0,1.0,3.0,False,3.0,1.0,"High-density entertainment venues and transit stations contrast with quieter residential side streets, while cultural venues stand steps away. The neighborhood sits about 10 minutes from Times Square and Madison Square Garden."
198.53,Private room,4.9,4.0,1.0,39.0,True,1.0,1.0,"This Lower East Side setting contrasts an exceptional concentration of everyday groceries, dining, and cafes with cultural venues right on the doorstep and parks a short walk away. The location sits a short walk from the Manhattan Bridge and about ten minutes from the New Museum."
207.0,Hotel room,4.0,4.0,1.0,1.0,False,1.0,1.0,"Museums, galleries, and diverse dining options fill this dense urban neighborhood alongside abundant grocery stores. Nearby parks and open spaces offer outdoor access within a short walk from the Manhattan Bridge."
155.03,Entire home/apt,5.0,3.0,1.0,1.0,False,1.0,1.0,"This Lower East Side setting pairs an extraordinary density of museums, galleries, grocery stores, and nightlife venues with a short walk to the New Museum. Sports facilities are steps away, while Manhattan Bridge is about ten minutes distant."
336.65,Entire home/apt,4.98,3.0,1.5,47.0,False,1.0,1.5,This hyper-dense entertainment and nightlife district features unmatched transit access and sits just steps from Rockefeller Center and Times Square.
615.0,Hotel room,5.0,2.0,1.0,2.0,False,1.0,1.0,"Intense nightlife and a dense concentration of cafes contrast with an unusually high density of neighborhood museums and galleries. Sports facilities sit on the doorstep, and the New Museum stands a couple minutes away."
285.17,Entire home/apt,4.83,4.0,1.0,6.0,False,1.0,1.0,Blocks balancing an exceptionally dense concentration of fitness clubs and grocers with a prominent hotel presence stand steps away from cultural venues. Madison Square Park is a short walk from the location.
214.9,Entire home/apt,4.81,2.0,1.0,16.0,False,2.0,1.0,Dense gallery blocks and high-tier dining sit alongside expansive parks near Washington Square Park. Rapid transit and sports facilities are a short walk away.
318.27,Private room,4.75,4.0,1.0,129.0,False,2.0,1.0,"Densely concentrated transit and cultural institutions meet everyday conveniences, positioned steps away from open space and a short walk from the Manhattan Bridge."
154.22,Entire home/apt,4.33,1.0,1.0,6.0,False,1.0,1.0,"An exceptionally dense concentration of retail shops, hotels, and athletic facilities defines the neighborhood, which sits steps away from expansive open parkland and major cultural venues. A short walk leads to the Waldorf Astoria."
289.35,Private room,3.68,2.0,1.0,31.0,False,1.0,1.0,"This location combines a citywide pinnacle of entertainment venues and dining with immediate hotel access. Situated a couple minutes from Times Square, it places guests steps away from daily markets."
245.8,Entire home/apt,5.0,3.0,2.0,2.0,False,1.0,2.0,Dense residential streets combine immediate subway access and abundant neighborhood markets with a rich concentration of cultural institutions. Parks and the Manhattan Bridge are a short walk away.
397.7,Entire home/apt,4.62,4.0,1.0,81.0,False,1.0,1.0,This dense Manhattan neighborhood pairs exceptional concentrations of fitness facilities and lodging with abundant daily provisions. Cultural venues sit on the doorstep while Madison Square Park remains a short walk away.
547.36,Entire home/apt,4.83,4.0,1.0,46.0,True,1.0,1.0,"This Manhattan neighborhood pairs an exceptional density of museums, galleries, and nightlife with everyday convenience anchored by nearby grocery stores. Rapid transit is a short walk away, and the area is about 10 minutes from the New Museum and Manhattan Bridge."
116.15,Entire home/apt,4.7,2.0,1.0,37.0,False,1.0,1.0,"Dense concentrations of renowned dining, nightlife, and cultural institutions sit steps from open parkland and a short walk to rapid transit near Washington Square Park."
388.43,Entire home/apt,5.0,2.0,1.0,1.0,False,2.0,1.0,"This East Village setting combines some of the city's densest nightlife and dining with remarkably close grocery access. Rapid transit is steps away, and cultural destinations like the New Museum sit about ten minutes from the door."
418.61,Entire home/apt,3.0,3.0,1.0,1.0,False,1.0,1.0,"Unrivaled concentrations of entertainment venues, dining, and nightlife define this bustling urban setting, while nearby hotels and sports facilities offer immediate convenience. The neighborhood sits a short walk from Rockefeller Center, Carnegie Hall, and Times Square."
283.55,Entire home/apt,4.81,1.0,1.0,62.0,False,1.0,1.0,Dense clusters of athletic facilities and retail shops contrast with nearby museums and galleries. This setting is a short walk from the Flatiron Building and rapid transit.
276.7,Entire home/apt,4.82,2.0,1.0,11.0,True,1.0,1.0,"This location pairs dense concentrations of major museums and cultural attractions with top-tier fitness facilities citywide. Located about 10 minutes from the Woolworth Building, the neighborhood provides immediate access to hotels and a short walk to daily grocery markets."
656.33,Entire home/apt,4.88,5.0,1.0,110.0,True,2.0,1.0,"Historic financial landmarks like Federal Hall and the New York Stock Exchange stand near abundant cultural attractions, dense cafe selections, and open green spaces. Essential daily groceries and sports facilities sit close at hand."
210.2,Entire home/apt,5.0,2.0,1.0,6.0,False,1.0,1.0,"This neighborhood pairs exceptional citywide concentrations of dining, nightlife, and cafes with immediate access to grocery markets and cultural venues. The streets lie a short walk from Washington Square Park, Washington Square Arch, and Stonewall Inn."
139.49,Private room,4.5,2.0,1.0,688.0,False,1.0,1.0,"Historic towers and monuments stand right by Federal Hall, offering immediate access to open green spaces and dense cultural attractions."
745.0,Private room,5.0,3.0,1.0,5.0,False,1.0,1.0,"Exceptional parkland access and a high concentration of cultural attractions define the neighborhood, situated a short walk from Carnegie Hall and Central Park. Nearby hotels provide immediate proximity to these green spaces and citywide destinations."
449.27,Entire home/apt,5.0,2.0,1.0,1.0,False,1.0,1.0,"Exceptional concentrations of nightlife, entertainment, and dining create intense citywide contrast just steps from rapid transit and cultural venues. The setting is a short walk from Washington Square Park."
878.86,Entire home/apt,4.94,2.0,1.0,36.0,True,1.0,1.0,"Exceptional density of dining, bars, and cafes stands alongside steps-away rapid transit access. The neighborhood lies a short walk from Washington Square Park and a couple minutes from Stonewall Inn."
112.43,Private room,5.0,3.0,1.0,2.0,False,1.0,1.0,"This vibrant Midtown South neighborhood pairs a high concentration of hotels and grocery stores with world-class tourist attractions. Cultural venues and sports facilities are steps away, while iconic destinations like the Empire State Building and Madison Square Park are about ten minutes away."
59.11,Entire home/apt,4.6,1.0,1.0,5.0,True,1.0,1.0,"Exceptional concentrations of entertainment venues and nightlife sit just steps from cultural destinations. This energetic setting lies a short walk from Times Square and about ten minutes from Rockefeller Center, paired with dense subway access."
628.0,Private room,5.0,4.0,2.0,1.0,False,1.0,2.0,This Midtown location offers exceptional proximity to Central Park and Columbus Circle alongside dense urban transit access. Nearby cultural institutions like Carnegie Hall complement the dense concentration of surrounding hotels and sports facilities.
149.39,Entire home/apt,5.0,2.0,1.0,1.0,False,1.0,1.0,"This location pairs an unusually dense concentration of neighborhood cafes and green spaces with a high density of citywide lodging. Grand Central Terminal is a short walk away, and sports facilities are steps away."
417.51,Entire home/apt,4.73,4.0,1.0,56.0,True,1.0,1.0,"The neighborhood combines exceptionally dense concentrations of dining, cafes, and retail with immediate proximity to cultural venues. It sits a short walk from Washington Square Park and a couple minutes from Stonewall Inn."
266.07,Entire home/apt,4.93,2.0,1.0,15.0,False,1.0,1.0,Dense concentrations of fitness facilities and retail shops contrast with nearby cultural venues steps away. The location is about 10 minutes from Madison Square Park.
290.21,Entire home/apt,4.4,2.0,1.0,5.0,False,1.0,1.0,"The surrounding neighborhood combines an exceptionally dense concentration of top-tier dining, cafes, and retail with cultural venues just steps away. This vibrant streetscape is located right by Stonewall Inn and a short walk from Washington Square Park."
286.3,Entire home/apt,4.77,5.0,1.0,99.0,True,1.0,1.0,"Dense concentrations of dining, cafes, and shops contrast with tranquil green spaces nearby. Washington Square Park is a short walk away."
620.33,Private room,4.95,4.0,1.0,21.0,False,1.0,1.0,This dynamic district pairs exceptionally dense subway access and a high concentration of cafes with nearby green spaces. The location sits a short walk from Grand Central Terminal.
279.65,Entire home/apt,4.5,2.0,2.5,4.0,False,2.0,2.5,"Dense retail and dining corridors merge with a high density of cafes near Washington Square Park. Rapid transit and cultural venues are steps away, a short walk from the Washington Square Arch."
63.84,Entire home/apt,4.5,1.0,1.0,2.0,True,1.0,1.0,"This neighborhood pairs exceptional concentrations of fitness facilities and athletic venues with cultural institutions and retail corridors. Open green spaces are steps away, and rapid transit is available within a short walk."
255.23,Entire home/apt,4.5,1.0,1.0,4.0,False,1.0,1.0,"Dense concentrations of dining, cafes, and shops contrast with quieter residential streets near Stonewall Inn. Cultural venues and sports facilities sit steps away, while Washington Square Park is nearby."
1685.0,Entire home/apt,5.0,5.0,2.0,4.0,False,2.0,2.0,"Abundant parks and major cultural attractions stand steps away from hotels, while nearby landmarks include Central Park and The Plaza Hotel."
651.0,Entire home/apt,4.82,2.0,1.0,22.0,True,1.0,1.0,World-class urban attractions and exceptional transit access converge just steps from major cultural venues and sports facilities. This setting sits a short walk from Federal Hall and the New York Stock Exchange.
298.0,Entire home/apt,4.86,2.0,1.0,356.0,True,1.0,1.0,World-class transit infrastructure and an exceptionally dense concentration of top-tier cultural attractions and sports facilities sit within a short walk of Federal Hall.
388.57,Entire home/apt,5.0,3.0,1.0,1.0,False,1.0,1.0,"This Lower Manhattan neighborhood pairs exceptionally dense concentrations of cultural attractions, green spaces, and neighborhood cafes with immediate proximity to Trinity Church. Sports facilities and cultural venues sit right on the doorstep, offering doorstep access to historic sites like Federal Hall."
272.77,Entire home/apt,5.0,3.0,1.0,1.0,True,1.0,1.0,Densely clustered galleries and exceptional grocery access sit alongside remarkably sparse public transit options and a severe lack of open space. The surrounding neighborhood lies about ten minutes from the New Museum.
354.0,Hotel room,5.0,4.0,1.0,1.0,False,1.0,1.0,"This Midtown location combines an exceptionally dense concentration of top-tier dining, cafes, and hotels with immediate access to major cultural venues and sports facilities. St. Patrick's Cathedral sits a short walk away, while Grand Central Terminal is accessible in about ten minutes."
954.0,Entire home/apt,4.84,6.0,2.0,25.0,True,2.0,2.0,This Lower Manhattan setting places top-tier transit and dense cultural attractions alongside immediate access to sports facilities and the historic Woolworth Building.
215.01,Entire home/apt,4.75,4.0,1.0,63.0,False,1.0,1.0,"Intense concentrations of nightlife, entertainment venues, and dining define the block, complemented by nearby rapid transit and hotels. The location sits about 10 minutes from Times Square."
166.63,Private room,4.71,1.0,1.0,24.0,True,1.0,1.0,"This East Village setting combines intense nightlife concentration with abundant neighborhood parks and everyday grocers, sitting just a short walk from Tompkins Square Park. Cultural venues and sports facilities are immediately accessible nearby, complementing the proximity to the New Museum."
2054.12,Entire home/apt,4.81,6.0,2.0,37.0,True,2.0,2.0,"This Lower Manhattan setting places dense concentrations of cultural institutions and fitness options alongside quiet residential streets, just a short walk from the Woolworth Building and rapid transit. Daily errands are easily managed on foot with nearby grocery stores, while major downtown destinations like One World Trade Center are reachable within a ten-minute walk."
764.59,Entire home/apt,4.76,5.0,1.0,117.0,True,2.0,1.0,"Grand Central Terminal sits amid dense clusters of top-tier cultural attractions and hotels, while everyday grocery options remain widely available. Parks and open space are steps away, offering a distinct contrast to the surrounding urban density."
315.51,Entire home/apt,4.67,3.0,1.0,12.0,False,1.0,1.0,"Dense retail and cultural destinations contrast with exceptional concentrations of gyms and sports facilities across the neighborhood. Essential groceries and markets remain within a short walk, while Chelsea Market and The High Line are reachable in about ten minutes."
2282.36,Entire home/apt,4.94,6.0,3.0,68.0,True,3.0,3.0,"This block supports dense concentrations of shopping, nightlife, and dining alongside nearby cultural venues and daily markets. The location sits a short walk from Stonewall Inn and The High Line."
627.67,Private room,4.91,2.0,1.0,57.0,False,1.0,1.0,"Exceptional access to abundant parks and dense museum collections defines the neighborhood, while nearby sports facilities offer recreation a short walk away, placing visitors steps from Central Park and Central Park Zoo."
105.62,Entire home/apt,4.33,2.0,1.0,3.0,True,1.0,1.0,"Unusually dense concentrations of sports facilities and museums define the neighborhood, while daily groceries are available a short walk away. The area sits about 10 minutes from Washington Square Park."
136.8,Entire home/apt,4.67,2.0,1.0,3.0,False,1.0,1.0,Vibrant nightlife and dense concentrations of dining and entertainment venues contrast with nearby open spaces and hotels. The location sits about 10 minutes from Times Square.
239.7,Entire home/apt,5.0,2.0,1.0,3.0,False,1.0,1.0,"Exceptional density of top-tier cultural attractions, hotels, and museums defines the cityscape, complemented by rapid transit steps away and a short walk to The Morgan Library & Museum."
197.82,Entire home/apt,4.86,3.0,1.0,108.0,True,1.0,1.0,Dense retail and culinary destinations balance against a rare local concentration of athletic facilities. A short walk leads to the MTA - Christopher St Sheridan Square Station.
169.58,Entire home/apt,5.0,2.0,1.0,1.0,True,1.0,1.0,"This setting juxtaposes an exceptionally high concentration of neighborhood gyms and sports facilities with remarkably dense access to museums, galleries, and retail shops. Rapid transit is a short walk away, and iconic destinations such as Washington Square Park and the Stonewall Inn sit about ten minutes away."
262.0,Entire home/apt,4.75,2.0,1.0,60.0,False,1.0,1.0,"Abundant parkland and active nightlife set this neighborhood apart, situated a short walk from Union Square. Cultural venues sit on the doorstep, while nearby Madison Square Park offers an additional green retreat."
201.0,Entire home/apt,4.64,2.0,1.0,58.0,False,1.0,1.0,"This neighborhood combines an exceptionally high concentration of parks, athletic facilities, and nightlife venues with cultural spaces immediately outside the door. Located a short walk from Union Square, the setting balances dense urban recreation with prominent green spaces like Madison Square Park."
856.0,Entire home/apt,4.96,4.0,2.0,68.0,True,2.0,2.0,"Museums and galleries, frequent grocery stores, and dense transit service set this location apart citywide, while hotels sit directly on the doorstep. Open green spaces are steps away and the Manhattan Bridge is a short walk from the address."
419.4,Entire home/apt,5.0,4.0,1.0,1.0,False,2.0,1.0,"Densely packed entertainment venues, bars, and dining establishments set this vibrant urban setting apart from quieter neighborhoods citywide. Rapid transit is steps away, and the location is about 10 minutes from Central Park."
232.88,Entire home/apt,4.0,3.0,1.0,2.0,False,1.0,1.0,"Dense concentrations of nightlife, dining, and entertainment venues define the neighborhood, situated just a short walk from rapid transit and cultural attractions."
290.25,Entire home/apt,4.6,5.0,1.0,5.0,False,2.0,1.0,"Dense concentrations of nightlife, entertainment, and dining define the blocks, while cultural venues sit steps away and rapid transit remains a short walk. The neighborhood lies about 10 minutes from Times Square."
165.93,Entire home/apt,4.0,2.0,1.0,1.0,False,1.0,1.0,"Intense concentrations of nightlife, entertainment, and dining define the blocks, while daily provisions and rapid transit sit directly on the doorstep. The location is about 10 minutes from Central Park and Columbus Circle."
371.49,Entire home/apt,5.0,4.0,2.0,2.0,True,1.0,2.0,"Museums, galleries, and high-density shopping sit directly alongside a major transit network, with Central Park just a short walk away. Sports facilities are steps from the door while everyday grocery markets remain within easy reach."
1096.67,Entire home/apt,5.0,4.0,2.0,10.0,True,2.0,2.0,"This neighborhood combines a high concentration of hotels and entertainment venues with immediate subway access. Sports facilities are steps away, and Hudson Yards is a short walk from the location."
450.0,Private room,5.0,2.0,1.0,8.0,True,1.0,1.0,"Abundant neighborhood green spaces and cultural attractions sit a short walk from Grand Central Terminal, complemented by nearby grocery markets."
238.82,Entire home/apt,5.0,2.0,1.0,2.0,False,1.0,1.0,"Athletic facilities and galleries contrast sharply with a high concentration of neighborhood lodging options. Grocery markets sit steps away, and residents are about 10 minutes from Chelsea Market."
66.78,Shared room,4.68,1.0,1.0,264.0,False,1.0,1.0,"Intense concentrations of gyms and sports facilities contrast with a lack of immediate neighborhood green space, while cultural venues sit right on the doorstep. The location provides rapid transit steps away and lies about 10 minutes from Central Park."
362.0,Entire home/apt,4.8,5.0,1.0,5.0,False,1.0,1.0,"This vibrant New York City locale combines dense concentrations of nightlife, dining, and entertainment venues with immediate proximity to cultural institutions. The neighborhood is situated about ten minutes from Times Square and the Intrepid Sea, Air & Space Museum."
279.68,Entire home/apt,4.33,3.0,1.0,6.0,False,1.0,1.0,"Dense concentrations of museums, galleries, and fitness facilities contrast with quieter residential side streets located a short walk from Central Park. Daily conveniences and major cultural destinations like The Metropolitan Museum of Art sit within roughly ten minutes of the neighborhood."
466.67,Entire home/apt,4.64,5.0,1.0,56.0,True,2.0,1.0,"Historic FiDi balances exceptionally dense cultural attractions and upscale hotels with rare nearby pocket parks and green space. Steps from sports facilities and cultural venues, the surroundings sit a short walk from the Brooklyn Bridge."
82.42,Private room,4.59,1.0,4.0,17.0,False,1.0,4.0,Abundant parks and concentrations of hotels contrast with dense urban attractions just steps from rapid transit and 18th Street (IRT Third Avenue Line). The surrounding neighborhood sits a short walk from Union Square.
510.0,Entire home/apt,5.0,4.0,1.0,5.0,True,2.0,1.0,"Athletic and dining establishments rank near the city's highest tiers alongside a limited presence of local green space, while cultural venues sit steps away and Central Park is about 10 minutes distant."
252.97,Entire home/apt,4.73,4.0,1.0,11.0,False,2.0,1.0,"This residential setting balances dense concentrations of museums, galleries, and major city attractions with abundant neighborhood parks and green spaces. Residents enjoy rapid transit a short walk away, while neighborhood sports facilities sit steps from the door."
289.73,Entire home/apt,4.83,4.0,1.0,6.0,False,2.0,1.0,"High concentrations of major museums and sports facilities define this neighborhood, contrasting with quieter residential stretches nearby. Central Park is a short walk away, and rapid transit provides quick access to the rest of the city."
202.77,Entire home/apt,4.92,2.0,1.0,26.0,True,1.0,1.0,"This location combines some of the city's highest concentrations of dining, nightlife, and cultural attractions while remaining a short walk from rapid transit. The neighborhood sits about ten minutes from Madison Square Park with grocery markets steps away."
175.0,Entire home/apt,5.0,4.0,1.0,2.0,False,1.0,1.0,This New York City block combines a heavy concentration of dining and athletic facilities with very limited local green space. Cultural venues stand just steps away while fresh food markets remain within a short walk.
20.47,Shared room,3.0,1.0,1.0,2.0,False,1.0,1.0,Dense blocks packed with shops and hotels sit alongside minimal urban greenery near Penn Station. Daily errands and sports facilities remain within a short walk of the doorstep.
218.5,Private room,4.68,2.0,1.0,34.0,False,1.0,1.0,"Dense residential blocks contrast with a high concentration of museums, galleries, and specialized sports facilities, while neighborhood parks and grocery stores remain just a short walk away. The area sits about ten minutes from Chelsea Market."
907.8,Entire home/apt,5.0,6.0,3.5,5.0,False,3.0,3.5,"Dense clusters of shops, cafes, and nightlife contrast with nearby parks and open green spaces. Cultural venues are directly on the doorstep, offering immediate access to the arts."
696.07,Entire home/apt,5.0,4.0,2.0,1.0,True,2.0,2.0,"Unusually high concentrations of museums and galleries exist alongside significant neighborhood green space near The High Line. Grocery stores and hotels are steps away, while destinations like Chelsea Market remain accessible within a short walk."
160.75,Entire home/apt,4.0,3.0,1.0,1.0,False,1.0,1.0,"Dense entertainment venues and lively nightlife contrast with abundant neighborhood grocery stores in this Manhattan setting, located a short walk from rapid transit and about 10 minutes from the Intrepid Sea, Air & Space Museum."
255.79,Entire home/apt,4.67,6.0,2.0,3.0,False,2.0,2.0,"An active local fitness scene and vibrant nightlife contrast with limited neighborhood subway options. Cultural venues sit steps away, and the Williamsburg Bridge is within a short walk."
227.62,Private room,4.66,4.0,1.0,250.0,False,1.0,1.0,"Dense concentrations of hotels, dining, and shops stand within steps of local parks and open space. Grocery and markets are on the doorstep, offering immediate daily convenience."
263.25,Entire home/apt,4.75,4.0,1.0,8.0,False,1.0,1.0,"Concentrated dining, nightlife, and cultural attractions set this location apart from quieter city quarters, while local markets remain steps away. The surrounding neighborhood sits about ten minutes from Madison Square Park and the Flatiron Building."
133.11,Private room,5.0,1.0,1.0,2.0,False,1.0,1.0,"This setting pairs a high concentration of museums and galleries with extensive neighborhood parks and green space, alongside a short walk to Central Park. Hotels are steps away while everyday grocery markets remain within a short walk."
120.97,Entire home/apt,4.78,2.0,1.0,9.0,False,1.0,1.0,Transit access and retail options rank in the upper tier citywide despite a complete absence of nearby parks. Sports facilities are steps away and grocery markets sit on the doorstep.
190.73,Entire home/apt,4.71,4.0,1.0,7.0,True,2.0,1.0,"Transit service, retail options, and athletic facilities rank among the highest citywide, and nearby grocery markets provide immediate daily convenience. The location sits about ten minutes from the Brooklyn Academy of Music."
163.16,Entire home/apt,5.0,4.0,1.0,2.0,False,1.0,1.0,Leafy green spaces right by Tompkins Square Park contrast with dense concentrations of neighborhood bars and cultural galleries. Residents enjoy everyday convenience with local food markets steps away.
334.63,Entire home/apt,4.67,1.0,1.0,3.0,False,2.0,1.0,"Exceptional access to abundant parks and dense cultural attractions defines this neighborhood, situated a short walk from Central Park. Nearby options for daily needs include local markets, while neighborhood gyms and sports facilities support active routines."
257.52,Entire home/apt,4.74,2.0,1.0,35.0,False,1.0,1.0,"Leafy green blocks and abundant transit options define this neighborhood, which sits just a short walk from Central Park. Sports facilities are on the doorstep, and the American Museum of Natural History is nearby."
153.4,Entire home/apt,4.78,1.0,1.0,231.0,False,1.0,1.0,Centuries-old cultural institutions and expansive green spaces sit side by side just moments from Central Park and the American Museum of Natural History. Essential markets and neighborhood gyms are also available within a short walk.
275.27,Entire home/apt,5.0,3.0,1.0,23.0,True,1.0,1.0,"Abundant neighborhood parks and green spaces contrast with dense concentrations of hotels and fitness facilities across the broader cityscape. Cultural venues sit steps away, and the American Museum of Natural History is a short walk from the location."
250.63,Entire home/apt,4.91,3.0,1.0,23.0,True,1.0,1.0,"Abundant neighborhood greenery stands alongside a dense distribution of lodging and everyday food markets. Sports facilities sit just steps away, and cultural venues are reachable via a short walk to Central Park."
251.62,Entire home/apt,5.0,4.0,1.0,2.0,False,2.0,1.0,"A dense concentration of nightlife, entertainment, and dining sets this location apart from quieter residential districts elsewhere in the city. The area sits steps away from local hotels and open green space, and is a short walk from the Intrepid Sea, Air & Space Museum."
147.19,Entire home/apt,5.0,3.0,1.0,3.0,False,1.0,1.0,"Intense nightlife and dense dining sit alongside nearby waterfront green space a short walk from the Intrepid Sea, Air & Space Museum."
158.2,Entire home/apt,4.6,3.0,1.5,10.0,True,1.0,1.5,"Abundant surrounding museums and green spaces contrast with deep transit access near the Manhattan Bridge and Brooklyn Bridge, alongside steps-away sports facilities."
290.4,Entire home/apt,4.75,2.0,1.0,4.0,False,1.0,1.0,"Abundant local fitness facilities and diverse dining options contrast with quieter surrounding blocks, complemented by neighborhood markets located just steps away. Cultural venues on the doorstep further enrich the setting with accessible arts and attractions."
236.07,Entire home/apt,5.0,1.0,1.0,2.0,False,1.0,1.0,"This location combines a high concentration of cultural institutions and lodging options with limited immediate subway access. Groceries and markets are located steps away, and the area sits a short walk from The High Line."
234.17,Entire home/apt,4.86,2.0,1.0,14.0,False,1.0,1.0,Abundant parks and green spaces contrast with dense concentrations of attractions and museums across the city. Hotels are steps away from these diverse cultural sites and recreational areas.
273.16,Entire home/apt,5.0,2.0,1.0,6.0,True,1.0,1.0,"Dense nightlife, dining, and athletic facilities contrast with a short walk to the Williamsburg Bridge and nearby grocery markets."
268.27,Entire home/apt,5.0,2.0,1.0,1.0,False,1.0,1.0,Dense cultural attractions and museums contrast with sparse neighborhood green space near Grand Central Terminal. Local fresh markets and sports facilities sit just steps away.
205.5,Private room,4.0,1.0,1.0,4.0,False,1.0,1.0,"This energetic neighborhood balances exceptionally dense nightlife and retail options with quiet residential side streets, all while remaining steps away from boutique hotels and cultural venues."
283.0,Hotel room,3.33,3.0,1.0,3.0,False,1.0,1.0,Abundant parks and fitness options contrast with nearby cultural attractions right by The Dakota and just steps from rapid transit.
878.79,Entire home/apt,5.0,4.0,2.0,30.0,False,2.0,2.0,"Exceptional parkland access and a dense concentration of museums set this location apart despite the lack of immediate subway service. Grocery markets and hotels sit steps away, alongside the Whitney Museum of American Art and The High Line."
195.27,Entire home/apt,4.13,4.0,1.0,8.0,False,1.0,1.0,"Dense urban blocks support high concentrations of fitness facilities and cultural attractions alongside extensive transit access. Parks and grocery markets remain within a short walk, and the location is about 10 minutes from Central Park and the Solomon R. Guggenheim Museum."
191.01,Entire home/apt,4.66,3.0,1.0,70.0,False,2.0,1.0,"This Upper West Side setting features an abundance of parks and cultural institutions alongside a concentration of lodging, all a short walk from rapid transit. Central Park and the American Museum of Natural History are just a couple minutes away."
180.93,Private room,4.81,2.0,1.0,83.0,True,1.0,1.0,"Sparse neighborhood grocery options contrast with an abundance of local shops and nearby parks, while cultural venues and sports facilities stand steps away. The location is about 10 minutes from the Williamsburg Bridge."
535.76,Entire home/apt,4.68,4.0,1.0,25.0,False,2.0,1.0,This dense commercial corridor offers a high concentration of retail options alongside limited urban green space and a longer walk to subway lines. Grocery markets and cultural venues remain steps away from the block.
462.77,Entire home/apt,4.9,4.0,2.0,10.0,False,2.0,2.0,"This neighborhood combines exceptionally dense cultural attractions and abundant green space with high-ranking transit access. Everyday markets and sports facilities sit within a short walk, while major destinations like Central Park and the American Museum of Natural History remain easily accessible."
263.47,Entire home/apt,4.9,3.0,1.0,70.0,True,1.0,1.0,"This Manhattan neighborhood concentrates premier entertainment venues and abundant green space just steps from Central Park and Lincoln Center. Sports facilities and hotels sit nearby, contrasting the high-density urban core with elite cultural attractions."
650.0,Entire home/apt,5.0,8.0,2.0,6.0,True,4.0,2.0,"Green spaces and cultural venues are unusually abundant throughout the neighborhood despite lower transit coverage than much of the city. Tompkins Square Park provides a nearby urban retreat, and the Williamsburg Bridge is within walking distance."
1119.0,Entire home/apt,4.61,5.0,1.0,294.0,False,2.0,1.0,"This setting pairs exceptional cultural and recreational attractions with a relative scarcity of neighborhood grocery stores. Located a short walk from the United Nations Headquarters, the surroundings offer immediate hotel access and cultural venues nearby."
239.7,Entire home/apt,4.5,3.0,1.0,6.0,False,1.0,1.0,"Abundant local dining and athletic options stand within a dense urban setting, while nearby parks and open spaces offer natural relief. Daily errands are easily managed with markets reachable within a short walk."
723.51,Entire home/apt,4.73,8.0,1.0,33.0,False,4.0,1.0,"This location combines exceptionally high citywide concentrations of top-tier cultural attractions and lodging options with everyday retail access. Riverside Park is a short walk away, and rapid transit is steps from the door."
209.93,Entire home/apt,4.26,5.0,1.0,68.0,True,3.0,1.0,"Abundant local green spaces and frequent cultural venues contrast with nearby Brooklyn Bridge and Manhattan Bridge, while grocery stores remain accessible within a short walk."
411.58,Entire home/apt,5.0,4.0,1.0,2.0,True,1.0,1.0,"This exceptionally dense neighborhood combines top-tier cultural attractions with abundant nightlife and cafe options just a short walk from rapid transit. Located about 10 minutes from United Nations Headquarters, the surrounding blocks offer immediate access to major cultural venues."
259.03,Entire home/apt,4.56,2.0,1.0,18.0,False,1.0,1.0,Abundant neighborhood parks and green spaces contrast with diverse citywide attractions and athletic facilities. Cultural venues and daily markets remain within a short walk.
235.37,Entire home/apt,4.0,3.0,1.0,1.0,True,1.0,1.0,"Abundant dining, nightlife, and cultural attractions anchor the neighborhood, which lies about ten minutes from Union Square. Rapid transit and daily markets are steps away, offering immediate convenience amidst the dense urban activity."
388.12,Entire home/apt,3.0,3.0,1.0,2.0,False,1.0,1.0,"Residents experience high concentrations of cultural attractions and fitness facilities alongside limited subway access, while neighborhood grocery markets and parks remain within a short walk."
160.21,Entire home/apt,5.0,3.0,1.0,8.0,False,2.0,1.0,"Abundant fitness facilities and diverse dining options meet dense concentrations of local attractions across this setting, where rapid transit is steps away."
250.73,Entire home/apt,4.75,3.0,1.0,16.0,False,1.0,1.0,This vibrant block combines exceptionally dense access to major attractions and hotels with nearby neighborhood gyms. Residents enjoy close proximity to grocery markets and are just a short walk from Central Park.
154.01,Entire home/apt,4.41,4.0,1.0,157.0,False,2.0,1.0,"This block combines exceptional transit connectivity and abundant local shopping with a scarce presence of hotels, sitting right by Barclays Center and on the doorstep of the Bergen Street (IRT Eastern Parkway Line) train station. Grocery stores and markets are a short walk away."
307.83,Entire home/apt,4.58,4.0,1.0,12.0,False,2.0,1.0,"Abundant local parks and green space contrast with the bustling density of surrounding city blocks, while nearby cultural venues and daily markets remain within a short walk."
571.0,Entire home/apt,4.5,4.0,2.0,42.0,False,2.0,2.0,"Elevated concentrations of athletic facilities, cultural attractions, and neighbourhood green spaces contrast with quieter residential side streets steps away from rapid transit."
243.37,Entire home/apt,4.83,4.0,1.0,6.0,False,2.0,1.0,"Dense concentrations of entertainment venues and nightlife sit alongside quieter residential pockets near the Hudson River. The location places visitors a short walk from the Intrepid Sea, Air & Space Museum, with daily provisions and accommodations immediately at hand."
217.93,Entire home/apt,4.77,3.0,1.0,39.0,True,2.0,1.0,Dense retail corridors and vibrant nightlife contrast with a sparse lodging presence across the neighborhood. Residents enjoy sports facilities directly outside and grocery markets within a short walk.
358.0,Private room,3.33,2.0,1.0,3.0,False,1.0,1.0,"Denser residential blocks lack nearby parks and green space while offering high concentrations of gyms, sports facilities, and entertainment venues. Grocery markets and hotels are situated steps away."
147.5,Entire home/apt,4.7,2.0,1.0,10.0,False,1.0,1.0,This dense urban block lacks nearby parks and green space while maintaining an elevated concentration of cafes within a short walk of cultural venues and grocery markets.
173.07,Entire home/apt,4.58,3.0,1.0,53.0,False,1.0,1.0,"Abundant local green space defines the setting, while citywide transit and major attractions remain limited. Sports facilities sit just steps away, and the area is about 10 minutes from Prospect Park."
203.57,Private room,4.87,2.0,1.0,53.0,False,3.0,1.0,"Dense blocks of hotels and attractions contrast with nearby parks and green space. Sports facilities are steps away from this location, which is a short walk from Riverside Park."
770.5,Private room,4.85,4.0,2.0,193.0,True,2.0,2.0,This neighborhood exhibits sparse public transit and limited local attractions alongside a dense concentration of neighborhood cafes. Everyday grocery markets and cultural venues are situated steps away.
518.07,Entire home/apt,4.5,6.0,3.0,4.0,False,3.0,3.0,"Abundant neighborhood green space contrasts with dense urban attractions and fitness facilities. Markets and neighborhood parks are a short walk away, including Central Park."
125.48,Entire home/apt,4.77,2.0,1.0,60.0,True,1.0,1.0,"Subway and transit density places the block among the most connected citywide, while entertainment venues remain exceptionally abundant. Cultural venues are a short walk away, including nearby destinations like the Brooklyn Academy of Music and Barclays Center."
623.0,Entire home/apt,5.0,5.0,2.0,1.0,False,4.0,2.0,"While local transit access falls below the city median, retail density ranks among the highest in the five boroughs. Cultural venues are steps away, and the location is about 10 minutes from Brooklyn Academy of Music."
283.93,Entire home/apt,4.69,4.0,1.0,13.0,False,2.0,1.0,Abundant neighborhood parks and green space balance against nearby tourist attractions and fitness venues. Residents have rapid transit steps away on the doorstep of the Roosevelt Island Tramway.
322.5,Private room,4.9,8.0,1.0,58.0,True,2.0,1.0,This quiet neighborhood offers an abundance of neighborhood shops and grocery stores while lacking major entertainment venues. Residents enjoy a short walk to rapid transit stations such as 116th Street.
241.53,Entire home/apt,5.0,2.0,1.0,17.0,False,1.0,1.0,"Dense urban transit and vibrant nightlife define this neighborhood, contrasting with nearby access to open parks and cultural venues."
214.03,Entire home/apt,4.89,4.0,1.0,9.0,True,3.0,1.0,High-density transit access meets nearby cultural venues and the Williamsburg Bridge. The Driggs Avenue train station is on the doorstep.
169.63,Entire home/apt,4.75,2.0,1.0,4.0,False,1.0,1.0,"Active nightlife, athletic facilities, and entertainment venues set this energetic sector apart from quieter parts of the city. Rapid transit and markets are steps away, while the Williamsburg Bridge is located a couple minutes from the area."
217.2,Entire home/apt,4.99,2.0,1.0,72.0,False,1.0,1.0,Abundant neighborhood parks and nearby sports facilities contrast with high concentrations of city attractions and hotels. Residents enjoy a short walk to local groceries and markets.
79.67,Private room,4.15,2.0,1.0,20.0,False,2.0,1.0,This dense urban block lacks neighborhood parks and major city attractions while remaining within a short walk of rapid transit and daily markets.
301.1,Entire home/apt,4.96,5.0,2.0,23.0,False,2.0,2.0,"This neighborhood combines high concentrations of hotels, grocery stores, and entertainment venues with rapid transit steps away. The location sits about 10 minutes from Apollo Theater."
274.79,Entire home/apt,5.0,4.0,1.5,76.0,False,2.0,1.5,This location sits among the city's sparsest concentrations of hotels while remaining within a short walk of extensive parks and open space. Grocery stores and neighborhood markets are located just steps away from the residential blocks.
222.5,Entire home/apt,4.79,2.0,1.0,14.0,False,1.0,1.0,This residential locale features an abundance of nearby parks and cultural attractions despite lower transit connectivity than most of the city. Daily necessities are easily met with local grocery markets reachable within a short walk.
920.0,Hotel room,4.0,12.0,3.0,4.0,False,3.0,3.0,"Abundant entertainment venues and vibrant nightlife contrast with nearby parks and green space in this bustling neighborhood, which sits just a short walk from the Intrepid Sea, Air & Space Museum and cultural venues."
235.0,Hotel room,4.5,2.0,1.0,2.0,False,1.0,1.0,"A high concentration of entertainment venues and nightlife stands alongside abundant neighborhood green space. Cultural venues and the Intrepid Sea, Air & Space Museum are available within a short walk."
404.75,Entire home/apt,4.93,3.0,1.0,90.0,False,1.0,1.0,"Dense transit connectivity and vibrant entertainment venues contrast with abundant local green spaces. Sports facilities sit just steps away, and the neighborhood lies a couple minutes from the Brooklyn Academy of Music."
183.14,Entire home/apt,4.63,6.0,2.0,8.0,True,3.0,2.0,"This location combines an exceptionally high concentration of neighborhood grocery stores with a severe lack of local museums and galleries. Frequent subway service anchors the transit network, while nearby parks and open space remain within a short walk."
58.74,Private room,4.93,2.0,4.0,15.0,True,5.0,4.0,"Abundant neighborhood grocery options balance a scarcity of citywide entertainment venues and attractions, while local sports facilities sit steps away."
297.93,Entire home/apt,5.0,3.0,1.0,6.0,True,1.0,1.0,"Subway and fitness infrastructure places the neighborhood among the densest in the city, while cultural venues remain within a short walk. Local attractions are widely accessible, contrasting with quieter residential stretches nearby."
153.97,Entire home/apt,4.93,2.0,1.0,29.0,True,1.0,1.0,Expansive neighborhood parks and cultural attractions stand out against limited local subway options across this section of the city. Daily errands and recreation are supported by nearby grocery markets and steps-away sports facilities.
103.2,Entire home/apt,4.78,4.0,1.0,68.0,False,1.0,1.0,"This dense urban block lacks nearby parks and cultural venues while offering abundant grocery stores. Sports facilities sit on the doorstep, and rapid transit is available a short walk away."
119.5,Entire home/apt,4.87,2.0,1.0,46.0,True,2.0,1.0,"Museums and galleries are concentrated densely throughout the surrounding blocks while major tourist attractions and hotels remain scarce. Grocery markets sit within a short walk, and sports facilities are available steps away."
157.47,Entire home/apt,5.0,4.0,1.0,3.0,True,1.0,1.0,"This neighborhood features a dense concentration of hotels and visitor attractions alongside sparse local transit options. Daily errands are easy with grocery markets steps away, and the area lies a short walk from the Apollo Theater."
650.06,Entire home/apt,4.84,9.0,2.0,43.0,False,3.0,2.0,"Grocery stores and nightlife options are widely prevalent across the blocks, while cafes remain comparatively sparse. Parks and open space sit directly on the doorstep, and the Williamsburg Bridge is reachable in about ten minutes."
314.67,Entire home/apt,4.0,5.0,1.0,2.0,False,2.0,1.0,This residential setting combines extensive neighborhood parkland and cultural attractions with exceptionally limited local subway access. Sports facilities sit directly on the doorstep while grocery markets remain within a short walk.
59.08,Entire home/apt,5.0,1.0,1.0,2.0,True,1.0,1.0,"This location combines high concentrations of citywide attractions, hotels, and entertainment venues with a setting a short walk from Riverside Park. Daily essentials and green space remain easily accessible just steps away."
167.11,Entire home/apt,5.0,3.0,1.0,7.0,True,1.0,1.0,Residents experience a high density of neighborhood grocery stores and nearby museums despite a relative scarcity of local cafes. Central Park and other open spaces remain a short walk away.
447.5,Entire home/apt,4.95,5.0,1.5,194.0,True,2.0,1.5,This neighborhood combines sparse transit options with a vibrant local nightlife scene just steps from nearby hotels. Daily essentials like grocery markets remain within a short walk.
880.0,Entire home/apt,4.92,8.0,1.5,12.0,True,4.0,1.5,"Abundant local grocery stores and nearby hotels contrast with limited subway access, while parks are steps away and cultural venues sit about ten minutes from the Apollo Theater."
285.04,Entire home/apt,4.47,6.0,1.0,15.0,True,2.0,1.0,This neighborhood combines top-tier subway access and a dense concentration of museums with a scarcity of neighborhood grocery stores. Parks and open space are a short walk away.
297.16,Entire home/apt,5.0,4.0,1.0,9.0,True,1.0,1.0,"A high concentration of parks and green space complements nearby cultural attractions a couple minutes from Central Park, with a short walk to daily groceries and markets."
143.83,Entire home/apt,5.0,2.0,1.0,12.0,True,1.0,1.0,"A severe scarcity of parks and nightlife defines the neighborhood, contrasting sharply with the broader city while providing grocery markets on the doorstep and the MTA Nostrand Ave A and C lines train station steps away."
230.22,Entire home/apt,5.0,5.0,2.0,1.0,False,2.0,2.0,This residential neighborhood pairs abundant parks with a rare scarcity of hotels and subway stations. Cultural venues and sports facilities stand just steps away from local doorsteps.
285.33,Private room,4.82,2.0,1.0,121.0,False,2.0,1.0,Cultural venues sit directly on the doorstep while grocery markets remain within a short walk.
67.67,Private room,5.0,1.0,1.0,2.0,False,1.0,1.0,This densely built neighborhood lacks nearby parks and green space while offering exceptional grocery access and minimal nightlife activity. Cultural venues and sports facilities are available within a short walk.
104.23,Entire home/apt,5.0,2.0,1.0,3.0,True,1.0,1.0,"Residents experience a quiet residential setting largely devoid of local nightlife and parks, yet markets and sports facilities remain just steps away."
107.76,Entire home/apt,4.95,3.0,1.0,60.0,False,1.0,1.0,"This dense urban environment lacks nearby parks and cultural venues while offering grocery markets steps away. Rapid transit is available within a short walk, providing connectivity despite the minimal nightlife and green space."
677.86,Entire home/apt,4.92,6.0,1.0,146.0,True,2.0,1.0,"Abundant local grocery stores and accessible parks contrast with limited neighborhood gym options, while rapid transit and cultural venues are reachable within a short walk."
362.83,Entire home/apt,4.74,2.0,1.0,23.0,False,1.0,1.0,"Abundant nearby green space contrasts with a sparse local supply of grocery stores, while dense hotel clusters share the surroundings with sports facilities a short walk away. The location is a short walk from Beacon Theatre and about 10 minutes from American Museum of Natural History."
215.45,Entire home/apt,4.91,8.0,1.0,158.0,False,2.0,1.0,This neighborhood pairs dense subway access and plentiful grocery stores with immediate proximity to nearby parks. Hotels sit steps away from the bustling thoroughfares.
214.3,Entire home/apt,4.76,5.0,1.0,29.0,False,1.0,1.0,This dense Manhattan setting contrasts a high concentration of hotels with abundant neighborhood parks and green space. Residents benefit from a short walk to both grocery markets and rapid transit.
101.76,Private room,4.74,1.0,2.0,61.0,False,1.0,2.0,Cultural venues sit steps away while daily groceries and markets remain within a short walk.
856.0,Entire home/apt,4.97,2.0,1.0,60.0,True,1.0,1.0,Nightlife thrives here among the liveliest in the city despite transit access falling well below the borough average. Parks and open space are located within a short walk.
106.76,Private room,4.74,2.0,1.0,130.0,False,1.0,1.0,"This residential street lacks the nearby entertainment venues, hotels, and cultural institutions common across much of New York City while offering steps-away grocery markets and a short walk to rapid transit."
138.3,Entire home/apt,3.89,4.0,1.0,9.0,True,2.0,1.0,"Cultural venues sit steps away, contrasting with a scarcity of grocery stores and green space alongside a total absence of nearby hotels."
179.02,Entire home/apt,4.88,4.0,1.0,8.0,True,2.0,1.0,This neighborhood pairs an exceptional concentration of grocery stores with a complete absence of nearby cultural attractions or museums. Rapid transit and local parks sit right on the doorstep at the Calle 103–Corona Plaza train station.
228.89,Entire home/apt,4.8,2.0,1.5,30.0,False,2.0,1.5,"This location sits among the city's quietest blocks for major hotels and visitor attractions, with public transit access ranking below most of the five boroughs. Even so, daily essentials and local sports facilities remain within a short walk."
311.07,Entire home/apt,5.0,5.0,1.0,12.0,True,3.0,1.0,"Exceptional expanses of parks and green space contrast with a near absence of local entertainment venues across these blocks, while frequent subway transit options remain accessible. Daily groceries and neighborhood markets sit a short walk away, and the location is a couple minutes from Central Park."
563.6,Entire home/apt,4.83,6.0,1.0,88.0,True,3.0,1.0,Abundant parks and dense transit lines contrast with the neighborhood's frequent hotels near Central Park. Grocery options sit directly on the doorstep.
180.4,Entire home/apt,4.92,4.0,1.0,25.0,True,1.0,1.0,This block offers dense access to city attractions and transit despite a minimal hotel presence. Daily essentials are steps away and parks are a short walk.
193.6,Entire home/apt,4.75,2.0,1.5,18.0,False,1.0,1.5,"This neighborhood pairs a dense concentration of lodging with a scarcity of neighborhood cafes and nightlife. Rapid transit is steps away, placing residents about ten minutes from the Apollo Theater."
143.47,Entire home/apt,5.0,2.0,1.0,7.0,True,1.0,1.0,"This residential street lacks the ubiquitous hotels and major tourist attractions found across much of the city, yet it sits steps away from local food markets. Cultural institutions and galleries rank well above the citywide average, while neighborhood parks remain within a short walk."
272.87,Entire home/apt,5.0,4.0,1.0,14.0,True,2.0,1.0,This residential street completely lacks nearby hotels and entertainment venues while offering below-average transit access. Daily convenience is supported by grocery markets situated just steps away and a short walk to nearby parks.
302.36,Entire home/apt,4.93,8.0,2.0,28.0,True,3.0,2.0,"Subway access is limited relative to the rest of the city, yet the block features an unusually high density of grocery stores. Hotels are situated steps away, and the location is about 10 minutes from the Apollo Theater."
380.53,Entire home/apt,5.0,6.0,1.5,2.0,False,3.0,1.5,"Abundant nearby parks and attractions contrast with very few local grocery stores in this neighborhood, which features rapid transit within a short walk. The area is located about 10 minutes from United Nations Headquarters."
110.06,Entire home/apt,5.0,2.0,1.0,6.0,False,1.0,1.0,"This residential neighborhood balances a noticeable absence of nearby hotels and cultural institutions with an unusually high concentration of grocery stores. Open green spaces are steps away, and rapid transit is available within a short walk."
320.07,Entire home/apt,4.52,12.0,3.5,27.0,False,4.0,3.5,"Quiet residential streets surrounded by abundant parks sit a short walk from Central Park and the Cathedral of St. John the Divine, while transit is readily accessible despite a complete absence of local entertainment venues."
57.71,Private room,5.0,3.0,1.0,10.0,False,3.0,1.0,This neighborhood features an above-average concentration of subway access and hotels paired with a scarcity of neighborhood cafes. Sports facilities sit directly on the doorstep while cultural venues remain a short walk away.
227.07,Entire home/apt,5.0,4.0,1.0,1.0,False,2.0,1.0,"Cultural venues and grocery markets sit steps away from residences that are about ten minutes from the Apollo Theater, reflecting a typical urban setting."
164.76,Entire home/apt,4.79,4.0,1.0,129.0,False,1.0,1.0,"This residential New York City block lacks nearby hotels, grocery stores, and major attractions while sitting a short walk from Prospect Park. Cultural venues and sports facilities are located steps away."
179.4,Entire home/apt,5.0,4.0,1.0,4.0,False,2.0,1.0,Urban density surrounds this block with sparse neighborhood greenery and few local grocery stores or attractions. Daily transit needs are met by a short walk to rapid transit and steps away from sports facilities.
173.89,Private room,4.97,2.0,1.0,29.0,False,1.0,1.0,This dense residential pocket lacks local hotels and parks while maintaining immediate doorstep access to neighborhood grocery markets. Daily transit connectivity falls below the citywide median.
190.87,Entire home/apt,4.67,4.0,1.0,9.0,False,1.0,1.0,"This Brooklyn neighborhood combines sparse local grocery access with rapid transit on the doorstep at the Washington Avenue (BMT Myrtle Avenue Line) train station. Cultural venues are steps away, offering sharp contrasts to the otherwise limited retail food options citywide."
201.37,Entire home/apt,4.38,2.0,1.0,13.0,True,1.0,1.0,"This secluded neighborhood offers limited subway access and sparse local retail options, yet provides immediate access to neighborhood parks and open space. Residents can easily reach nearby sports facilities on foot while remaining distant from major commercial hubs."
505.04,Entire home/apt,5.0,4.0,2.5,20.0,False,2.0,2.5,"This residential Manhattan block completely lacks typical hotels, museums, and galleries while offering below-average transit access. Sports facilities stand steps away from the location, and grocery stores are within a short walk."
98.62,Entire home/apt,5.0,1.0,1.5,1.0,False,1.0,1.5,"This residential street experiences lower transit access than most of the city alongside a high concentration of nearby hotels. Cultural venues and markets are within a short walk, and the location is about 10 minutes from Apollo Theater."
450.0,Shared room,4.83,2.0,2.0,107.0,True,3.0,2.0,"This residential block lacks the heavy concentration of museums and hotels found in other parts of the city, yet it remains within a short walk of neighborhood parks and local grocery stores."
131.67,Entire home/apt,4.5,2.0,1.0,2.0,True,1.0,1.0,"This location combines sparse local entertainment and attractions with exceptionally dense subway access, situated about 10 minutes from The Cloisters. Daily essentials like grocery markets are a short walk away, while hotels remain steps from the street."
168.15,Entire home/apt,4.89,2.0,1.0,92.0,False,1.0,1.0,Residential towers contrast with a near-total absence of nearby hotels and green space. Fresh groceries and local sports facilities remain within a short walk.
228.3,Shared room,5.0,2.0,1.0,10.0,True,1.0,1.0,This location features typical urban patterns balanced by hotels and cultural venues located steps away.
170.37,Entire home/apt,4.88,6.0,1.0,16.0,True,3.0,1.0,"Residents experience exceptionally rapid transit connectivity alongside a marked scarcity of neighborhood cafes. The location sits within a short walk of the Williamsburg Bridge, providing immediate access to local grocery markets and nearby waterfront parks."
122.42,Entire home/apt,4.8,3.0,1.0,10.0,True,1.0,1.0,Residential stillness contrasts with the wider city's dense commercial hubs near the Bayside LIRR Train Station. Neighborhood parks and local markets are available within a short walk.
208.0,Private room,5.0,4.0,1.0,4.0,False,1.0,1.0,"Subway transit is exceptionally dense here while local fitness facilities are scarce, reflecting sharp urban contrasts. Grocery stores are steps away, complementing the immediate access to daily essentials."
516.0,Entire home/apt,4.77,5.0,1.0,104.0,True,2.0,1.0,"Everyday grocery markets and hotels sit steps away from the typical streetscape, blending into the surrounding urban fabric."
210.2,Entire home/apt,5.0,4.0,1.0,1.0,False,1.0,1.0,"Cultural venues and sports facilities are steps away, yet this location lacks nearby subway stations and ranks among the lowest blocks citywide for grocery store access."
114.27,Entire home/apt,4.88,2.0,1.0,8.0,False,1.0,1.0,"This residential block lacks hotels and parks while featuring fewer entertainment venues than most city locations. At the same time, sports facilities sit steps away and grocery markets are within a short walk."
52.51,Private room,5.0,1.0,1.0,1.0,False,1.0,1.0,"This neighborhood lacks nearby museums, galleries, parks, and hotels while maintaining a short walk to local grocery markets."
103.23,Entire home/apt,4.81,6.0,1.0,77.0,True,1.0,1.0,"This residential block offers a short walk to local parks and open space while remaining largely removed from the citywide concentrations of hotels, museums, and cafes found in busier districts. Grocery and markets are steps away, balancing the quiet setting with everyday convenience."
661.87,Entire home/apt,5.0,14.0,2.0,12.0,False,5.0,2.0,"Neighborhoods here feature fewer neighborhood amenities and lower transit connectivity than most of the city, yet grocery markets and cultural venues remain steps away."
258.11,Entire home/apt,4.67,3.0,1.0,12.0,True,1.0,1.0,"Cultural institutions and fitness venues are scarce compared to the citywide average, yet fresh food markets sit steps away from residential streets. Residents enjoy a short walk to open green spaces, including a couple minutes from Prospect Park."
209.3,Private room,4.51,3.0,1.0,169.0,False,1.0,1.0,"This neighborhood combines an exceptionally high concentration of hotels with very few local grocery stores, while offering above-average access to neighborhood parks. Cultural venues and sports facilities are available just steps away."
449.57,Entire home/apt,5.0,15.0,0.5,1.0,False,3.0,0.5,"Subway and transit access ranks among the highest citywide while cafes and nightlife remain sparse, and parks and cultural venues sit just steps away."
186.58,Entire home/apt,5.0,2.0,2.0,6.0,False,1.0,2.0,"Transit access and daily conveniences rank well below the citywide median, yet cultural venues remain within a short walk."
331.75,Entire home/apt,4.91,10.0,1.0,23.0,False,2.0,1.0,"Dense urban development leaves park space scarce compared to the city at large, yet cultural venues sit just steps away. Residents also benefit from a short walk to rapid transit."
408.5,Entire home/apt,4.25,5.0,1.0,4.0,False,3.0,1.0,Grocery stores and fresh markets sit directly on the doorstep while cultural venues remain accessible within a short walk. This setting displays minimal neighborhood green space and few local attractions compared to the wider city.
217.67,Entire home/apt,4.93,2.0,1.0,112.0,True,1.0,1.0,"This neighborhood features sparse parks, hotels, and entertainment venues compared to the rest of the city, yet cultural venues remain steps away. Residents also benefit from grocery and markets located within a short walk."
80.1,Entire home/apt,4.5,6.0,1.0,131.0,False,2.0,1.0,"This area lacks the heavy concentration of museums, gyms, and transit options found across other parts of the city while remaining steps away from local groceries and open green space. Prospect Park sits right by the neighborhood, and the Parkside Avenue train station is on the doorstep."
348.06,Entire home/apt,4.98,2.0,1.0,93.0,True,1.0,1.0,This transit-accessible neighborhood entirely lacks local parks and green space while offering immediate proximity to markets and sports facilities.
314.0,Private room,5.0,2.0,2.0,93.0,False,3.0,2.0,"While local transit and cafe options rank below the city median, residents enjoy exceptional access to nearby green space and markets. The neighborhood is situated about 10 minutes from the Apollo Theater."
243.39,Entire home/apt,4.85,2.0,1.0,122.0,True,1.0,1.0,"This neighborhood combines a scarcity of daily grocery and retail shops with an unusually high concentration of entertainment venues. Cultural venues and sports facilities stand within a short walk, placing the area about 10 minutes from the Brooklyn Academy of Music and Barclays Center."
110.63,Private room,1.0,2.0,1.0,1.0,False,3.0,1.0,"This neighborhood features a dense concentration of hotels paired with sparse grocery options, while offering abundant parks and green space. Cultural venues and sports facilities are steps away from the street."
112.24,Entire home/apt,4.85,2.0,1.0,13.0,True,1.0,1.0,Grocery markets and open green spaces are steps away from residential blocks that experience lower-than-average transit access compared to the rest of the city. Hotel options are also scarce in the immediate surroundings relative to broader municipal patterns.
124.45,Private room,5.0,2.0,1.0,2.0,False,1.0,1.0,"While transit access falls near the lower end of the citywide spectrum, daily groceries and neighborhood markets remain steps away."
805.0,Entire home/apt,4.3,4.0,2.0,20.0,False,2.0,2.0,"Markets and cultural venues sit steps away amid a scarcity of local entertainment, green space, and attractions."
287.42,Entire home/apt,4.92,2.0,1.0,25.0,False,1.0,1.0,"This neighborhood offers minimal local parks and fresh food retail compared to the rest of the city, yet rapid transit is available within a short walk. Sports facilities are also accessible nearby for local residents."
189.89,Entire home/apt,5.0,5.0,1.0,4.0,False,3.0,1.0,"This residential block lacks commercial nightlife and retail storefronts, yet parks and open space remain within a short walk."
231.0,Private room,4.84,4.0,1.0,93.0,False,2.0,1.0,"This residential block lacks museums, galleries, and major entertainment venues while offering proximity to hotels and sports facilities. The 36th Street train station sits on the doorstep."
117.88,Entire home/apt,4.76,3.0,1.0,17.0,False,1.0,1.0,"This residential block lacks typical hotels and significant green space while offering a lower concentration of transit options than most of the city. At the same time, sports facilities are located just steps away."
69.89,Private room,5.0,2.0,1.0,1.0,True,1.0,1.0,"This entirely residential New York City block lacks nearby hotels and cultural institutions while featuring virtually no parks or green space. Sports facilities sit just steps away, and grocery markets remain within a short walk."
312.68,Private room,4.96,4.0,1.0,137.0,True,1.0,1.0,This location combines minimal local nightlife and sparse area attractions with a short walk to rapid transit.
468.0,Entire home/apt,4.97,4.0,1.0,121.0,True,2.0,1.0,This location lacks nearby parks and entertainment venues while remaining steps away from daily conveniences. Rapid transit access is provided directly by the MTA Subway - Church Ave (2/5) station on the doorstep.
147.84,Entire home/apt,5.0,6.0,1.0,2.0,False,2.0,1.0,"This Brooklyn neighborhood lacks nearby subway access and features fewer cultural institutions and food markets than most city blocks, yet it remains a short walk from Prospect Park and the Brooklyn Botanic Garden. Local sports facilities and open green spaces are easily reachable on foot."
456.5,Entire home/apt,4.91,4.0,1.0,94.0,False,1.0,1.0,"This location lacks nearby parks, major fitness centers, and entertainment venues while sitting steps away from the MTA Subway - Church Ave station and a short walk from daily markets."
251.5,Private room,4.77,5.0,1.0,339.0,False,2.0,1.0,"Rapid transit and neighborhood markets are reachable on foot despite the near-total absence of nearby hotels, parks, and fitness facilities."
122.63,Entire home/apt,4.91,4.0,1.0,24.0,True,2.0,1.0,"Devoid of nearby museums, hotels, and substantial green space, this location nevertheless sits within a short walk of local grocery markets and sports facilities."
163.86,Entire home/apt,4.91,5.0,1.0,22.0,True,2.0,1.0,Cultural venues sit directly on the doorstep while subway stations and hotels are absent from the immediate surroundings. Grocery stores remain a short walk away despite the limited presence of entertainment venues nearby.
188.87,Private room,5.0,2.0,1.5,33.0,True,1.0,1.5,"This area features fewer street trees and lower transit connectivity than most of the city, alongside a limited concentration of local dining options. Residents nonetheless live just steps from neighborhood hotels and a short walk from daily grocery markets."
232.67,Entire home/apt,4.33,6.0,1.0,6.0,False,2.0,1.0,"This neighborhood offers fewer hotels, museums, and cafes than most of the city while maintaining neighborhood grocery markets right on the doorstep. Sports facilities are available within a short walk."
364.61,Entire home/apt,5.0,4.0,2.0,6.0,True,2.0,2.0,"Abundant neighbourhood parks and green space contrast with limited local grocery options and sparse subway access, while sports facilities and hotels remain within a short walk. The location sits about 10 minutes from Beacon Theatre."
177.0,Entire home/apt,5.0,6.0,1.0,6.0,False,2.0,1.0,"Grocery stores and markets sit steps away from residential blocks where dining, retail, and fitness options are sparse compared to the rest of the city. Cultural venues remain accessible within a short walk."
224.3,Entire home/apt,4.94,2.0,1.0,16.0,False,1.0,1.0,"This quiet locale offers few neighborhood grocery options or nearby cultural institutions alongside limited subway access. At the same time, open parkland sits just steps away, and the area is a short walk from the Beacon Theatre."
110.63,Entire home/apt,5.0,2.0,1.0,1.0,False,2.0,1.0,This city block offers sparse neighborhood green space and local retail alongside a short walk to rapid transit and sports facilities.
134.73,Entire home/apt,4.81,2.0,1.0,67.0,False,2.0,1.0,"This residential street lacks the nearby attractions, hotels, and entertainment venues common to most New York City blocks, yet it offers a short walk to rapid transit. Daily errands are similarly convenient with a grocery and markets just a short walk away."
123.43,Private room,5.0,4.0,1.0,1.0,False,2.0,1.0,"This residential setting a short walk from the Church avenue train station B/Q trains features virtually no nearby nightlife, museums, or entertainment venues. The location combines this quiet character with a short walk to grocery and markets, a couple minutes from Prospect Park."
79.47,Entire home/apt,3.67,2.0,1.0,3.0,False,1.0,1.0,"This South Williamsburg residential block lacks the extensive parks, nightlife, and cultural venues found across broader New York City, yet daily essentials and rapid transit remain within a short walk."
445.1,Entire home/apt,5.0,6.0,2.0,1.0,False,3.0,2.0,"This residential block lacks typical hotels, grocery stores, and retail shops, yet it offers a short walk to rapid transit and local sports facilities."
57.37,Private room,5.0,1.0,1.0,1.0,False,1.0,1.0,This predominantly residential setting offers very few nearby entertainment venues and attractions while providing a short walk to local parks and open space.
191.5,Private room,4.87,2.0,1.0,90.0,True,1.0,1.0,This location combines low citywide transit and park access with nearby grocery markets and cultural venues within a short walk.
1327.43,Entire home/apt,5.0,5.0,3.5,11.0,False,2.0,3.5,Attractions rank in the upper tier citywide while dining and nightlife options remain minimal. Rapid transit is steps away on the doorstep of MTA Subway - 96th St (B/C).
169.25,Entire home/apt,5.0,4.0,1.0,11.0,False,1.0,1.0,"This secluded residential block lacks the hotels, parks, and dense transit typical of most city neighborhoods, yet it remains within a short walk of local markets and cultural venues."
103.24,Entire home/apt,5.0,2.0,1.0,2.0,True,1.0,1.0,"Rapid transit is steps away, providing immediate connections to the broader city despite the absence of nearby commercial attractions. A short walk leads to local parks and open space, contrasting with the purely residential block."
199.13,Entire home/apt,4.7,2.0,1.0,33.0,True,1.0,1.0,This quiet residential area right by Central Park offers abundant neighborhood green space combined with a scarcity of nightlife venues and fresh food markets. Cultural venues and sports facilities remain within a short walk.
296.07,Entire home/apt,4.53,6.0,1.0,118.0,False,3.0,1.0,"Quiet residential streets sit about ten minutes from the Apollo Theater, offering a stark contrast to the dense nightlife and transit hubs found elsewhere across the city. Open park space remains steps away while daily provisions stay within a short walk."
321.86,Entire home/apt,4.96,2.0,1.0,298.0,False,1.0,1.0,Quiet residential streets devoid of hotels and entertainment venues sit within a short walk of daily grocery markets and steps from cultural institutions. Subway access remains limited compared to the wider city.
237.47,Entire home/apt,4.87,2.0,1.5,23.0,True,1.0,1.5,"This residential block lacks the concentrations of hotels, attractions, and entertainment venues found in busier parts of New York City while still offering a short walk to rapid transit and local markets."
165.83,Entire home/apt,4.83,4.0,1.0,29.0,False,2.0,1.0,"This location lacks nearby parks and green spaces while offering fewer local dining options and attractions than most city blocks. Even with these sparse urban amenities, sports facilities sit steps away and rapid transit remains within a short walk."
205.0,Private room,4.81,2.0,2.0,119.0,False,1.0,2.0,This remote city location lacks nearby parks and transit while featuring fewer sports facilities than most other blocks. Residents nevertheless maintain convenient access to nearby grocery markets and cultural venues within a short walk.
210.17,Entire home/apt,4.98,4.0,1.0,144.0,True,2.0,1.0,This residential block lacks the hotels and galleries common across much of New York City and has fewer grocery stores than most areas. Rapid transit and nearby parks are accessible within a short walk.
205.0,Private room,5.0,1.0,2.0,3.0,True,1.0,2.0,"This residential block lacks typical neighborhood attractions, gyms, and retail shops, yet it maintains a short walk to daily grocery markets and rapid transit."
74.24,Private room,4.6,1.0,1.0,5.0,False,1.0,1.0,"This residential block lacks the museums, hotels, and entertainment venues typical of many New York City neighborhoods, yet it offers immediate access to local grocery stores and nearby parks."
233.0,Private room,4.67,2.0,1.0,3.0,False,1.0,1.0,This dense urban environment completely lacks parks and local sports facilities while offering immediate access to grocery markets. Rapid transit is available directly on the doorstep at Avenida Central (línea de la Avenida Myrtle).
111.5,Entire home/apt,5.0,2.0,1.0,2.0,True,1.0,1.0,"This dense urban block lacks nearby parks and green space while offering minimal entertainment venues and hotels. Cultural venues sit steps away, and sports facilities are available within a short walk."
53.67,Private room,4.92,2.0,1.0,12.0,True,1.0,1.0,"This location lacks nearby museums and features minimal nightlife and green space compared to the rest of the city, yet it offers a short walk to rapid transit and grocery markets."
276.14,Entire home/apt,4.47,10.0,1.0,94.0,False,3.0,1.0,"This residential city block lacks nearby hotels, parks, and major attractions while keeping grocery markets steps away and cultural venues within a short walk."
165.93,Entire home/apt,5.0,4.0,1.0,4.0,False,1.0,1.0,"While lacking the dense museums and nightlife found across much of the city, the residential blocks offer immediate proximity to local sports facilities and a short walk to daily groceries."
214.1,Entire home/apt,5.0,4.0,2.0,4.0,False,2.0,2.0,"Residential blocks lacking local nightlife and parks stand in contrast to the broader city, while rapid transit and grocery markets remain within a short walk."
480.67,Entire home/apt,4.95,2.0,1.0,56.0,True,2.0,1.0,"This location offers few nearby grocery stores, hotels, or green spaces while sitting steps away from cultural venues. Sports facilities are also available within a short walk."
99.0,Entire home/apt,4.73,4.0,1.0,15.0,True,1.0,1.0,"This residential setting completely lacks the typical citywide concentration of hotels, museums, and nearby cafes. At the same time, parks and open space are located within a short walk."
154.31,Entire home/apt,5.0,4.0,1.0,3.0,False,1.0,1.0,"This residential neighborhood lacks nearby museums, galleries, and grocery stores while sitting a short walk from sports facilities and steps from open green space. The location is about 10 minutes from the Brooklyn Academy of Music, though subway access is sparse compared to most of the city."
62.7,Private room,5.0,2.0,1.5,2.0,True,1.0,1.5,"This residential block lacks the hotels, entertainment venues, and extensive dining options found across much of the broader city. Daily errands remain convenient with grocery markets situated within a short walk and sports facilities located steps away."
499.0,Private room,4.98,2.0,2.0,128.0,False,2.0,2.0,"This residential New York City block lacks nearby hotels, major attractions, and typical grocery options, yet it sits just a short walk from Prospect Park, local rapid transit, and nearby sports facilities."
992.0,Private room,5.0,6.0,1.0,5.0,False,2.0,1.0,"This location sits far from the city's standard transit networks and dense commercial corridors, yet it features sports facilities steps away. Hotels remain directly on the doorstep despite the scarcity of neighborhood dining and everyday groceries."
139.37,Entire home/apt,5.0,8.0,1.0,1.0,False,1.0,1.0,This neighborhood offers few local parks and fitness facilities despite cultural venues and markets standing steps away.
139.2,Entire home/apt,5.0,4.0,1.0,3.0,True,1.0,1.0,"Residential streets free of local bars, hotels, and museums transition to nearby neighborhood markets and sports facilities within a short walk."
342.0,Entire home/apt,4.73,4.0,1.0,135.0,False,1.0,1.0,"This location offers sparse neighborhood amenities with very limited local dining, grocery stores, and transit access, while maintaining immediate proximity to nearby sports facilities and hotels."
753.0,Entire home/apt,4.75,4.0,1.0,73.0,False,1.0,1.0,"This location offers sparse neighborhood amenities with minimal transit access and very few local grocery stores or dining options. At the same time, sports facilities are steps away and hotels sit directly on the doorstep."
63.53,Entire home/apt,4.16,2.0,1.0,32.0,True,1.0,1.0,"This residential block lacks nearby parks, nightlife, and attractions, setting it apart from more active areas across the city. Daily provisions remain accessible with local grocery markets situated just steps away."
205.92,Entire home/apt,4.38,7.0,1.0,237.0,False,2.0,1.0,"Rapid transit is steps away on the doorstep at the MTA Subway - 79th St (D), contrasting with an otherwise quiet residential setting entirely devoid of the hotels, museums, and entertainment venues common across the rest of the city."
948.33,Entire home/apt,4.81,10.0,3.0,85.0,True,5.0,3.0,"Rapid transit is steps away from this residential block, which lacks the dining and entertainment venues found in most other parts of the city. Hotels are also within a short walk of the area."
127.06,Entire home/apt,4.96,2.0,1.0,24.0,True,1.0,1.0,This location lacks nearby parks and features fewer gyms or hotels than most city blocks. Grocery markets and cultural venues remain accessible within a short walk.
133.67,Entire home/apt,4.96,2.0,1.0,28.0,True,1.0,1.0,"While local dining, fitness, and entertainment options are exceptionally sparse compared to the rest of the city, grocery markets and cultural venues remain steps away."
382.74,Entire home/apt,4.88,3.0,2.0,8.0,False,2.0,2.0,"While lacking major hotel, park, and retail presence compared to most of the city, this location features a grocery market and sports facilities within a short walk."
898.8,Entire home/apt,4.85,4.0,2.0,62.0,False,2.0,2.0,"This quiet residential setting lacks nearby bars, shops, and transit access, yet places cultural venues just steps away and sports facilities within a short walk."
451.0,Entire home/apt,4.79,4.0,1.0,181.0,False,3.0,1.0,"Residential quiet defines this neighborhood, lacking nearby hotels, museums, and nightlife, yet grocery stores remain steps away. Sports facilities are accessible within a short walk."
96.0,Entire home/apt,4.61,2.0,1.0,92.0,False,1.0,1.0,"This residential street lacks the nearby hotels, museums, and entertainment venues common to many city blocks while offering a short walk to local parks and grocery markets."
132.77,Entire home/apt,5.0,5.0,2.0,5.0,True,2.0,2.0,"This secluded residential block lacks nearby entertainment venues and offers limited transit access compared to the rest of the city. At the same time, daily essentials like grocery markets and neighborhood parks remain within a short walk."
89.32,Entire home/apt,3.67,2.0,1.0,3.0,False,1.0,1.0,"This exceptionally quiet residential block lacks nearby nightlife, museums, or athletic facilities, yet it provides convenient pedestrian access to local grocery markets and neighborhood parks."
172.43,Entire home/apt,4.76,6.0,1.0,86.0,False,3.0,1.0,"This location lacks significant local parks, nightlife, and cultural attractions compared to the rest of the city. Daily errands and rapid transit are conveniently available within a short walk."
195.43,Entire home/apt,4.5,6.0,1.0,123.0,False,2.0,1.0,"Cultural venues sit just steps away, contrasting with a scarcity of nearby parks and local dining options. Hotels are a short walk from the block."
258.01,Private room,4.64,4.0,1.0,265.0,False,1.0,1.0,"This exceptionally isolated city block lacks any nearby parks or cafes and features a severe shortage of gyms, yet hotels are located directly on the doorstep while a short walk leads to grocery markets."
62.78,Private room,4.47,4.0,2.5,19.0,True,5.0,2.5,"This isolated location offers minimal transit access alongside a distinct lack of nightlife and green space, though local grocery stores and sports facilities are available within a short walk."
107.06,Entire home/apt,4.96,2.0,1.0,71.0,True,1.0,1.0,"This exceptionally quiet residential block lacks local cafes, transit access, and nightlife, standing in sharp contrast to the dense commercial energy found across the rest of the city. At the same time, nearby parks and neighborhood grocery stores remain within a short walk."
260.67,Entire home/apt,4.81,2.0,1.0,143.0,True,2.0,1.0,This residential block combines limited local entertainment and transit access with nearby neighborhood parks and cultural venues within a short walk.
485.0,Entire home/apt,4.66,12.0,2.0,85.0,False,3.0,2.0,"This quiet residential pocket lacks the pervasive museums, entertainment venues, and subway access found across much of the city, yet it remains just steps from local sports facilities and a short walk to nearby hotels."
120.87,Entire home/apt,5.0,3.0,1.0,2.0,False,2.0,1.0,"This residential setting lacks nearby subway access and nightlife venues, contrasting with the dense transit and entertainment options found across much of the wider city. Fresh groceries and neighborhood parks are available a short walk away."
143.28,Entire home/apt,4.53,4.0,1.0,109.0,False,1.0,1.0,"A quiet residential side street lacks the usual concentration of nearby attractions, bars, and fitness venues found across the rest of the city. Daily errands and rapid transit connections remain easily accessible within a short walk."
350.0,Entire home/apt,4.96,2.0,1.0,111.0,True,1.0,1.0,"This block lacks the typical concentration of nearby cafes, hotels, and tourist attractions found across much of the city. Grocery stores, markets, and neighborhood green spaces remain within a short walk."
121.6,Entire home/apt,4.75,2.0,1.0,139.0,False,1.0,1.0,"Parks and everyday markets are accessible within a short walk, contrasting with the total absence of nearby subway stations, hotels, and nightlife venues found on most other city blocks."
143.77,Entire home/apt,4.5,4.0,1.0,6.0,False,2.0,1.0,"This location lacks nearby subway access and features fewer grocery stores and entertainment venues than most of the city, yet it remains a short walk from Prospect Park."
127.23,Entire home/apt,4.75,6.0,1.5,52.0,True,2.0,1.5,"Cultural venues stand steps away while sports facilities sit within a short walk, contrasting with a near-total absence of nearby bars, nightlife, hotels, parks, and green space."
286.5,Entire home/apt,5.0,4.0,1.0,5.0,False,1.0,1.0,"This secluded residential block lacks immediate subway access and entertainment options, yet it sits a short walk from the expansive green spaces of Prospect Park and local sports facilities. Daily necessities require travel due to minimal neighborhood grocery stores."
195.67,Private room,4.3,2.0,1.0,50.0,False,2.0,1.0,"Parks and grocery markets sit within a short walk, while nightlife, gyms, and subway transit fall well below the citywide average."
640.0,Private room,4.93,2.0,1.0,84.0,True,2.0,1.0,"This residential location lacks museums, entertainment venues, and nightlife found across much of the city, yet it offers immediate access to local grocery markets and neighborhood parks."
76.23,Entire home/apt,4.9,2.0,1.0,309.0,True,1.0,1.0,"This residential section lacks nearby museums, galleries, parks, and dining options, yet provides a short walk to rapid transit and daily markets."
98.27,Entire home/apt,4.5,3.0,1.0,70.0,True,1.0,1.0,"This secluded neighborhood lacks typical nightlife and nearby subway access while offering proximity to local grocery markets. Green spaces are minimal across the vicinity, though community sports facilities remain within a short walk."
273.19,Private room,4.67,4.0,2.0,12.0,False,2.0,2.0,"This secluded residential setting lacks immediate subway and park access while offering fewer neighborhood shops than most city blocks. Despite this quiet isolation, nearby sports facilities and a short walk to local grocers provide essential daily conveniences."
302.41,Entire home/apt,4.84,4.0,1.0,98.0,False,2.0,1.0,"This Manhattan location lacks the typical hotels, museums, and green spaces found across most city blocks, yet daily grocery markets are situated steps away. Rapid transit is accessible via a short walk, balancing the absence of broader civic amenities with immediate residential convenience."
322.33,Entire home/apt,5.0,2.0,1.0,14.0,True,1.0,1.0,"This residential block lacks the museums, parks, and extensive retail options found across much of the city, yet it features neighborhood markets and sports facilities right at hand."
67.78,Private room,4.85,2.0,1.0,102.0,True,1.0,1.0,"This location lacks the parks and extensive retail found in other parts of the city, yet it places daily groceries on the doorstep and sports facilities within a short walk."
93.76,Entire home/apt,4.78,1.0,1.0,179.0,True,1.0,1.0,"While lacking local attractions, nightlife, and entertainment venues, the surrounding area features grocery and markets within a short walk."
407.0,Private room,4.92,2.0,1.0,141.0,False,2.0,1.0,"This neighborhood lacks the typical concentration of museums, parks, and subway stations found across much of the city, yet it keeps grocery stores and markets steps away."
130.01,Entire home/apt,4.76,4.0,1.0,118.0,True,2.0,1.0,"While lacking the museums, parks, and attractions found in most city blocks, this Flatbush location features rapid transit on the doorstep at the MTA New York City Transit-Beverly Rd train station. Grocery stores and markets are available within a short walk."
143.0,Entire home/apt,4.38,8.0,1.0,146.0,False,1.0,1.0,"This isolated residential setting lacks immediate cafes, gyms, and subway access, which contrast sharply with the broader city's dense transit and commercial networks. At the same time, local green spaces sit just steps away, and neighborhood markets remain accessible within a short walk."
107.5,Private room,5.0,2.0,1.0,2.0,False,1.0,1.0,"This block lacks museums, green space, and major attractions while sitting directly on the doorstep of the MTA New York City Transit-Beverly Rd train station. Grocery stores and markets remain within a short walk."
237.0,Hotel room,4.0,4.0,1.0,1.0,False,1.0,1.0,"This residential block lacks the museums, galleries, and grocery stores common across the rest of the city, yet it offers immediate proximity to hotels and a short walk to nearby parks."
329.33,Private room,4.92,2.0,1.0,192.0,True,2.0,1.0,"This unusually quiet residential setting completely lacks the widespread entertainment venues, galleries, and subway access found across most of New York City. At the same time, local grocery markets and neighborhood parks remain within a short walk."
255.9,Entire home/apt,4.75,4.0,1.0,4.0,False,1.0,1.0,"This residential block lacks the heavy concentration of entertainment venues, cafes, and shops found in busier parts of the city. Daily provisions and cultural venues remain accessible within a short walk."
151.18,Entire home/apt,5.0,2.0,1.0,1.0,False,1.0,1.0,"This dense urban setting lacks local parks and recreational facilities, yet residents enjoy a short walk to neighborhood grocery markets and cultural venues."
1142.0,Private room,4.95,2.0,2.5,20.0,True,2.0,2.5,"The immediate surroundings lack the concentration of entertainment venues, hotels, and parks typical of many city blocks. At the same time, daily provisions are steps away, and cultural venues remain within a short walk."
91.87,Entire home/apt,4.65,2.0,1.0,49.0,True,1.0,1.0,"This location offers immediate steps-away access to rapid transit and daily markets alongside a near-total absence of nearby museums, parks, and dining options, with New York Airport on the doorstep."
1027.5,Entire home/apt,4.84,11.0,1.5,58.0,True,3.0,1.5,"This exceptionally quiet locale lacks immediate subway access and local commerce, contrasting sharply with the broader city while remaining a short walk from daily groceries. Nearby hotels provide immediate visitor lodging despite the relative absence of surrounding retail and dining options."
335.0,Entire home/apt,4.93,6.0,1.0,86.0,False,2.0,1.0,"This dense urban setting completely lacks the hotels, museums, and green spaces found on most city blocks. A grocery and market sits directly on the doorstep, providing immediate access to daily provisions."
825.0,Entire home/apt,4.68,10.0,3.0,60.0,False,5.0,3.0,"This location lacks nearby subway stations and offers minimal local dining and retail options, yet hotels stand just steps away while fresh groceries remain within a short walk."
286.44,Entire home/apt,4.91,2.0,1.0,143.0,True,1.0,1.0,"Grocery stores and sports facilities are steps away, while typical citywide access to hotels, museums, and parks is entirely absent on this block."
382.22,Entire home/apt,4.74,6.0,1.0,109.0,False,2.0,1.0,"This residential block lacks the museums, galleries, and entertainment venues common across much of New York City, yet it remains just steps away from local grocery markets and a short walk to nearby parks."
371.0,Private room,4.94,8.0,1.0,84.0,True,4.0,1.0,"This residential setting lacks nearby cafes, entertainment venues, and cultural institutions while offering a short walk to rapid transit at the MTA Subway - Liberty Ave station. Nearby neighborhood streets feature straightforward access to local parks and open space."
373.0,Entire home/apt,4.83,6.0,1.0,6.0,False,2.0,1.0,"This secluded street lacks the museums, retail, and nightlife found across the rest of New York City, yet the Santa marta la dominadora train station is steps away. Residents can easily reach local grocery markets with a short walk."
125.26,Entire home/apt,4.29,6.0,1.5,7.0,True,3.0,1.5,"While the surrounding blocks lack neighborhood nightlife, gyms, and attractions, residents enjoy a short walk to local grocery markets and cultural venues. The area also provides convenient transit access via the MTA New York City Transit-Avenue J train station."
44.27,Private room,5.0,2.0,2.0,3.0,True,1.0,2.0,"Groceries and markets are steps away, while rapid transit requires a short walk. This location lacks the neighborhood hotels, museums, galleries, and parks common to many other parts of the city."
224.64,Entire home/apt,4.62,6.0,1.0,55.0,False,1.0,1.0,"This secluded corner of the city lacks nearby subway service and dining options while remaining steps away from local grocery markets. A short walk leads to area hotels, setting the location apart from busier metropolitan thoroughfares."
63.63,Private room,5.0,1.0,1.0,3.0,True,1.0,1.0,"This residential setting offers minimal local dining, nightlife, and retail options compared to the rest of the city, yet it places residents just steps away from expansive parks and open space."
225.25,Entire home/apt,5.0,8.0,2.0,6.0,True,3.0,2.0,"This residential side street lacks the entertainment venues, hotels, and cultural institutions common across the rest of New York City, yet daily essentials like groceries and markets remain steps away."
302.5,Entire home/apt,4.94,4.0,1.0,144.0,True,1.0,1.0,"This remote city block offers a complete absence of local cafes, dining, and shops while sitting just steps away from cultural venues and a short walk to rapid transit."
426.5,Entire home/apt,4.66,2.0,1.0,92.0,False,2.0,1.0,"Rapid transit and neighborhood markets sit just steps away on the doorstep of the Pennsylvania Avenue train station, contrasting with the absence of local nightlife and gyms found on most other city blocks."
318.3,Entire home/apt,5.0,5.0,1.5,2.0,False,3.0,1.5,This residential section lacks typical nearby attractions and entertainment venues while keeping local sports facilities steps away. Everyday groceries and markets remain within a short walk of the neighborhood.
159.05,Entire home/apt,4.6,4.0,1.0,30.0,False,2.0,1.0,Residential quiet and the absence of nearby nightlife distinguish this block from busier parts of the city. Parks and markets remain within a short walk.
89.23,Entire home/apt,5.0,2.0,1.0,2.0,False,1.0,1.0,"This secluded New York City block lacks nearby attractions, cafes, and hotels while offering a short walk to local grocery markets and sports facilities."
159.84,Entire home/apt,4.87,6.0,1.0,67.0,True,2.0,1.0,"This quiet Manhattan block lacks nearby cafes, hotels, and museums, providing a stark contrast to the surrounding city. At the same time, parks and sports facilities are located within a short walk."
197.34,Entire home/apt,4.47,5.0,1.0,19.0,False,2.0,1.0,"This residential block lacks the neighborhood bars, cafes, and cultural venues common across the rest of the city, yet it maintains close proximity to local parks and grocery options. The location sits within a short walk of the New Lots Train Station."
211.09,Entire home/apt,4.89,8.0,2.0,63.0,False,2.0,2.0,"While lacking the typical concentration of nearby cultural attractions and hotels found across much of the city, the neighborhood offers grocery markets steps away and green spaces a short walk from the door."
129.52,Entire home/apt,4.62,7.0,1.0,21.0,False,3.0,1.0,"This isolated residential setting completely lacks the widespread cafes, galleries, and subway lines typical of the city. At the same time, sports facilities and open park space are located just steps away."
96.63,Entire home/apt,4.62,4.0,1.0,29.0,False,2.0,1.0,"Citywide contrasts are heightened by a complete absence of local attractions, cafes, and gyms, while residents remain steps away from parks and open space. A short walk reaches neighborhood grocery and markets."
33.53,Private room,4.69,2.0,1.0,16.0,False,1.0,1.0,"This Bronx neighborhood lacks the dense concentrations of cafes, museums, and entertainment venues found in many other parts of the city. Daily essentials remain close at hand with markets steps away, and the Metro North - Morris Heights station provides rapid transit within a short walk."
111.2,Entire home/apt,4.85,2.0,1.0,62.0,False,1.0,1.0,"This block completely lacks nearby cafes, hotels, and tourist attractions while remaining within a short walk of local grocery stores and open park space."
117.83,Entire home/apt,4.75,4.0,1.0,4.0,False,2.0,1.0,Residential quiet defines this neighborhood where local bars and nightlife are absent. Cultural venues and grocery markets remain within a short walk.
249.0,Private room,4.89,2.0,1.0,245.0,True,1.0,1.0,"Parks and open space sit directly on the doorstep while a grocery and market is reachable on foot, contrasting with the absence of nearby attractions or transit found across most city blocks."
514.0,Entire home/apt,4.95,3.0,1.0,58.0,True,2.0,1.0,"Parks and open space sit steps away while grocery markets require a short walk, contrasting with a complete absence of nearby cafes, gyms, and attractions."
71.57,Entire home/apt,4.7,2.0,1.0,109.0,True,1.0,1.0,"This residential block lacks nearby attractions, hotels, and entertainment venues while remaining within a short walk of local grocery markets and sports facilities."
261.07,Private room,4.92,2.0,1.0,12.0,False,1.0,1.0,"This residential New York City block lacks nearby cafes, attractions, and entertainment venues while remaining close to local sports facilities and grocery markets."
61.06,Private room,4.7,1.0,1.0,23.0,False,0.0,1.0,"Residential side streets lack typical nearby museums, cafes, and commercial attractions while maintaining a short walk to local grocery markets."
183.57,Entire home/apt,4.9,2.0,1.0,107.0,False,1.0,1.0,"Unlike many typical New York City blocks that feature nearby bars, hotels, and parks, this location lacks those immediate urban amenities while remaining within a short walk of grocery markets and cultural venues."
255.34,Entire home/apt,4.96,2.0,1.0,179.0,True,2.0,1.0,"While lacking the immediate subway access and cultural venues typical of most city blocks, the area offers a short walk to local grocery markets and neighborhood parks."
405.0,Private room,4.86,6.0,2.0,210.0,True,3.0,2.0,"While lacking immediate access to standard citywide cultural venues and parks, the location provides a short walk to nearby sports facilities and hotels."
233.59,Private room,4.5,2.0,1.0,4.0,False,3.0,1.0,"Citywide contrasts define this unusually quiet setting, completely lacking nearby transit, cafes, and nightlife while placing grocery markets steps away and parks directly on the doorstep."
561.23,Entire home/apt,4.76,2.0,1.0,125.0,False,1.0,1.0,"This residential setting lacks nearby attractions, hotels, and entertainment venues while remaining within a short walk of local grocery stores and markets."
132.47,Entire home/apt,4.73,2.0,1.0,123.0,False,2.0,1.0,"Residential side streets lack nearby museums, gyms, and cultural attractions, yet local markets and hotels remain within a short walk."
152.21,Entire home/apt,5.0,1.0,1.0,2.0,False,1.0,1.0,"This quiet residential block lacks nearby cafes, grocery stores, and attractions, contrasting with the dense commercial activity found throughout the rest of the city. Sidewalks remain entirely residential while offering direct pedestrian access to nearby thoroughfares."
146.44,Entire home/apt,4.93,4.0,1.0,73.0,True,1.0,1.0,"This tranquil residential block completely lacks the dense commercial entertainment, nightlife, and attractions found across much of the wider city. Everyday conveniences and green spaces remain accessible within a short walk."
56.6,Private room,5.0,1.0,1.0,3.0,False,3.0,1.0,"Grocery stores and hotels are within a short walk, while local options for cafes, entertainment venues, museums, and galleries are entirely absent."
189.33,Entire home/apt,4.63,6.0,2.0,43.0,True,2.0,2.0,This quiet residential enclave lacks nearby nightlife and commercial attractions while offering markets steps away.
259.62,Private room,4.74,6.0,1.0,199.0,False,3.0,1.0,"Residential side streets feature a complete absence of nearby nightlife or cultural attractions, while daily errands and green spaces remain within a short walk."
108.74,Entire home/apt,4.91,2.0,1.0,348.0,False,1.0,1.0,"This residential New York City block lacks the typical concentration of nearby cafes, grocery stores, and attractions found across most of the city. At the same time, parks and sports facilities are available within a short walk."
357.0,Private room,5.0,2.0,2.0,107.0,True,2.0,2.0,"This neighborhood completely lacks typical urban cafes, hotels, and nightlife venues, yet rapid transit via the Clifton train station is steps away."
397.0,Entire home/apt,4.98,2.0,1.0,55.0,True,1.0,1.0,"This purely residential section lacks local cafes, nightlife, and attractions, yet provides neighborhood markets within a short walk. Rapid transit is steps away on the doorstep of Beach 36th Street."
1076.0,Private room,4.96,8.0,2.5,49.0,True,4.0,2.5,Quiet residential blocks devoid of typical nightlife and commercial cafes sit steps away from expansive neighborhood parks and a short walk to daily grocery markets.
107.59,Entire home/apt,5.0,2.0,1.0,1.0,True,1.0,1.0,"This secluded New York City block lacks nearby cafes, bars, and attractions, yet provides a short walk to local grocery markets."
212.77,Entire home/apt,3.0,6.0,2.0,1.0,False,3.0,2.0,"This residential pocket completely lacks nearby bars, cafes, and entertainment venues while most city blocks feature them. Grocery stores and markets remain reachable within a short walk."
375.0,Entire home/apt,5.0,4.0,2.0,76.0,True,2.0,2.0,"This exceptionally quiet residential block lacks nearby attractions, cafes, and entertainment venues while remaining within a short walk of local grocery stores. Hotels are steps away from the residential doorways, providing a sharp contrast to the surrounding lack of commercial activity."
93.17,Entire home/apt,4.64,4.0,1.0,11.0,True,2.0,1.0,This quiet residential section lacks nearby cafes and nightlife while remaining within a short walk of local grocery markets.
642.0,Private room,4.95,2.0,2.0,19.0,True,2.0,2.0,"This quiet residential block completely lacks the dense commercial attractions, cafes, and nightlife found across most of the city while remaining just a short walk from local grocery markets and hotels."
142.28,Entire home/apt,4.78,6.0,2.0,67.0,False,3.0,2.0,"Urban isolation yields an absence of nearby groceries, attractions, and gyms, contrasting with the wider city's density. LaGuardia Airport Terminal B is a short walk away."
270.08,Entire home/apt,4.99,2.0,1.0,101.0,True,1.0,1.0,"Sports facilities sit right on the doorstep, while local parks and open space remain a short walk away. This residential section lacks the concentration of attractions, bars, nightlife, and cafes found in most other parts of the city."
72.36,Private room,4.75,2.0,1.0,8.0,False,1.0,1.0,"The surrounding blocks lack the nearby cafes, bars, and attractions commonly found across New York City. The location relies entirely on standard street grids rather than major transit hubs or local landmarks."
345.13,Entire home/apt,5.0,5.0,2.5,1.0,False,4.0,2.5,"This quiet residential pocket lacks nearby retail and nightlife, yet offers a short walk to local sports facilities."
294.0,Private room,4.73,4.0,1.0,52.0,False,2.0,1.0,"This residential block lacks the nearby cafes, bars, and attractions found in most other New York City neighborhoods. The quiet streetscape maintains a strictly residential character removed from the city's commercial and transit corridors."
194.7,Entire home/apt,5.0,4.0,1.0,2.0,False,2.0,1.0,"This residential block lacks typical neighborhood cafes and nightlife venues, yet sports facilities sit steps away."
167.8,Private room,5.0,2.0,1.0,9.0,False,1.0,1.0,"Quiet residential blocks lack the immediate concentration of cafes and nightlife found across much of the city, while remaining within a short walk of local parks and open space."
105.3,Entire home/apt,4.72,2.0,1.0,47.0,False,1.0,1.0,"This secluded setting lacks the bars, cafes, and dining common throughout most city blocks while maintaining proximity to quiet residential side streets."
280.8,Private room,4.96,7.0,2.0,26.0,False,3.0,2.0,"Residential side streets lack typical nearby dining or cafes, yet local parks remain within a short walk."
181.5,Entire home/apt,4.74,2.0,1.0,89.0,False,1.0,1.0,"This residential block lacks typical neighborhood cafes, bars, and nearby attractions, setting it apart from the city's denser commercial corridors. The surrounding streetscape maintains a quiet, purely residential character removed from usual urban activity."
309.73,Entire home/apt,5.0,6.0,2.0,15.0,False,3.0,2.0,"The surrounding blocks lack the typical concentration of cafes, dining, and attractions found across much of the city, yet they maintain a short walk to local parks and open space."
217.0,Entire home/apt,4.96,2.0,1.0,23.0,True,1.0,1.0,"This residential block lacks typical neighborhood cafes, bars, and major attractions, yet daily essentials remain accessible with a short walk to local grocery markets."
288.0,Private room,4.43,2.0,1.0,7.0,False,2.0,1.0,"Quiet residential blocks contrast with the intense activity found elsewhere in the city, offering a purely domestic setting devoid of nearby commercial storefronts. Local transit options provide citywide connections from this entirely residential environment."
