price,room_type,ratings,guests,beds,bedrooms,bathrooms,property_number_of_reviews,is_superhost,num_bedrooms,num_baths,num_rooms,surroundings_summary
6081.33,Entire home/apt,4.98,8.0,4.0,4.0,3.5,50.0,True,4.0,3.5,7.5,"NOTES: This block features an exceptionally high density of cafes, entertainment venues, hotels, landmarks, sights, parks, and shops, indicating a highly active tourist and cultural hub.

DESCRIPTION: This area is a vibrant destination defined by its abundance of cafes, entertainment venues, hotels, landmarks, and parks. It is situated near the Intrepid Sea, Air & Space Museum, Central Park, Empire State Building, Bryant Park, Times Square, and Rockefeller Center."
350.0,Hotel room,5.0,4.0,2.0,1.0,1.0,1.0,False,1.0,1.0,2.0,"NOTES: This block is a bustling commercial and tourist hub, distinguished by an exceptionally high density of cafes, entertainment venues, hotels, and shops, alongside elevated access to dining, nightlife, grocery stores, gyms, museums, parks, transit, and landmarks like Central Park, Intrepid Sea, Air & Space Museum, Bryant Park, Empire State Building, and Times Square.

DESCRIPTION: This block stands out as a vibrant destination featuring an abundance of cafes, entertainment venues, hotels, and shops, while offering exceptional proximity to landmarks such as Central Park, Intrepid Sea, Air & Space Museum, Bryant Park, Empire State Building, and Times Square."
308.0,Hotel room,5.0,2.0,1.0,1.0,1.0,1.0,False,1.0,1.0,2.0,"NOTES: This block features an exceptionally high density of cafes, entertainment venues, hotels, and shops, alongside above-average access to dining, nightlife, grocery stores, gyms, museums, landmarks, and transit, characterizing it as a bustling, high-activity urban hub.

DESCRIPTION: This block is a vibrant urban hub featuring an abundance of cafes, entertainment venues, hotels, and shops, with notable proximity to Central Park, Intrepid Sea, Air & Space Museum, Bryant Park, Empire State Building, and Times Square."
296.0,Entire home/apt,4.91,4.0,2.0,1.0,1.0,11.0,True,1.0,1.0,2.0,"NOTES: This block features an abundance of cafes, parks, green space, and shops, alongside extensive dining, nightlife, entertainment, and transit options, indicating a highly active, amenity-rich urban hub.

DESCRIPTION: This exceptionally vibrant block offers an abundance of cafes, parks, shops, and entertainment venues near landmarks such as Intrepid Sea, Air & Space Museum, Central Park, One Vanderbilt, and Summit One Vanderbilt."
595.0,Entire home/apt,4.8,3.0,1.0,1.0,1.0,59.0,False,1.0,1.0,2.0,"NOTES: This block features an exceptionally high concentration of cafes, entertainment venues, hotels, landmarks, sights, parks, and shops, indicating a high-density tourist and cultural hub.

DESCRIPTION: This block serves as a vibrant cultural and tourist destination, featuring an abundance of cafes, entertainment venues, hotels, shops, and green spaces near Bryant Park, Empire State Building, Times Square, Central Park, and Intrepid Sea, Air & Space Museum."
411.0,Private room,4.79,2.0,1.0,1.0,1.0,39.0,False,1.0,1.0,2.0,"NOTES: This area is a highly dense, tourist-oriented urban hub featuring an exceptional concentration of cafes, hotels, parks, and retail shops, complemented by extensive nightlife, dining, and cultural amenities.

DESCRIPTION: This block stands out as a vibrant urban destination with an abundance of cafes, hotels, parks, and shops, while offering easy access to landmarks like Central Park, Intrepid Sea, Air & Space Museum, Bryant Park, One Vanderbilt, and Summit One Vanderbilt."
283.53,Entire home/apt,4.16,2.0,1.0,1.0,1.0,45.0,False,1.0,1.0,2.0,"NOTES: This block features an exceptionally high density of nightlife, dining, entertainment, retail, transit, and services compared to a typical New York street, identifying it as a highly active, tourist-centric urban hub.

DESCRIPTION: This exceptionally lively block is defined by its dense concentration of nightlife, dining, entertainment, shops, and transit options, all situated near the Empire State Building."
367.05,Entire home/apt,4.08,6.0,3.0,1.0,1.0,60.0,False,1.0,1.0,2.0,"NOTES: This block features an exceptionally high density of nightlife, dining, entertainment, retail, fitness, and transit options, marking it as a highly active, tourist-centric urban hub near the Empire State Building.

DESCRIPTION: This exceptionally lively block offers an abundance of dining, nightlife, entertainment, and shopping options alongside convenient transit access near the Empire State Building."
278.0,Entire home/apt,4.71,4.0,2.0,2.0,1.0,41.0,False,2.0,1.0,3.0,"NOTES: The block features an exceptionally high density of cafes, gyms, sports facilities, hotels, and shops, alongside above-average access to dining, nightlife, entertainment, transit, and cultural landmarks, indicating a highly active, tourist-heavy commercial hub.

DESCRIPTION: This exceptionally busy area is defined by a dense concentration of cafes, gyms, hotels, and shops, complemented by high-profile surroundings including Central Park, Bryant Park, Intrepid Sea, Air & Space Museum, One Vanderbilt, Summit One Vanderbilt, and Times Square."
765.0,Private room,5.0,2.0,1.0,1.0,1.0,1.0,False,1.0,1.0,2.0,"NOTES: The block features an exceptional concentration of cafes, entertainment venues, hotels, landmarks, sights, parks, and shops, indicating a high-traffic tourist and cultural hub.

DESCRIPTION: This block serves as a vibrant cultural center featuring an abundance of cafes, entertainment venues, hotels, landmarks, and shops near Empire State Building, Bryant Park, Times Square, Intrepid Sea, Air & Space Museum, and Central Park."
284.1,Entire home/apt,4.91,3.0,2.0,1.0,1.0,11.0,False,1.0,1.0,2.0,"NOTES: This block features an exceptionally high density of bars, nightlife, cafes, dining, grocery stores, gyms, hotels, pharmacies, and shops, alongside above-average access to entertainment, landmarks, museums, parks, and transit, indicating a highly active, central urban hub.
DESCRIPTION: This exceptionally dense area features an abundance of nightlife, dining, shopping, and essential services, with convenient access to Central Park, Empire State Building, Bryant Park, and Battery Park."
868.5,Private room,4.33,4.0,2.0,2.0,1.0,3.0,False,2.0,1.0,3.0,"NOTES: This block features an exceptional density of entertainment, hotels, landmarks, parks, and shops, indicating a high-traffic tourist and commercial hub.

DESCRIPTION: This lively area stands out for its abundance of entertainment, hotels, landmarks, parks, and shops, situated near Empire State Building, Times Square, Intrepid Sea, Air & Space Museum, Bryant Park, Rockefeller Center, and Central Park."
387.75,Entire home/apt,4.36,4.0,2.0,1.0,1.0,66.0,False,1.0,1.0,2.0,"NOTES: High density of nightlife, dining, entertainment, retail, transit, and landmarks; urban commercial hub.
DESCRIPTION: This block functions as a vibrant commercial hub featuring an extensive array of dining, nightlife, entertainment, and transit options near the Empire State Building."
399.0,Entire home/apt,5.0,9.0,4.0,1.0,1.0,4.0,False,1.0,1.0,2.0,"NOTES: High density of bars, nightlife, dining, entertainment, groceries, gyms, hotels, landmarks, shops, and transit characterize this vibrant urban hub near Empire State Building.

DESCRIPTION: This exceptionally lively area near Empire State Building features a high concentration of nightlife, dining, entertainment, shopping, and transit options."
444.0,Entire home/apt,4.81,4.0,2.0,2.0,1.0,43.0,False,2.0,1.0,3.0,"NOTES: Abundant cafes, parks, shops, and transit combined with extensive nightlife, dining, entertainment, and cultural amenities characterize this highly dense urban hub.

DESCRIPTION: This block stands out as a vibrant urban hub featuring an exceptional concentration of cafes, parks, shops, and transit options. Residents enjoy immediate access to prominent landmarks including Central Park, One Vanderbilt, Intrepid Sea, Air & Space Museum, Summit One Vanderbilt, and Grand Central Terminal."
201.0,Entire home/apt,4.0,4.0,2.0,1.0,1.0,3.0,False,1.0,1.0,2.0,"NOTES: High density of bars, dining, entertainment, groceries, gyms, hotels, landmarks, shops, and transit indicates a bustling, hyper-active commercial hub.
DESCRIPTION: This exceptionally busy block near the Empire State Building features a dense concentration of nightlife, dining, entertainment, retail, and transit options."
408.45,Entire home/apt,4.26,6.0,3.0,1.0,1.0,35.0,False,1.0,1.0,2.0,"NOTES: High density of bars, nightlife, dining, entertainment, groceries, gyms, hotels, shops, and transit; elevated presence of cafes, landmarks, museums, and pharmacies; highly active urban commercial hub.
DESCRIPTION: This block is a highly active commercial hub featuring an abundance of nightlife, dining, entertainment, shopping, and transit options near the Empire State Building."
555.0,Entire home/apt,4.85,3.0,1.0,1.0,1.0,124.0,False,1.0,1.0,2.0,"NOTES: This block is a highly dense, tourist-centric urban hub featuring an exceptional concentration of cafes, entertainment, hotels, landmarks, parks, and shops, with elevated access to nightlife, dining, and transit.

DESCRIPTION: This vibrant area stands out for its abundance of cafes, entertainment venues, hotels, landmarks, and shops, while offering proximity to Bryant Park, Empire State Building, Times Square, Central Park, and Intrepid Sea, Air & Space Museum."
179.0,Private room,5.0,8.0,2.0,1.0,1.0,4.0,False,1.0,1.0,2.0,"NOTES: High density of bars, nightlife, dining, entertainment, groceries, gyms, hotels, landmarks, shops, and transit; area type is a major urban commercial and tourist hub.
DESCRIPTION: This block is a bustling urban hub featuring an abundance of nightlife, dining, entertainment, and transit options near the Empire State Building."
233.85,Entire home/apt,5.0,2.0,1.0,1.0,1.0,1.0,False,1.0,1.0,2.0,"NOTES: Abundant nightlife, dining, entertainment, retail, fitness, and transit options characterize this highly active urban hub near Empire State Building and Central Park.
DESCRIPTION: This area is a bustling center for dining, nightlife, and entertainment that offers exceptional access to transit, shopping, and landmarks like the Empire State Building and Central Park."
397.03,Private room,5.0,4.0,2.0,1.0,1.0,4.0,False,1.0,1.0,2.0,"NOTES: Exceptional density of nightlife, dining, retail, transit, and cultural landmarks; highly active urban core.
DESCRIPTION: This block is a lively urban hub featuring an abundance of bars, dining, shops, and transit options near the Empire State Building. The area stands out for its high concentration of entertainment venues, museums, and galleries."
297.16,Entire home/apt,5.0,2.0,1.0,1.0,1.0,1.0,True,1.0,1.0,2.0,"NOTES: This block features an exceptionally high density of nightlife, dining, entertainment, retail, and transit options, marking it as a hyper-active, central urban hub.

DESCRIPTION: This exceptionally lively block is defined by its abundance of nightlife, dining, shops, and transit options near the Empire State Building."
273.23,Entire home/apt,5.0,2.0,1.0,1.0,1.0,1.0,True,1.0,1.0,2.0,"NOTES: High density of nightlife, dining, retail, transit, and cultural amenities; urban entertainment district.
DESCRIPTION: This block serves as a vibrant urban hub featuring an exceptional concentration of dining, nightlife, shopping, and transit options near the Empire State Building. The area is defined by its extensive access to entertainment venues, museums, and daily conveniences."
295.55,Entire home/apt,5.0,2.0,1.0,1.0,1.0,5.0,True,1.0,1.0,2.0,"NOTES: High density of nightlife, dining, entertainment, retail, transit, and services; urban tourist and commercial hub.
DESCRIPTION: This block functions as a highly active urban hub featuring an exceptional concentration of dining, nightlife, entertainment, and transit options near the Empire State Building."
320.55,Entire home/apt,5.0,2.0,1.0,1.0,1.0,1.0,True,1.0,1.0,2.0,"NOTES: This block features an exceptionally high density of nightlife, dining, entertainment, retail, and transit options, characterizing it as a vibrant, high-traffic urban hub.

DESCRIPTION: This exceptionally lively block is defined by its abundance of dining, nightlife, entertainment, and transit options, situated near the Empire State Building."
256.04,Entire home/apt,5.0,2.0,1.0,1.0,1.0,2.0,True,1.0,1.0,2.0,"NOTES: This block features an exceptionally high density of nightlife, dining, entertainment, retail, and transit options, characterizing it as a bustling, high-energy urban hub located near the Empire State Building.

DESCRIPTION: This exceptionally vibrant block offers an abundance of nightlife, dining, entertainment, and transit options near the Empire State Building. It serves as a highly active urban center with extensive access to shops, gyms, and cultural landmarks."
179.0,Entire home/apt,4.17,4.0,2.0,1.0,1.0,6.0,False,1.0,1.0,2.0,"NOTES: High density of nightlife, dining, retail, transit, and cultural attractions near Empire State Building; urban commercial core.
DESCRIPTION: This block is a bustling urban core defined by its exceptional concentration of nightlife, dining, shopping, and transit options near the Empire State Building. The area also features a prominent selection of cultural landmarks and museums that distinguish it from a typical New York block."
323.33,Private room,4.74,1.0,1.0,2.0,1.0,43.0,False,2.0,1.0,3.0,"NOTES: Abundance of cafes, dining, grocery stores, gyms, hotels, pharmacies, and shops; high concentration of nightlife, entertainment, landmarks, museums, parks, and transit; urban commercial hub.
DESCRIPTION: This block functions as a dense urban hub featuring an exceptional concentration of dining, retail, and essential services alongside prominent landmarks like Central Park, Bryant Park, Battery Park, Empire State Building, and Times Square."
666.0,Private room,4.83,2.0,1.0,1.0,1.0,48.0,False,1.0,1.0,2.0,"NOTES: Abundant nightlife, dining, retail, transit, and fitness options characterize this highly active urban hub.
DESCRIPTION: This block stands out as a vibrant center for nightlife, dining, shopping, and transit access, located near Central Park, Battery Park, Empire State Building, and Bryant Park."
712.0,Private room,4.0,8.0,4.0,2.0,2.0,1.0,False,2.0,2.0,4.0,"NOTES: High density of nightlife, dining, entertainment, retail, transit, and services; urban core.
DESCRIPTION: This block is an exceptionally vibrant urban core featuring a high density of nightlife, dining, entertainment, shops, and transit options, with landmarks like Empire State Building, Central Park, and Battery Park nearby."
431.5,Entire home/apt,4.28,7.0,4.0,2.0,1.0,195.0,False,2.0,1.0,3.0,"NOTES: High density of nightlife, dining, entertainment, retail, transit, and services; urban core area.
DESCRIPTION: This block is an exceptionally lively urban core featuring a high density of nightlife, dining, shops, and transit options near the Empire State Building, Central Park, and Battery Park."
284.25,Entire home/apt,4.11,5.0,3.0,1.0,1.0,79.0,False,1.0,1.0,2.0,"NOTES: This is a high-density, hyper-active urban commercial hub featuring an abundance of nightlife, dining, retail, transit, and fitness facilities, complemented by significant cultural and landmark access.

DESCRIPTION: This exceptionally vibrant urban hub offers an extensive array of dining, nightlife, shopping, and transit options near the Empire State Building, Central Park, and Battery Park. The area stands out for its high concentration of entertainment, cultural landmarks, and daily conveniences."
249.0,Private room,4.61,6.0,2.0,1.0,1.0,137.0,False,1.0,1.0,2.0,"NOTES: High density of nightlife, dining, entertainment, retail, transit, and services; urban hub.
DESCRIPTION: This block is an exceptionally lively urban hub featuring an abundance of nightlife, dining, entertainment, shopping, and transit options near Empire State Building, Central Park, and Battery Park."
291.0,Private room,4.5,2.0,1.0,1.0,1.0,10.0,False,1.0,1.0,2.0,"NOTES: This block features an exceptional density of entertainment, hospitality, retail, and green space, characterizing it as a major tourist and cultural hub.

DESCRIPTION: This vibrant area stands out for its high concentration of entertainment venues, hotels, shops, and parks, situated near landmarks such as the Empire State Building, Times Square, Bryant Park, Intrepid Sea, Air & Space Museum, Washington Square Park, and Central Park."
447.68,Entire home/apt,4.5,3.0,1.0,1.0,1.0,2.0,False,1.0,1.0,2.0,"NOTES: High density of nightlife, dining, retail, transit, and cultural attractions; urban commercial hub.
DESCRIPTION: This block is a bustling urban hub defined by an exceptional concentration of dining, nightlife, shopping, and transit options. It further stands out as a vibrant center for entertainment, fitness, and cultural landmarks."
102.44,Private room,3.67,1.0,1.0,1.0,1.0,3.0,False,1.0,1.0,2.0,"NOTES: This block features an exceptionally high density of nightlife, dining, entertainment, retail, and fitness options, characterizing it as a bustling, high-energy urban hub.

DESCRIPTION: This block stands out as a vibrant urban center with an abundance of bars, restaurants, entertainment venues, shops, and grocery stores. Its exceptional concentration of amenities and transit access creates a lively atmosphere far beyond that of a typical New York block."
887.89,Entire home/apt,5.0,5.0,2.0,2.0,2.0,46.0,False,2.0,2.0,4.0,"NOTES: This block features an exceptionally high density of bars, nightlife, cafes, dining, grocery stores, gyms, and shops, alongside prominent transit access and cultural landmarks like the Empire State Building, characterizing it as a bustling, highly commercialized urban hub.

DESCRIPTION: This exceptionally lively block serves as a dense commercial and cultural hub featuring abundant dining, nightlife, shopping, and fitness options. It offers superior transit access and proximity to landmarks such as the Empire State Building."
742.56,Private room,4.54,4.0,2.0,1.0,1.0,173.0,False,1.0,1.0,2.0,"NOTES: High concentration of entertainment, hotels, shops, nightlife, dining, and amenities; urban tourist and commercial hub.
DESCRIPTION: This block functions as a dense urban hub featuring an exceptional concentration of entertainment, hotels, shops, and dining options. It is situated near landmarks including Times Square, Empire State Building, Washington Square Park, and Bryant Park."
223.78,Private room,4.43,1.0,1.0,1.0,1.0,7.0,False,1.0,1.0,2.0,"NOTES: This block features an exceptionally high density of entertainment, shopping, dining, and transit options, marking it as a hyper-active commercial and tourist hub.
DESCRIPTION: This area stands out for its high concentration of entertainment, shops, dining, and transit, situated near the Flatiron Building and Manhattan Bridge."
273.3,Private room,4.46,2.0,1.0,1.0,1.0,48.0,False,1.0,1.0,2.0,"NOTES: High density of bars, nightlife, cafes, dining, gyms, hotels, and shops; elevated presence of entertainment, groceries, landmarks, museums, parks, pharmacies, and transit; urban commercial hub.
DESCRIPTION: This block functions as a vibrant commercial and cultural hub, featuring an exceptional concentration of nightlife, dining, and retail options alongside convenient access to transit and landmarks like Battery Park, Central Park, Empire State Building, and Bryant Park."
732.0,Private room,4.34,4.0,2.0,1.0,1.0,80.0,False,1.0,1.0,2.0,"NOTES: High density of entertainment, hospitality, retail, nightlife, dining, and amenities; urban tourist and commercial hub.

DESCRIPTION: This block functions as a bustling urban hub characterized by an exceptional concentration of entertainment venues, hotels, shops, and dining options. Its proximity to landmarks such as Times Square, Empire State Building, Washington Square Park, and Bryant Park defines its vibrant, high-traffic nature."
202.0,Private room,4.22,2.0,1.0,1.0,1.0,113.0,False,1.0,1.0,2.0,"NOTES: High density of bars, nightlife, cafes, dining, grocery stores, gyms, hotels, and shops; elevated presence of entertainment, landmarks, museums, pharmacies, transit, and parks; urban commercial hub.
DESCRIPTION: This block functions as a dense urban hub characterized by an exceptional concentration of dining, nightlife, shopping, and essential services. It is further distinguished by its high accessibility to transit, cultural landmarks, and recreational spaces."
171.83,Private room,4.0,1.0,1.0,5.0,1.0,1.0,False,5.0,1.0,6.0,"NOTES: This block features an exceptionally high density of dining, entertainment, grocery stores, gyms, hotels, landmarks, and shops, indicating a highly active commercial and tourist hub.
DESCRIPTION: This block stands out as a bustling commercial and tourist center due to its extensive concentration of dining, entertainment, shopping, and lodging options."
1199.0,Entire home/apt,5.0,5.0,3.0,2.0,1.0,21.0,True,2.0,1.0,3.0,"NOTES: This block features an exceptionally high concentration of bars, nightlife, dining, grocery stores, gyms, sports, hotels, and shops, indicating a high-density urban commercial hub.

DESCRIPTION: This block stands out as a high-density urban hub featuring an abundance of nightlife, dining, retail, and fitness options. It also offers significantly more access to transit, cultural landmarks, and green spaces than a typical New York block."
720.0,Entire home/apt,4.71,5.0,2.0,2.0,1.5,89.0,True,2.0,1.5,3.5,"NOTES: This block features an exceptionally high density of entertainment, hotels, and retail, characterizing it as a bustling, high-traffic urban tourist and commercial hub.
DESCRIPTION: This area stands out for its high concentration of entertainment venues, hotels, and shops, situated near Times Square, Empire State Building, Washington Square Park, and Bryant Park."
241.6,Private room,4.04,2.0,1.0,1.0,1.0,73.0,False,1.0,1.0,2.0,"NOTES: This block features an exceptionally high density of entertainment, hotels, shops, nightlife, dining, and green space, characterizing it as a bustling, high-traffic tourist and commercial hub.

DESCRIPTION: This block is a vibrant center defined by its abundance of entertainment venues, hotels, shops, and dining options. It is located near Times Square, Washington Square Park, Empire State Building, Top of the Rock, and Rockefeller Center."
240.0,Private room,4.19,2.0,1.0,1.0,1.0,537.0,False,1.0,1.0,2.0,"NOTES: High concentration of entertainment, hotels, shops, nightlife, dining, and green space; inferring a bustling, high-density tourist and commercial hub.

DESCRIPTION: This block functions as a vibrant commercial and tourist destination characterized by an exceptional density of entertainment venues, hotels, shops, and dining options. Its central location provides proximity to Times Square, Washington Square Park, Empire State Building, Top of the Rock, and Rockefeller Center."
156.97,Private room,4.71,2.0,1.0,1.0,1.0,1669.0,False,1.0,1.0,2.0,"NOTES: This block features an exceptionally high concentration of cafes, entertainment venues, gyms, hotels, shops, and transit options, alongside elevated levels of nightlife, dining, grocery stores, and cultural sites, indicating a high-density urban commercial and tourist hub.

DESCRIPTION: This block stands out as a bustling commercial and tourist hub with an abundance of cafes, entertainment venues, gyms, hotels, shops, and transit access. It also offers a higher than average density of nightlife, dining, grocery stores, and cultural attractions compared to a typical New York block."
485.1,Private room,5.0,4.0,2.0,1.0,1.0,1.0,False,1.0,1.0,2.0,"NOTES: This block features an exceptionally high density of entertainment, hotels, shops, nightlife, dining, and transit access, indicating a high-energy, tourist-centric urban hub.

DESCRIPTION: This area is a bustling destination defined by its abundance of entertainment, dining, and shopping options near landmarks like Times Square, Washington Square Park, Top of the Rock, Rockefeller Center, and the Empire State Building."
529.0,Private room,5.0,2.0,1.0,1.0,1.0,1.0,False,1.0,1.0,2.0,"NOTES: High concentration of entertainment, hotels, shops, nightlife, dining, and transit; this is a bustling, high-density tourist and commercial hub.
DESCRIPTION: This area serves as a vibrant commercial hub featuring an abundance of entertainment, dining, and shopping options near landmarks such as Times Square, Washington Square Park, Top of the Rock, Rockefeller Center, and the Empire State Building."
354.03,Private room,4.21,4.0,2.0,1.0,1.0,14.0,True,1.0,1.0,2.0,"NOTES: This block features an exceptionally high density of dining, entertainment, grocery stores, gyms, hotels, landmarks, and shops, indicating a highly active commercial and tourist hub.
DESCRIPTION: This block stands out as a bustling commercial and tourist center with an abundance of dining, entertainment, shopping, and lodging options."
385.32,Entire home/apt,5.0,3.0,2.0,1.0,1.0,1.0,False,1.0,1.0,2.0,"NOTES: This block features an exceptional concentration of entertainment, hotels, shops, nightlife, dining, and transit, identifying it as a high-density tourist and commercial hub.
DESCRIPTION: This vibrant area stands out for its extensive selection of entertainment venues, hotels, shops, and dining options near landmarks like Times Square, Top of the Rock, and Rockefeller Center."
369.0,Private room,4.74,2.0,1.0,1.0,1.0,390.0,True,1.0,1.0,2.0,"NOTES: High density of cafes, entertainment, gyms, hotels, shops, and transit; lively urban commercial hub.
DESCRIPTION: This block functions as a lively urban commercial hub characterized by an exceptional density of cafes, entertainment venues, gyms, hotels, shops, and transit options."
401.5,Entire home/apt,4.88,4.0,2.0,1.0,1.0,16.0,True,1.0,1.0,2.0,"NOTES: This block features an exceptionally high density of cafes, gyms, sports facilities, hotels, and shops, with elevated levels of nightlife, dining, entertainment, groceries, landmarks, museums, parks, pharmacies, and transit, suggesting a high-traffic, tourist-centric urban hub.

DESCRIPTION: This area is a bustling hub defined by its abundant cafes, shops, hotels, and sports facilities, while also offering extensive access to dining, entertainment, museums, and transit near landmarks like Central Park, Bryant Park, One Vanderbilt, Summit One Vanderbilt, and Intrepid Sea, Air & Space Museum."
1025.0,Private room,5.0,4.0,2.0,1.0,1.0,1.0,True,1.0,1.0,2.0,"NOTES: This block features an exceptionally high density of bars, nightlife, dining, grocery stores, gyms, sports, hotels, and shops, characterizing it as a bustling, high-activity urban hub.

DESCRIPTION: This block stands out as a vibrant urban hub due to its exceptional concentration of nightlife, dining, shopping, and fitness facilities. It also offers above-average access to cultural landmarks, parks, and transit options."
179.03,Entire home/apt,5.0,1.0,1.0,1.0,1.0,1.0,True,1.0,1.0,2.0,"NOTES: This block features an exceptionally high concentration of cafes, entertainment venues, gyms, hotels, shops, and transit options, alongside elevated levels of nightlife, dining, grocery stores, museums, and landmarks, suggesting a highly dense, tourist-centric urban hub near Times Square and Washington Square Park.

DESCRIPTION: This area stands out as a vibrant hub defined by an abundance of cafes, entertainment, shops, and transit access. It offers a dense collection of dining, nightlife, and cultural landmarks located near Times Square and Washington Square Park."
588.0,Entire home/apt,4.0,2.0,1.0,1.0,1.0,5.0,False,1.0,1.0,2.0,"NOTES: This block features an exceptional density of cafes, entertainment venues, hotels, parks, and shops, indicating a high-traffic urban tourist and commercial hub.
DESCRIPTION: This area stands out for its abundant cafes, entertainment venues, hotels, parks, and shops, situated near Bryant Park, Empire State Building, Times Square, and Washington Square Park."
452.0,Private room,4.6,2.0,1.0,1.0,1.0,45.0,False,1.0,1.0,2.0,"NOTES: High density of cafes, gyms, hotels, pharmacies, and shops; elevated levels of nightlife, dining, entertainment, groceries, landmarks, museums, parks, and transit; urban commercial hub.
DESCRIPTION: This block functions as a bustling urban commercial hub featuring an abundance of cafes, gyms, hotels, pharmacies, and shops alongside extensive dining, entertainment, and transit options. Nearby landmarks include Battery Park, Bryant Park, and Central Park."
778.24,Entire home/apt,4.0,4.0,2.0,2.0,1.0,1.0,False,2.0,1.0,3.0,"NOTES: Abundance of cafes, museums, galleries, and shops; high density of dining, nightlife, entertainment, gyms, hotels, and landmarks; limited green space; urban cultural and commercial hub.

DESCRIPTION: This block functions as a dense cultural and commercial hub characterized by an exceptional concentration of cafes, galleries, museums, and shops. While the area offers extensive options for dining, nightlife, and entertainment, it features notably limited park space."
588.49,Entire home/apt,4.55,10.0,8.0,3.0,1.5,71.0,False,3.0,1.5,4.5,"NOTES: This block features an exceptionally high concentration of bars, nightlife, dining, grocery stores, gyms, sports, hotels, and shops, indicating a high-density urban commercial hub.

DESCRIPTION: This block stands out as a high-density urban hub featuring an abundance of nightlife, dining, retail, and fitness options."
352.0,Private room,4.43,2.0,1.0,1.0,1.0,7.0,False,1.0,1.0,2.0,"NOTES: This block features an exceptionally high density of dining, grocery stores, gyms, hotels, and shops, with elevated levels of nightlife, cafes, entertainment, landmarks, museums, parks, and transit, suggesting a bustling, high-traffic commercial and tourist hub.
DESCRIPTION: This block stands out as a vibrant commercial and tourist hub due to its exceptional concentration of dining, shopping, and hotel options. It also offers above-average access to entertainment, cultural landmarks, and transit hubs."
71.71,Private room,3.5,1.0,1.0,1.0,1.0,2.0,False,1.0,1.0,2.0,"NOTES: This block features an exceptionally high concentration of entertainment, fitness, lodging, retail, and transit options, marking it as a highly active, high-density urban commercial hub.
DESCRIPTION: This block stands out as a bustling commercial hub with an abundance of entertainment venues, gyms, hotels, shops, and transit access. It also offers a lively variety of dining, nightlife, cafes, and cultural institutions."
2237.5,Entire home/apt,4.71,8.0,4.0,4.0,2.0,94.0,False,4.0,2.0,6.0,"NOTES: This block features an exceptionally high density of cafes, entertainment venues, gyms, hotels, shops, and transit options, alongside above-average dining, nightlife, cultural institutions, and landmarks, indicating a highly active commercial and tourist-focused urban hub.
DESCRIPTION: This block stands out as a bustling commercial and tourist hub due to its dense concentration of cafes, entertainment venues, gyms, hotels, shops, and transit access. The area is further defined by its vibrant nightlife, diverse dining options, and proximity to cultural landmarks and museums."
478.0,Private room,2.0,2.0,1.0,1.0,2.0,1.0,True,1.0,2.0,3.0,"NOTES: This block features an exceptionally high density of dining, grocery stores, gyms, landmarks, and shops, with elevated levels of nightlife, cafes, entertainment, hotels, museums, and transit, suggesting a highly active, tourist-centric urban hub near Flatiron Building, Manhattan Bridge, and Madison Square Park.
DESCRIPTION: This area is a bustling urban hub characterized by an abundance of dining, shopping, and landmarks near the Flatiron Building, Manhattan Bridge, and Madison Square Park. It offers a high concentration of transit, entertainment, and cultural amenities that far exceed the typical New York block."
225.0,Hotel room,5.0,2.0,1.0,1.0,1.0,4.0,False,1.0,1.0,2.0,"NOTES: High density of entertainment, gyms, hotels, shops, and transit; lively urban commercial hub.
DESCRIPTION: This block functions as a lively urban commercial hub characterized by an exceptionally high density of entertainment venues, gyms, hotels, shops, and transit options."
315.27,Entire home/apt,4.81,2.0,1.0,1.0,1.0,83.0,False,1.0,1.0,2.0,"NOTES: Exceptional density of cafes, museums, galleries, pharmacies, and shops; high concentration of dining, nightlife, entertainment, grocery stores, gyms, and hotels; limited green space; urban cultural hub.

DESCRIPTION: This block is an exceptionally dense urban hub featuring a high concentration of cafes, museums, galleries, shops, and pharmacies, including the New Museum. While the area offers extensive dining, nightlife, and entertainment options, it provides limited access to parks and green space."
276.57,Private room,4.0,3.0,1.0,1.0,1.0,1.0,False,1.0,1.0,2.0,"NOTES: This block is a highly active urban hub featuring exceptional concentrations of entertainment, fitness, retail, and transit options, alongside a robust selection of dining, nightlife, and cultural amenities.
DESCRIPTION: This block functions as a lively urban hub with an abundance of entertainment, gyms, shops, and transit access. The area also stands out for its high density of dining, nightlife, cafes, grocery stores, hotels, and cultural landmarks."
285.27,Entire home/apt,5.0,6.0,3.0,2.0,1.0,3.0,False,2.0,1.0,3.0,"NOTES: This block features an exceptionally high density of gyms, landmarks, shops, nightlife, dining, and transit, characterizing it as a highly active, tourist-centric urban hub with limited green space.
DESCRIPTION: This block stands out for its high concentration of gyms, landmarks, shops, and entertainment options near Manhattan Bridge and the Flatiron Building. It offers a lively atmosphere with extensive dining and transit access, though it remains quiet regarding parks and green space."
124.0,Private room,4.5,2.0,2.0,1.0,1.0,20.0,False,1.0,1.0,2.0,"NOTES: High density of dining, gyms, sports, landmarks, sights, and shops; area type is a major urban commercial and tourist hub.
DESCRIPTION: This block is a vibrant hub featuring an exceptional concentration of dining, shops, gyms, and landmarks like the Flatiron Building, Manhattan Bridge, and Madison Square Park."
102.1,Private room,4.22,1.0,1.0,2.0,2.0,9.0,False,2.0,2.0,4.0,"NOTES: This block features an exceptionally high concentration of entertainment, fitness, retail, and transit options, marking it as a high-density, hyper-active urban hub.
DESCRIPTION: This block stands out as a bustling urban hub with an abundance of entertainment, fitness, shopping, and transit options. It also offers a high density of dining, nightlife, and cultural amenities compared to a typical New York block."
657.0,Private room,4.77,2.0,1.0,1.0,1.0,133.0,True,1.0,1.0,2.0,"NOTES: This block is a dense urban hub characterized by an exceptionally high concentration of cafes, gyms, sports facilities, museums, galleries, pharmacies, and shops, alongside a lively scene for dining, nightlife, entertainment, and hotels, while offering limited green space.

DESCRIPTION: This block functions as a vibrant urban center defined by its extensive array of shops, cafes, gyms, galleries, and nightlife options. Despite the high density of amenities and transit access, the area provides minimal park space."
199.13,Entire home/apt,4.7,4.0,2.0,2.0,1.0,20.0,False,2.0,1.0,3.0,"NOTES: Abundant cafes, dining, grocery stores, museums, galleries, pharmacies, and shops; high density of nightlife, entertainment, gyms, hotels, transit, and landmarks; urban commercial hub.
DESCRIPTION: This block functions as a dense urban hub characterized by an exceptional concentration of dining, retail, cultural institutions, and essential services. The area is highly active, featuring extensive options for nightlife, entertainment, and transit access."
650.0,Private room,5.0,3.0,2.0,1.0,1.0,1.0,False,1.0,1.0,2.0,"NOTES: This block features an exceptionally high concentration of entertainment, hotels, and shops, alongside elevated levels of dining, nightlife, cultural landmarks, and green space, indicating a bustling tourist and commercial hub.

DESCRIPTION: This area is a vibrant commercial and tourist center defined by its dense collection of entertainment venues, hotels, and shops. Nearby landmarks include Times Square, Empire State Building, Washington Square Park, and Bryant Park."
678.0,Entire home/apt,4.96,6.0,3.0,3.0,1.0,197.0,True,3.0,1.0,4.0,"NOTES: High density of cafes, dining, grocery stores, museums, galleries, pharmacies, and shops; elevated levels of nightlife, entertainment, fitness, hotels, landmarks, and transit; urban commercial hub.
DESCRIPTION: This block functions as a bustling urban commercial hub characterized by an exceptionally high concentration of dining, retail, cultural, and essential services alongside extensive entertainment and transit options."
247.0,Private room,4.52,2.0,1.0,1.0,1.0,21.0,False,1.0,1.0,2.0,"NOTES: This block features an exceptionally high density of cafes, gyms, sports, museums, galleries, pharmacies, and shops, with no nearby parks or green space, indicating a highly urbanized, commercial, and activity-focused area.

DESCRIPTION: This block stands out for its high concentration of cafes, gyms, sports, museums, galleries, pharmacies, and shops, though it lacks nearby parks and green space."
266.0,Private room,4.4,2.0,1.0,1.0,1.0,15.0,False,1.0,1.0,2.0,"NOTES: Abundance of cafes, gyms, sports, museums, galleries, pharmacies, and shops; high concentration of bars, nightlife, dining, entertainment, grocery stores, hotels, and landmarks; absence of parks and green space; urban commercial hub.

DESCRIPTION: This block functions as a dense urban commercial hub characterized by an exceptional concentration of retail, dining, nightlife, and cultural amenities. The area stands out for its extensive variety of services and attractions despite a complete lack of nearby parks or green space."
790.0,Entire home/apt,4.86,2.0,1.0,1.0,1.0,57.0,True,1.0,1.0,2.0,"NOTES: High density of nightlife, dining, entertainment, hotels, shops, and transit, suggesting a bustling, high-traffic urban core.

DESCRIPTION: This block is a vibrant urban hub defined by its exceptional concentration of nightlife, dining, entertainment, hotels, shops, and transit access. It is situated in a lively area near Washington Square Park and Times Square."
243.6,Entire home/apt,4.23,6.0,3.0,3.0,1.0,13.0,False,3.0,1.0,4.0,"NOTES: This block features an exceptionally high density of dining, grocery stores, gyms, hotels, and shops, alongside extensive nightlife, entertainment, cultural landmarks, and transit access, indicating a highly active commercial and tourist hub.
DESCRIPTION: This block functions as a bustling commercial and tourist hub characterized by an abundant concentration of dining, shopping, and hospitality options alongside extensive access to entertainment, cultural landmarks, and transit."
84.89,Private room,4.81,2.0,1.0,1.0,1.0,16.0,False,1.0,1.0,2.0,"NOTES: This block features an exceptionally high density of entertainment, gyms, hotels, shops, and transit access, suggesting a high-energy, tourist-heavy commercial hub.

DESCRIPTION: This block stands out as a highly active commercial hub with an abundance of entertainment, shopping, and transit options alongside numerous hotels and fitness facilities."
272.0,Private room,4.61,2.0,1.0,1.0,1.0,921.0,False,1.0,1.0,2.0,"NOTES: High density of entertainment, hotels, shops, nightlife, dining, cultural landmarks, and transit; this is a bustling, high-energy tourist and commercial hub.

DESCRIPTION: This block stands out as a vibrant commercial and tourist hub featuring a high concentration of entertainment venues, hotels, shops, nightlife, and cultural landmarks. Its central location provides exceptional access to transit and nearby attractions such as Times Square, Empire State Building, Washington Square Park, and Bryant Park."
855.0,Entire home/apt,4.95,8.0,6.0,4.0,2.0,174.0,True,4.0,2.0,6.0,"NOTES: This block features an exceptionally high concentration of cafes, dining, grocery stores, museums, galleries, pharmacies, and shops, alongside elevated levels of nightlife, entertainment, fitness, hotels, transit, and landmarks, indicating a highly dense, vibrant urban commercial hub.

DESCRIPTION: This block functions as a bustling urban hub characterized by an abundance of cafes, dining, grocery stores, museums, galleries, pharmacies, and shops. It also offers extensive access to nightlife, entertainment, fitness, hotels, transit, and landmarks."
159.5,Entire home/apt,4.75,4.0,2.0,1.0,1.0,61.0,False,1.0,1.0,2.0,"NOTES: This block features an exceptionally high density of cafes, entertainment venues, gyms, and shops, with elevated levels of nightlife, dining, grocery options, hotels, museums, parks, and transit access, indicating a highly active, urban commercial hub.
DESCRIPTION: This block stands out as a bustling urban hub defined by a high concentration of cafes, entertainment venues, gyms, and shops alongside extensive access to dining, nightlife, and transit."
922.0,Private room,4.85,4.0,2.0,1.0,1.0,121.0,True,1.0,1.0,2.0,"NOTES: High density of gyms, museums, galleries, and shops; elevated levels of nightlife, dining, transit, and landmarks; urban commercial hub.
DESCRIPTION: This block functions as a vibrant urban commercial hub characterized by an exceptional concentration of gyms, museums, galleries, and shops. It also features a high density of dining, nightlife, transit, and landmark options."
270.0,Private room,4.83,2.0,2.0,1.0,1.0,6.0,False,1.0,1.0,2.0,"NOTES: This area is a high-density commercial and cultural hub featuring an exceptional concentration of gyms, landmarks, shops, nightlife, dining, and entertainment, situated near Manhattan Bridge and Flatiron Building.
DESCRIPTION: This vibrant block stands out for its extensive array of shops, landmarks, gyms, and nightlife options located near the Manhattan Bridge and Flatiron Building."
134.27,Entire home/apt,5.0,2.0,1.0,1.0,1.0,3.0,True,1.0,1.0,2.0,"NOTES: High density of entertainment, sports, retail, transit, nightlife, dining, and cultural attractions; this is a bustling, highly active urban hub.

DESCRIPTION: This block is a bustling urban hub characterized by an exceptionally high density of entertainment, transit, and retail options. It also features a vibrant array of dining, nightlife, and cultural attractions that exceed the typical city block."
368.0,Entire home/apt,5.0,8.0,4.0,1.0,1.0,10.0,False,1.0,1.0,2.0,"NOTES: High density of gyms, museums, galleries, and shops; elevated levels of nightlife, dining, transit, and landmarks; urban commercial hub.
DESCRIPTION: This block functions as a vibrant urban hub featuring an exceptional concentration of gyms, museums, galleries, and shops. It is further distinguished by its extensive array of dining, nightlife, transit options, and local landmarks."
688.67,Entire home/apt,4.78,5.0,3.0,2.0,1.0,50.0,True,2.0,1.0,3.0,"NOTES: This block features an exceptionally high concentration of cafes, grocery stores, museums, galleries, pharmacies, and shops, alongside above-average levels of nightlife, dining, entertainment, fitness, lodging, landmarks, and transit, indicating a highly dense, bustling urban commercial hub.

DESCRIPTION: This block is a dense, bustling urban hub defined by an exceptional abundance of cafes, grocery stores, museums, galleries, pharmacies, and shops. It further distinguishes itself through a high concentration of nightlife, dining, entertainment, fitness, lodging, landmarks, and transit options."
226.0,Hotel room,4.29,4.0,2.0,1.0,1.0,7.0,False,1.0,1.0,2.0,"NOTES: This block features an exceptionally high concentration of entertainment, fitness, retail, dining, and transit options, marking it as a high-density urban commercial and cultural hub.

DESCRIPTION: This block stands out as a bustling urban center with an abundance of entertainment venues, gyms, shops, cafes, dining, and transit access. It offers a lively environment characterized by its high density of hotels, museums, galleries, bars, and green spaces."
342.93,Entire home/apt,4.0,6.0,3.0,3.0,1.0,1.0,False,3.0,1.0,4.0,"NOTES: This block features an exceptionally high density of cafes, dining, grocery stores, museums, galleries, and pharmacies, alongside elevated levels of nightlife, entertainment, fitness, retail, landmarks, and transit, suggesting a highly active, amenity-rich urban center.

DESCRIPTION: This block is defined by an abundance of cafes, dining, grocery stores, museums, galleries, and pharmacies. It also offers extensive access to nightlife, entertainment, fitness, retail, landmarks, and transit."
1307.0,Entire home/apt,4.81,3.0,2.0,1.0,1.0,279.0,False,1.0,1.0,2.0,"NOTES: Abundant cafes, dining, grocery stores, museums, galleries, and pharmacies, with elevated levels of nightlife, entertainment, gyms, hotels, shops, landmarks, and transit; this is a highly dense urban commercial and cultural hub.

DESCRIPTION: This block stands out for its exceptional concentration of cafes, dining, grocery stores, museums, galleries, and pharmacies. It also features a high density of nightlife, entertainment venues, gyms, hotels, shops, landmarks, and transit options."
146.2,Entire home/apt,5.0,2.0,1.0,1.0,1.0,9.0,False,1.0,1.0,2.0,"NOTES: High density of cafes, entertainment, gyms, shops, bars, dining, hotels, museums, and transit; this is a highly active, commercial urban hub.
DESCRIPTION: This block is a highly active urban hub defined by its exceptional concentration of cafes, entertainment venues, gyms, and shops. It also features a prominent array of dining, nightlife, hotels, museums, and transit options."
384.0,Private room,3.86,4.0,2.0,1.0,1.0,21.0,False,1.0,1.0,2.0,"NOTES: This block features an exceptionally high density of gyms, sports facilities, and shops, alongside above-average access to nightlife, dining, entertainment, transit, and cultural landmarks, characterizing it as a highly active, urban commercial hub with limited green space.

DESCRIPTION: This block functions as a bustling urban center defined by its extensive collection of shops, gyms, and sports facilities. It offers a vibrant atmosphere with abundant dining, nightlife, and transit access, though it lacks the green space found on typical blocks."
194.0,Private room,4.25,4.0,2.0,1.0,1.0,12.0,False,1.0,1.0,2.0,"NOTES: High density of gyms, shops, bars, cafes, dining, entertainment, groceries, hotels, landmarks, museums, pharmacies, and transit with limited green space; this is a highly active urban commercial hub.
DESCRIPTION: This block functions as a highly active urban commercial hub featuring an abundance of shops, dining, entertainment, and transit options. It stands out for its extensive variety of services and cultural landmarks despite having limited parks and green space."
133.52,Entire home/apt,5.0,4.0,4.0,1.0,1.0,4.0,True,1.0,1.0,2.0,"NOTES: High density of cafes, grocery stores, museums, galleries, pharmacies, and shops; elevated levels of nightlife, dining, entertainment, fitness, hotels, transit, and green space; urban cultural hub.

DESCRIPTION: This block functions as a vibrant cultural hub, distinguished by an exceptional abundance of cafes, shops, galleries, and museums like the New Museum. It offers a highly active environment with extensive dining, nightlife, and transit access that far exceeds the typical city block."
418.0,Private room,4.91,2.0,1.0,1.0,1.0,128.0,True,1.0,1.0,2.0,"NOTES: This block features an exceptionally high density of nightlife, dining, grocery stores, and museums, including the New Museum, characterizing it as a vibrant urban cultural and commercial hub.
DESCRIPTION: This block stands out for its extensive concentration of dining, nightlife, grocery stores, and museums like the New Museum. It also offers a wealth of cafes, entertainment venues, gyms, shops, and transit options."
811.0,Entire home/apt,4.53,4.0,2.0,1.0,1.0,59.0,False,1.0,1.0,2.0,"NOTES: This block features an exceptionally high concentration of dining, grocery stores, gyms, and hotels, alongside a vibrant array of nightlife, entertainment, cultural institutions, and parks, indicating a high-density, tourist-oriented urban core.
DESCRIPTION: This block stands out as a bustling urban hub defined by its extensive variety of dining, shopping, and entertainment options, paired with abundant access to parks, museums, and transit."
221.0,Private room,4.88,2.0,1.0,1.0,1.0,1262.0,True,1.0,1.0,2.0,"NOTES: Abundant nightlife, dining, cafes, galleries, and services indicate a dense, high-energy urban cultural hub.
DESCRIPTION: This block is a vibrant cultural hub featuring a high concentration of nightlife, dining, cafes, galleries, and essential services near the New Museum."
446.17,Entire home/apt,4.95,2.0,1.0,1.0,1.0,20.0,False,1.0,1.0,2.0,"NOTES: High density of cafes, dining, grocery stores, museums, galleries, and pharmacies; elevated presence of nightlife, entertainment, gyms, hotels, shops, and transit; urban commercial hub.
DESCRIPTION: This block functions as a vibrant commercial hub featuring a high density of cafes, dining, grocery stores, museums, galleries, and pharmacies. It also offers an elevated presence of nightlife, entertainment, gyms, hotels, shops, and transit compared to a typical New York block."
180.7,Entire home/apt,4.25,4.0,4.0,2.0,1.0,16.0,False,2.0,1.0,3.0,"NOTES: High density of gyms, hotels, pharmacies, and shops with elevated levels of dining, nightlife, transit, and cultural attractions; this is a bustling, highly commercialized urban hub.
DESCRIPTION: This block stands out for its exceptional concentration of retail, fitness, and hospitality options alongside a vibrant array of dining and entertainment venues near Battery Park."
551.0,Private room,4.36,2.0,1.0,1.0,1.0,50.0,False,1.0,1.0,2.0,"NOTES: High density of cafes, gyms, sports, museums, galleries, pharmacies, and shops; elevated levels of dining, nightlife, entertainment, grocery stores, hotels, landmarks, and transit; urban commercial and cultural hub.
DESCRIPTION: This block functions as a vibrant commercial and cultural hub characterized by an exceptionally high density of shops, cafes, galleries, and fitness facilities. It also features an elevated presence of dining, nightlife, entertainment, and essential services compared to a typical New York block."
319.53,Entire home/apt,4.76,2.0,1.0,1.0,1.0,71.0,False,1.0,1.0,2.0,"NOTES: High density of nightlife, dining, cafes, retail, cultural institutions, and transit; urban commercial hub.
DESCRIPTION: This block functions as a vibrant urban hub featuring an exceptional concentration of nightlife, dining, cafes, shops, and cultural institutions like the New Museum."
439.0,Private room,4.6,2.0,1.0,1.0,1.0,5.0,True,1.0,1.0,2.0,"NOTES: This block features an exceptionally high concentration of dining, grocery stores, gyms, and sports facilities, alongside an abundance of bars, cafes, entertainment, hotels, landmarks, museums, and shops, indicating a highly dense, vibrant urban commercial and cultural hub.

DESCRIPTION: This block stands out as a bustling urban center defined by an extensive array of dining, shopping, and entertainment options. It is further distinguished by a high density of cultural landmarks, museums, and recreational facilities that exceed typical city standards."
406.01,Entire home/apt,4.84,4.0,2.0,2.0,1.0,200.0,False,2.0,1.0,3.0,"NOTES: This area is a highly dense urban hub characterized by an exceptional concentration of nightlife, dining, retail, essential services, and cultural institutions including New Museum.

DESCRIPTION: This block is a vibrant urban center defined by its extensive array of dining, nightlife, shopping, and essential services alongside cultural landmarks like New Museum."
285.77,Entire home/apt,5.0,2.0,1.0,1.0,1.0,2.0,False,1.0,1.0,2.0,"NOTES: This block features an exceptionally high concentration of cafes, dining, grocery stores, museums, galleries, pharmacies, and transit options, alongside elevated levels of nightlife, entertainment, hotels, shops, gyms, and green space, indicating a highly dense, urban, and amenity-rich area.

DESCRIPTION: This block stands out for its dense concentration of dining, cafes, grocery stores, museums, galleries, and transit access. It also offers a vibrant atmosphere with abundant nightlife, entertainment, hotels, shops, and recreational facilities."
455.0,Private room,5.0,2.0,3.0,1.0,1.0,3.0,False,1.0,1.0,2.0,"NOTES: This block features an exceptionally high density of cafes, dining, grocery stores, museums, galleries, and pharmacies, alongside elevated levels of nightlife, entertainment, hotels, shops, and transit, suggesting a highly active urban cultural hub.

DESCRIPTION: This area is a vibrant cultural hub distinguished by its abundant cafes, dining, grocery stores, museums, galleries, and pharmacies, with the New Museum located nearby."
454.78,Entire home/apt,4.33,6.0,3.0,3.0,1.0,3.0,False,3.0,1.0,4.0,"NOTES: Abundant entertainment, fitness, retail, transit, nightlife, dining, and cultural attractions characterize this highly active urban hub.
DESCRIPTION: This block functions as a highly active urban hub defined by an exceptional concentration of entertainment, shopping, transit, and cultural amenities."
454.78,Entire home/apt,5.0,6.0,3.0,3.0,1.0,1.0,False,3.0,1.0,4.0,"NOTES: High density of entertainment, sports, retail, transit, nightlife, dining, and cultural attractions; this is a bustling urban commercial and tourist hub.
DESCRIPTION: This block stands out as a bustling urban hub characterized by an exceptionally high density of entertainment venues, sports facilities, shops, and transit options. It also features a vibrant atmosphere with an abundance of dining, nightlife, museums, and landmarks."
426.83,Entire home/apt,4.52,6.0,1.0,1.0,1.0,73.0,False,1.0,1.0,2.0,"NOTES: This block features an exceptionally high concentration of cafes, museums, galleries, pharmacies, and shops, indicating a dense, highly active cultural and commercial hub.
DESCRIPTION: This area is a bustling cultural and commercial hub defined by its abundance of cafes, galleries, shops, and pharmacies, with the New Museum located nearby."
149.07,Entire home/apt,4.67,2.0,1.0,1.0,1.0,15.0,False,1.0,1.0,2.0,"NOTES: High density of nightlife, cafes, museums, galleries, and pharmacies; area type: vibrant cultural and commercial hub.

DESCRIPTION: This block is a vibrant cultural and commercial hub featuring a high concentration of nightlife, cafes, museums, galleries, and pharmacies, with New Museum located nearby."
342.4,Entire home/apt,4.73,2.0,1.0,1.0,1.0,74.0,False,1.0,1.0,2.0,"NOTES: This block features an exceptionally high density of bars, nightlife, cafes, grocery stores, museums, galleries, and pharmacies, alongside above-average dining, entertainment, gyms, hotels, shops, and transit, suggesting a highly active, amenity-rich urban hub.

DESCRIPTION: This block stands out for its dense concentration of nightlife, cafes, grocery stores, pharmacies, and galleries, including the New Museum. It also offers an abundance of dining, entertainment, gyms, hotels, shops, and transit options."
319.6,Entire home/apt,4.66,2.0,1.0,1.0,1.0,56.0,False,1.0,1.0,2.0,"NOTES: Abundant nightlife, dining, cafes, grocery stores, pharmacies, and galleries; high density of entertainment, gyms, hotels, shops, and transit; urban commercial hub.
DESCRIPTION: This block functions as a vibrant commercial hub featuring an exceptional concentration of nightlife, dining, cafes, grocery stores, pharmacies, and galleries near the New Museum."
325.0,Private room,4.46,2.0,1.0,1.0,1.0,61.0,False,1.0,1.0,2.0,"NOTES: High density of cafes, dining, grocery stores, museums, galleries, and pharmacies; lively urban commercial hub.
DESCRIPTION: This block functions as a lively urban hub featuring an abundance of cafes, dining, grocery stores, museums, galleries, and pharmacies, including the New Museum."
405.0,Private room,5.0,2.0,3.0,1.0,1.0,3.0,False,1.0,1.0,2.0,"NOTES: Abundance of cafes, dining, grocery stores, museums, galleries, and pharmacies; high density of nightlife, entertainment, hotels, shops, and transit; lively urban commercial district.
DESCRIPTION: This block is a lively urban commercial district defined by an exceptional concentration of dining, retail, entertainment, and cultural institutions like the New Museum."
255.0,Private room,4.72,2.0,1.0,1.0,1.0,116.0,False,1.0,1.0,2.0,"NOTES: High density of cafes, dining, grocery stores, museums, galleries, and pharmacies; thriving nightlife, entertainment, hotels, and transit access; urban commercial hub.
DESCRIPTION: This block functions as a vibrant urban hub featuring an exceptional concentration of dining, retail, museums, and nightlife near the New Museum."
405.0,Private room,5.0,2.0,2.0,1.0,1.0,1.0,False,1.0,1.0,2.0,"NOTES: High density of cafes, dining, grocery stores, museums, galleries, and pharmacies; elevated presence of nightlife, entertainment, hotels, shops, and transit; urban cultural and commercial hub.

DESCRIPTION: This block functions as a vibrant cultural and commercial hub, distinguished by an exceptional concentration of dining, shopping, and arts institutions such as the New Museum. Its high density of essential services and transit access sets it apart as a lively, well-connected urban center."
225.0,Private room,4.64,2.0,1.0,1.0,1.0,45.0,False,1.0,1.0,2.0,"NOTES: Abundant dining, cafes, grocery stores, museums, galleries, and pharmacies; lively commercial and cultural hub.
DESCRIPTION: This block is a vibrant cultural and commercial hub featuring an exceptional concentration of dining, cafes, grocery stores, museums, galleries, and pharmacies, including the nearby New Museum."
252.0,Private room,4.9,2.0,1.0,1.0,1.0,224.0,True,1.0,1.0,2.0,"NOTES: This block features an exceptionally high density of nightlife, cafes, museums, and pharmacies, indicating a vibrant, high-traffic urban cultural hub.

DESCRIPTION: This lively block stands out for its abundance of nightlife, cafes, museums like the New Museum, and pharmacies. It also offers extensive access to dining, entertainment, shopping, and transit options."
470.42,Entire home/apt,4.92,4.0,2.0,2.0,2.0,24.0,False,2.0,2.0,4.0,"NOTES: High density of bars, nightlife, cafes, grocery stores, museums, galleries, and pharmacies; lively urban hub.
DESCRIPTION: This block is a lively urban hub featuring an exceptional concentration of bars, nightlife, cafes, grocery stores, museums, and galleries, including the New Museum."
199.11,Entire home/apt,1.0,2.0,4.0,1.0,1.0,1.0,False,1.0,1.0,2.0,"NOTES: This is a high-density, tourist-oriented commercial hub characterized by an exceptional concentration of grocery stores, gyms, and sports facilities, alongside a vibrant density of dining, nightlife, entertainment, and cultural attractions.

DESCRIPTION: This block functions as a bustling commercial and cultural center featuring an abundance of grocery stores, fitness facilities, and diverse entertainment options. The area is defined by its high density of dining, nightlife, and museums, making it a lively destination for residents and visitors alike."
161.8,Entire home/apt,4.5,4.0,2.0,1.0,1.0,16.0,False,1.0,1.0,2.0,"NOTES: High density of bars, nightlife, cafes, museums, galleries, and pharmacies; bustling urban commercial hub.
DESCRIPTION: This block functions as a bustling urban hub defined by an exceptional concentration of nightlife, cafes, galleries, and pharmacies, with the New Museum nearby."
230.8,Entire home/apt,5.0,2.0,1.0,1.0,1.0,5.0,True,1.0,1.0,2.0,"NOTES: Abundant cafes, museums, galleries, and pharmacies; high density of nightlife, dining, entertainment, retail, and transit; urban cultural and commercial hub.

DESCRIPTION: This block functions as a vibrant cultural and commercial hub, distinguished by its high concentration of cafes, museums, galleries, and pharmacies near the New Museum. It offers an exceptional density of dining, nightlife, entertainment, and transit options that exceed typical city standards."
227.27,Entire home/apt,5.0,2.0,1.0,1.0,1.0,7.0,True,1.0,1.0,2.0,"NOTES: Exceptional density of cafes, museums, galleries, and pharmacies; highly active nightlife, dining, entertainment, and retail; urban cultural hub.
DESCRIPTION: This block functions as a vibrant cultural and commercial hub, distinguished by its high concentration of cafes, galleries, and museums like the New Museum. The area also stands out for its extensive access to nightlife, dining, and essential services."
256.8,Entire home/apt,4.78,2.0,1.0,1.0,1.0,68.0,False,1.0,1.0,2.0,"NOTES: Abundance of cafes, dining, grocery stores, museums, galleries, and pharmacies; high density of nightlife, entertainment, hotels, shops, and transit; active urban hub.
DESCRIPTION: This block functions as a vibrant urban hub defined by a high concentration of dining, retail, cultural institutions, and essential services. It stands out for its exceptional density of cafes, grocery stores, and nightlife options supported by superior transit access."
199.13,Entire home/apt,4.78,2.0,1.0,1.0,1.0,9.0,False,1.0,1.0,2.0,"NOTES: This block features an exceptionally high density of dining, grocery stores, museums, galleries, pharmacies, and transit options, alongside elevated levels of nightlife, cafes, entertainment, hotels, and retail, characterizing it as a highly active urban commercial and cultural hub.

DESCRIPTION: This block stands out for its extensive concentration of dining, grocery stores, museums, galleries, pharmacies, and transit access. It also offers a vibrant array of nightlife, cafes, entertainment venues, hotels, and shops."
155.03,Entire home/apt,5.0,3.0,2.0,1.0,1.0,1.0,False,1.0,1.0,2.0,"NOTES: High density of nightlife, grocery stores, museums, galleries, and pharmacies; vibrant urban commercial hub.
DESCRIPTION: This block is a vibrant urban hub featuring an exceptional concentration of nightlife, grocery stores, museums, and galleries, including the New Museum."
272.13,Entire home/apt,4.72,5.0,3.0,2.0,1.0,65.0,False,2.0,1.0,3.0,"NOTES: This block features an exceptionally high density of museums, galleries, shops, dining, nightlife, entertainment, and green space, characterizing it as a highly active urban cultural and commercial hub.

DESCRIPTION: This block stands out as a vibrant cultural and commercial hub due to its exceptional concentration of museums, galleries, shops, dining, nightlife, entertainment, and parks."
400.67,Private room,4.75,6.0,3.0,3.0,1.0,8.0,False,3.0,1.0,4.0,"NOTES: This block features an exceptionally high density of cafes, dining, grocery stores, museums, galleries, and pharmacies, alongside elevated levels of nightlife, entertainment, fitness, lodging, retail, landmarks, and transit, suggesting a highly active, amenity-rich urban hub.
DESCRIPTION: This block stands out as a vibrant urban hub with an abundance of cafes, dining, grocery stores, museums, galleries, and pharmacies. It also offers extensive access to nightlife, entertainment, gyms, shops, hotels, landmarks, and transit."
148.0,Private room,4.69,5.0,1.0,1.0,1.0,45.0,False,1.0,1.0,2.0,"NOTES: High density of cafes, gyms, sports, museums, galleries, and pharmacies; elevated levels of nightlife, dining, entertainment, groceries, hotels, landmarks, shops, and transit; urban commercial hub.
DESCRIPTION: This block functions as a vibrant commercial hub featuring an exceptional concentration of cafes, fitness facilities, museums, galleries, and pharmacies. It also offers an elevated presence of dining, entertainment, shopping, and transit options compared to a typical New York block."
109.51,Private room,4.67,3.0,2.0,1.0,1.0,3.0,False,1.0,1.0,2.0,"NOTES: This block features an exceptionally high density of nightlife, dining, entertainment, cultural institutions, and green spaces, identifying it as a vibrant, highly developed urban core.

DESCRIPTION: This block stands out for its exceptional concentration of dining, nightlife, entertainment, and cultural amenities alongside abundant parks and shopping. It serves as a highly active urban center with superior access to transit and daily necessities."
708.0,Entire home/apt,4.99,2.0,1.0,1.0,1.0,119.0,False,1.0,1.0,2.0,"NOTES: This block is an exceptionally dense urban hub featuring an abundance of gyms, pharmacies, cafes, dining, entertainment, groceries, hotels, landmarks, museums, galleries, shops, and transit, with American Museum of Natural History nearby.

DESCRIPTION: This exceptionally dense urban hub features an abundance of gyms, pharmacies, cafes, dining, entertainment, groceries, hotels, shops, and transit, with the American Museum of Natural History located nearby."
257.63,Entire home/apt,4.44,6.0,3.0,3.0,1.0,9.0,False,3.0,1.0,4.0,"NOTES: High density of bars, nightlife, cafes, museums, galleries, dining, entertainment, gyms, hotels, shops, and transit; urban cultural hub.
DESCRIPTION: This block functions as a vibrant cultural hub featuring an abundance of nightlife, cafes, galleries, and entertainment venues, including the nearby New Museum."
663.65,Private room,5.0,4.0,2.0,1.0,1.0,20.0,True,1.0,1.0,2.0,"NOTES: High concentration of grocery stores, gyms, sports, and hotels; elevated levels of nightlife, dining, entertainment, culture, parks, and retail; area type is a high-traffic urban commercial and tourist hub.

DESCRIPTION: This block functions as a bustling commercial and tourist hub characterized by an exceptional density of grocery stores, fitness facilities, and hotels. The area is further defined by its vibrant selection of dining, nightlife, entertainment, and cultural attractions."
113.76,Private room,4.5,4.0,2.0,1.0,1.0,2.0,False,1.0,1.0,2.0,"NOTES: This block features an exceptionally high concentration of nightlife, dining, entertainment, cultural institutions, and recreational amenities, indicating a highly dense, vibrant urban core.
DESCRIPTION: This block stands out as a bustling urban hub defined by its extensive array of dining, entertainment, cultural venues, and green spaces."
571.0,Entire home/apt,4.28,6.0,3.0,3.0,1.0,58.0,False,3.0,1.0,4.0,"NOTES: This block features an exceptionally high density of bars, nightlife, grocery stores, museums, galleries, pharmacies, and transit options, alongside an above-average presence of cafes, dining, entertainment, gyms, hotels, parks, and shops, characterizing it as a highly active, amenity-rich urban hub.

DESCRIPTION: This block stands out as a bustling urban hub with an abundance of nightlife, grocery stores, museums, galleries, pharmacies, and transit options. It also offers a wide array of cafes, dining, entertainment, gyms, hotels, parks, and shops."
599.0,Entire home/apt,4.5,13.0,5.0,2.0,1.0,8.0,False,2.0,1.0,3.0,"NOTES: This block features an exceptional concentration of nightlife, dining, entertainment, and hotels, characterizing it as a high-energy urban hub near Washington Square Park and Times Square.
DESCRIPTION: This area stands out for its high density of nightlife, dining, entertainment, and hotels, serving as a vibrant destination near Washington Square Park and Times Square."
322.67,Entire home/apt,3.5,4.0,2.0,2.0,1.0,2.0,False,2.0,1.0,3.0,"NOTES: High density of bars, nightlife, dining, grocery stores, and museums; urban cultural and entertainment hub.
DESCRIPTION: This block serves as a vibrant cultural and entertainment hub, featuring an exceptional concentration of dining, nightlife, grocery stores, and museums near Washington Square Park."
193.97,Entire home/apt,4.25,4.0,2.0,2.0,1.0,4.0,False,2.0,1.0,3.0,"NOTES: This block features an exceptionally high concentration of nightlife, dining, entertainment, retail, transit, and green space, indicating a highly dense, vibrant urban core.
DESCRIPTION: This lively area stands out for its extensive range of dining, entertainment, and transit options near landmarks such as Summit One Vanderbilt, One Vanderbilt, Battery Park, Grand Central Terminal, and Central Park."
214.9,Entire home/apt,4.81,2.0,1.0,2.0,1.0,16.0,False,2.0,1.0,3.0,"NOTES: High density of dining, nightlife, cafes, entertainment, gyms, museums, and green space; this is a vibrant, highly active urban hub.
DESCRIPTION: This block is a vibrant urban hub featuring an exceptional concentration of dining, nightlife, entertainment, and cultural venues near Washington Square Park."
60.1,Private room,5.0,1.0,2.0,2.0,1.0,1.0,False,2.0,1.0,3.0,"NOTES: This block features an exceptional concentration of nightlife, grocery stores, and museums, including the New Museum, indicating a high-energy cultural and commercial hub.

DESCRIPTION: This block stands out as a vibrant cultural and commercial hub, anchored by the New Museum and an abundance of nightlife, grocery stores, and museums."
289.35,Private room,3.68,2.0,1.0,1.0,1.0,31.0,False,1.0,1.0,2.0,"NOTES: This block features an exceptional concentration of nightlife, dining, entertainment, and hotels, characterizing it as a high-energy urban hub near Washington Square Park and Times Square.

DESCRIPTION: This vibrant area stands out for its high density of nightlife, dining, entertainment, and hotels, situated in close proximity to Washington Square Park and Times Square."
783.37,Entire home/apt,4.94,8.0,3.0,3.0,1.0,64.0,True,3.0,1.0,4.0,"NOTES: High density of cafes, grocery stores, museums, galleries, and pharmacies; extensive nightlife, dining, entertainment, fitness, lodging, and retail options; area type is a highly active, amenity-rich urban hub.

DESCRIPTION: This block functions as a highly active urban hub defined by an exceptional concentration of cafes, grocery stores, museums, galleries, and pharmacies. It further distinguishes itself through an extensive array of nightlife, dining, entertainment, fitness, lodging, and retail options."
161.92,Entire home/apt,4.7,3.0,2.0,1.0,1.0,218.0,True,1.0,1.0,2.0,"NOTES: This block features an exceptionally high density of nightlife, dining, grocery stores, and museums, characterizing it as a bustling, amenity-rich urban hub.
DESCRIPTION: This block is defined by an abundance of nightlife, dining, grocery stores, and museums, including the New Museum."
245.8,Entire home/apt,5.0,3.0,2.0,1.0,2.0,2.0,False,1.0,2.0,3.0,"NOTES: This block features an exceptionally high density of grocery stores, museums, galleries, pharmacies, and transit options, alongside a lively concentration of dining, nightlife, entertainment, and retail, characterizing it as a bustling urban hub.

DESCRIPTION: This block stands out as a bustling urban hub with an abundance of grocery stores, museums, galleries, pharmacies, and transit options. It also offers a lively atmosphere defined by its high concentration of dining, nightlife, entertainment, and retail venues."
336.65,Entire home/apt,4.98,3.0,1.0,1.0,1.5,47.0,False,1.0,1.5,2.5,"NOTES: This block features an exceptionally high density of nightlife, dining, entertainment, hotels, and transit, identifying it as a high-energy urban hub.
DESCRIPTION: This area is a high-energy urban hub defined by its exceptional concentration of nightlife, dining, entertainment, hotels, and transit options. It is located near Washington Square Park, Times Square, and the Empire State Building."
1825.0,Private room,5.0,4.0,2.0,1.0,1.0,15.0,True,1.0,1.0,2.0,"NOTES: This block is a highly dense cultural and tourist hub characterized by an exceptional concentration of museums, galleries, parks, and entertainment options.

DESCRIPTION: This area stands out as a vibrant cultural and tourist destination featuring an abundance of museums, galleries, and parks alongside Central Park, Museum of Modern Art, Rockefeller Center, and Top of the Rock."
695.0,Private room,4.97,4.0,2.0,1.0,1.0,110.0,True,1.0,1.0,2.0,"NOTES: High density of entertainment, transit, nightlife, dining, retail, and cultural amenities; urban commercial hub.
DESCRIPTION: This block functions as a vibrant urban hub defined by an exceptional concentration of entertainment, transit, dining, and retail options. It stands out for its extensive variety of cultural, fitness, and hospitality amenities that exceed the typical New York experience."
215.47,Entire home/apt,4.77,2.0,1.0,1.0,1.0,166.0,True,1.0,1.0,2.0,"NOTES: This block features an exceptionally high density of dining, nightlife, cafes, entertainment, grocery stores, museums, galleries, and green space, characterizing it as a bustling, amenity-rich urban hub.
DESCRIPTION: This block stands out as a vibrant urban center due to its extensive concentration of dining, nightlife, entertainment, and cultural attractions. It also offers superior access to grocery stores, parks, and diverse shopping options compared to a typical New York block."
119.5,Entire home/apt,5.0,2.0,2.0,1.0,1.0,2.0,False,1.0,1.0,2.0,"NOTES: This block features an exceptional concentration of nightlife, grocery stores, and museums, characterizing it as a bustling, high-density cultural and commercial hub near Washington Square Park.

DESCRIPTION: This exceptionally lively area near Washington Square Park stands out for its high density of nightlife, grocery stores, and museums. It also offers an abundance of dining, entertainment, shopping, and transit options."
287.0,Private room,4.84,2.0,1.0,1.0,1.0,104.0,True,1.0,1.0,2.0,"NOTES: This block features an exceptionally high density of nightlife, cultural institutions, dining, and transit access, suggesting a vibrant, high-traffic commercial and tourist-heavy urban district.

DESCRIPTION: This block stands out for its dense concentration of bars, museums, galleries, and entertainment venues near New Museum and Riverside Park. Its exceptional access to dining, shops, hotels, and transit creates a highly active environment."
372.12,Entire home/apt,4.6,2.0,1.0,1.0,1.0,48.0,True,1.0,1.0,2.0,"NOTES: This block features an exceptionally high density of nightlife, grocery stores, and museums, characterizing it as a bustling, high-activity urban hub near Washington Square Park.

DESCRIPTION: This exceptionally lively block near Washington Square Park stands out for its high concentration of nightlife, grocery stores, and museums. It also offers an abundance of dining, entertainment, fitness, and transit options."
388.43,Entire home/apt,5.0,2.0,2.0,2.0,1.0,1.0,False,2.0,1.0,3.0,"NOTES: This block features an exceptionally high density of bars, nightlife, dining, and grocery stores, alongside well-above-average amenities including cafes, entertainment, gyms, museums, galleries, parks, and shops, indicating a highly active, urban lifestyle hub.
DESCRIPTION: This area stands out for its exceptional concentration of nightlife, dining, and grocery options, complemented by a wide array of cultural, recreational, and retail amenities near Tompkins Square Park and Riverside Park."
969.0,Hotel room,5.0,2.0,1.0,1.0,1.0,1.0,False,1.0,1.0,2.0,"NOTES: This block features an exceptionally high density of cultural attractions, transit access, and lifestyle amenities, indicating a prime tourist and commercial destination.
DESCRIPTION: This area stands out for its high concentration of hotels, landmarks like Museum of Modern Art, Top of the Rock, and Rockefeller Center, and proximity to Central Park. The block is defined by an abundance of museums, galleries, dining, entertainment, and transit options."
210.18,Private room,4.37,4.0,2.0,1.0,1.0,19.0,True,1.0,1.0,2.0,"NOTES: This block features an exceptionally high density of grocery stores, museums, galleries, pharmacies, and transit options, alongside a lively array of dining, nightlife, cafes, gyms, hotels, and shops, characterizing it as a highly urbanized, amenity-rich metropolitan hub.

DESCRIPTION: This block stands out for its abundant grocery stores, museums, galleries, pharmacies, and transit access, complemented by a lively selection of dining, nightlife, cafes, gyms, hotels, and shops."
173.48,Private room,4.49,4.0,2.0,1.0,1.0,108.0,False,1.0,1.0,2.0,"NOTES: Abundant grocery stores, museums, galleries, pharmacies, and transit options characterize this high-density urban commercial hub.
DESCRIPTION: This block functions as a bustling urban hub defined by an exceptional concentration of grocery stores, museums, galleries, pharmacies, and transit access. The area further distinguishes itself through a vibrant selection of dining, nightlife, entertainment, and shopping options."
206.0,Private room,4.54,2.0,1.0,1.0,1.0,337.0,False,1.0,1.0,2.0,"NOTES: This block features an exceptionally high density of gyms, sports facilities, museums, galleries, and pharmacies, identifying it as a highly active, amenity-rich urban hub.
DESCRIPTION: This block stands out for its extensive concentration of gyms, sports facilities, museums, galleries, and pharmacies. It also offers a vibrant atmosphere with well above average access to dining, nightlife, entertainment, hotels, landmarks, shops, and transit options."
265.02,Entire home/apt,4.61,2.0,1.0,1.0,1.0,18.0,False,1.0,1.0,2.0,"NOTES: High density of transit, dining, entertainment, fitness, lodging, cultural landmarks, museums, green space, pharmacies, and shops; urban tourist and cultural hub.
DESCRIPTION: This block serves as a vibrant urban hub featuring exceptional access to transit, dining, entertainment, and cultural landmarks including Central Park and the American Museum of Natural History. The area is defined by its high concentration of museums, shops, and green spaces that exceed typical city standards."
173.0,Private room,4.37,2.0,1.0,1.0,1.0,283.0,False,1.0,1.0,2.0,"NOTES: High density of bars, nightlife, museums, and galleries; vibrant urban cultural and commercial hub.
DESCRIPTION: This block serves as a vibrant cultural and commercial hub, distinguished by its exceptional concentration of nightlife, museums, and galleries near New Museum and Riverside Park."
541.31,Entire home/apt,5.0,2.0,1.0,1.0,1.0,13.0,True,1.0,1.0,2.0,"NOTES: High density of nightlife, dining, entertainment, retail, culture, and transit; urban cultural hub.
DESCRIPTION: This block functions as a vibrant urban hub defined by its exceptional concentration of nightlife, dining, entertainment, and cultural landmarks like Washington Square Park."
230.5,Entire home/apt,5.0,2.0,2.0,2.0,1.0,12.0,True,2.0,1.0,3.0,"NOTES: High density of entertainment, fitness, nightlife, cafes, groceries, hotels, museums, shops, and transit; this is a highly active, commercialized urban hub.
DESCRIPTION: This block functions as a highly active urban hub featuring an exceptional concentration of entertainment venues, gyms, nightlife, cafes, grocery stores, hotels, museums, shops, and transit access."
206.95,Entire home/apt,4.53,3.0,2.0,1.0,1.0,74.0,False,1.0,1.0,2.0,"NOTES: This block features an abundance of nightlife, dining, cafes, entertainment, retail, fitness, cultural, and transit options, characterizing it as a highly dense, vibrant urban center.

DESCRIPTION: This exceptionally lively area is defined by its extensive concentration of nightlife, dining, and cultural venues near Washington Square Park."
177.71,Entire home/apt,5.0,2.0,1.0,1.0,1.0,5.0,False,1.0,1.0,2.0,"NOTES: This block features an exceptional density of hotels, landmarks, entertainment, and cultural amenities, indicating a high-traffic tourist and commercial hub.
DESCRIPTION: This area stands out for its high concentration of hotels, landmarks, and entertainment venues, including Museum of Modern Art, Top of the Rock, Rockefeller Center, and Central Park. It is a lively destination with an abundance of dining, nightlife, galleries, and transit options."
224.03,Entire home/apt,4.75,2.0,1.0,1.0,1.0,4.0,False,1.0,1.0,2.0,"NOTES: This block is an exceptionally dense cultural and commercial hub featuring a high concentration of museums, galleries, shops, dining, nightlife, entertainment, and transit, characterizing it as a bustling urban center.

DESCRIPTION: This block stands out as a vibrant urban center defined by its high concentration of museums, galleries, shops, dining, nightlife, and entertainment venues. It offers exceptional access to transit, parks, and hotels compared to a typical New York block."
1224.78,Entire home/apt,4.89,10.0,4.0,4.0,3.0,9.0,True,4.0,3.0,7.0,"NOTES: This block features an exceptionally high density of nightlife, dining, cafes, entertainment, sports, landmarks, museums, parks, and shops, indicating a vibrant, high-traffic urban cultural hub.
DESCRIPTION: This lively area stands out for its high concentration of dining, nightlife, entertainment, and cultural landmarks, including the nearby Washington Square Park."
5706.0,Private room,5.0,6.0,2.0,2.0,3.0,1.0,False,2.0,3.0,5.0,"NOTES: This block features an exceptional concentration of hotels, museums, galleries, dining, entertainment, and green space, characterizing it as a high-density cultural and tourist hub.

DESCRIPTION: This block stands out as a vibrant cultural and tourist hub, featuring an abundance of hotels, museums, and galleries near Central Park and the Museum of Modern Art."
896.0,Private room,5.0,2.0,1.0,1.0,1.0,29.0,False,1.0,1.0,2.0,"NOTES: Abundant landmarks, museums, green space, dining, entertainment, and transit define this as a highly dense, tourist-oriented cultural hub.
DESCRIPTION: This block stands out for its exceptional concentration of landmarks, museums, and green space, including nearby Museum of Modern Art and Central Park. It is a vibrant area characterized by an abundance of dining, entertainment, and transit options."
836.15,Entire home/apt,5.0,4.0,2.0,2.0,2.0,3.0,True,2.0,2.0,4.0,"NOTES: Extensive nightlife, dining, cafes, entertainment, sports, landmarks, museums, parks, and shops define this as a high-activity cultural and commercial hub.
DESCRIPTION: This block stands out as a vibrant center for culture and commerce, featuring an abundance of dining, nightlife, entertainment, and landmarks near Washington Square Park."
204.88,Entire home/apt,4.38,2.0,1.0,1.0,1.0,326.0,False,1.0,1.0,2.0,"NOTES: High concentration of gyms, museums, galleries, and shops; lively cultural and commercial district.
DESCRIPTION: This block stands out as a lively cultural and commercial district with an exceptional density of gyms, museums, galleries, and shops. It also features a vibrant atmosphere defined by its abundance of nightlife, cafes, entertainment venues, landmarks, and green spaces."
248.32,Entire home/apt,5.0,2.0,1.0,1.0,1.0,2.0,False,1.0,1.0,2.0,"NOTES: This block features an exceptionally high concentration of nightlife, dining, entertainment, cultural attractions, and retail, characterizing it as a vibrant, high-density urban core.
DESCRIPTION: This area stands out as a bustling destination defined by its extensive array of nightlife, dining, entertainment venues, museums, galleries, and shops."
846.37,Entire home/apt,4.66,6.0,3.0,3.0,1.0,68.0,True,3.0,1.0,4.0,"NOTES: Abundant nightlife, grocery stores, museums, galleries, cafes, dining, entertainment, hotels, and shops; high-density urban entertainment district.
DESCRIPTION: This block stands out as a high-density entertainment district near Washington Square Park, featuring an abundance of nightlife, grocery stores, museums, galleries, cafes, dining, and shops."
802.25,Entire home/apt,4.45,7.0,3.0,3.0,2.0,44.0,True,3.0,2.0,5.0,"NOTES: This block is an exceptionally dense urban hub featuring far more bars, nightlife, dining, grocery stores, and museums than a typical block, alongside extensive transit, retail, and recreational amenities near Washington Square Park.
DESCRIPTION: This vibrant area stands out for its high concentration of nightlife, dining, grocery stores, and museums. It offers extensive access to transit, shops, and green space near Washington Square Park."
1825.0,Private room,5.0,4.0,2.0,1.0,1.0,41.0,True,1.0,1.0,2.0,"NOTES: Abundance of landmarks, museums, parks, dining, and transit; this is a high-density cultural and tourist hub.
DESCRIPTION: This block stands out as a vibrant cultural and tourist hub featuring an exceptional concentration of landmarks, museums, parks, dining, and transit options. Nearby attractions include Central Park and Museum of Modern Art."
327.12,Entire home/apt,4.6,2.0,1.0,1.0,1.0,20.0,False,1.0,1.0,2.0,"NOTES: This block features an exceptionally high density of nightlife, dining, and entertainment venues, suggesting a vibrant, high-traffic urban core.

DESCRIPTION: This area stands out for its extensive selection of nightlife, dining, and entertainment venues, situated near Washington Square Park and Times Square."
236.27,Entire home/apt,3.0,3.0,2.0,2.0,1.5,2.0,False,2.0,1.5,3.5,"NOTES: This is a highly dense, vibrant urban district characterized by an exceptional concentration of nightlife, dining, entertainment, retail, and wellness amenities.

DESCRIPTION: This area stands out for its high density of bars, dining, entertainment venues, shops, and museums, all located near Tompkins Square Park."
344.0,Entire home/apt,4.57,3.0,2.0,2.0,1.0,74.0,False,2.0,1.0,3.0,"NOTES: Abundant grocery stores, museums, galleries, pharmacies, and transit options characterize this highly dense, amenity-rich urban center.
DESCRIPTION: This block stands out as a highly accessible urban hub featuring a dense concentration of grocery stores, museums, galleries, pharmacies, and transit options. It also offers an extensive array of dining, nightlife, entertainment, and green spaces."
238.2,Entire home/apt,4.8,4.0,1.0,1.0,1.0,36.0,False,1.0,1.0,2.0,"NOTES: This block features an exceptionally high concentration of nightlife, museums, galleries, dining, entertainment, and transit, characterizing it as a vibrant, high-density cultural and commercial hub.
DESCRIPTION: This lively area stands out for its extensive nightlife, museums, and galleries, while also offering abundant dining, entertainment, and transit options near Riverside Park and the New Museum."
202.11,Entire home/apt,4.5,2.0,1.0,1.0,1.0,4.0,False,1.0,1.0,2.0,"NOTES: This block features an exceptionally high density of nightlife, dining, and grocery options alongside elevated access to entertainment, fitness, culture, and retail, characterizing it as a highly active urban hub near Tompkins Square Park.

DESCRIPTION: This block stands out for its abundant nightlife, dining, and grocery options, complemented by a wide variety of entertainment, fitness, and cultural venues near Tompkins Square Park."
203.73,Entire home/apt,4.45,3.0,3.0,3.0,1.0,11.0,True,3.0,1.0,4.0,"NOTES: High concentration of grocery stores, museums, galleries, pharmacies, and transit options; elevated levels of nightlife, dining, cafes, entertainment, hotels, parks, and retail; urban commercial and cultural hub.
DESCRIPTION: This block serves as a dense cultural and commercial hub near Washington Square Park, distinguished by an exceptional abundance of grocery stores, museums, galleries, pharmacies, and transit access. The area is further defined by a vibrant atmosphere featuring a wide array of dining, nightlife, entertainment, and retail options."
1597.0,Private room,4.0,4.0,2.0,1.0,2.0,1.0,False,1.0,2.0,3.0,"NOTES: High density of hotels, museums, galleries, and green space; area type is a major cultural and tourist hub.
DESCRIPTION: This block serves as a cultural and tourist hub, distinguished by its exceptional concentration of hotels, museums, galleries, and parks including Central Park and the Museum of Modern Art."
297.42,Entire home/apt,4.0,4.0,2.0,2.0,2.0,4.0,False,2.0,2.0,4.0,"NOTES: High density of bars, nightlife, dining, grocery stores, and museums; urban commercial hub.
DESCRIPTION: This block functions as a bustling urban hub characterized by an exceptional concentration of nightlife, dining, grocery stores, and museums."
451.71,Entire home/apt,4.55,4.0,2.0,2.0,1.0,55.0,False,2.0,1.0,3.0,"NOTES: High density of dining, pharmacies, bars, cafes, grocery stores, gyms, hotels, landmarks, museums, and shops; urban tourist and cultural hub.
DESCRIPTION: This block stands out as a vibrant cultural and commercial hub, featuring an exceptional concentration of dining, nightlife, and retail options near the American Museum of Natural History and Central Park."
199.27,Entire home/apt,4.9,4.0,2.0,2.0,1.0,10.0,False,2.0,1.0,3.0,"NOTES: High density of entertainment, transit, nightlife, dining, retail, and cultural amenities; urban commercial hub.
DESCRIPTION: This block serves as a bustling urban hub with an exceptional concentration of entertainment, transit, nightlife, dining, and cultural attractions. The area is defined by its extensive amenities and proximity to Washington Square Park and Times Square."
176.99,Private room,4.92,2.0,1.0,1.0,1.0,61.0,False,1.0,1.0,2.0,"NOTES: This area is a highly dense, vibrant urban hub characterized by an exceptional concentration of nightlife, dining, culture, and essential services.
DESCRIPTION: This block stands out as a lively urban destination featuring an abundance of bars, dining, and entertainment venues alongside a wide array of shops, museums, galleries, and green spaces."
276.93,Entire home/apt,4.0,3.0,3.0,2.0,1.0,2.0,False,2.0,1.0,3.0,"NOTES: High density of gyms, museums, galleries, and pharmacies; active nightlife and dining scene; transit-rich; urban commercial hub.
DESCRIPTION: This block functions as a vibrant commercial and cultural hub, distinguished by an exceptional concentration of gyms, museums, galleries, and pharmacies. The area is further defined by its lively nightlife, extensive dining options, and superior access to transit."
870.72,Entire home/apt,4.81,4.0,2.0,2.0,2.0,54.0,True,2.0,2.0,4.0,"NOTES: This block features an exceptionally high density of amenities, transit, and cultural landmarks, indicating a bustling, high-traffic urban core.
DESCRIPTION: This vibrant area stands out for its extensive access to dining, shopping, transit, and green spaces, while being located near landmarks such as Summit One Vanderbilt, One Vanderbilt, Grand Central Terminal, Battery Park, Chrysler Building, and Central Park."
1341.0,Entire home/apt,4.99,4.0,2.0,2.0,2.0,80.0,True,2.0,2.0,4.0,"NOTES: High density of entertainment, hospitality, nightlife, dining, and transit; this is a bustling, tourist-centric urban hub.
DESCRIPTION: This block is a bustling hub defined by an exceptional concentration of entertainment venues, hotels, nightlife, and dining options. It serves as a central transit point near Times Square and Washington Square Park, offering extensive access to shops and landmarks."
114.0,Private room,5.0,1.0,1.0,1.0,1.0,2.0,True,1.0,1.0,2.0,"NOTES: High density of hotels, landmarks, museums, and transit access; this is a bustling, tourist-centric urban hub.
DESCRIPTION: This block is a vibrant urban hub defined by its exceptional concentration of hotels, landmarks, and diverse amenities. Nearby attractions include Carnegie Hall, Museum of Modern Art, and Central Park."
551.0,Hotel room,4.5,2.0,2.0,1.0,1.0,2.0,False,1.0,1.0,2.0,"NOTES: High density of entertainment, hotels, landmarks, nightlife, dining, and transit; this is a bustling tourist and commercial hub.
DESCRIPTION: This block stands out as a vibrant hub featuring far more entertainment venues, hotels, and landmarks than a typical New York block, including proximity to Times Square and Top of the Rock."
551.0,Private room,4.0,2.0,1.0,1.0,1.0,4.0,False,1.0,1.0,2.0,"NOTES: This block features an exceptional concentration of entertainment, hotels, landmarks, and amenities, indicating a high-energy tourist and commercial hub.

DESCRIPTION: This block stands out as a vibrant destination near Times Square and Top of the Rock due to its dense array of entertainment venues, hotels, landmarks, and diverse daily conveniences."
204.59,Private room,5.0,2.0,1.0,1.0,1.0,1.0,True,1.0,1.0,2.0,"NOTES: Abundance of grocery stores, museums, galleries, pharmacies, and transit; elevated levels of nightlife, dining, cafes, gyms, hotels, shops, parks, entertainment, and landmarks; urban commercial and cultural hub.
DESCRIPTION: This block functions as a dense urban hub featuring an exceptional concentration of grocery stores, museums, galleries, pharmacies, and transit options near Central Park. The area is also defined by its extensive selection of dining, nightlife, shops, and recreational facilities."
387.0,Private room,4.21,2.0,1.0,1.0,1.0,138.0,False,1.0,1.0,2.0,"NOTES: This block features an exceptional concentration of entertainment, hotels, landmarks, parks, and transit, identifying it as a high-density tourist and cultural hub.

DESCRIPTION: Located near Carnegie Hall and Central Park, this block stands out as a bustling destination defined by its abundant entertainment venues, hotels, landmarks, parks, and transit options."
193.13,Private room,5.0,1.0,1.0,2.0,1.0,8.0,False,2.0,1.0,3.0,"NOTES: High density of hotels, landmarks, museums, and galleries; vibrant concentration of dining, nightlife, entertainment, and transit; urban tourist and cultural hub.

DESCRIPTION: This block functions as a bustling cultural and tourist hub, distinguished by its exceptional concentration of hotels, landmarks, museums, and galleries, including the Museum of Modern Art, Central Park, and Carnegie Hall. The area is exceptionally lively, offering extensive access to dining, nightlife, entertainment, and transit options."
387.0,Private room,4.29,2.0,1.0,1.0,1.0,51.0,False,1.0,1.0,2.0,"NOTES: High density of entertainment, hotels, landmarks, parks, and transit suggests a major tourist and cultural hub.
DESCRIPTION: This block serves as a vibrant cultural and transit hub near Carnegie Hall and Central Park, featuring an exceptional concentration of entertainment venues, hotels, landmarks, and green spaces."
387.0,Private room,4.25,2.0,1.0,1.0,1.0,186.0,False,1.0,1.0,2.0,"NOTES: High concentration of entertainment, hotels, landmarks, parks, and transit; urban tourist and cultural hub.
DESCRIPTION: This block functions as a major cultural and tourist hub, distinguished by its exceptional density of entertainment venues, hotels, landmarks, and transit access near Carnegie Hall and Central Park."
618.7,Entire home/apt,5.0,5.0,3.0,2.0,2.0,1.0,False,2.0,2.0,4.0,"NOTES: High density of gyms, sports, museums, and galleries; active nightlife, dining, and entertainment; transit-rich; urban cultural and leisure hub.
DESCRIPTION: This block functions as a vibrant cultural and leisure hub, distinguished by an exceptional concentration of museums, galleries, and sports facilities alongside a lively array of dining, nightlife, and entertainment options."
408.92,Entire home/apt,5.0,3.0,2.0,1.0,1.0,3.0,False,1.0,1.0,2.0,"NOTES: High density of dining, entertainment, hotels, landmarks, and transit; area type is a major tourist and cultural hub.
DESCRIPTION: This block functions as a major tourist and cultural hub, featuring an exceptional concentration of dining, entertainment, hotels, landmarks, and transit options near Central Park and Carnegie Hall."
647.0,Private room,4.67,4.0,2.0,1.0,2.0,3.0,True,1.0,2.0,3.0,"NOTES: High density of entertainment, hotels, landmarks, and diverse amenities; this is a bustling, high-traffic urban core.
DESCRIPTION: This block is a bustling urban core defined by its exceptional concentration of entertainment venues, hotels, and landmarks like Carnegie Hall and Central Park. It offers an extensive array of dining, nightlife, shopping, and transit options that far exceed the typical New York block."
656.33,Entire home/apt,4.88,5.0,4.0,2.0,1.0,110.0,True,2.0,1.0,3.0,"NOTES: High density of cafes, grocery stores, landmarks, and green space; features Federal Hall and Wall Street; urban commercial and cultural hub.
DESCRIPTION: This block stands out as a vibrant hub featuring an abundance of cafes, grocery stores, landmarks, and parks near Federal Hall and Wall Street. It offers a dense concentration of dining, entertainment, and transit options that far exceed the typical New York block."
330.12,Private room,5.0,2.0,1.0,1.0,1.0,5.0,False,1.0,1.0,2.0,"NOTES: This block features an exceptional density of entertainment, hotels, and landmarks, indicating a high-traffic tourist and cultural district.

DESCRIPTION: This area is defined by a high concentration of entertainment venues, hotels, and landmarks such as Carnegie Hall and Central Park. The block also offers extensive access to dining, nightlife, transit, and daily amenities."
209.1,Entire home/apt,5.0,6.0,3.0,1.0,1.0,2.0,False,1.0,1.0,2.0,"NOTES: This block is a bustling urban hub characterized by an intense concentration of nightlife, dining, and entertainment, supported by extensive retail, transit, and service amenities near Washington Square Park.

DESCRIPTION: This lively area stands out for its high density of bars, restaurants, and entertainment venues alongside exceptional access to transit, shops, and landmarks like Washington Square Park."
179.47,Entire home/apt,4.83,4.0,1.0,2.0,1.0,12.0,False,2.0,1.0,3.0,"NOTES: This block features an exceptionally high density of nightlife, dining, and entertainment venues, indicating a vibrant, high-energy urban entertainment district.
DESCRIPTION: This area is a lively hub defined by its abundant nightlife, dining, and entertainment options located near Washington Square Park."
397.7,Entire home/apt,4.62,4.0,1.0,1.0,1.0,81.0,False,1.0,1.0,2.0,"NOTES: This block is a dense, high-activity urban hub featuring an abundance of fitness facilities, dining, nightlife, retail, cultural institutions, and green spaces.
DESCRIPTION: This block stands out as a vibrant urban hub featuring an exceptional concentration of gyms, dining, nightlife, retail, cultural landmarks, and green spaces."
173.45,Entire home/apt,5.0,2.0,1.0,1.0,1.0,5.0,True,1.0,1.0,2.0,"NOTES: High density of gyms, cafes, entertainment, grocery stores, hotels, landmarks, museums, and shops; urban commercial hub.
DESCRIPTION: This block functions as a bustling urban commercial hub characterized by an exceptional concentration of gyms, cafes, entertainment venues, grocery stores, hotels, landmarks, museums, and shops."
851.93,Entire home/apt,5.0,4.0,2.0,2.0,2.0,1.0,False,2.0,2.0,4.0,"NOTES: High density of nightlife, grocery stores, and museums; urban cultural and entertainment hub.
DESCRIPTION: This block functions as a vibrant cultural and entertainment hub featuring an exceptional concentration of nightlife, grocery stores, and museums near Washington Square Park."
181.67,Entire home/apt,4.67,4.0,2.0,1.0,1.0,9.0,False,1.0,1.0,2.0,"NOTES: This block features an exceptionally high density of bars, nightlife, dining, entertainment, cafes, grocery stores, gyms, hotels, parks, pharmacies, and transit, characterizing it as a high-energy urban hub.

DESCRIPTION: This area is a vibrant urban hub featuring an abundance of nightlife, dining, and entertainment options alongside excellent access to transit, parks, and daily amenities near Washington Square Park."
219.39,Entire home/apt,5.0,5.0,2.0,2.0,1.0,1.0,False,2.0,1.0,3.0,"NOTES: This block features an exceptional concentration of entertainment, landmarks, transit, and amenities, indicating a highly dense, vibrant urban core.

DESCRIPTION: This exceptionally lively area is defined by its abundance of entertainment venues, landmarks, and transit options, with Central Park, Carnegie Hall, and Columbus Circle nearby."
405.0,Entire home/apt,4.69,4.0,2.0,2.0,1.0,105.0,False,2.0,1.0,3.0,"NOTES: This block features an exceptionally high density of nightlife, dining, cafes, entertainment, retail, fitness, and transit options, characterizing it as a vibrant, high-activity urban hub near Washington Square Park.

DESCRIPTION: This exceptionally lively block offers a high concentration of dining, nightlife, shopping, and entertainment venues alongside superior transit access. The area is defined by its abundant amenities and proximity to Washington Square Park."
112.43,Private room,5.0,3.0,2.0,1.0,1.0,2.0,False,1.0,1.0,2.0,"NOTES: This block features an exceptionally high density of nightlife, dining, cafes, retail, fitness, hotels, and cultural attractions, indicating a vibrant, high-traffic urban core.
DESCRIPTION: This block stands out as a bustling urban destination defined by its abundant selection of dining, nightlife, shopping, and cultural landmarks."
207.97,Entire home/apt,5.0,2.0,1.0,1.0,1.0,2.0,False,1.0,1.0,2.0,"NOTES: This block features an exceptionally high density of nightlife, dining, cafes, entertainment, retail, fitness, cultural institutions, and transit access, indicating a bustling, high-amenity urban core.
DESCRIPTION: This block stands out as a vibrant urban center with an abundance of dining, nightlife, shopping, and entertainment options alongside excellent transit access and cultural amenities."
289.47,Entire home/apt,4.45,4.0,2.0,1.0,1.0,11.0,False,1.0,1.0,2.0,"NOTES: High density of nightlife, dining, entertainment, and amenities; urban commercial and cultural hub.
DESCRIPTION: This block functions as a vibrant urban hub featuring an abundance of nightlife, dining, and entertainment venues near Washington Square Park."
254.0,Private room,4.64,4.0,2.0,1.0,1.0,261.0,True,1.0,1.0,2.0,"NOTES: The block features an exceptional density of entertainment, hotels, landmarks, parks, and transit, characterizing it as a major tourist and cultural hub.
DESCRIPTION: This area is a vibrant cultural hub featuring Carnegie Hall, Central Park, and Columbus Circle, distinguished by its high concentration of entertainment venues, hotels, landmarks, parks, and transit options."
195.43,Entire home/apt,4.64,2.0,1.0,1.0,1.0,28.0,False,1.0,1.0,2.0,"NOTES: This block features an exceptionally high density of dining, nightlife, cafes, entertainment, grocery stores, gyms, shops, and transit, indicating a highly active, amenity-rich urban center.
DESCRIPTION: This block stands out as a highly active urban center due to its exceptional concentration of dining, nightlife, cafes, entertainment, grocery stores, gyms, shops, and transit options."
2158.52,Entire home/apt,5.0,7.0,6.0,4.0,2.0,1.0,False,4.0,2.0,6.0,"NOTES: This block features an exceptionally high concentration of bars, nightlife, dining, and grocery stores, alongside elevated levels of entertainment, fitness, culture, and green space, characterizing it as a bustling, amenity-rich urban hub near Riverside Park.

DESCRIPTION: This exceptionally lively block offers a vast array of nightlife, dining, and grocery options, complemented by abundant entertainment, fitness, and cultural venues near Riverside Park."
508.87,Entire home/apt,4.5,5.0,3.0,3.0,2.0,6.0,False,3.0,2.0,5.0,"NOTES: This block features an exceptionally high density of amenities, transit, and cultural attractions, indicating a highly urbanized, tourist-centric, and convenience-rich area.
DESCRIPTION: This block stands out for its exceptional access to transit, dining, shopping, and cultural landmarks, with Battery Park and Summit One Vanderbilt located nearby."
997.14,Entire home/apt,4.29,3.0,1.0,1.0,1.0,7.0,False,1.0,1.0,2.0,"NOTES: Abundant landmarks, museums, green space, dining, transit, and retail characterize this highly active cultural and commercial hub.
DESCRIPTION: This block stands out for its exceptional concentration of landmarks, museums, and green space, including proximity to Central Park and the Museum of Modern Art. It is a highly accessible area defined by a dense array of dining, shopping, and transit options."
509.5,Entire home/apt,4.89,4.0,2.0,1.0,1.0,46.0,True,1.0,1.0,2.0,"NOTES: High density of dining, entertainment, nightlife, cafes, groceries, gyms, hotels, parks, pharmacies, and transit; urban commercial hub.
DESCRIPTION: This block is a bustling urban hub featuring an exceptional concentration of dining, entertainment, nightlife, and essential services near Washington Square Park."
969.0,Private room,4.43,2.0,1.0,1.0,1.0,7.0,False,1.0,1.0,2.0,"NOTES: High density of hotels, landmarks, museums, galleries, and parks; lively concentration of dining, nightlife, entertainment, and transit; tourist-centric cultural hub.
DESCRIPTION: This block functions as a vibrant cultural hub, distinguished by its exceptional access to Museum of Modern Art, Central Park, and Carnegie Hall. It stands out from a typical New York block through its high density of landmarks, museums, and hotels, complemented by a lively array of dining, entertainment, and transit options."
172.93,Entire home/apt,4.85,1.0,1.0,1.0,1.0,180.0,False,1.0,1.0,2.0,"NOTES: High concentration of nightlife, grocery stores, museums, galleries, cafes, dining, entertainment, hotels, and shops; urban cultural and commercial hub.
DESCRIPTION: This block functions as a dense cultural and commercial hub near Washington Square Park, distinguished by an exceptional abundance of nightlife, grocery stores, museums, galleries, cafes, dining, entertainment, hotels, and shops."
554.2,Private room,4.64,2.0,2.0,1.0,1.0,306.0,False,1.0,1.0,2.0,"NOTES: The block features an abundance of gyms, sports facilities, dining, nightlife, shopping, and cultural institutions, but lacks nearby parks, characterizing it as a dense, high-activity urban commercial hub.

DESCRIPTION: This block stands out for its high concentration of dining, nightlife, entertainment, and shopping options alongside extensive access to gyms and cultural venues. It is a bustling urban environment defined by its commercial density and lack of nearby green space."
1370.0,Entire home/apt,5.0,5.0,3.0,1.0,2.0,9.0,False,1.0,2.0,3.0,"NOTES: This block features an exceptional density of hotels, landmarks, parks, and transit options, alongside a high concentration of dining, nightlife, shopping, and cultural venues, indicating a high-traffic tourist and commercial hub.
DESCRIPTION: Located near Carnegie Hall, Central Park, and Columbus Circle, this block stands out for its abundance of hotels, landmarks, parks, and transit access. The area is also defined by a vibrant selection of dining, nightlife, entertainment, and shopping options."
296.1,Entire home/apt,4.73,3.0,3.0,2.0,1.0,124.0,False,2.0,1.0,3.0,"NOTES: High density of grocery stores, pharmacies, cafes, dining, entertainment, hotels, museums, galleries, parks, shops, and transit; urban commercial hub.
DESCRIPTION: This block functions as a vibrant commercial hub featuring an exceptional concentration of grocery stores, pharmacies, cafes, dining, entertainment, hotels, museums, galleries, parks, shops, and transit options."
89.52,Private room,4.68,1.0,1.0,1.0,1.0,4502.0,False,1.0,1.0,2.0,"NOTES: This area is a highly dense commercial and cultural hub featuring an exceptional concentration of gyms, nightlife, cafes, entertainment, retail, transit, and museums, centered near Chelsea Market.
DESCRIPTION: This exceptionally lively area features an abundance of gyms, nightlife, cafes, entertainment, shopping, and transit options near Chelsea Market."
702.0,Entire home/apt,4.98,2.0,1.0,1.0,1.0,50.0,True,1.0,1.0,2.0,"NOTES: High concentration of nightlife, dining, entertainment, groceries, hotels, and transit; urban commercial hub.
DESCRIPTION: This block functions as a vibrant commercial hub near Washington Square Park, distinguished by an exceptional density of nightlife, dining, and entertainment venues alongside extensive access to groceries, hotels, and transit."
253.4,Entire home/apt,4.85,2.0,2.0,2.0,2.0,33.0,True,2.0,2.0,4.0,"NOTES: This block features an exceptionally high density of nightlife, fitness facilities, dining, entertainment, cultural institutions, and transit access, indicating a highly active, urban, and tourist-oriented commercial hub.

DESCRIPTION: This exceptionally lively area is defined by its abundant nightlife, entertainment venues, and cultural attractions. It serves as a bustling urban center with extensive transit options and diverse dining near Tompkins Square Park and Riverside Park."
264.95,Entire home/apt,5.0,2.0,1.0,1.0,1.0,7.0,False,1.0,1.0,2.0,"NOTES: Abundant grocery stores, museums, galleries, pharmacies, and transit options characterize this highly dense, amenity-rich urban hub near Washington Square Park.
DESCRIPTION: This block stands out for its exceptional concentration of grocery stores, museums, galleries, pharmacies, and transit access near Washington Square Park. The area also features a vibrant selection of dining, nightlife, entertainment, and shops."
221.27,Entire home/apt,4.89,4.0,1.0,2.0,1.0,9.0,False,2.0,1.0,3.0,"NOTES: This block features an exceptionally high concentration of amenities, transit, and cultural institutions, indicating a vibrant, high-density urban hub.
DESCRIPTION: This area is defined by a dense abundance of dining, shopping, transit, and cultural landmarks, including the nearby American Museum of Natural History."
163.0,Entire home/apt,5.0,2.0,1.0,1.0,1.0,16.0,True,1.0,1.0,2.0,"NOTES: This block features an exceptionally high density of amenities including dining, shopping, transit, and cultural landmarks, characterizing it as a highly active urban hub.

DESCRIPTION: This block stands out for its extensive selection of cafes, dining, shops, and transit options, while also serving as a cultural destination near the American Museum of Natural History."
283.85,Entire home/apt,5.0,5.0,2.0,2.0,1.0,2.0,True,2.0,1.0,3.0,"NOTES: This block features an exceptionally high density of bars, nightlife, dining, grocery stores, and museums, indicating a vibrant, high-activity urban cultural hub near Riverside Park.
DESCRIPTION: This block stands out for its exceptional concentration of nightlife, dining, grocery stores, and museums, while also offering extensive access to cafes, entertainment, hotels, and Riverside Park."
198.4,Entire home/apt,4.95,2.0,1.0,1.0,1.0,37.0,True,1.0,1.0,2.0,"NOTES: This block features an exceptionally high density of dining, nightlife, cafes, entertainment, fitness facilities, and green space, characterizing it as a bustling, high-activity urban destination near Washington Square Park.
DESCRIPTION: This area is a lively hub defined by its abundant dining, nightlife, entertainment, and fitness options. It offers extensive access to green space and shops near Washington Square Park."
249.04,Entire home/apt,4.94,3.0,2.0,1.0,1.5,34.0,True,1.0,1.5,2.5,"NOTES: This area is a high-density, amenity-rich urban hub characterized by an exceptional concentration of entertainment, dining, culture, and transit options.
DESCRIPTION: This lively block stands out for its extensive array of gyms, nightlife, cafes, dining, entertainment venues, landmarks, museums, galleries, and transit, all located near Riverside Park and Tompkins Square Park."
546.47,Entire home/apt,4.0,2.0,1.0,2.0,1.0,3.0,False,2.0,1.0,3.0,"NOTES: This block features an exceptionally high density of nightlife, grocery stores, and cultural institutions, characterizing it as a bustling urban hub near Riverside Park.
DESCRIPTION: This vibrant area stands out for its abundant bars, grocery stores, and museums, while also offering extensive dining, entertainment, and fitness options near Riverside Park."
175.28,Entire home/apt,4.9,3.0,2.0,1.0,1.5,20.0,True,1.0,1.5,2.5,"NOTES: High density of amenities, cultural institutions, and transit access; this is a bustling, highly developed urban hub.
DESCRIPTION: This block stands out as a vibrant urban hub featuring an exceptional concentration of dining, shopping, transit, and cultural attractions like the American Museum of Natural History."
59.11,Entire home/apt,5.0,1.0,1.0,1.0,1.0,1.0,True,1.0,1.0,2.0,"NOTES: High density of entertainment, transit, nightlife, dining, and amenities near Washington Square Park; this is a vibrant, hyper-convenient urban hub.
DESCRIPTION: This block near Washington Square Park stands out as a vibrant urban hub with an exceptional density of entertainment, transit, nightlife, dining, and daily conveniences."
480.0,Entire home/apt,4.71,3.0,2.0,1.0,1.0,87.0,False,1.0,1.0,2.0,"NOTES: This block features an exceptionally high concentration of nightlife, dining, retail, fitness, cultural, and green spaces, indicating a highly dense, vibrant urban center.
DESCRIPTION: This area is a lively hub defined by its abundant selection of bars, cafes, restaurants, shops, museums, and parks."
313.01,Entire home/apt,4.75,1.0,1.0,1.0,1.0,4.0,False,1.0,1.0,2.0,"NOTES: This block features an exceptionally high density of dining, nightlife, cafes, entertainment, retail, transit, and cultural landmarks, characterizing it as a highly active, amenity-rich urban hub.
DESCRIPTION: This block stands out for its high concentration of dining, nightlife, cafes, entertainment venues, shops, and cultural landmarks. It also offers superior access to transit and daily conveniences compared to a typical New York block."
190.63,Entire home/apt,5.0,2.0,1.0,1.0,1.0,3.0,True,1.0,1.0,2.0,"NOTES: This block features an exceptional density of nightlife, entertainment, and transit options, alongside a high concentration of dining, retail, and cultural amenities, indicating a high-energy urban core.

DESCRIPTION: This high-energy urban core near Washington Square Park stands out for its exceptional concentration of nightlife, entertainment, and transit options. The area is further defined by an abundant selection of dining, retail, and cultural amenities."
59.11,Entire home/apt,4.6,1.0,1.0,1.0,1.0,5.0,True,1.0,1.0,2.0,"NOTES: This area is a high-density urban hub characterized by an exceptional concentration of nightlife, entertainment, and transit options, supported by extensive amenities including dining, groceries, and green space near Washington Square Park.

DESCRIPTION: This block serves as a vibrant urban center featuring an abundance of nightlife, entertainment, and transit access alongside extensive dining, retail, and park space near Washington Square Park."
718.92,Entire home/apt,5.0,4.0,2.0,2.0,2.0,1.0,False,2.0,2.0,4.0,"NOTES: High density of bars, nightlife, dining, cafes, entertainment, grocery stores, museums, galleries, parks, and shops; urban commercial and cultural hub.
DESCRIPTION: This block functions as a vibrant cultural and commercial hub, distinguished by an exceptional concentration of dining, nightlife, entertainment, and retail options alongside abundant green spaces and museums."
59.11,Entire home/apt,5.0,1.0,1.0,1.0,1.0,5.0,True,1.0,1.0,2.0,"NOTES: This area is a high-density urban hub characterized by an exceptional abundance of nightlife, entertainment, and transit options, alongside elevated levels of dining, retail, and green space, suggesting a vibrant, tourist-heavy commercial district near Washington Square Park.

DESCRIPTION: This block stands out as a bustling urban center featuring an exceptional concentration of nightlife, entertainment, and transit access, complemented by extensive dining, shopping, and green space near Washington Square Park."
76.55,Entire home/apt,4.4,1.0,1.0,1.0,1.0,5.0,True,1.0,1.0,2.0,"NOTES: This area is a high-energy transit and entertainment hub characterized by an intense concentration of nightlife, transit, and diverse amenities near Washington Square Park.

DESCRIPTION: This block functions as a vibrant transit and entertainment hub that features far more nightlife and subway access than typical New York streets. It offers an abundance of dining, cafes, and green space near Washington Square Park."
76.55,Entire home/apt,4.67,1.0,1.0,1.0,1.0,3.0,True,1.0,1.0,2.0,"NOTES: This area is a high-energy transit and entertainment hub characterized by an intense concentration of nightlife, transit options, and diverse amenities.

DESCRIPTION: This block stands out as a vibrant hub featuring far more bars, nightlife, and entertainment venues than typical New York streets, with exceptional access to transit and daily conveniences near Washington Square Park."
59.11,Entire home/apt,5.0,1.0,1.0,1.0,1.0,2.0,True,1.0,1.0,2.0,"NOTES: High density of nightlife, entertainment, transit, dining, and amenities near Washington Square Park; this is a highly active urban hub.
DESCRIPTION: This block is a highly active urban hub featuring exceptional access to nightlife, entertainment, and transit near Washington Square Park. It offers an abundance of dining, shopping, and green space that exceeds the typical New York experience."
390.99,Private room,5.0,2.0,1.0,1.0,1.0,1.0,False,1.0,1.0,2.0,"NOTES: High density of hotels, landmarks, parks, and transit; elevated presence of dining, nightlife, entertainment, and retail; inferred area type is a major tourist and cultural hub.

DESCRIPTION: This block is a bustling cultural hub featuring Central Park, Carnegie Hall, Columbus Circle, and the American Museum of Natural History. It stands out for its exceptional concentration of transit, landmarks, and hotels alongside a wide variety of dining, entertainment, and shopping options."
219.39,Entire home/apt,4.0,4.0,2.0,2.0,1.0,5.0,False,2.0,1.0,3.0,"NOTES: High density of landmarks, green space, transit, and amenities including dining, entertainment, and shopping; this is a highly developed, tourist-centric urban hub.

DESCRIPTION: This block stands out for its exceptional access to transit, green space, and landmarks like Central Park, Carnegie Hall, Columbus Circle, and the American Museum of Natural History. It is a lively hub featuring a high concentration of dining, entertainment, shopping, and essential services."
486.0,Private room,2.33,4.0,2.0,1.0,1.0,3.0,False,1.0,1.0,2.0,"NOTES: Abundance of hotels, landmarks, parks, and transit; elevated presence of dining, nightlife, entertainment, and essential services; urban tourist and cultural hub.
DESCRIPTION: This block serves as a vibrant cultural and transit hub featuring an exceptional concentration of hotels, landmarks, and green space, including proximity to Central Park, Carnegie Hall, Columbus Circle, and the American Museum of Natural History. It offers a highly accessible environment with extensive options for dining, entertainment, and daily amenities."
1435.6,Entire home/apt,4.78,6.0,5.0,3.0,2.0,9.0,False,3.0,2.0,5.0,"NOTES: High density of gyms, nightlife, dining, entertainment, retail, transit, and cultural landmarks; this is a bustling, highly accessible urban center.
DESCRIPTION: This block is a vibrant urban hub featuring an exceptional concentration of dining, nightlife, entertainment, and cultural landmarks near Union Square. It offers superior access to transit, shopping, and green spaces compared to a typical New York block."
349.19,Private room,4.24,2.0,1.0,1.0,1.0,103.0,False,1.0,1.0,2.0,"NOTES: This block features an exceptional density of hotels, landmarks, sights, and green space, characterizing it as a vibrant, highly accessible tourist and cultural hub.

DESCRIPTION: This area stands out for its high concentration of hotels, landmarks, and parks, including Central Park, Museum of Modern Art, and Carnegie Hall. The block is also exceptionally well-served by an abundance of dining, entertainment, museums, and transit options."
1461.27,Entire home/apt,5.0,6.0,3.0,3.0,2.5,1.0,True,3.0,2.5,5.5,"NOTES: High concentration of gyms, nightlife, dining, entertainment, retail, and cultural landmarks near Union Square; this is a dense, high-activity urban hub.
DESCRIPTION: This block near Union Square stands out as a lively urban hub featuring an exceptional density of dining, nightlife, entertainment, and cultural attractions. The area is also defined by its extensive selection of shops, gyms, and grocery stores."
273.43,Entire home/apt,4.67,2.0,6.0,1.0,1.0,6.0,True,1.0,1.0,2.0,"NOTES: High density of gyms, museums, galleries, and pharmacies; bustling hub for nightlife, dining, transit, and tourism. Area type: Urban cultural and commercial center.
DESCRIPTION: This block functions as a vibrant cultural and commercial hub, distinguished by an exceptional concentration of museums, galleries, gyms, and pharmacies. It serves as a lively destination for dining, nightlife, and transit access, supported by a high density of hotels, shops, and entertainment venues."
59.11,Entire home/apt,5.0,1.0,1.0,1.0,1.0,1.0,True,1.0,1.0,2.0,"NOTES: This area is a high-density urban hub characterized by an abundance of nightlife, entertainment, transit, and diverse amenities surrounding Washington Square Park.

DESCRIPTION: This block stands out as a vibrant urban hub featuring extensive nightlife, entertainment, and transit options near Washington Square Park. The area offers a high concentration of dining, cafes, grocery stores, and green spaces that exceed typical city standards."
131.78,Entire home/apt,5.0,2.0,2.0,2.0,1.0,2.0,True,2.0,1.0,3.0,"NOTES: This area is a high-density urban hub characterized by an exceptional concentration of nightlife, entertainment, and transit options, supported by extensive amenities and green space near Washington Square Park.

DESCRIPTION: This block stands out as a vibrant urban center with an abundance of nightlife, entertainment, and transit access located near Washington Square Park. It offers a dense array of dining, cafes, grocery stores, gyms, and green spaces that exceed the typical New York block."
59.11,Entire home/apt,5.0,1.0,1.0,1.0,1.0,3.0,True,1.0,1.0,2.0,"NOTES: Abundant nightlife, entertainment, transit, dining, and amenities characterize this highly active urban core.
DESCRIPTION: This block is a vibrant hub featuring extensive nightlife, entertainment, and transit options alongside numerous dining and grocery choices near Washington Square Park."
186.97,Entire home/apt,4.9,4.0,2.0,1.0,1.0,20.0,True,1.0,1.0,2.0,"NOTES: High density of gyms, cafes, dining, hotels, landmarks, museums, galleries, parks, pharmacies, shops, and transit, suggesting a bustling cultural and tourist hub.
DESCRIPTION: This block is a vibrant cultural and transit hub featuring an abundance of museums, landmarks, and dining options, including the nearby American Museum of Natural History."
210.0,Private room,4.42,2.0,1.0,1.0,1.0,1235.0,False,1.0,1.0,2.0,"NOTES: This block features an exceptionally high density of nightlife, museums, galleries, dining, and entertainment, characterizing it as a vibrant cultural and commercial hub.

DESCRIPTION: This block stands out for its high concentration of nightlife, museums, galleries, dining, and entertainment venues near Riverside Park and the New Museum."
653.0,Private room,4.76,2.0,1.0,1.0,1.0,399.0,False,1.0,1.0,2.0,"NOTES: This block features an exceptional density of hotels, landmarks, sights, and green space, alongside a high concentration of dining, nightlife, entertainment, shopping, and transit, identifying it as a bustling, amenity-rich urban hub.
DESCRIPTION: Located near Carnegie Hall, Central Park, and Columbus Circle, this block stands out for its vast array of hotels, landmarks, and parks. The area is exceptionally lively, offering extensive options for dining, shopping, entertainment, and transit access."
426.33,Entire home/apt,4.78,2.0,1.0,1.0,1.0,98.0,False,1.0,1.0,2.0,"NOTES: This block features an exceptionally high density of nightlife, dining, and entertainment venues, suggesting a vibrant, high-traffic urban entertainment district.
DESCRIPTION: This block stands out for its high concentration of nightlife, dining, and entertainment venues, supported by an abundance of grocery stores, hotels, and pharmacies."
715.0,Entire home/apt,5.0,11.0,4.0,2.0,1.0,3.0,False,2.0,1.0,3.0,"NOTES: This block features an exceptional density of nightlife, entertainment, dining, and transit access, identifying it as a high-energy urban hub.
DESCRIPTION: This area stands out for its high concentration of nightlife, entertainment venues, and dining options, with Washington Square Park located nearby."
449.27,Entire home/apt,5.0,2.0,1.0,1.0,1.0,1.0,False,1.0,1.0,2.0,"NOTES: This block features an exceptionally high concentration of dining, nightlife, cafes, entertainment, retail, fitness, and cultural institutions, indicating a highly dense, vibrant urban commercial core.

DESCRIPTION: This block stands out as a bustling urban center with an abundance of dining, nightlife, shopping, and cultural amenities. It offers significantly more entertainment, fitness, and daily conveniences than a typical New York block."
453.53,Entire home/apt,5.0,3.0,2.0,1.0,1.0,4.0,False,1.0,1.0,2.0,"NOTES: This block features an exceptionally high concentration of nightlife, dining, cafes, grocery stores, shops, landmarks, and transit access, suggesting a highly active, dense urban hub.

DESCRIPTION: This block stands out as a vibrant urban hub defined by its exceptional density of dining, nightlife, shopping, and transit options."
1008.21,Entire home/apt,5.0,6.0,3.0,3.0,3.0,1.0,True,3.0,3.0,6.0,"NOTES: This block features an exceptionally high density of gyms, sports facilities, landmarks, museums, and galleries, identifying it as a major cultural and recreational hub.
DESCRIPTION: This area stands out as a vibrant cultural and recreational hub due to its high concentration of museums, landmarks, and sports facilities. It also offers an extensive array of cafes, entertainment venues, hotels, pharmacies, shops, and transit options."
689.0,Private room,1.0,4.0,2.0,1.0,1.0,1.0,False,1.0,1.0,2.0,"NOTES: Standout density of landmarks, museums, galleries, parks, cafes, entertainment, hotels, shops, and transit indicates a highly active cultural and tourist hub.
DESCRIPTION: This block is a vibrant cultural and tourist hub featuring an exceptional concentration of landmarks, museums, galleries, parks, and entertainment venues near Central Park, Museum of Modern Art, and Carnegie Hall."
595.0,Entire home/apt,5.0,4.0,1.0,1.0,1.0,3.0,True,1.0,1.0,2.0,"NOTES: High density of cafes, grocery stores, landmarks, and transit; urban tourist and commercial hub.
DESCRIPTION: This block stands out as a bustling urban hub with an exceptional concentration of cafes, grocery stores, landmarks, and transit access. The area is defined by its proximity to Manhattan Bridge, Federal Hall, Battery Park, and 9/11 Memorial & Museum."
466.02,Entire home/apt,5.0,4.0,2.0,1.0,1.0,12.0,True,1.0,1.0,2.0,"NOTES: High density of hotels, landmarks, parks, and entertainment options; this is a bustling, tourist-centric cultural hub.
DESCRIPTION: Located near Carnegie Hall and Central Park, this block stands out for its exceptional concentration of hotels, landmarks, and green space. It is a lively area defined by an abundance of dining, nightlife, entertainment venues, and cultural institutions."
326.93,Entire home/apt,5.0,4.0,1.0,1.0,1.0,12.0,True,1.0,1.0,2.0,"NOTES: High density of cafes, grocery stores, landmarks, and transit; urban tourist and commercial hub.
DESCRIPTION: This block stands out for its exceptional concentration of cafes, grocery stores, landmarks, and transit access near Manhattan Bridge, Federal Hall, Battery Park, and 9/11 Memorial & Museum. The area serves as a vibrant urban hub with extensive options for dining, entertainment, and culture."
286.3,Entire home/apt,4.77,5.0,1.0,1.0,1.0,99.0,True,1.0,1.0,2.0,"NOTES: This block features an exceptionally high density of nightlife, dining, cafes, grocery stores, landmarks, pharmacies, shops, and transit, indicating a bustling, highly accessible urban hub.
DESCRIPTION: This area stands out as a vibrant urban hub defined by its exceptional concentration of dining, nightlife, shopping, transit, and essential services."
426.8,Entire home/apt,4.69,3.0,1.0,1.0,1.0,62.0,False,1.0,1.0,2.0,"NOTES: This block features an exceptional concentration of hotels, landmarks, parks, and transit, identifying it as a high-density, tourist-centric urban hub.

DESCRIPTION: This area is defined by its abundance of hotels, landmarks, parks, and transit options, with Carnegie Hall, Central Park, and Columbus Circle nearby."
334.0,Private room,5.0,2.0,1.0,1.0,1.0,1.0,False,1.0,1.0,2.0,"NOTES: This block features an exceptional density of grocery stores, landmarks, transit, dining, entertainment, and cultural institutions, indicating a highly active, tourist-centric urban hub.

DESCRIPTION: This area is defined by a high concentration of landmarks like the Manhattan Bridge, Federal Hall, Battery Park, and the 9/11 Memorial & Museum, alongside an abundance of transit, dining, and retail options."
219.39,Entire home/apt,4.67,5.0,2.0,2.0,1.0,3.0,False,2.0,1.0,3.0,"NOTES: Abundant landmarks, green space, and transit access define this high-activity urban hub.
DESCRIPTION: This area stands out for its exceptional concentration of landmarks, parks, and transit options, including Central Park, Carnegie Hall, Columbus Circle, and American Museum of Natural History. The neighborhood is a lively destination featuring an extensive array of dining, entertainment, and shopping opportunities."
1172.49,Entire home/apt,5.0,7.0,3.0,3.0,3.0,1.0,True,3.0,3.0,6.0,"NOTES: This block features exceptionally high concentrations of bars, nightlife, cafes, dining, grocery stores, gyms, hotels, landmarks, museums, galleries, parks, and shops, indicating a highly dense, vibrant urban core.

DESCRIPTION: This block stands out for its exceptional density of nightlife, dining, cafes, and retail options, alongside abundant access to museums, landmarks, and green spaces."
163.0,Private room,3.67,4.0,2.0,1.0,1.0,6.0,False,1.0,1.0,2.0,"NOTES: This block features an exceptional density of landmarks, transit, nightlife, dining, and daily amenities, indicating a high-traffic urban core.
DESCRIPTION: This area stands out for its extensive access to transit, landmarks, and diverse amenities, including proximity to Manhattan Bridge, Federal Hall, Battery Park, and 9/11 Memorial & Museum."
183.23,Entire home/apt,5.0,2.0,1.0,1.0,1.0,2.0,False,1.0,1.0,2.0,"NOTES: Abundance of cafes, landmarks, sights, parks, green space, and transit; high density of nightlife, dining, entertainment, groceries, gyms, hotels, museums, galleries, and shops; area type: highly active urban center.
DESCRIPTION: This block is a highly active urban center featuring an abundance of cafes, landmarks, sights, parks, and transit, with a high density of nightlife, dining, entertainment, and shops near Federal Hall and Wall Street."
321.0,Entire home/apt,4.8,2.0,1.0,1.0,1.0,133.0,True,1.0,1.0,2.0,"NOTES: This block features a dense concentration of landmarks, transit, nightlife, dining, and daily amenities, indicating a highly active urban hub.

DESCRIPTION: This exceptionally vibrant area is defined by its abundance of transit, entertainment, and amenities, with nearby landmarks including Manhattan Bridge, Battery Park, Federal Hall, 9/11 Memorial & Museum, and Central Park."
452.0,Entire home/apt,4.98,2.0,1.0,1.0,1.0,48.0,True,1.0,1.0,2.0,"NOTES: This block features an exceptionally high concentration of transit, landmarks, dining, nightlife, and essential services, indicating a highly dense, tourist-centric urban hub.

DESCRIPTION: This area stands out as a vibrant, transit-rich destination packed with landmarks like Manhattan Bridge, Battery Park, Federal Hall, 9/11 Memorial & Museum, and Central Park. It offers an abundance of dining, nightlife, shopping, and cultural venues that far exceed the typical New York block."
184.07,Entire home/apt,5.0,2.0,1.0,1.0,1.0,4.0,False,1.0,1.0,2.0,"NOTES: High density of nightlife, dining, entertainment, retail, and transit; urban commercial hub.
DESCRIPTION: This area stands out as a vibrant commercial hub featuring an exceptional concentration of nightlife, dining, entertainment, and retail options near Tompkins Square Park and Union Square."
188.84,Entire home/apt,4.75,2.0,1.0,1.0,1.0,16.0,True,1.0,1.0,2.0,"NOTES: This block features an exceptionally high concentration of pharmacies, cafes, dining, grocery stores, hotels, museums, galleries, and shops, indicating a high-density commercial and cultural hub.
DESCRIPTION: This block stands out as a bustling commercial and cultural hub with a high concentration of pharmacies, dining, shops, and museums. It also offers an abundance of cafes, grocery stores, and hotels compared to a typical New York block."
291.03,Entire home/apt,5.0,5.0,3.0,3.0,1.0,2.0,False,3.0,1.0,4.0,"NOTES: High density of pharmacies, nightlife, dining, gyms, hotels, cultural landmarks, museums, and retail; this is a bustling, amenity-rich tourist and cultural hub.
DESCRIPTION: This block stands out as a vibrant cultural and commercial destination featuring an abundance of pharmacies, dining, nightlife, and museums. Its proximity to the American Museum of Natural History and Central Park highlights its status as a highly active urban center."
391.0,Private room,4.83,4.0,2.0,1.0,1.0,12.0,True,1.0,1.0,2.0,"NOTES: This area is a high-density cultural and commercial hub featuring exceptional access to transit, green space, landmarks, and diverse amenities.
DESCRIPTION: This block stands out as a vibrant hub with far more landmarks, green space, and transit options than typical New York streets, complemented by an abundance of dining, shopping, and entertainment. Nearby highlights include Central Park, Carnegie Hall, Columbus Circle, and American Museum of Natural History."
302.0,Private room,4.81,4.0,2.0,1.0,2.0,31.0,True,1.0,2.0,3.0,"NOTES: This block features an abundance of landmarks, green space, transit, and commercial amenities, indicating a highly dense, tourist-heavy urban core.

DESCRIPTION: This block stands out for its exceptional concentration of landmarks, parks, and transit options near South Street Seaport, Wall Street, and Federal Hall. It also features a lively, well-developed selection of dining, nightlife, shopping, and essential services."
177.0,Entire home/apt,4.44,4.0,2.0,2.0,1.0,179.0,False,2.0,1.0,3.0,"NOTES: High density of bars, nightlife, dining, entertainment, grocery stores, and hotels; this is a bustling, high-activity urban commercial hub.
DESCRIPTION: This block stands out as a bustling urban hub characterized by an exceptionally high density of nightlife, dining, entertainment, and hotel options. It also features an above-average presence of essential services, cultural landmarks, and transit access."
289.72,Entire home/apt,5.0,4.0,2.0,2.0,1.5,2.0,False,2.0,1.5,3.5,"NOTES: Exceptional density of landmarks, nightlife, dining, entertainment, retail, and services; this is a highly active, tourist-centric urban hub.
DESCRIPTION: This area stands out as a vibrant hub featuring an abundance of landmarks, entertainment, and services near Federal Hall, South Street Seaport, and Wall Street."
331.87,Entire home/apt,5.0,3.0,2.0,1.0,1.0,3.0,False,1.0,1.0,2.0,"NOTES: High density of dining, nightlife, shopping, transit, green space, and landmarks; urban commercial and tourist hub.
DESCRIPTION: This block serves as a vibrant urban hub featuring an exceptional concentration of dining, nightlife, shopping, and transit options near Central Park and the Chrysler Building."
769.0,Private room,5.0,4.0,2.0,1.0,1.0,3.0,False,1.0,1.0,2.0,"NOTES: This block features an abundance of hotels, landmarks, sights, and green space, alongside high concentrations of dining, nightlife, entertainment, and transit, suggesting a bustling, tourist-centric urban hub.

DESCRIPTION: This block stands out for its high density of hotels, landmarks, and parks, including nearby Carnegie Hall, Central Park, and Museum of Modern Art. It also offers an exceptional variety of dining, nightlife, entertainment, and transit options compared to a typical New York block."
424.42,Entire home/apt,5.0,3.0,1.0,1.0,1.0,2.0,False,1.0,1.0,2.0,"NOTES: This block features an exceptionally high density of amenities including gyms, nightlife, dining, entertainment, shopping, and transit, identifying it as a bustling, high-traffic urban hub near Union Square.
DESCRIPTION: This highly active area near Union Square stands out for its extensive collection of dining, nightlife, entertainment, and transit options. The block serves as a vibrant urban center defined by its abundant shops, museums, and recreational facilities."
174.55,Entire home/apt,5.0,2.0,1.0,1.0,1.0,1.0,False,1.0,1.0,2.0,"NOTES: This block features an exceptional density of cafes, pharmacies, nightlife, dining, grocery stores, gyms, hotels, landmarks, museums, and shops, indicating a highly active, tourist-centric urban hub near Central Park.

DESCRIPTION: This block stands out as a vibrant hub near Central Park, offering an abundance of cafes, pharmacies, nightlife, dining, grocery stores, gyms, hotels, landmarks, museums, and shops."
173.33,Private room,4.17,1.0,3.0,2.0,1.0,6.0,False,2.0,1.0,3.0,"NOTES: High density of bars, nightlife, cafes, dining, landmarks, shops, and transit indicates a vibrant, highly active urban core.
DESCRIPTION: This block is a vibrant urban core defined by its exceptional concentration of nightlife, dining, cafes, shops, and transit options."
383.87,Entire home/apt,5.0,2.0,1.0,1.0,1.0,6.0,False,1.0,1.0,2.0,"NOTES: This block features an exceptionally high density of nightlife, dining, entertainment, cultural institutions, and transit access, identifying it as a vibrant, high-traffic urban hub.

DESCRIPTION: This exceptionally lively area near Union Square and Tompkins Square Park offers an abundance of dining, nightlife, entertainment, and cultural attractions alongside superior transit access."
741.77,Entire home/apt,4.92,8.0,4.0,3.0,2.0,62.0,True,3.0,2.0,5.0,"NOTES: This block features an exceptionally dense concentration of pharmacies, cafes, dining, grocery stores, museums, galleries, parks, and shops, indicating a highly vibrant, amenity-rich urban center.
DESCRIPTION: This block stands out for its high density of pharmacies, cafes, dining, grocery stores, museums, galleries, parks, and shops. It also offers an above-average presence of bars, nightlife, entertainment venues, gyms, hotels, and transit options."
937.0,Entire home/apt,5.0,6.0,3.0,2.0,2.0,1.0,True,2.0,2.0,4.0,"NOTES: Abundant cafes, landmarks, and nightlife, with high concentrations of dining, entertainment, groceries, gyms, hotels, pharmacies, shops, and transit; this is a bustling, high-density urban commercial and tourist hub.

DESCRIPTION: This block stands out as a vibrant urban center featuring an exceptional density of cafes, landmarks, nightlife, and essential services near Federal Hall, Manhattan Bridge, South Street Seaport, and Wall Street."
187.57,Entire home/apt,4.88,2.0,1.0,1.0,1.0,16.0,True,1.0,1.0,2.0,"NOTES: This block features an exceptionally high density of bars, nightlife, cafes, dining, gyms, hotels, landmarks, museums, and shops, indicating a vibrant, high-traffic urban core.

DESCRIPTION: This area stands out as a bustling urban center with an abundance of dining, nightlife, shopping, and cultural attractions. It offers a high concentration of amenities ranging from gyms and hotels to museums and galleries."
234.35,Entire home/apt,4.7,4.0,2.0,2.0,1.5,10.0,False,2.0,1.5,3.5,"NOTES: This area is a highly dense urban hub characterized by an exceptional concentration of transit, landmarks, and lifestyle amenities.
DESCRIPTION: This block stands out as a vibrant urban hub featuring an abundance of transit options, landmarks like Manhattan Bridge, Battery Park, Central Park, Federal Hall, and 9/11 Memorial & Museum, and a wide variety of dining, shopping, and entertainment venues."
259.0,Private room,4.66,2.0,1.0,1.0,1.0,101.0,True,1.0,1.0,2.0,"NOTES: Exceptional density of nightlife, dining, retail, transit, and cultural amenities indicates a highly active, central urban hub.
DESCRIPTION: This block is an exceptionally vibrant urban hub featuring an abundance of dining, nightlife, shopping, and transit options near Central Park, Columbus Circle, and the American Museum of Natural History."
279.65,Entire home/apt,4.5,2.0,2.0,2.0,2.5,4.0,False,2.0,2.5,4.5,"NOTES: High density of bars, nightlife, cafes, dining, entertainment, landmarks, and shops; this is a vibrant urban center.
DESCRIPTION: This block stands out as a vibrant urban center defined by its exceptional concentration of nightlife, dining, entertainment, landmarks, and shops."
492.0,Entire home/apt,5.0,4.0,2.0,1.0,2.0,2.0,False,1.0,2.0,3.0,"NOTES: This block features an exceptionally high concentration of landmarks, dining, nightlife, entertainment, retail, and transit options, indicating a vibrant, high-density urban commercial and cultural hub.

DESCRIPTION: Located near South Street Seaport, Wall Street, and Federal Hall, this block stands out as a bustling destination with an abundance of dining, entertainment, shopping, and transit access."
338.0,Entire home/apt,4.65,4.0,2.0,1.0,1.0,17.0,False,1.0,1.0,2.0,"NOTES: This block features an exceptionally high density of landmarks, nightlife, dining, entertainment, retail, and transit options, indicating a vibrant, high-traffic urban commercial and tourist hub.

DESCRIPTION: This exceptionally lively area is defined by its abundance of landmarks, entertainment, and dining options near South Street Seaport, Wall Street, and Federal Hall."
1141.18,Private room,5.0,13.0,6.0,5.0,2.0,5.0,True,5.0,2.0,7.0,"NOTES: This block features an exceptionally high density of dining, nightlife, entertainment, and cultural attractions, identifying it as a vibrant, high-traffic urban commercial and tourist hub.

DESCRIPTION: This lively area stands out for its abundance of cafes, landmarks, and entertainment venues near South Street Seaport, Federal Hall, and Wall Street. It offers an extensive selection of dining, nightlife, museums, and shops that far exceeds a typical New York block."
1124.63,Entire home/apt,4.72,8.0,4.0,4.0,2.0,43.0,True,4.0,2.0,6.0,"NOTES: Exceptionally high density of dining, nightlife, entertainment, transit, and daily amenities; this is a highly active, tourist-centric urban hub.
DESCRIPTION: This lively area stands out for its extensive range of dining, nightlife, entertainment, and transit options near Central Park. It functions as a bustling urban hub with an abundance of daily amenities and landmarks."
1381.33,Entire home/apt,4.59,8.0,5.0,4.0,5.5,54.0,False,4.0,5.5,9.5,"NOTES: This block features an exceptionally high concentration of dining, nightlife, shopping, cultural institutions, and essential services, indicating a highly dense, tourist-oriented urban hub.

DESCRIPTION: This area is a bustling destination defined by its abundant bars, cafes, shops, and museums, including proximity to Central Park and the American Museum of Natural History."
59.11,Entire home/apt,5.0,1.0,1.0,1.0,1.0,2.0,True,1.0,1.0,2.0,"NOTES: High density of entertainment, nightlife, dining, retail, fitness, hotels, and green space; this is a bustling, amenity-rich urban center.
DESCRIPTION: This block stands out as a bustling urban center featuring an exceptional concentration of entertainment, nightlife, dining, and fitness options alongside abundant parks and hotels."
287.63,Entire home/apt,5.0,3.0,2.0,1.0,1.0,2.0,False,1.0,1.0,2.0,"NOTES: High density of transit, retail, dining, cultural landmarks, and services; this is a bustling, tourist-heavy commercial hub.
DESCRIPTION: This block stands out for its exceptional concentration of transit, dining, shops, and cultural landmarks like the Chrysler Building, Grand Central Terminal, and Summit One Vanderbilt. It functions as a vibrant commercial center with an abundance of services, museums, and entertainment options."
256.37,Entire home/apt,4.91,2.0,1.0,1.0,1.0,11.0,True,1.0,1.0,2.0,"NOTES: This block features an exceptional concentration of hotels, landmarks, sights, and green space, alongside a high density of dining, nightlife, entertainment, and cultural institutions, suggesting a bustling, tourist-centric urban hub.

DESCRIPTION: This area is defined by its abundance of hotels, landmarks, and parks, including Carnegie Hall, Central Park, and the Museum of Modern Art. The block offers a vibrant atmosphere with a high concentration of dining, nightlife, entertainment, and cultural venues."
455.4,Entire home/apt,5.0,3.0,2.0,2.0,1.0,1.0,True,2.0,1.0,3.0,"NOTES: Abundant nightlife, dining, transit, and green space near Central Park; this is a highly dense, amenity-rich urban hub.
DESCRIPTION: This block stands out for its exceptional concentration of dining, nightlife, transit, and green space near Central Park. It functions as a highly active urban hub with an abundance of essential services and landmarks."
376.0,Entire home/apt,4.83,2.0,1.0,1.0,1.0,6.0,True,1.0,1.0,2.0,"NOTES: This block features an exceptional density of landmarks, transit, dining, retail, and green space, characterizing it as a major urban hub.
DESCRIPTION: This area is defined by its extensive access to landmarks, transit, and diverse amenities, with Battery Park, Manhattan Bridge, and Central Park located nearby."
433.27,Entire home/apt,4.33,4.0,2.0,2.0,1.0,6.0,True,2.0,1.0,3.0,"NOTES: High density of cafes, pharmacies, bars, dining, groceries, hotels, landmarks, museums, shops, and transit, indicating a bustling, high-traffic commercial and tourist hub.
DESCRIPTION: This area is a bustling hub defined by its exceptional concentration of dining, nightlife, shopping, and transit options near the Chrysler Building and Grand Central Terminal."
160.23,Entire home/apt,4.83,2.0,2.0,1.0,1.0,506.0,False,1.0,1.0,2.0,"NOTES: This block features an abundance of nightlife, green space, dining, entertainment, and cultural attractions, suggesting a highly active, amenity-rich urban hub.

DESCRIPTION: This lively area stands out for its exceptional concentration of nightlife, green space, dining, entertainment, and cultural landmarks, including nearby Riverside Park."
147.93,Entire home/apt,4.74,2.0,1.0,1.0,1.0,23.0,False,1.0,1.0,2.0,"NOTES: This block features an exceptionally dense concentration of nightlife, dining, cafes, museums, and shops, indicating a vibrant, high-activity urban commercial hub.
DESCRIPTION: This area is a lively commercial hub defined by its extensive variety of nightlife, dining, cafes, museums, and shops."
213.63,Entire home/apt,4.75,3.0,1.0,1.0,1.0,4.0,False,1.0,1.0,2.0,"NOTES: High density of grocery stores, nightlife, cafes, dining, entertainment, museums, and green space; this is a vibrant, highly active cultural and commercial hub.
DESCRIPTION: This block stands out for its exceptional concentration of dining, nightlife, entertainment, and cultural venues near Washington Square Park."
226.36,Entire home/apt,4.33,3.0,1.0,1.0,1.0,3.0,False,1.0,1.0,2.0,"NOTES: High density of retail, dining, nightlife, cultural institutions, and green space; this is a vibrant, high-traffic urban hub.
DESCRIPTION: This block stands out for its exceptional concentration of dining, nightlife, shops, and cultural venues near Washington Square Park."
129.89,Entire home/apt,5.0,3.0,1.0,1.0,1.0,1.0,False,1.0,1.0,2.0,"NOTES: High density of grocery stores, nightlife, cafes, dining, entertainment, museums, galleries, parks, and shops; urban cultural and commercial hub.
DESCRIPTION: This block stands out as a vibrant cultural and commercial hub near Washington Square Park, featuring an exceptional concentration of dining, nightlife, entertainment, and retail options."
227.72,Entire home/apt,4.67,3.0,1.0,1.0,1.0,3.0,False,1.0,1.0,2.0,"NOTES: This block features an exceptionally high density of dining, nightlife, entertainment, cultural institutions, and retail, characterizing it as a bustling, high-energy urban hub.
DESCRIPTION: This vibrant area stands out for its abundant grocery stores, extensive dining and nightlife options, and numerous entertainment venues and museums located near Washington Square Park."
268.17,Entire home/apt,4.79,2.0,2.0,2.0,1.0,14.0,True,2.0,1.0,3.0,"NOTES: Exceptional density of gyms, cafes, entertainment, groceries, hotels, museums, galleries, shops, and transit, suggesting a high-traffic, amenity-rich urban hub.
DESCRIPTION: This area stands out as a vibrant, amenity-rich hub featuring an exceptional density of gyms, cafes, entertainment, groceries, hotels, museums, galleries, shops, and transit options. The High Line and Hudson Yards are located nearby."
157.27,Entire home/apt,4.53,2.0,2.0,1.0,1.0,60.0,False,1.0,1.0,2.0,"NOTES: High density of pharmacies, grocery stores, gyms, landmarks, museums, parks, shops, and transit; urban commercial and cultural hub.
DESCRIPTION: This block functions as a vibrant commercial and cultural hub, distinguished by its exceptional concentration of retail, fitness, transit, and cultural amenities."
4599.0,Entire home/apt,4.85,4.0,3.0,2.0,2.0,13.0,False,2.0,2.0,4.0,"NOTES: This block features an exceptionally high density of nightlife, dining, entertainment, groceries, and hotels, characterizing it as a high-energy urban hub.

DESCRIPTION: This block stands out as a vibrant urban hub defined by a high concentration of nightlife, dining, entertainment venues, grocery stores, and hotels."
145.67,Private room,5.0,2.0,1.0,1.0,1.0,2.0,True,1.0,1.0,2.0,"NOTES: Abundant landmarks, green space, and transit access, combined with a high density of dining, nightlife, entertainment, and cultural institutions, characterize this as a vibrant, highly connected urban hub.

DESCRIPTION: This block stands out for its exceptional access to Central Park, Columbus Circle, American Museum of Natural History, and Carnegie Hall. It is a lively area defined by its superior concentration of transit, green space, and diverse cultural and lifestyle amenities."
462.5,Entire home/apt,5.0,4.0,2.0,1.0,1.0,5.0,False,1.0,1.0,2.0,"NOTES: High density of dining, nightlife, retail, transit, and cultural amenities including Central Park and Chrysler Building; urban commercial and tourist hub.
DESCRIPTION: This block serves as a vibrant urban hub featuring an abundance of dining, nightlife, shops, and transit options near Central Park and the Chrysler Building."
344.77,Entire home/apt,5.0,6.0,3.0,2.0,2.0,2.0,False,2.0,2.0,4.0,"NOTES: This block features an exceptionally high density of nightlife, dining, entertainment, groceries, gyms, hotels, and transit, characterizing it as a highly active urban hub.
DESCRIPTION: This block stands out as a bustling urban hub with an abundance of nightlife, dining, entertainment venues, grocery stores, gyms, hotels, and transit options."
622.0,Entire home/apt,5.0,6.0,3.0,2.0,2.0,8.0,True,2.0,2.0,4.0,"NOTES: This block features an exceptionally high density of landmarks, transit, dining, retail, and recreational amenities, indicating a high-traffic urban core area.

DESCRIPTION: This block stands out for its high concentration of landmarks, transit options, and diverse amenities, situated near Battery Park, Central Park, and Manhattan Bridge."
63.84,Entire home/apt,4.5,1.0,1.0,1.0,1.0,2.0,True,1.0,1.0,2.0,"NOTES: High density of gyms, sports, cafes, entertainment, landmarks, museums, and shops; urban commercial hub.
DESCRIPTION: This block functions as a vibrant urban commercial hub featuring an abundance of gyms, cafes, entertainment venues, landmarks, museums, and shops."
828.0,Private room,4.55,3.0,2.0,1.0,1.0,29.0,True,1.0,1.0,2.0,"NOTES: This block features an exceptional density of landmarks, transit, and amenities, indicating a high-traffic, tourist-centric urban hub.
DESCRIPTION: This area stands out for its high concentration of landmarks like Manhattan Bridge, 9/11 Memorial & Museum, Battery Park, Federal Hall, and One World Observatory, alongside a lively abundance of transit, dining, shopping, and cultural venues."
249.52,Entire home/apt,5.0,4.0,2.0,1.0,1.0,1.0,False,1.0,1.0,2.0,"NOTES: This block features an exceptionally high density of gyms, hotels, landmarks, museums, pharmacies, shops, and transit options, marking it as a bustling, tourist-focused urban hub.

DESCRIPTION: This block stands out for its high concentration of hotels, landmarks, museums, and shops alongside excellent transit access and extensive sports and pharmacy facilities."
2054.12,Entire home/apt,4.81,6.0,4.0,2.0,2.0,37.0,True,2.0,2.0,4.0,"NOTES: This area is a high-activity cultural and recreational hub distinguished by an exceptional concentration of gyms, sports facilities, landmarks, museums, galleries, nightlife, cafes, entertainment venues, hotels, parks, and shops, with Central Park nearby.

DESCRIPTION: This lively area stands out for its exceptional concentration of museums, galleries, landmarks, and sports facilities. It serves as a major cultural and recreational hub located right next to Central Park."
674.0,Entire home/apt,4.66,4.0,2.0,2.0,1.5,238.0,False,2.0,1.5,3.5,"NOTES: This block features an exceptionally high concentration of entertainment, nightlife, dining, grocery stores, hotels, and green space, characterizing it as a bustling, amenity-rich urban hub.

DESCRIPTION: This block stands out as a highly active urban hub with an abundance of entertainment, nightlife, dining, grocery stores, hotels, and parks."
274.0,Entire home/apt,4.59,2.0,1.0,1.0,1.0,249.0,False,1.0,1.0,2.0,"NOTES: This block features an exceptional concentration of entertainment, nightlife, dining, grocery stores, hotels, and parks, indicating a highly dense, vibrant urban center.
DESCRIPTION: This area is defined by its extensive array of entertainment, nightlife, dining, grocery stores, hotels, and parks."
1131.43,Entire home/apt,3.33,3.0,1.0,1.0,1.0,3.0,False,1.0,1.0,2.0,"NOTES: This block is an exceptionally dense cultural and transit hub featuring far more landmarks, green space, museums, galleries, gyms, hotels, shops, and transit options than a typical New York block, alongside above-average dining and nightlife.

DESCRIPTION: This area is a vibrant cultural hub distinguished by its abundance of landmarks, green space, museums, galleries, shops, and transit options near Central Park, Carnegie Hall, and Museum of Modern Art."
312.0,Hotel room,5.0,2.0,2.0,1.0,1.0,2.0,False,1.0,1.0,2.0,"NOTES: This block features an exceptionally high concentration of nightlife, dining, cultural landmarks, and recreational facilities, indicating a vibrant, high-density urban destination near Central Park.

DESCRIPTION: This exceptionally lively block is defined by its abundance of nightlife, dining, cultural landmarks, and green space. Located near Central Park, the area offers a dense concentration of amenities and entertainment options."
354.0,Hotel room,5.0,4.0,2.0,1.0,1.0,1.0,False,1.0,1.0,2.0,"NOTES: High density of nightlife, dining, cultural landmarks, and green space near Central Park; this is a vibrant, amenity-rich urban hub.
DESCRIPTION: This block stands out as a vibrant hub featuring an abundance of nightlife, dining, museums, and green space near Central Park. The area is exceptionally well-served by a wide variety of amenities, including numerous hotels, gyms, and cultural landmarks."
302.0,Hotel room,5.0,2.0,1.0,1.0,1.0,1.0,False,1.0,1.0,2.0,"NOTES: High density of nightlife, dining, culture, fitness, and green space, including Central Park, indicating a vibrant, amenity-rich urban hub.
DESCRIPTION: This block stands out for its exceptional concentration of dining, nightlife, museums, and fitness facilities, all situated near Central Park."
267.33,Entire home/apt,4.78,4.0,5.0,4.0,1.0,9.0,False,4.0,1.0,5.0,"NOTES: Exceptional concentration of museums, galleries, pharmacies, and transit options characterize this highly accessible cultural and urban hub.
DESCRIPTION: This block stands out as a bustling cultural and transit hub with an abundance of museums, galleries, and pharmacies located near Central Park."
278.07,Entire home/apt,5.0,4.0,2.0,2.0,2.0,1.0,False,2.0,2.0,4.0,"NOTES: This block features an exceptionally high density of nightlife, dining, entertainment, and essential services, indicating a highly urbanized, bustling commercial and tourist-centric district.

DESCRIPTION: This block stands out as a vibrant commercial hub defined by its dense concentration of nightlife, dining, and entertainment venues alongside extensive access to transit, shopping, and cultural landmarks."
360.53,Entire home/apt,5.0,4.0,2.0,1.0,1.0,1.0,False,1.0,1.0,2.0,"NOTES: High density of nightlife, dining, entertainment, cultural institutions, and retail indicates a vibrant urban entertainment district.
DESCRIPTION: This block stands out as a lively urban hub defined by its exceptional concentration of nightlife, dining, entertainment venues, museums, galleries, and shops."
388.57,Entire home/apt,5.0,3.0,1.0,1.0,1.0,1.0,False,1.0,1.0,2.0,"NOTES: This area is a highly dense, vibrant urban core featuring an exceptional concentration of cafes, landmarks, sights, and parks, alongside extensive options for dining, nightlife, entertainment, shopping, and transit near Wall Street, Federal Hall, and South Street Seaport.
DESCRIPTION: This vibrant urban core near Wall Street, Federal Hall, and South Street Seaport stands out for its exceptional concentration of cafes, landmarks, sights, and parks. The area also offers extensive options for dining, nightlife, entertainment, shopping, and transit."
231.0,Entire home/apt,4.84,2.0,2.0,2.0,1.0,70.0,True,2.0,1.0,3.0,"NOTES: High density of gyms, cafes, entertainment, grocery stores, hotels, parks, shops, and transit; urban commercial and recreational hub.
DESCRIPTION: This block functions as a vibrant commercial and recreational hub, featuring an abundance of gyms, cafes, entertainment venues, grocery stores, hotels, parks, shops, and transit options near The High Line and Hudson Yards."
186.21,Entire home/apt,5.0,2.0,1.0,1.0,1.0,1.0,False,1.0,1.0,2.0,"NOTES: High density of gyms, nightlife, dining, entertainment, retail, and cultural institutions with minimal green space; this is a high-energy urban commercial and tourist hub.
DESCRIPTION: This block stands out for its exceptional concentration of gyms, nightlife, dining, entertainment, and cultural venues. While it offers extensive shopping and services, it features limited parks and green space."
329.67,Entire home/apt,4.93,4.0,2.0,1.0,1.0,197.0,False,1.0,1.0,2.0,"NOTES: This block features an exceptionally high density of nightlife, dining, entertainment, cultural venues, shops, and transit, characterizing it as a vibrant urban hub.

DESCRIPTION: This block stands out as a bustling urban hub with an abundance of bars, nightlife, cafes, dining, entertainment venues, museums, galleries, shops, and transit options."
386.29,Entire home/apt,5.0,2.0,1.0,1.0,1.0,1.0,False,1.0,1.0,2.0,"NOTES: This block features an abundance of cafes, landmarks, sights, and parks, indicating a highly vibrant and tourist-centric urban hub.
DESCRIPTION: This area stands out for its exceptional concentration of cafes, landmarks, sights, and parks near Wall Street, Federal Hall, and South Street Seaport."
756.03,Private room,4.18,2.0,1.0,1.0,1.0,11.0,True,1.0,1.0,2.0,"NOTES: High density of cafes, landmarks, transit, grocery stores, gyms, hotels, museums, parks, and shops; this is a bustling, amenity-rich urban hub.

DESCRIPTION: This block stands out as a vibrant urban hub featuring an exceptional concentration of cafes, landmarks, transit options, and essential services. Nearby attractions include Federal Hall, Manhattan Bridge, and 9/11 Memorial & Museum."
206.0,Entire home/apt,4.97,2.0,1.0,1.0,1.0,127.0,False,1.0,1.0,2.0,"NOTES: Abundant landmarks, museums, galleries, and transit options alongside an exceptionally high density of dining, nightlife, retail, and recreational amenities characterize this vibrant urban hub.
DESCRIPTION: This area stands out as a bustling urban hub featuring an exceptional concentration of dining, nightlife, shops, and transit options near Central Park, Columbus Circle, and the American Museum of Natural History."
286.11,Private room,4.32,2.0,1.0,1.0,1.0,37.0,False,1.0,1.0,2.0,"NOTES: This block features an exceptional concentration of dining, shopping, transit, and green space, characterizing it as a highly active, amenity-rich urban center.
DESCRIPTION: This area stands out for its abundance of cafes, shops, grocery stores, gyms, and transit options near the Chrysler Building. It is a lively hub that also offers extensive access to parks, landmarks, and hotels."
316.71,Private room,5.0,2.0,2.0,1.0,1.0,3.0,False,1.0,1.0,2.0,"NOTES: This block features an exceptionally high density of amenities, services, and cultural attractions compared to a typical New York block, indicating a highly urban, central, and tourist-oriented area.

DESCRIPTION: This highly active area stands out for its exceptional abundance of dining, shopping, transit, and green spaces, while also featuring the nearby Chrysler Building."
1172.49,Entire home/apt,5.0,6.0,3.0,3.0,2.5,5.0,True,3.0,2.5,5.5,"NOTES: This block features an exceptionally high density of amenities across all categories including dining, nightlife, culture, and recreation, indicating a highly active urban hub.

DESCRIPTION: This area is a highly active urban hub featuring an abundance of dining, nightlife, shopping, and cultural attractions. Residents benefit from exceptional access to parks, museums, and grocery stores."
751.17,Entire home/apt,5.0,8.0,3.0,3.0,3.0,2.0,True,3.0,3.0,6.0,"NOTES: High density of hotels, landmarks, museums, pharmacies, shops, and transit; this is a bustling, tourist-centric urban hub.
DESCRIPTION: This block is a bustling urban hub defined by a high density of hotels, landmarks, museums, pharmacies, shops, and transit options."
788.57,Private room,5.0,3.0,1.0,1.0,1.0,6.0,False,1.0,1.0,2.0,"NOTES: High density of landmarks, green space, cafes, entertainment, gyms, hotels, museums, shops, and transit indicates a bustling tourist and cultural hub.
DESCRIPTION: This block stands out as a vibrant cultural hub with an abundance of landmarks, green space, entertainment, and transit options near Central Park and Carnegie Hall."
512.39,Entire home/apt,4.9,4.0,3.0,2.0,1.0,105.0,True,2.0,1.0,3.0,"NOTES: This block is a highly dense, vibrant urban hub characterized by an exceptional concentration of nightlife, dining, cafes, and entertainment, situated near Union Square.
DESCRIPTION: Located near Union Square, this block stands out as a lively urban hub defined by its exceptional density of nightlife, dining, cafes, and entertainment options."
535.97,Entire home/apt,4.68,5.0,3.0,2.0,2.0,76.0,False,2.0,2.0,4.0,"NOTES: This block features an exceptionally high density of pharmacies, dining, grocery stores, museums, galleries, shops, and transit, identifying it as a highly active urban hub.

DESCRIPTION: This block stands out as a highly active urban hub due to its exceptional concentration of pharmacies, dining, grocery stores, museums, galleries, shops, and transit options."
123.53,Private room,4.88,3.0,1.0,1.0,1.0,85.0,False,1.0,1.0,2.0,"NOTES: High density of bars, nightlife, dining, entertainment, gyms, hotels, museums, and shops; urban commercial hub.
DESCRIPTION: This block functions as a vibrant commercial hub featuring an extensive concentration of nightlife, dining, entertainment, fitness, and cultural destinations."
549.0,Hotel room,4.74,2.0,2.0,1.0,1.0,39.0,False,1.0,1.0,2.0,"NOTES: High density of gyms, cafes, dining, landmarks, museums, shops, and transit, with limited green space; urban cultural and commercial hub.
DESCRIPTION: This block functions as a vibrant commercial and cultural hub defined by an exceptional concentration of dining, shopping, transit, and cultural institutions despite a lack of green space."
640.13,Entire home/apt,5.0,6.0,4.0,3.0,1.5,1.0,False,3.0,1.5,4.5,"NOTES: High density of bars, nightlife, cafes, dining, grocery stores, gyms, hotels, landmarks, and parks indicates a vibrant, highly developed urban hub.
DESCRIPTION: This block stands out as a vibrant urban hub due to its exceptional concentration of nightlife, dining, cafes, grocery stores, gyms, hotels, landmarks, and parks."
520.0,Private room,4.54,4.0,2.0,1.0,1.0,13.0,True,1.0,1.0,2.0,"NOTES: This block features an exceptionally high density of amenities, transit, and cultural attractions, indicating a vibrant, highly accessible urban hub.
DESCRIPTION: This area stands out for its exceptional access to transit, dining, shops, and entertainment near the Chrysler Building and Central Park."
387.17,Entire home/apt,4.8,6.0,5.0,4.0,3.0,5.0,False,4.0,3.0,7.0,"NOTES: This area is a high-density urban hub featuring an exceptional concentration of entertainment, nightlife, dining, grocery stores, hotels, landmarks, and transit options.
DESCRIPTION: This block functions as a vibrant urban hub defined by its extensive selection of entertainment, nightlife, dining, hotels, and landmarks alongside superior transit access and grocery options."
276.57,Entire home/apt,5.0,5.0,3.0,3.0,2.0,2.0,False,3.0,2.0,5.0,"NOTES: This block features an exceptionally high density of entertainment, nightlife, dining, grocery options, hotels, landmarks, and transit, identifying it as a highly active, tourist-centric urban hub.
DESCRIPTION: This block stands out as a vibrant urban hub with an exceptional concentration of entertainment, nightlife, dining, hotels, landmarks, and transit options."
373.06,Entire home/apt,5.0,5.0,5.0,3.0,2.0,9.0,False,3.0,2.0,5.0,"NOTES: High density of bars, nightlife, cafes, entertainment, hotels, landmarks, museums, shops, and transit indicates a vibrant, tourist-heavy urban core.
DESCRIPTION: This block stands out as a bustling urban center with an exceptional concentration of nightlife, entertainment, cultural landmarks, and transit options."
257.27,Entire home/apt,3.0,2.0,1.0,1.0,1.0,1.0,False,1.0,1.0,2.0,"NOTES: This block features an exceptionally high density of dining, nightlife, shopping, and cultural venues, characterizing it as a bustling, high-energy urban hub.
DESCRIPTION: This lively area stands out for its abundant grocery stores, nightlife, cafes, dining, entertainment, and galleries, all situated near Washington Square Park."
302.36,Private room,4.57,4.0,2.0,1.0,1.0,251.0,True,1.0,1.0,2.0,"NOTES: This area is a high-density, tourist-centric urban hub featuring exceptional concentrations of landmarks, transit, nightlife, dining, and cultural institutions.
DESCRIPTION: This block stands out as a vibrant urban hub with an exceptional concentration of landmarks like the 9/11 Memorial & Museum, Manhattan Bridge, Battery Park, and One World Observatory, alongside a dense array of transit, nightlife, and cultural amenities."
272.94,Entire home/apt,2.0,3.0,2.0,1.0,1.0,1.0,True,1.0,1.0,2.0,"NOTES: This block features an exceptionally high concentration of dining, entertainment, museums, shops, and transit, identifying it as a vibrant urban cultural hub.

DESCRIPTION: This block stands out as a lively urban center with an abundance of cafes, dining, entertainment, museums, and transit options."
296.97,Entire home/apt,5.0,5.0,2.0,2.0,2.0,4.0,False,2.0,2.0,4.0,"NOTES: This block features an exceptional density of landmarks, green space, cafes, entertainment, gyms, hotels, museums, shops, and transit, identifying it as a highly active, tourist-centric urban hub.

DESCRIPTION: This block stands out as a vibrant hub near Central Park, Carnegie Hall, and Columbus Circle due to its exceptional concentration of landmarks, green space, entertainment, and transit options."
713.0,Entire home/apt,4.91,6.0,3.0,2.0,2.0,11.0,False,2.0,2.0,4.0,"NOTES: High density of nightlife, dining, entertainment, fitness, culture, and green space; this is a vibrant, highly active urban hub.
DESCRIPTION: This lively area near Washington Square Park stands out for its exceptional concentration of nightlife, dining, entertainment, and cultural venues alongside abundant green space and fitness facilities."
166.06,Entire home/apt,4.75,4.0,2.0,2.0,2.0,8.0,False,2.0,2.0,4.0,"NOTES: High density of gyms, dining, grocery stores, hotels, museums, galleries, and shops; limited green space; urban commercial hub.
DESCRIPTION: This block functions as a dense urban commercial hub featuring an abundance of dining, shopping, hotels, and cultural institutions. While the area offers extensive amenities and services, it provides notably limited access to parks and green space."
2282.36,Entire home/apt,4.94,6.0,3.0,3.0,3.0,68.0,True,3.0,3.0,6.0,"NOTES: High density of nightlife, dining, cafes, shops, and cultural institutions; this is a vibrant, highly active urban commercial and cultural hub.
DESCRIPTION: This block stands out as a vibrant urban center defined by its exceptionally high density of nightlife, dining, cafes, shops, and cultural venues. It offers an elevated level of convenience and activity compared to a typical New York block."
152.13,Entire home/apt,4.2,2.0,1.0,1.0,1.0,5.0,True,1.0,1.0,2.0,"NOTES: This block features an exceptionally high density of gyms, sports facilities, cafes, dining, entertainment, landmarks, museums, galleries, shops, and transit, identifying it as a highly active urban cultural and commercial hub.

DESCRIPTION: This block stands out as a vibrant urban hub defined by its exceptional concentration of cultural landmarks, museums, entertainment venues, and diverse dining and shopping options."
312.33,Entire home/apt,4.75,4.0,2.0,2.0,1.0,85.0,True,2.0,1.0,3.0,"NOTES: High density of nightlife, dining, entertainment, groceries, and hotels indicates a bustling, tourist-heavy urban hub.
DESCRIPTION: This block stands out as a lively urban hub defined by its exceptional concentration of nightlife, dining, entertainment, hotels, and grocery stores."
552.94,Entire home/apt,5.0,2.0,1.0,1.0,1.0,28.0,True,1.0,1.0,2.0,"NOTES: This block features an exceptionally high density of nightlife, dining, entertainment, cultural institutions, transit, and green space, characterizing it as a vibrant, high-traffic urban hub.

DESCRIPTION: Located near Union Square, this block stands out as a lively urban center defined by its exceptional concentration of dining, nightlife, entertainment, and transit options."
655.84,Private room,4.61,2.0,1.0,1.0,1.0,72.0,False,1.0,1.0,2.0,"NOTES: This area is a highly active cultural and transit hub featuring an abundance of landmarks, green space, museums, galleries, shops, cafes, hotels, and entertainment venues.
DESCRIPTION: This block stands out as a vibrant cultural and transit hub located near Central Park and Carnegie Hall, offering an exceptional density of landmarks, green space, museums, galleries, shops, and entertainment options."
374.68,Entire home/apt,4.83,4.0,2.0,1.0,1.0,12.0,True,1.0,1.0,2.0,"NOTES: High density of landmarks, green space, cultural institutions, and commercial amenities; this is a prominent, high-activity tourist and cultural district.
DESCRIPTION: This block stands out for its abundant landmarks, green space, and cultural venues, including nearby Central Park and Carnegie Hall. It also features a high concentration of shops, cafes, gyms, hotels, and entertainment options."
1664.0,Entire home/apt,4.85,6.0,3.0,2.0,2.0,47.0,True,2.0,2.0,4.0,"NOTES: This block features an exceptional density of landmarks, green spaces, nightlife, dining, and essential services, characterizing it as a bustling, high-amenity urban hub.
DESCRIPTION: Located near Wall Street, South Street Seaport, and Federal Hall, this block stands out for its abundant landmarks, parks, and extensive selection of shops, cafes, and entertainment venues."
451.7,Entire home/apt,5.0,2.0,2.0,2.0,1.0,1.0,False,2.0,1.0,3.0,"NOTES: This block features an exceptionally high concentration of nightlife, dining, cafes, grocery stores, gyms, hotels, parks, and landmarks, indicating a highly active, dense urban center.
DESCRIPTION: This block stands out as a highly active urban center with an abundance of nightlife, dining, cafes, grocery stores, gyms, hotels, parks, and landmarks."
136.8,Entire home/apt,4.67,2.0,3.0,1.0,1.0,3.0,False,1.0,1.0,2.0,"NOTES: High concentration of nightlife, dining, entertainment, grocery stores, and hotels; urban commercial and tourist hub.
DESCRIPTION: This block functions as a vibrant commercial and tourist hub characterized by an abundance of nightlife, dining, entertainment, grocery stores, and hotels."
245.16,Entire home/apt,5.0,4.0,2.0,2.0,1.0,11.0,True,2.0,1.0,3.0,"NOTES: This block features an exceptionally high density of cafes, dining, entertainment, gyms, landmarks, museums, shops, and transit, indicating a highly active, central urban hub.

DESCRIPTION: This block stands out as a vibrant urban hub with an exceptional concentration of dining, entertainment, cultural landmarks, and transit options."
262.73,Entire home/apt,5.0,2.0,1.0,1.0,1.0,6.0,True,1.0,1.0,2.0,"NOTES: This block features an exceptionally high density of cafes, dining, entertainment, gyms, landmarks, museums, shops, and transit, indicating a highly active, urban cultural hub.

DESCRIPTION: This block stands out as a vibrant urban center defined by its exceptional concentration of dining, entertainment, cultural institutions, and transit access."
1061.33,Entire home/apt,4.9,4.0,2.0,2.0,1.0,20.0,True,2.0,1.0,3.0,"NOTES: This block features an exceptionally high concentration of nightlife, entertainment, cultural institutions, transit, and retail, identifying it as a dense, high-activity urban center.
DESCRIPTION: This area stands out for its vibrant density of bars, entertainment venues, museums, shops, and transit options. It offers extensive access to parks, hotels, and cafes while maintaining a quiet profile regarding pharmacies."
1223.67,Entire home/apt,4.8,6.0,3.0,3.0,2.0,41.0,True,3.0,2.0,5.0,"NOTES: This block features an exceptionally high density of landmarks, transit, retail, dining, and recreational amenities, indicating a high-traffic urban tourist and commercial hub.

DESCRIPTION: This area stands out as a vibrant urban center with an abundance of landmarks, shops, transit, and entertainment options near Central Park, Battery Park, Manhattan Bridge, and South Street Seaport."
766.67,Entire home/apt,4.82,4.0,2.0,2.0,2.0,22.0,True,2.0,2.0,4.0,"NOTES: High concentration of cultural landmarks, transit, green space, and amenities; this is a bustling, tourist-heavy urban hub.

DESCRIPTION: This block stands out as a bustling urban hub featuring an exceptional density of landmarks like the 9/11 Memorial & Museum, Manhattan Bridge, Battery Park, and One World Observatory. It offers a vibrant atmosphere defined by an abundance of transit, parks, hotels, and diverse shopping and dining options."
199.63,Entire home/apt,4.67,2.0,1.0,1.0,1.0,87.0,True,1.0,1.0,2.0,"NOTES: High density of bars, nightlife, cafes, entertainment, groceries, gyms, hotels, landmarks, museums, shops, and transit; urban commercial hub.
DESCRIPTION: This block functions as a bustling urban commercial hub featuring an exceptional concentration of nightlife, entertainment, shopping, and transit options."
206.07,Entire home/apt,5.0,3.0,3.0,1.0,1.0,3.0,True,1.0,1.0,2.0,"NOTES: High density of nightlife, dining, cafes, grocery stores, hotels, landmarks, and green space; urban commercial and tourist hub.
DESCRIPTION: This block stands out as a vibrant urban hub featuring an exceptional concentration of dining, nightlife, cafes, grocery stores, hotels, landmarks, and green space."
336.65,Entire home/apt,4.79,2.0,1.0,1.0,1.0,78.0,True,1.0,1.0,2.0,"NOTES: This block features an exceptionally high density of gyms, sports facilities, entertainment venues, landmarks, museums, galleries, and shops, indicating a highly active, tourist-oriented urban hub.

DESCRIPTION: This block stands out as a vibrant urban hub defined by a high concentration of cultural landmarks, museums, galleries, and entertainment venues. It is further distinguished by an abundance of gyms, sports facilities, and shops that exceed the typical New York block."
77.52,Entire home/apt,5.0,1.0,1.0,1.0,1.0,2.0,True,1.0,1.0,2.0,"NOTES: This block features an exceptionally high concentration of cafes, dining, entertainment, gyms, landmarks, museums, shops, and transit, characterizing it as a dense, vibrant urban core.

DESCRIPTION: This block stands out for its exceptional density of dining, entertainment, museums, shops, and transit options. It functions as a highly active urban center with extensive access to cultural landmarks and fitness facilities."
364.01,Entire home/apt,4.95,2.0,1.0,1.0,1.0,19.0,False,1.0,1.0,2.0,"NOTES: This block features an exceptionally high concentration of cafes, dining, entertainment, gyms, landmarks, museums, shops, and transit, indicating a highly urbanized and vibrant cultural hub.

DESCRIPTION: This block stands out as a bustling urban center defined by its dense array of dining, entertainment, cultural institutions, and transit options."
387.0,Private room,4.83,2.0,1.0,1.0,1.0,6.0,False,1.0,1.0,2.0,"NOTES: Abundant landmarks, green space, transit, and amenities including nightlife, cafes, groceries, gyms, hotels, and museums suggest a highly developed, dense urban hub.
DESCRIPTION: This block is an exceptionally dense urban hub featuring abundant landmarks, green space, and transit, alongside a high concentration of amenities like Wall Street, Federal Hall, Battery Park, and South Street Seaport."
230.3,Entire home/apt,4.5,3.0,1.0,1.0,1.0,12.0,False,1.0,1.0,2.0,"NOTES: High density of bars, nightlife, dining, entertainment, groceries, gyms, hotels, landmarks, and pharmacies; bustling urban center.
DESCRIPTION: This block is a bustling urban center featuring an exceptional concentration of nightlife, dining, entertainment, and essential services near Central Park."
299.29,Entire home/apt,4.86,6.0,3.0,2.0,2.0,14.0,False,2.0,2.0,4.0,"NOTES: This block features an exceptional concentration of landmarks, green space, transit, and amenities, indicating a highly developed, tourist-centric urban hub.
DESCRIPTION: This area stands out for its high density of landmarks, parks, and transit options, including nearby Wall Street, Federal Hall, and Battery Park. It is a vibrant hub with an abundance of dining, shopping, and entertainment venues."
265.5,Entire home/apt,4.0,4.0,2.0,1.0,1.0,4.0,False,1.0,1.0,2.0,"NOTES: This block is a highly dense, vibrant urban hub featuring an abundance of dining, shopping, transit, and cultural attractions including Chrysler Building and Grand Central Terminal.
DESCRIPTION: This exceptionally lively area stands out for its high concentration of cafes, shops, museums, and transit options, anchored by landmarks such as Chrysler Building and Grand Central Terminal."
179.46,Entire home/apt,4.5,2.0,1.0,1.0,1.0,8.0,True,1.0,1.0,2.0,"NOTES: High density of nightlife, dining, entertainment, grocery stores, hotels, and landmarks; urban commercial and tourist hub.
DESCRIPTION: This block stands out as a bustling commercial and tourist hub characterized by an exceptional concentration of nightlife, dining, entertainment venues, hotels, and landmarks."
514.5,Entire home/apt,4.67,6.0,2.0,2.0,2.0,3.0,False,2.0,2.0,4.0,"NOTES: This is a highly dense, tourist-centric urban hub characterized by an exceptional concentration of landmarks, green spaces, transit access, and commercial amenities.

DESCRIPTION: This block stands out as a bustling urban hub featuring an abundance of landmarks, parks, and transit options, alongside a high density of cafes, shops, and museums. Nearby attractions include Federal Hall, Manhattan Bridge, 9/11 Memorial & Museum, and Battery Park."
932.0,Hotel room,5.0,2.0,1.0,1.0,1.0,3.0,False,1.0,1.0,2.0,"NOTES: High concentration of museums, galleries, parks, hotels, landmarks, shops, and transit; sparse grocery stores; area type: cultural and tourist-heavy urban hub.

DESCRIPTION: This block stands out as a cultural and tourist-heavy urban hub, featuring exceptional access to museums, galleries, parks, landmarks, and transit near Central Park and Central Park Zoo. While the area offers abundant hotels and shops, it remains quiet regarding grocery stores."
272.94,Entire home/apt,4.79,6.0,3.0,2.0,1.0,85.0,True,2.0,1.0,3.0,"NOTES: This block features an exceptionally high concentration of pharmacies, dining, hotels, landmarks, museums, and shops, indicating a bustling tourist and cultural hub.
DESCRIPTION: This area stands out as a vibrant cultural and commercial center with an abundance of pharmacies, dining, hotels, landmarks, museums, and shops."
166.6,Entire home/apt,4.9,2.0,2.0,1.0,1.0,331.0,False,1.0,1.0,2.0,"NOTES: This block features an exceptionally high density of nightlife, green space, dining, cultural institutions, and retail, while transit access is limited, suggesting a vibrant, amenity-rich destination neighborhood.
DESCRIPTION: This block stands out for its high concentration of bars, parks, dining, and cultural venues, though it offers less convenient access to transit than a typical New York block."
336.0,Private room,4.96,2.0,1.0,1.0,1.0,48.0,False,1.0,1.0,2.0,"NOTES: Abundant green space and high density of dining, hotels, transit, and landmarks indicate a bustling, amenity-rich urban center.
DESCRIPTION: This block stands out for its extensive green space and high concentration of dining, hotels, transit, and landmarks near the Chrysler Building."
70.25,Private room,4.54,2.0,1.0,1.0,1.0,194.0,False,1.0,1.0,2.0,"NOTES: This block features an exceptional concentration of grocery stores, museums, galleries, pharmacies, shops, and transit access, indicating a highly dense, amenity-rich urban hub.
DESCRIPTION: This area stands out for its high density of grocery stores, museums, galleries, pharmacies, and shops, with convenient access to subway and transit near Washington Square Park and Central Park."
267.0,Entire home/apt,4.43,2.0,2.0,1.0,1.0,166.0,False,1.0,1.0,2.0,"NOTES: This block features an exceptionally high density of nightlife, dining, entertainment, groceries, fitness facilities, hotels, landmarks, parks, shops, and transit, with elevated access to cafes and museums, indicating a highly active urban hub.
DESCRIPTION: This vibrant area near Union Square stands out for its exceptional concentration of dining, nightlife, entertainment, shopping, and transit options."
212.0,Entire home/apt,4.7,2.0,3.0,1.0,1.0,47.0,False,1.0,1.0,2.0,"NOTES: This block features an exceptionally high density of nightlife, dining, entertainment, groceries, fitness, hotels, landmarks, parks, shops, and transit, with additional cultural amenities, characterizing it as a bustling urban hub near Union Square.

DESCRIPTION: This exceptionally lively area near Union Square stands out for its extensive concentration of dining, nightlife, entertainment, shopping, and transit options. It is further distinguished by its abundant access to parks, landmarks, and fitness facilities."
217.0,Entire home/apt,4.45,2.0,2.0,1.0,1.0,131.0,False,1.0,1.0,2.0,"NOTES: This block features an exceptionally high density of nightlife, dining, entertainment, groceries, fitness facilities, hotels, landmarks, parks, shops, and transit, with elevated access to cafes and museums, characterizing it as a bustling urban hub.
DESCRIPTION: Located near Union Square, this block stands out as a vibrant urban hub with an abundance of dining, nightlife, entertainment, shopping, and transit options."
234.88,Entire home/apt,4.94,4.0,1.0,1.0,1.0,18.0,False,1.0,1.0,2.0,"NOTES: Abundant green space, extensive dining, hotel, transit, and landmark options define this highly active, tourist-centric urban hub.
DESCRIPTION: This area stands out with its exceptional concentration of parks, dining, hotels, and transit options near the Chrysler Building."
270.0,Entire home/apt,4.64,3.0,2.0,1.0,1.0,148.0,False,1.0,1.0,2.0,"NOTES: High density of nightlife, dining, entertainment, groceries, gyms, hotels, landmarks, parks, shops, and transit, with elevated access to cafes and museums; this is a highly active, central urban hub.
DESCRIPTION: This block is a highly active urban hub near Union Square that stands out for its exceptional concentration of nightlife, dining, entertainment, shopping, and transit options."
66.78,Shared room,4.68,1.0,1.0,1.0,1.0,264.0,False,1.0,1.0,2.0,"NOTES: This block is an exceptionally dense commercial and recreational hub featuring abundant gyms, dining, cafes, shops, and landmarks, but it lacks nearby parks and green space.
DESCRIPTION: This area stands out as a bustling destination filled with extensive options for fitness, dining, shopping, and sightseeing. While the block offers superior access to transit and daily conveniences, it is notable for the complete absence of nearby parks and green space."
185.92,Entire home/apt,4.69,2.0,1.0,1.0,1.0,13.0,True,1.0,1.0,2.0,"NOTES: High concentration of gyms, landmarks, museums, pharmacies, and shops; urban commercial and cultural hub.
DESCRIPTION: This block stands out as a vibrant urban hub defined by its exceptional density of cultural landmarks, museums, shops, and fitness facilities."
156.73,Entire home/apt,4.5,2.0,1.0,1.0,1.0,6.0,False,1.0,1.0,2.0,"NOTES: This block features an exceptionally high density of nightlife, dining, entertainment, groceries, gyms, landmarks, and pharmacies, identifying it as a vibrant, high-activity urban hub near Central Park.

DESCRIPTION: This exceptionally lively block near Central Park stands out for its high concentration of nightlife, dining, entertainment, groceries, gyms, and landmarks."
135.18,Entire home/apt,4.95,2.0,1.0,1.0,1.0,20.0,True,1.0,1.0,2.0,"NOTES: High density of gyms, landmarks, museums, pharmacies, and shops suggests a bustling, amenity-rich urban center.
DESCRIPTION: This block stands out as a highly active urban center featuring an exceptional concentration of landmarks, museums, shops, and fitness facilities."
404.68,Entire home/apt,4.95,3.0,2.0,1.0,1.0,139.0,True,1.0,1.0,2.0,"NOTES: High concentration of bars, nightlife, dining, gyms, sports, hotels, museums, galleries, pharmacies, and shops; urban commercial and cultural hub.
DESCRIPTION: This block functions as a vibrant commercial and cultural hub defined by an exceptional density of nightlife, dining, fitness facilities, hotels, museums, galleries, pharmacies, and retail shops."
199.13,Entire home/apt,4.0,2.0,1.0,1.0,1.0,9.0,False,1.0,1.0,2.0,"NOTES: This block features an exceptionally high concentration of nightlife, dining, entertainment, grocery stores, gyms, landmarks, and transit, identifying it as a highly dense, urban commercial hub.

DESCRIPTION: This block stands out for its vibrant concentration of dining, nightlife, entertainment, grocery stores, gyms, and transit options. It also offers an elevated presence of cafes, hotels, museums, galleries, and shops."
319.77,Entire home/apt,4.0,3.0,1.0,1.0,1.0,2.0,False,1.0,1.0,2.0,"NOTES: High density of bars, nightlife, dining, gyms, sports, museums, galleries, pharmacies, and shops; this is a highly active, amenity-rich urban center.
DESCRIPTION: This block is a highly active urban center defined by an exceptional concentration of dining, nightlife, shopping, and cultural amenities."
298.7,Entire home/apt,4.67,3.0,1.0,1.0,1.0,3.0,False,1.0,1.0,2.0,"NOTES: This block features an exceptional concentration of nightlife, entertainment, hotels, landmarks, and transit, identifying it as a high-energy tourist and cultural hub.

DESCRIPTION: This block stands out as a vibrant destination defined by its wealth of nightlife, entertainment venues, hotels, landmarks, and transit options."
1523.5,Entire home/apt,4.95,2.0,4.0,3.0,3.0,59.0,True,3.0,3.0,6.0,"NOTES: This block features an exceptionally high concentration of nightlife, dining, entertainment, and grocery options, characterizing it as a dense, highly active urban hub.
DESCRIPTION: This area is a bustling urban hub defined by its exceptional abundance of nightlife, dining, entertainment venues, and grocery stores."
189.76,Entire home/apt,4.92,2.0,1.0,1.0,1.0,12.0,False,1.0,1.0,2.0,"NOTES: High concentration of nightlife, dining, entertainment, grocery stores, and hotels; area type is a high-density, amenity-rich urban hub.
DESCRIPTION: This block stands out as a high-density urban hub featuring an exceptional abundance of nightlife, dining, entertainment, grocery stores, and hotels."
371.49,Entire home/apt,5.0,4.0,1.0,1.0,2.0,2.0,True,1.0,2.0,3.0,"NOTES: High concentration of hotels, landmarks, museums, pharmacies, shops, and transit options; this is a dense, tourist-oriented urban hub.
DESCRIPTION: This block stands out as a dense urban hub featuring an exceptional concentration of hotels, landmarks, museums, shops, and transit options."
634.18,Entire home/apt,5.0,4.0,2.0,2.0,1.0,3.0,False,2.0,1.0,3.0,"NOTES: This block is a highly dense, vibrant cultural and recreational hub featuring an exceptional concentration of dining, entertainment, museums, and green space near Washington Square Park.
DESCRIPTION: This area stands out for its exceptional density of dining, entertainment, museums, and green space located near Washington Square Park."
88.31,Entire home/apt,4.87,2.0,2.0,1.0,1.0,180.0,True,1.0,1.0,2.0,"NOTES: High density of pharmacies, dining, grocery stores, shops, nightlife, entertainment, hotels, and transit, with minimal green space; this is a bustling commercial and transit-oriented urban hub.
DESCRIPTION: This block stands out as a highly active commercial and transit hub featuring an abundance of shops, dining, and nightlife options. It offers extensive access to pharmacies and transit, though it provides very little in the way of parks or green space."
165.93,Entire home/apt,4.5,2.0,1.0,1.0,1.0,6.0,False,1.0,1.0,2.0,"NOTES: This block features exceptionally high concentrations of nightlife, dining, entertainment, grocery stores, and transit, characterizing it as a highly dense, urban, and active metropolitan hub.
DESCRIPTION: This block stands out as a bustling urban center with an exceptional abundance of nightlife, dining, entertainment, grocery stores, and transit options."
656.18,Entire home/apt,4.95,3.0,2.0,1.0,1.5,177.0,True,1.0,1.5,2.5,"NOTES: Abundant green space, high density of cultural, hospitality, and fitness amenities; this is a highly active, tourist-oriented urban center.
DESCRIPTION: This block stands out for its exceptional concentration of parks, hotels, museums, and entertainment venues near Central Park, Carnegie Hall, and Columbus Circle. The area is also defined by its lively selection of cafes, gyms, and transit options."
363.2,Entire home/apt,5.0,3.0,2.0,1.0,1.0,1.0,False,1.0,1.0,2.0,"NOTES: High density of bars, nightlife, dining, gyms, sports, landmarks, sights, museums, galleries, pharmacies, and shops indicates a vibrant, high-activity urban destination.
DESCRIPTION: This block stands out as a high-activity urban destination due to its exceptional concentration of nightlife, dining, fitness facilities, landmarks, museums, and retail options."
248.37,Entire home/apt,4.0,4.0,2.0,2.0,1.0,1.0,True,2.0,1.0,3.0,"NOTES: Abundant green space, high density of nightlife, dining, shopping, transit, and cultural landmarks; this is a vibrant, amenity-rich urban hub.
DESCRIPTION: This area stands out for its exceptional concentration of parks, transit, nightlife, and cultural landmarks near South Street Seaport, Wall Street, and Federal Hall."
764.59,Entire home/apt,4.76,5.0,3.0,2.0,1.0,117.0,True,2.0,1.0,3.0,"NOTES: This block features an exceptional concentration of dining, cafes, grocery stores, hotels, landmarks, museums, and parks, indicating a highly developed cultural and tourist hub.
DESCRIPTION: This area is defined by its abundance of cafes, dining, grocery stores, hotels, landmarks, museums, and parks, with the Chrysler Building located nearby."
287.63,Entire home/apt,4.5,3.0,2.0,1.0,1.0,4.0,False,1.0,1.0,2.0,"NOTES: High density of landmarks, dining, retail, and transit; urban commercial hub.
DESCRIPTION: This block stands out as a bustling urban hub with an exceptional concentration of landmarks like the Chrysler Building, dining, and essential services. It offers far more amenities and cultural attractions than a typical New York block."
295.0,Entire home/apt,5.0,4.0,4.0,2.0,1.0,1.0,False,2.0,1.0,3.0,"NOTES: High density of nightlife, cafes, gyms, and shops; urban commercial and entertainment district.
DESCRIPTION: This block stands out as a lively commercial and entertainment district defined by its abundance of nightlife, cafes, gyms, and shops."
234.98,Entire home/apt,4.53,3.0,1.0,1.0,1.0,15.0,False,1.0,1.0,2.0,"NOTES: This block is a highly active urban hub featuring exceptional nightlife, dining, and transit access, with elevated levels of entertainment, retail, services, and green space near Union Square.
DESCRIPTION: Located near Union Square, this block stands out as a vibrant urban hub with an exceptional concentration of nightlife and dining options alongside extensive transit, retail, and entertainment amenities."
224.57,Entire home/apt,4.89,4.0,2.0,1.0,1.0,9.0,False,1.0,1.0,2.0,"NOTES: High density of nightlife, dining, entertainment, grocery stores, hotels, and landmarks; urban commercial and tourist hub.
DESCRIPTION: This block stands out as a bustling urban hub with an exceptional concentration of nightlife, dining, entertainment venues, hotels, and landmarks."
331.87,Entire home/apt,4.71,6.0,4.0,4.0,3.0,7.0,False,4.0,3.0,7.0,"NOTES: High density of nightlife, dining, entertainment, grocery stores, hotels, and landmarks indicates a bustling tourist and commercial hub.
DESCRIPTION: This block stands out as a bustling destination due to its exceptional concentration of nightlife, dining, entertainment venues, grocery stores, hotels, and landmarks."
217.35,Entire home/apt,4.67,2.0,1.0,1.0,1.0,6.0,False,1.0,1.0,2.0,"NOTES: High density of hotels, landmarks, museums, pharmacies, shops, and transit access define this as a bustling, tourist-focused urban hub.
DESCRIPTION: This block stands out as a lively hub with an abundance of hotels, landmarks, museums, pharmacies, shops, and transit access near Central Park."
1255.29,Entire home/apt,4.76,8.0,4.0,3.0,1.5,29.0,True,3.0,1.5,4.5,"NOTES: This block features a lively concentration of bars, nightlife, dining, and grocery stores alongside elevated access to entertainment, fitness, culture, transit, and green space, characterizing it as a highly dense, amenity-rich urban hub.
DESCRIPTION: This block stands out as a lively urban hub with a high concentration of nightlife, dining, and grocery options complemented by abundant access to entertainment, cultural landmarks, and transit."
468.0,Entire home/apt,4.91,2.0,1.0,1.0,1.0,92.0,False,1.0,1.0,2.0,"NOTES: This block features a high density of nightlife, cafes, museums, galleries, and shops, indicating a vibrant urban cultural and commercial hub.

DESCRIPTION: This block stands out as a lively urban hub defined by its exceptional concentration of nightlife, cafes, museums, galleries, and shops."
218.0,Private room,4.74,2.0,2.0,1.0,1.0,93.0,False,1.0,1.0,2.0,"NOTES: High density of nightlife, dining, cafes, and shops; lacks nearby parks; urban commercial area.
DESCRIPTION: This block is a lively urban commercial hub defined by its extensive concentration of nightlife, dining, cafes, and shops. The area stands out for its lack of nearby parks and green space."
1077.63,Entire home/apt,5.0,6.0,3.0,3.0,2.5,2.0,True,3.0,2.5,5.5,"NOTES: High density of dining, gyms, hotels, landmarks, and museums suggests a prime tourist and cultural hub.
DESCRIPTION: This block stands out as a vibrant cultural and tourist destination due to its exceptional concentration of dining, hotels, museums, and landmarks."
421.0,Private room,4.38,2.0,1.0,1.0,1.0,21.0,False,1.0,1.0,2.0,"NOTES: High density of bars, nightlife, dining, grocery stores, landmarks, and parks suggests a highly active, amenity-rich urban center.
DESCRIPTION: This block stands out as a highly active urban center with an exceptional concentration of dining, nightlife, grocery stores, landmarks, and green spaces."
238.05,Entire home/apt,5.0,4.0,2.0,2.0,1.0,2.0,False,2.0,1.0,3.0,"NOTES: This block features an exceptionally high concentration of nightlife, dining, entertainment, and grocery options, characterizing it as a bustling, high-density urban hub.

DESCRIPTION: This block stands out as a vibrant urban hub with an abundance of nightlife, dining, entertainment, and grocery options."
194.7,Entire home/apt,5.0,3.0,1.0,1.0,1.0,4.0,False,1.0,1.0,2.0,"NOTES: High density of nightlife, dining, entertainment, hotels, and landmarks; urban commercial hub.
DESCRIPTION: This block functions as a vibrant urban hub defined by its exceptional concentration of nightlife, dining, entertainment venues, hotels, and landmarks."
232.3,Entire home/apt,5.0,4.0,2.0,2.0,1.0,2.0,False,2.0,1.0,3.0,"NOTES: High density of nightlife, dining, entertainment, hotels, and landmarks; urban tourist and entertainment hub.
DESCRIPTION: This block functions as a vibrant urban hub defined by its exceptional concentration of nightlife, dining, entertainment venues, hotels, and landmarks."
331.87,Entire home/apt,5.0,8.0,4.0,4.0,3.0,2.0,False,4.0,3.0,7.0,"NOTES: This block features an exceptional concentration of nightlife, dining, entertainment, hotels, and landmarks, indicating a highly active tourist and commercial district.

DESCRIPTION: This area stands out as a vibrant hub defined by its dense collection of nightlife, dining, entertainment venues, hotels, and landmarks."
286.9,Entire home/apt,5.0,3.0,1.0,1.0,1.0,1.0,False,1.0,1.0,2.0,"NOTES: Exceptionally high concentration of nightlife, dining, entertainment, and grocery options; urban commercial hub.
DESCRIPTION: This block functions as a vibrant urban hub defined by its exceptional density of nightlife, dining, entertainment venues, and grocery stores."
465.0,Private room,4.93,2.0,1.0,1.0,1.0,14.0,True,1.0,1.0,2.0,"NOTES: This block is a highly active, amenity-rich urban hub featuring exceptional dining, lodging, and cultural landmarks, including Central Park.
DESCRIPTION: This area stands out as a vibrant destination defined by its abundance of cafes, hotels, and landmarks like Central Park."
159.48,Entire home/apt,4.9,2.0,1.0,1.0,1.0,31.0,True,1.0,1.0,2.0,"NOTES: High density of nightlife, cafes, gyms, and shops; low green space; urban commercial hub.
DESCRIPTION: This block functions as a lively urban commercial hub characterized by an abundance of nightlife, cafes, gyms, and shops, though it lacks significant parks and green space."
236.19,Private room,4.86,1.0,1.0,1.0,1.0,152.0,True,1.0,1.0,2.0,"NOTES: High density of dining, grocery stores, gyms, landmarks, and museums; urban cultural and commercial hub.
DESCRIPTION: This block stands out as a vibrant urban hub defined by its exceptional concentration of dining, grocery stores, gyms, landmarks, and museums. The area further distinguishes itself through a lively selection of bars, cafes, entertainment venues, hotels, pharmacies, and shops."
265.5,Entire home/apt,4.71,3.0,3.0,1.0,1.0,7.0,False,1.0,1.0,2.0,"NOTES: Abundance of landmarks, dining, culture, and services; highly developed urban hub.
DESCRIPTION: This block stands out as a highly developed urban hub featuring an exceptional concentration of landmarks like the Chrysler Building, dining, and cultural amenities."
213.4,Entire home/apt,4.8,3.0,2.0,2.0,1.0,153.0,True,2.0,1.0,3.0,"NOTES: High concentration of nightlife, cafes, shops, dining, entertainment, fitness, culture, and transit with minimal green space; urban commercial hub.
DESCRIPTION: This block functions as a dense urban commercial hub defined by its exceptional variety of nightlife, cafes, shops, dining, entertainment, and transit options. It stands out for its vibrant activity levels despite a noticeable lack of parks and green space."
3235.5,Entire home/apt,5.0,12.0,6.0,5.0,5.5,2.0,True,5.0,5.5,10.5,"NOTES: Abundance of pharmacies, cafes, grocery stores, hotels, landmarks, parks, and transit; high concentration of dining, nightlife, entertainment, gyms, museums, and shops; this is a bustling, amenity-rich urban hub.
DESCRIPTION: This block is a bustling hub defined by its exceptional concentration of pharmacies, cafes, grocery stores, hotels, and parks, all located near the Chrysler Building. The area is exceptionally lively, featuring an extensive array of transit options, dining, nightlife, and cultural venues."
136.43,Entire home/apt,5.0,2.0,2.0,2.0,1.0,8.0,True,2.0,1.0,3.0,"NOTES: High density of nightlife, grocery stores, museums, galleries, and parks; this is a vibrant, amenity-rich urban hub.
DESCRIPTION: This block stands out as a vibrant urban hub featuring an abundance of nightlife, grocery stores, museums, galleries, and parks. It also offers a high concentration of dining, entertainment, and shopping options."
224.9,Entire home/apt,4.25,2.0,1.0,1.0,1.0,4.0,False,1.0,1.0,2.0,"NOTES: Exceptional density of dining, fitness, and pharmacies; limited green space; urban commercial hub.
DESCRIPTION: This block functions as a vibrant commercial hub characterized by an exceptional density of dining, fitness, and pharmacy options. While it offers extensive access to daily conveniences and cultural amenities, the area is notably lacking in parks and green space."
326.58,Entire home/apt,5.0,2.0,1.0,1.0,1.0,5.0,True,1.0,1.0,2.0,"NOTES: This block features an abundance of landmarks, green space, cafes, hotels, museums, galleries, shops, and transit, identifying it as a high-density tourist and cultural hub.
DESCRIPTION: This area stands out for its exceptional concentration of landmarks, green space, museums, and shops, including proximity to the 9/11 Memorial & Museum, Manhattan Bridge, and One World Observatory."
167.05,Entire home/apt,5.0,2.0,1.0,1.0,1.0,1.0,False,1.0,1.0,2.0,"NOTES: High concentration of nightlife, cafes, gyms, shops, dining, entertainment, and museums; sparse pharmacies and transit; urban entertainment district.
DESCRIPTION: This block functions as a lively urban entertainment district characterized by an abundance of nightlife, cafes, gyms, shops, dining, and cultural venues. It remains quiet in terms of pharmacies and transit access."
152.13,Entire home/apt,5.0,2.0,1.0,1.0,1.0,6.0,True,1.0,1.0,2.0,"NOTES: This block features an exceptional density of cafes, grocery stores, hotels, landmarks, museums, galleries, parks, and pharmacies, identifying it as a highly developed, tourist-centric urban hub.
DESCRIPTION: This area stands out for its high concentration of cultural landmarks like the Chrysler Building, alongside an abundance of cafes, hotels, museums, and green spaces."
298.7,Entire home/apt,5.0,5.0,2.0,2.0,1.0,1.0,False,2.0,1.0,3.0,"NOTES: High density of cafes, gyms, sports, museums, galleries, and shops; urban commercial and cultural hub.
DESCRIPTION: This block functions as a vibrant commercial and cultural hub defined by an exceptional concentration of cafes, gyms, sports facilities, museums, galleries, and shops."
759.67,Entire home/apt,5.0,6.0,3.0,2.0,2.0,1.0,False,2.0,2.0,4.0,"NOTES: This area is a major tourist and cultural hub, characterized by an exceptionally high density of landmarks, green spaces, museums, hotels, and transit options.
DESCRIPTION: This block stands out as a vibrant cultural and transit hub featuring an abundance of landmarks, parks, museums, and hotels. Nearby attractions include the 9/11 Memorial & Museum, Manhattan Bridge, Battery Park, and Federal Hall."
61.05,Entire home/apt,5.0,1.0,1.0,1.0,1.0,1.0,True,1.0,1.0,2.0,"NOTES: High density of cafes, entertainment, gyms, hotels, shops, and transit; limited green space; urban commercial hub.
DESCRIPTION: This block functions as a vibrant commercial hub featuring an abundance of cafes, entertainment venues, gyms, hotels, shops, and transit options, though it lacks significant green space. Chelsea Market is located nearby."
211.76,Entire home/apt,5.0,3.0,2.0,1.0,1.0,2.0,False,1.0,1.0,2.0,"NOTES: High density of hotels, landmarks, museums, galleries, and pharmacies suggests a major tourist and cultural hub.
DESCRIPTION: This block functions as a prominent cultural and tourist destination characterized by an exceptional concentration of landmarks, museums, galleries, and hotels."
1095.5,Entire home/apt,4.59,6.0,3.0,3.0,2.0,69.0,False,3.0,2.0,5.0,"NOTES: High density of pharmacies, fitness facilities, cultural landmarks, museums, galleries, parks, retail, and transit access; this is a highly active, amenity-rich urban hub.

DESCRIPTION: This block stands out as a vibrant urban hub featuring an exceptional concentration of pharmacies, fitness facilities, cultural landmarks, museums, galleries, parks, and transit options. It also offers an above-average selection of shops, dining, cafes, and nightlife venues."
912.94,Entire home/apt,4.9,8.0,4.0,3.0,2.0,49.0,True,3.0,2.0,5.0,"NOTES: High density of grocery stores, museums, galleries, and shops indicates a vibrant cultural and commercial hub.
DESCRIPTION: This area stands out for its exceptional concentration of grocery stores, museums, galleries, and shops near Washington Square Park."
259.21,Entire home/apt,5.0,2.0,1.0,1.0,1.0,4.0,False,1.0,1.0,2.0,"NOTES: Abundance of green space, high density of cafes, hotels, landmarks, and pharmacies; this is a vibrant, tourist-oriented urban hub.
DESCRIPTION: This block stands out for its exceptional amount of green space and high concentration of cafes, hotels, landmarks, and pharmacies near the Chrysler Building."
449.71,Entire home/apt,5.0,2.0,1.0,1.0,1.0,1.0,False,1.0,1.0,2.0,"NOTES: High concentration of dining, gyms, landmarks, and pharmacies; limited green space; urban commercial hub.
DESCRIPTION: This block functions as a dense urban hub defined by its exceptional access to dining, fitness facilities, landmarks, and pharmacies. While the area offers a wealth of amenities, it is characterized by a notable lack of parks and green space."
169.44,Entire home/apt,4.49,2.0,1.0,1.0,1.0,246.0,True,1.0,1.0,2.0,"NOTES: This area is a highly active urban hub featuring exceptional nightlife, dining, and transit access, suggesting a vibrant commercial and entertainment district.

DESCRIPTION: This vibrant district stands out for its exceptional nightlife and dining options, while also offering convenient access to transit and Union Square."
190.57,Entire home/apt,5.0,1.0,1.0,1.0,1.0,1.0,False,1.0,1.0,2.0,"NOTES: This block features an exceptional density of landmarks, parks, and transit options, alongside a high concentration of dining, nightlife, and retail, characterizing it as a bustling, tourist-heavy urban hub.

DESCRIPTION: Located near Wall Street, Battery Park, and South Street Seaport, this block stands out for its abundance of landmarks, green spaces, and transit access paired with an extensive variety of dining, entertainment, and shopping options."
231.6,Entire home/apt,4.5,4.0,2.0,2.0,1.0,6.0,False,2.0,1.0,3.0,"NOTES: This block features an abundance of nightlife, entertainment, dining, and cultural attractions, indicating a highly active, tourist-centric urban hub.
DESCRIPTION: This block stands out as a vibrant destination defined by its high concentration of nightlife, entertainment venues, dining, and cultural landmarks."
304.27,Entire home/apt,5.0,3.0,1.0,1.0,1.0,1.0,False,1.0,1.0,2.0,"NOTES: High density of pharmacies, fitness facilities, cultural landmarks, museums, galleries, parks, retail, and transit access; this is a highly active, amenity-rich urban hub.

DESCRIPTION: This block stands out for its exceptional concentration of pharmacies, fitness facilities, cultural landmarks, museums, galleries, parks, and transit options. It also offers a vibrant selection of shops, dining, and nightlife compared to a typical New York block."
1433.75,Entire home/apt,5.0,4.0,2.0,2.0,2.0,20.0,True,2.0,2.0,4.0,"NOTES: High concentration of museums, galleries, landmarks, parks, nightlife, and amenities; this is a bustling cultural and tourist hub.
DESCRIPTION: This area stands out as a vibrant cultural and tourist hub featuring a high concentration of museums, galleries, landmarks, and parks alongside numerous shops and entertainment venues. Notable nearby locations include The High Line, Central Park, Hudson Yards, Whitney Museum of American Art, Chelsea Market, and the Empire State Building."
121.07,Private room,4.69,2.0,1.0,1.0,1.0,139.0,False,1.0,1.0,2.0,"NOTES: This block is a dense commercial and lifestyle hub characterized by an exceptional concentration of pharmacies, dining, and fitness facilities, alongside elevated access to nightlife, retail, transit, and culture, but it lacks any nearby parks or green space.

DESCRIPTION: This area stands out as a highly active commercial and lifestyle destination featuring an abundance of pharmacies, dining options, and gyms. Residents benefit from extensive access to nightlife, cultural venues, and transit, though the block is notable for its complete absence of parks or green space."
184.37,Entire home/apt,4.78,2.0,2.0,1.0,1.0,45.0,True,1.0,1.0,2.0,"NOTES: Abundant green space and high concentrations of entertainment, fitness, landmarks, retail, transit, and nightlife indicate a vibrant, tourist-heavy cultural hub.
DESCRIPTION: This block stands out for its exceptional access to parks, entertainment, and landmarks like Central Park, The Dakota, and Lincoln Center. It also features a high density of shops, gyms, and transit options compared to a typical New York block."
126.99,Entire home/apt,4.36,2.0,2.0,1.0,1.0,11.0,False,1.0,1.0,2.0,"NOTES: Highly active nightlife, dining, shopping, and fitness scene with limited transit and pharmacy access; this is a dense, lively commercial and entertainment district.
DESCRIPTION: This block is a lively hub for nightlife, dining, shopping, and fitness, though it suffers from limited subway access and few pharmacies."
237.83,Entire home/apt,5.0,4.0,2.0,1.0,1.0,2.0,True,1.0,1.0,2.0,"NOTES: High density of entertainment, sports, landmarks, and parks suggests a vibrant, tourist-centric urban hub.
DESCRIPTION: This area stands out for its exceptional concentration of entertainment venues, sports facilities, landmarks, and parks, including proximity to Waldorf Astoria and Central Park."
63.95,Entire home/apt,4.86,1.0,1.0,1.0,1.0,7.0,True,1.0,1.0,2.0,"NOTES: High density of cafes, entertainment, hotels, shops, and transit, with elevated dining, nightlife, fitness, cultural, and pharmacy options; this is a bustling, tourist-centric urban hub.

DESCRIPTION: This block stands out for its exceptional concentration of cafes, entertainment venues, hotels, shops, and transit options near Chelsea Market and The High Line. It also features an elevated selection of dining, nightlife, gyms, museums, and pharmacies compared to a typical New York block."
498.5,Entire home/apt,4.89,4.0,2.0,1.0,1.0,54.0,True,1.0,1.0,2.0,"NOTES: Abundant green space and high concentrations of nightlife, cafes, hotels, landmarks, dining, entertainment, groceries, gyms, museums, shops, and transit define this as a bustling, amenity-rich urban hub near South Street Seaport and Wall Street.

DESCRIPTION: This block stands out for its exceptional amount of parks and green space alongside a lively density of nightlife, dining, hotels, and cultural landmarks. It functions as a highly accessible urban center located in close proximity to South Street Seaport and Wall Street."
1392.13,Entire home/apt,4.76,7.0,4.0,4.0,2.5,34.0,False,4.0,2.5,6.5,"NOTES: High concentration of nightlife, cafes, museums, galleries, and parks; lack of transit and pharmacies; lively cultural and recreational district.
DESCRIPTION: This block stands out as a lively cultural and recreational district with an abundance of nightlife, cafes, museums, galleries, and parks. It offers extensive dining and entertainment options, though it lacks nearby transit and pharmacies."
521.01,Entire home/apt,5.0,6.0,2.0,1.0,1.5,1.0,False,1.0,1.5,2.5,"NOTES: High density of nightlife, dining, grocery stores, and landmarks; urban commercial hub.
DESCRIPTION: This block functions as a vibrant commercial hub characterized by an exceptional concentration of nightlife, dining, grocery stores, and landmarks."
322.83,Entire home/apt,5.0,2.0,1.0,1.0,1.0,1.0,False,1.0,1.0,2.0,"NOTES: High density of gyms, museums, galleries, pharmacies, shops, and transit options; urban commercial hub.
DESCRIPTION: This block functions as a vibrant urban hub defined by an exceptional concentration of shops, museums, galleries, and fitness facilities alongside superior transit access."
169.98,Entire home/apt,4.78,2.0,2.0,1.0,1.0,18.0,False,1.0,1.0,2.0,"NOTES: High concentration of nightlife, dining, entertainment, and cultural amenities paired with limited transit access suggests a lively entertainment and lifestyle district.
DESCRIPTION: This block functions as a vibrant entertainment and lifestyle hub characterized by an abundance of nightlife, dining, and cultural venues despite having below average transit access."
70.07,Private room,4.55,2.0,2.0,1.0,1.0,174.0,False,1.0,1.0,2.0,"NOTES: High density of bars, nightlife, cafes, and shops; limited green space; urban commercial district.
DESCRIPTION: This block functions as a lively urban commercial district defined by its exceptional concentration of nightlife, dining, and retail options, though it lacks significant parks and green space."
143.8,Entire home/apt,4.81,6.0,3.0,2.0,1.0,67.0,True,2.0,1.0,3.0,"NOTES: High density of pharmacies, dining, shops, bars, nightlife, grocery stores, hotels, and transit with minimal green space; urban commercial hub.
DESCRIPTION: This block functions as a dense urban commercial hub characterized by an abundance of pharmacies, dining, shops, and nightlife options alongside convenient transit access and a lack of green space."
752.78,Entire home/apt,5.0,4.0,2.0,2.0,2.0,1.0,True,2.0,2.0,4.0,"NOTES: This block features an exceptionally high concentration of nightlife, shopping, dining, entertainment, and transit, identifying it as a vibrant, high-density urban commercial hub.

DESCRIPTION: This block stands out as a lively urban center characterized by an abundance of nightlife, shopping, dining, entertainment, and transit options."
309.89,Entire home/apt,4.79,3.0,1.0,1.0,1.0,28.0,False,1.0,1.0,2.0,"NOTES: Abundant cafes, parks, shops, dining, nightlife, entertainment, fitness, hotels, landmarks, museums, and transit distinguish this as a highly active, amenity-rich urban hub.
DESCRIPTION: This block stands out as a vibrant destination defined by its exceptional density of cafes, parks, and shops alongside a wide array of dining, entertainment, and cultural attractions."
398.96,Entire home/apt,4.95,3.0,1.0,1.0,1.0,122.0,False,1.0,1.0,2.0,"NOTES: High density of bars, nightlife, dining, entertainment, and grocery stores; urban commercial and cultural hub.
DESCRIPTION: This block functions as a vibrant urban hub defined by its exceptional concentration of nightlife, dining, entertainment, and grocery options."
730.0,Entire home/apt,4.96,2.0,4.0,1.0,1.0,94.0,True,1.0,1.0,2.0,"NOTES: High density of entertainment, hotels, landmarks, and transit; urban tourist and cultural hub.
DESCRIPTION: This block functions as a vibrant cultural and transit hub, characterized by an exceptional concentration of entertainment venues, hotels, landmarks, and transit access. Its proximity to Central Park, Columbus Circle, and the American Museum of Natural History reinforces its status as a premier destination."
233.21,Entire home/apt,4.93,2.0,1.0,1.0,1.0,14.0,False,1.0,1.0,2.0,"NOTES: High density of nightlife, entertainment, and grocery stores; this is a bustling, amenity-rich urban hub.
DESCRIPTION: This block stands out as a lively urban hub defined by its exceptional concentration of nightlife, entertainment venues, and grocery stores."
413.0,Private room,4.96,2.0,1.0,1.0,1.0,173.0,True,1.0,1.0,2.0,"NOTES: This block features an exceptionally high concentration of bars, nightlife, and shops, alongside above-average access to dining, entertainment, fitness, transit, and green space, characterizing it as a bustling, amenity-rich urban hub.

DESCRIPTION: This block stands out as a lively urban destination due to its high density of nightlife and retail options, complemented by extensive access to dining, entertainment, fitness facilities, and transit."
233.5,Entire home/apt,5.0,4.0,2.0,1.0,1.0,1.0,True,1.0,1.0,2.0,"NOTES: High density of gyms, landmarks, parks, and shops; urban cultural and recreational hub.
DESCRIPTION: This area stands out as a vibrant cultural and recreational hub featuring exceptional access to gyms, landmarks, parks, and shops. The neighborhood is situated near The Dakota, Central Park, and Waldorf Astoria."
136.8,Entire home/apt,4.67,2.0,1.0,1.0,1.0,12.0,False,1.0,1.0,2.0,"NOTES: High density of gyms, pharmacies, nightlife, dining, and transit; lacks parks and green space; urban commercial hub.
DESCRIPTION: This block functions as a highly active urban commercial hub characterized by an abundance of gyms, pharmacies, nightlife, dining, and transit options. The area is notable for its lack of nearby parks and green space."
193.6,Entire home/apt,4.92,4.0,3.0,2.0,2.0,136.0,False,2.0,2.0,4.0,"NOTES: High density of bars, nightlife, dining, cafes, entertainment, grocery stores, gyms, landmarks, museums, parks, pharmacies, shops, and transit; urban commercial hub.
DESCRIPTION: This block functions as a vibrant urban commercial hub featuring an exceptional concentration of nightlife, dining, and entertainment options alongside extensive access to daily amenities, cultural landmarks, and transit."
255.79,Entire home/apt,4.67,6.0,3.0,2.0,2.0,3.0,False,2.0,2.0,4.0,"NOTES: High density of nightlife, cafes, gyms, and shops; low access to pharmacies and transit; area type: vibrant commercial and social hub.
DESCRIPTION: This block stands out as a lively destination for nightlife, dining, and fitness, though it offers limited access to pharmacies and public transit."
387.0,Entire home/apt,4.67,3.0,1.0,1.0,1.0,27.0,False,1.0,1.0,2.0,"NOTES: High density of gyms, sports facilities, shops, and transit access define this as a highly active urban commercial hub.
DESCRIPTION: This block stands out as a highly active urban hub featuring exceptional access to transit, shopping, and fitness facilities. The area is further distinguished by a vibrant selection of dining, nightlife, and entertainment options."
218.5,Private room,4.68,2.0,1.0,1.0,1.0,34.0,False,1.0,1.0,2.0,"NOTES: This area is a high-density commercial and lifestyle hub characterized by an abundance of grocery stores, fitness facilities, nightlife, dining, and cultural attractions, while offering limited access to parks and public transit.

DESCRIPTION: This block serves as a vibrant commercial destination featuring an exceptional concentration of grocery stores, gyms, dining, and entertainment options. It stands out for its lively lifestyle amenities despite having fewer parks and transit connections than a typical New York block."
188.05,Entire home/apt,5.0,2.0,1.0,1.0,1.0,15.0,True,1.0,1.0,2.0,"NOTES: This area is a high-density tourist and cultural hub, distinguished by an exceptional concentration of nightlife, hotels, landmarks, museums, and green space, with Central Park nearby.

DESCRIPTION: This block serves as a vibrant cultural and tourist destination defined by its abundant nightlife, hotels, museums, and landmarks located near Central Park."
741.0,Private room,4.87,2.0,3.0,2.0,1.0,140.0,True,2.0,1.0,3.0,"NOTES: Abundant green space, high density of nightlife, cafes, and cultural institutions, but lacking transit access; this is a vibrant, destination-oriented urban district.

DESCRIPTION: This block stands out for its exceptional amount of green space and high concentration of bars, cafes, museums, and galleries. While it offers a lively atmosphere with diverse dining and entertainment options, it is notably isolated from subway and transit access."
571.43,Entire home/apt,4.63,8.0,3.0,3.0,1.0,46.0,False,3.0,1.0,4.0,"NOTES: High density of bars, dining, grocery stores, landmarks, and parks suggests a vibrant, amenity-rich urban center.
DESCRIPTION: This block stands out as a highly active urban center featuring an exceptional concentration of nightlife, dining, grocery stores, landmarks, and green spaces."
684.25,Entire home/apt,4.7,9.0,4.0,3.0,2.0,172.0,True,3.0,2.0,5.0,"NOTES: High density of grocery stores, hotels, landmarks, museums, galleries, and pharmacies; bustling urban tourist and cultural hub.
DESCRIPTION: This block stands out as a bustling cultural and tourist hub due to its high concentration of museums, galleries, landmarks, hotels, and grocery stores."
376.87,Entire home/apt,4.6,6.0,4.0,2.0,1.0,5.0,False,2.0,1.0,3.0,"NOTES: Abundant museums, galleries, and green spaces with elevated nightlife, entertainment, and landmarks, but lacking transit access; this is a cultural and tourist-focused district.

DESCRIPTION: This area stands out for its high concentration of museums, galleries, and parks, including The High Line, Central Park, and Whitney Museum of American Art. While it offers an abundance of entertainment, nightlife, and landmarks like the Empire State Building, the block is notably quiet regarding nearby subway access."
233.14,Entire home/apt,5.0,2.0,1.0,1.0,1.0,1.0,False,1.0,1.0,2.0,"NOTES: High density of pharmacies, grocery stores, gyms, nightlife, cafes, dining, landmarks, and shops; low green space; urban commercial hub.
DESCRIPTION: This block functions as a dense urban commercial hub characterized by an abundance of retail, dining, fitness, and nightlife options despite a lack of green space."
323.5,Private room,4.49,2.0,1.0,1.0,1.0,35.0,False,1.0,1.0,2.0,"NOTES: High density of grocery, fitness, cultural, and commercial amenities with limited green space and transit access; this is a bustling, amenity-rich urban hub.
DESCRIPTION: This block stands out for its exceptional concentration of grocery stores, gyms, landmarks, and entertainment venues, though it features limited parks and subway access."
186.33,Entire home/apt,4.33,4.0,2.0,2.0,1.0,3.0,False,2.0,1.0,3.0,"NOTES: High density of bars, nightlife, shops, cafes, dining, gyms, and hotels with minimal green space; this is a bustling commercial and entertainment district.

DESCRIPTION: This block is a lively commercial and entertainment hub defined by its high concentration of nightlife, dining, and retail options alongside limited park access."
783.57,Entire home/apt,5.0,6.0,4.0,3.0,2.0,2.0,True,3.0,2.0,5.0,"NOTES: High density of nightlife, cafes, gyms, and shops; lack of transit access; entertainment and cultural focus. Area type: Urban entertainment district.
DESCRIPTION: This block is a lively hub for nightlife, dining, and fitness, though it is notable for having no nearby subway access."
195.1,Entire home/apt,4.93,4.0,2.0,1.0,1.0,46.0,False,1.0,1.0,2.0,"NOTES: High density of cafes, entertainment venues, hotels, shops, and transit access suggests a bustling commercial and tourist-focused urban hub.
DESCRIPTION: This block serves as a vibrant commercial and tourist destination featuring an abundance of cafes, entertainment venues, hotels, shops, and transit access near Chelsea Market and The High Line."
165.2,Entire home/apt,4.73,2.0,1.0,2.0,1.0,11.0,False,2.0,1.0,3.0,"NOTES: High concentration of pharmacies, shops, dining, nightlife, and cultural amenities; lacks nearby green space; urban commercial hub.
DESCRIPTION: This block functions as a dense urban commercial hub featuring an abundance of pharmacies and shops alongside a wide variety of dining, nightlife, and cultural venues. It offers exceptional access to transit and services but is characterized by a complete absence of nearby parks or green space."
237.83,Entire home/apt,4.5,4.0,2.0,2.0,1.0,2.0,False,2.0,1.0,3.0,"NOTES: High density of nightlife, dining, entertainment, and grocery options indicates a vibrant, highly active urban hub.
DESCRIPTION: This block stands out as a lively urban hub due to its exceptional concentration of nightlife, dining, entertainment, and grocery options."
539.01,Private room,4.67,2.0,1.0,1.0,1.0,3.0,False,1.0,1.0,2.0,"NOTES: Abundant cafes, hotels, landmarks, and green space define this as a highly active, tourist-oriented urban hub.
DESCRIPTION: This block stands out for its exceptional concentration of cafes, hotels, landmarks, and parks. It also offers a lively atmosphere with above-average access to dining, nightlife, entertainment, and transit."
188.07,Entire home/apt,4.5,3.0,2.0,2.0,1.0,2.0,False,2.0,1.0,3.0,"NOTES: This block features an exceptionally high concentration of nightlife, dining, and entertainment venues, suggesting a vibrant, high-energy urban entertainment district.

DESCRIPTION: This block stands out as a lively entertainment district characterized by an abundance of nightlife, dining, and entertainment venues. It also offers above-average access to grocery stores, gyms, hotels, landmarks, museums, shops, and transit."
161.44,Entire home/apt,4.29,2.0,1.0,1.0,1.0,7.0,False,1.0,1.0,2.0,"NOTES: The block is a lively entertainment and lifestyle hub characterized by an abundance of nightlife, cafes, and fitness facilities, while lacking nearby transit and pharmacy access.
DESCRIPTION: This area serves as a lively hub for nightlife, dining, and fitness, though it remains notably quiet regarding transit access and pharmacy availability."
250.75,Entire home/apt,4.33,3.0,1.0,1.0,1.0,3.0,False,1.0,1.0,2.0,"NOTES: High density of pharmacies, shops, dining, nightlife, and cultural amenities with an absence of green space; this is a highly commercialized, urban core area.
DESCRIPTION: This block is defined by an exceptional concentration of pharmacies, shops, and diverse entertainment options. The area offers extensive access to dining, transit, and cultural institutions, though it lacks nearby parks and green space."
468.61,Entire home/apt,4.47,6.0,3.0,3.0,1.0,15.0,False,3.0,1.0,4.0,"NOTES: High density of pharmacies, shops, dining, nightlife, and cultural amenities with an absence of green space; urban commercial hub.
DESCRIPTION: This block functions as a dense urban commercial hub defined by an exceptional concentration of pharmacies, shops, and diverse entertainment options. The area lacks nearby parks and green space while offering extensive access to transit, dining, and cultural venues."
403.53,Entire home/apt,5.0,4.0,3.0,2.0,2.0,2.0,False,2.0,2.0,4.0,"NOTES: Exceptional concentration of entertainment, landmarks, transit, and amenities; this is a highly dense, tourist-oriented urban hub.

DESCRIPTION: This block stands out for its exceptional access to transit, landmarks, and entertainment, situated near Central Park, Columbus Circle, and the American Museum of Natural History. The area is defined by a high density of dining, nightlife, shopping, and cultural institutions."
334.63,Entire home/apt,4.67,1.0,2.0,2.0,1.0,3.0,False,2.0,1.0,3.0,"NOTES: Abundant green space, high density of entertainment, sports, landmarks, shops, and transit define this as a bustling, amenity-rich urban hub.
DESCRIPTION: This area stands out for its exceptional access to parks, landmarks like Central Park and The Dakota, and a high concentration of entertainment, shops, and transit options."
366.0,Entire home/apt,4.77,3.0,1.0,1.0,1.0,313.0,True,1.0,1.0,2.0,"NOTES: This block features extensive green space and a high concentration of cafes, hotels, and landmarks, indicating a vibrant, tourist-oriented urban hub.
DESCRIPTION: This area stands out for its abundant parks and green space alongside a high density of cafes, hotels, and landmarks. The block also offers an above-average presence of dining, nightlife, entertainment, and transit options."
362.5,Entire home/apt,4.81,3.0,1.0,1.0,1.0,63.0,True,1.0,1.0,2.0,"NOTES: This block features an abundance of pharmacies, nightlife, dining, entertainment, cultural venues, and transit access, but lacks nearby parks, characterizing it as a dense, high-activity urban hub.

DESCRIPTION: This lively area offers an exceptional concentration of pharmacies, dining, entertainment, and transit options. It serves as a bustling urban center defined by its extensive amenities and cultural venues despite the absence of nearby green space."
564.5,Entire home/apt,4.71,2.0,2.0,2.0,1.0,111.0,False,2.0,1.0,3.0,"NOTES: This block features an exceptional density of landmarks, museums, galleries, nightlife, dining, and daily amenities, indicating a highly active cultural and commercial hub.

DESCRIPTION: This block stands out as a vibrant cultural and commercial hub due to its exceptional concentration of landmarks, museums, galleries, and diverse entertainment, dining, and shopping options."
331.87,Entire home/apt,4.83,2.0,1.0,1.0,1.0,171.0,False,1.0,1.0,2.0,"NOTES: Abundant green space, high concentration of nightlife, landmarks, museums, and galleries; urban cultural hub.
DESCRIPTION: This block stands out as a vibrant cultural hub defined by its exceptional access to parks, museums, galleries, and nightlife."
592.73,Entire home/apt,4.83,1.0,1.0,1.0,1.0,6.0,False,1.0,1.0,2.0,"NOTES: High concentration of bars, nightlife, hotels, landmarks, and green space suggests a vibrant, tourist-centric urban hub.

DESCRIPTION: This block stands out as a lively destination characterized by its abundance of nightlife, hotels, landmarks, and parks. It also offers an elevated selection of dining, entertainment, museums, and transit options."
85.43,Private room,4.17,2.0,1.0,1.0,1.0,18.0,True,1.0,1.0,2.0,"NOTES: This block features exceptionally high concentrations of nightlife, dining, and entertainment, characterizing it as a bustling urban hub.
DESCRIPTION: This area is defined by its vibrant nightlife, diverse dining options, and numerous entertainment venues. It also offers convenient access to a wide variety of shops, museums, gyms, and transit options."
1490.0,Entire home/apt,4.9,10.0,5.0,4.0,3.0,125.0,True,4.0,3.0,7.0,"NOTES: Abundant green space, high density of cafes, hotels, and landmarks, and elevated presence of dining, nightlife, entertainment, fitness, culture, retail, and transit indicate a bustling, amenity-rich urban hub.

DESCRIPTION: This block stands out as a vibrant urban hub defined by its exceptional abundance of parks, cafes, hotels, and landmarks. It further distinguishes itself through a high concentration of dining, nightlife, entertainment, and cultural amenities supported by excellent transit access."
987.33,Entire home/apt,4.66,6.0,3.0,3.0,2.0,41.0,False,3.0,2.0,5.0,"NOTES: This block features an exceptional density of pharmacies, gyms, landmarks, museums, parks, shops, and transit, characterizing it as a highly active urban hub.

DESCRIPTION: This block stands out for its high concentration of pharmacies, gyms, landmarks, museums, parks, shops, and transit options. It also offers a lively environment with an abundance of dining, cafes, bars, and entertainment venues."
171.13,Entire home/apt,4.0,3.0,2.0,1.0,1.0,1.0,False,1.0,1.0,2.0,"NOTES: High density of pharmacies, grocery stores, gyms, sports, landmarks, and sights; area type: highly amenity-rich urban center.
DESCRIPTION: This block stands out for its exceptional concentration of pharmacies, grocery stores, gyms, and sports facilities alongside a wealth of landmarks and sights. It also offers an above-average selection of dining, nightlife, entertainment, museums, galleries, shops, and transit options."
389.71,Entire home/apt,5.0,2.0,1.0,1.0,1.0,12.0,False,1.0,1.0,2.0,"NOTES: High density of gyms, museums, galleries, and pharmacies; urban commercial and cultural hub.
DESCRIPTION: This block stands out as a vibrant cultural and commercial hub featuring an exceptional concentration of gyms, museums, galleries, and pharmacies. The area also offers a lively selection of dining, nightlife, entertainment, and transit options."
754.5,Entire home/apt,4.89,10.0,6.0,3.0,2.0,9.0,True,3.0,2.0,5.0,"NOTES: This block features an abundance of parks and green space alongside a high concentration of shops, dining, nightlife, cafes, entertainment, fitness facilities, transit, and cultural attractions, indicating a highly vibrant and amenity-rich urban center.
DESCRIPTION: This area stands out for its exceptional access to parks and green space, complemented by a high density of shops, dining, nightlife, cafes, entertainment venues, gyms, transit, and cultural landmarks."
410.34,Entire home/apt,5.0,6.0,3.0,3.0,2.0,1.0,False,3.0,2.0,5.0,"NOTES: High density of pharmacies, bars, nightlife, cafes, dining, entertainment, grocery stores, gyms, landmarks, museums, galleries, shops, and transit, with a total absence of parks; this is a highly developed, bustling urban commercial hub.

DESCRIPTION: This block stands out as a bustling urban hub featuring an exceptionally high density of pharmacies, shops, dining, and entertainment options alongside excellent transit access. It is defined by its intense commercial activity and lack of nearby green space."
69.7,Private room,4.5,1.0,1.0,1.0,4.0,10.0,False,1.0,4.0,5.0,"NOTES: High density of nightlife, dining, cafes, entertainment, groceries, fitness, hotels, landmarks, parks, shops, and transit; this is a highly active, amenity-rich urban hub.
DESCRIPTION: This block stands out as a vibrant urban hub with an exceptional concentration of nightlife, dining, and entertainment options. Residents and visitors also benefit from convenient access to a wide array of shops, parks, and transit connections."
284.87,Entire home/apt,4.6,4.0,1.0,1.0,1.0,15.0,False,1.0,1.0,2.0,"NOTES: High concentration of gyms, sports facilities, and landmarks; this is a bustling, amenity-rich urban hub.
DESCRIPTION: This block stands out as a lively urban hub defined by its exceptional access to sports facilities and prominent landmarks. Residents benefit from a high density of dining, nightlife, and essential services that exceed typical city standards."
167.8,Entire home/apt,5.0,3.0,2.0,1.0,1.0,1.0,False,1.0,1.0,2.0,"NOTES: This block features an exceptional concentration of gyms, sports facilities, landmarks, and pharmacies, suggesting a highly active and amenity-rich urban hub.

DESCRIPTION: This area stands out for its dense collection of gyms, sports facilities, landmarks, and pharmacies. It also offers a lively environment with an above-average presence of dining, nightlife, cafes, shops, and transit options."
212.03,Entire home/apt,4.76,4.0,4.0,2.0,1.0,37.0,False,2.0,1.0,3.0,"NOTES: Abundant green space, high concentration of amenities, landmarks, and transit access; this is a bustling, highly developed urban hub.
DESCRIPTION: Featuring Central Park and The Dakota, this block stands out for its exceptional access to green space, landmarks, shops, and transit. It is a lively area defined by a high density of dining, entertainment, and fitness facilities."
229.79,Entire home/apt,4.74,5.0,3.0,2.0,1.0,34.0,False,2.0,1.0,3.0,"NOTES: High density of gyms, pharmacies, nightlife, dining, and transit; absence of parks; urban commercial hub.
DESCRIPTION: This block functions as a lively urban commercial hub featuring an abundance of gyms, pharmacies, nightlife, and dining options. It offers extensive transit access but lacks nearby parks or green space."
277.61,Entire home/apt,5.0,5.0,2.0,2.0,1.0,1.0,False,2.0,1.0,3.0,"NOTES: High concentration of museums, galleries, pharmacies, and shops, indicating a dense cultural and commercial hub.
DESCRIPTION: This block stands out as a dense cultural and commercial hub featuring an abundance of museums, galleries, pharmacies, and shops."
160.85,Entire home/apt,5.0,2.0,1.0,1.0,1.0,1.0,False,1.0,1.0,2.0,"NOTES: High concentration of hotels, landmarks, museums, galleries, and parks; tourist and cultural district.
DESCRIPTION: This block is a prominent cultural and tourist destination characterized by an abundance of hotels, landmarks, museums, galleries, and green space, including nearby Central Park."
137.33,Entire home/apt,4.56,2.0,1.0,1.0,1.0,16.0,False,1.0,1.0,2.0,"NOTES: This block features an abundance of gyms, sports facilities, and pharmacies, with a lively presence of dining, nightlife, shops, and cultural attractions, but lacks nearby parks, indicating a dense, high-activity urban commercial area.

DESCRIPTION: This block is a dense, high-activity urban area defined by its exceptional concentration of gyms, sports facilities, and pharmacies alongside a lively array of dining, nightlife, and cultural venues. The neighborhood is notably devoid of parks and green space."
236.23,Entire home/apt,4.83,2.0,1.0,1.0,1.0,12.0,True,1.0,1.0,2.0,"NOTES: This block is a cultural and recreational hub distinguished by a high concentration of museums, galleries, hotels, and green space, while lacking nearby subway access.

DESCRIPTION: Featuring The High Line, this area stands out for its exceptional density of museums, galleries, hotels, and parks. Despite its vibrant selection of dining and entertainment, the block is notable for having no nearby subway or transit access."
659.87,Entire home/apt,4.5,6.0,4.0,3.0,2.5,2.0,False,3.0,2.5,5.5,"NOTES: High concentration of gyms, landmarks, pharmacies, and shops; urban commercial and cultural hub.
DESCRIPTION: This block stands out as a vibrant urban hub featuring an exceptional density of gyms, landmarks, pharmacies, and shops. It also offers a lively atmosphere with above-average access to dining, nightlife, cafes, grocery stores, museums, and transit options."
258.74,Entire home/apt,4.85,2.0,1.0,1.0,1.0,59.0,True,1.0,1.0,2.0,"NOTES: This area is a highly dense, amenity-rich urban center featuring an exceptional concentration of landmarks, sights, and pharmacies alongside elevated levels of dining, nightlife, retail, and recreational facilities.

DESCRIPTION: This block stands out as a vibrant urban hub defined by its exceptional density of landmarks, sights, and pharmacies. It further distinguishes itself through a high concentration of dining, nightlife, retail, and recreational amenities."
210.2,Entire home/apt,4.67,4.0,2.0,2.0,1.0,3.0,False,2.0,1.0,3.0,"NOTES: High density of nightlife, entertainment, and landmarks; quiet on pharmacies; urban entertainment district.
DESCRIPTION: This block stands out as a vibrant urban entertainment district defined by its exceptional concentration of nightlife, entertainment venues, and landmarks."
182.53,Entire home/apt,4.53,6.0,2.0,1.0,1.0,168.0,False,1.0,1.0,2.0,"NOTES: This block features abundant green space and a high concentration of nightlife, culture, dining, and amenities, though it lacks convenient transit access; it is a vibrant, park-rich urban destination.

DESCRIPTION: This block stands out for its extensive parks and green space alongside a lively array of bars, museums, galleries, and dining options. While the area offers superior access to entertainment, gyms, and groceries, it is notably quieter regarding subway and transit connectivity."
256.27,Entire home/apt,4.5,3.0,1.0,1.0,1.0,6.0,False,1.0,1.0,2.0,"NOTES: This area is a high-density commercial and lifestyle hub characterized by an abundance of pharmacies, gyms, dining, and cultural attractions, contrasted by a notable lack of green space.

DESCRIPTION: This block functions as a vibrant commercial and cultural center featuring an exceptional concentration of pharmacies, fitness facilities, dining options, and museums. While the area offers extensive retail and nightlife opportunities, it is defined by a distinct scarcity of parks and green space."
206.13,Entire home/apt,4.93,2.0,1.0,1.0,1.0,61.0,False,1.0,1.0,2.0,"NOTES: This area is a highly active, amenity-rich urban hub characterized by an abundance of green space, landmarks, and transit access, suggesting a prominent tourist and residential destination.

DESCRIPTION: Featuring Central Park and The Dakota, this block stands out for its exceptional concentration of green space, landmarks, and transit options alongside a lively array of shops, dining, and entertainment."
243.37,Entire home/apt,5.0,4.0,2.0,2.0,2.0,3.0,False,2.0,2.0,4.0,"NOTES: This block features an exceptionally high concentration of nightlife, dining, and grocery options alongside elevated levels of entertainment, fitness, lodging, culture, and retail, characterizing it as a bustling, high-density urban hub.
DESCRIPTION: This area stands out as a vibrant urban hub with an abundance of nightlife, dining, and grocery options complemented by a wide variety of entertainment, fitness, lodging, cultural, and retail venues."
206.97,Entire home/apt,4.98,3.0,2.0,2.0,1.0,42.0,True,2.0,1.0,3.0,"NOTES: This area is a highly active, amenity-rich urban destination featuring exceptional landmarks and abundant green space, including Riverside Park.
DESCRIPTION: This block stands out as a vibrant hub defined by its proximity to Riverside Park and an exceptional density of landmarks, green spaces, and pharmacies. The neighborhood offers a lively atmosphere with an above-average concentration of dining, nightlife, entertainment, and essential services."
360.08,Entire home/apt,4.88,4.0,2.0,1.0,1.0,43.0,True,1.0,1.0,2.0,"NOTES: High concentration of pharmacies, gyms, landmarks, museums, and parks; this is a dense, amenity-rich urban center.
DESCRIPTION: This block stands out for its exceptional density of pharmacies, fitness facilities, cultural landmarks, museums, and green spaces. It serves as a highly active urban hub with an abundance of dining, nightlife, and transit options."
272.94,Entire home/apt,4.99,3.0,3.0,1.0,1.0,74.0,True,1.0,1.0,2.0,"NOTES: High density of grocery stores, hotels, landmarks, museums, galleries, and pharmacies; urban tourist and cultural hub.
DESCRIPTION: This block stands out as a bustling cultural and tourist hub characterized by an exceptional concentration of museums, galleries, landmarks, hotels, and grocery stores."
528.56,Entire home/apt,4.8,4.0,2.0,1.0,1.0,169.0,True,1.0,1.0,2.0,"NOTES: High concentration of pharmacies, gyms, landmarks, museums, and parks; this is a dense, amenity-rich urban center.
DESCRIPTION: This block stands out as a dense urban center featuring an exceptional concentration of pharmacies, gyms, landmarks, museums, and green spaces."
405.43,Entire home/apt,5.0,2.0,1.0,1.0,1.0,7.0,False,1.0,1.0,2.0,"NOTES: This block is defined by an exceptionally high density of bars, nightlife, grocery stores, landmarks, and pharmacies, indicating a bustling, highly active urban hub.

DESCRIPTION: This area stands out as a vibrant urban hub featuring an exceptional concentration of nightlife, grocery stores, landmarks, and pharmacies. The neighborhood also offers an elevated selection of dining, entertainment, and retail options."
240.74,Entire home/apt,4.91,3.0,2.0,2.0,1.0,23.0,True,2.0,1.0,3.0,"NOTES: High concentration of gyms, museums, parks, nightlife, cafes, dining, entertainment, groceries, hotels, landmarks, and shops; urban cultural and recreational hub.
DESCRIPTION: This area near Battery Park stands out as a vibrant cultural and recreational hub featuring an exceptional density of museums, parks, gyms, and entertainment options."
281.15,Entire home/apt,4.33,4.0,1.0,1.0,1.0,3.0,False,1.0,1.0,2.0,"NOTES: High density of cultural institutions, landmarks, and recreational spaces; urban tourist and cultural hub.
DESCRIPTION: This area stands out as a vibrant cultural and tourist hub featuring an abundance of museums, galleries, landmarks, and green spaces near Hudson Yards, The High Line, Central Park, and Chelsea Market."
59.11,Entire home/apt,4.75,1.0,1.0,1.0,1.0,4.0,True,1.0,1.0,2.0,"NOTES: High density of entertainment, hotels, and transit, with elevated levels of nightlife, dining, retail, and recreation; this is a bustling, highly accessible urban commercial and tourist hub.
DESCRIPTION: This block is a bustling hub defined by its exceptional concentration of entertainment venues, hotels, and transit access near Chelsea Market and The High Line. The area also features a lively array of dining, nightlife, shopping, and green space."
59.11,Entire home/apt,5.0,1.0,1.0,1.0,1.0,4.0,True,1.0,1.0,2.0,"NOTES: High density of entertainment, hotels, transit, nightlife, cafes, dining, groceries, gyms, parks, and shops; urban commercial and transit hub.
DESCRIPTION: This block functions as a vibrant urban hub featuring an exceptional concentration of entertainment, hotels, and transit access near Chelsea Market and The High Line. The area is also defined by its lively selection of dining, nightlife, cafes, shops, and recreational facilities."
58.12,Entire home/apt,5.0,1.0,1.0,1.0,1.0,5.0,True,1.0,1.0,2.0,"NOTES: This block features an exceptional concentration of entertainment, hotels, and transit access alongside elevated options for nightlife, dining, cafes, retail, fitness, and green space, characterizing it as a high-energy, amenity-rich urban hub.
DESCRIPTION: Located near Chelsea Market and The High Line, this block stands out for its superior access to transit, hotels, and entertainment venues. Residents and visitors also benefit from an abundance of nearby dining, nightlife, shopping, and green space."
642.9,Entire home/apt,5.0,2.0,1.0,1.0,1.0,13.0,False,1.0,1.0,2.0,"NOTES: High density of nightlife, retail, dining, entertainment, fitness, lodging, and green space with limited pharmacies; this is a bustling, amenity-rich urban hub.
DESCRIPTION: This block stands out as a vibrant urban hub defined by its exceptional variety of nightlife, shopping, dining, entertainment, and recreational amenities. Its high concentration of lifestyle destinations contrasts with a notable scarcity of pharmacies."
1042.48,Entire home/apt,4.6,8.0,3.0,3.0,2.0,109.0,True,3.0,2.0,5.0,"NOTES: High concentration of cultural landmarks, recreational facilities, green spaces, and essential services; this is a highly active, amenity-rich urban hub.

DESCRIPTION: This block stands out as a vibrant, amenity-rich hub characterized by an exceptional density of cultural landmarks, museums, parks, and sports facilities. It also offers an above-average abundance of dining, nightlife, shopping, and transit options compared to a typical New York block."
160.75,Entire home/apt,4.0,3.0,1.0,1.0,1.0,1.0,False,1.0,1.0,2.0,"NOTES: High density of nightlife, dining, entertainment, cultural institutions, and retail; urban commercial and tourist hub.
DESCRIPTION: This block functions as a lively urban hub distinguished by an abundance of nightlife, dining, entertainment, and cultural attractions alongside extensive shopping and green space."
1028.0,Private room,4.89,6.0,2.0,3.0,2.0,160.0,True,3.0,2.0,5.0,"NOTES: High density of hotels, museums, galleries, parks, and transit; this is a bustling cultural and tourist hub.
DESCRIPTION: This block stands out as a vibrant cultural and tourist hub due to its exceptional concentration of hotels, museums, galleries, parks, and transit options."
348.0,Entire home/apt,4.81,6.0,2.0,2.0,1.0,279.0,True,2.0,1.0,3.0,"NOTES: This block features an exceptional concentration of hotels, landmarks, parks, and pharmacies, identifying it as a high-traffic tourist and cultural hub.
DESCRIPTION: Near the Chrysler Building, this block stands out for its high density of hotels, landmarks, parks, and pharmacies."
193.6,Entire home/apt,4.5,3.0,1.0,1.0,1.0,8.0,False,1.0,1.0,2.0,"NOTES: This area is a highly active commercial and cultural hub featuring an abundance of nightlife, dining, entertainment, shopping, and essential services.

DESCRIPTION: This block stands out as a vibrant destination with a high concentration of bars, restaurants, entertainment venues, and shops. It also offers exceptional access to grocery stores, gyms, hotels, landmarks, museums, and pharmacies."
250.63,Entire home/apt,4.91,3.0,2.0,1.0,1.0,23.0,True,1.0,1.0,2.0,"NOTES: This area is a highly active urban hub featuring extensive green space and an abundance of dining, nightlife, entertainment, and essential services near Central Park.
DESCRIPTION: This lively area features extensive green space and an abundance of dining, nightlife, entertainment, and essential services near Central Park."
206.5,Entire home/apt,4.0,2.0,1.0,1.0,1.0,1.0,False,1.0,1.0,2.0,"NOTES: This block features an abundance of parks, green space, and amenities, identifying it as a highly active, tourist-centric urban hub.
DESCRIPTION: This area stands out for its exceptional access to parks, including Central Park, alongside a dense concentration of dining, entertainment, and transit options."
208.01,Entire home/apt,4.67,4.0,2.0,1.0,1.0,9.0,False,1.0,1.0,2.0,"NOTES: This block features an exceptional concentration of bars, nightlife, grocery stores, landmarks, sights, and pharmacies, indicating a highly active, tourist-centric urban hub.
DESCRIPTION: This area stands out for its high density of nightlife, grocery stores, landmarks, and pharmacies. It also offers an above-average selection of cafes, dining, hotels, museums, galleries, and shops."
310.87,Private room,5.0,1.0,1.0,2.0,1.5,10.0,False,2.0,1.5,3.5,"NOTES: Highly active nightlife, dining, transit, and cultural amenities suggest a vibrant urban hub.
DESCRIPTION: This lively area features an abundance of nightlife, dining, and transit options near the American Museum of Natural History."
209.9,Entire home/apt,4.91,4.0,2.0,1.0,1.0,23.0,True,1.0,1.0,2.0,"NOTES: High density of pharmacies, nightlife, cafes, dining, gyms, landmarks, museums, and shops with an absence of parks; urban commercial hub.
DESCRIPTION: This urban commercial hub features a high density of pharmacies, nightlife, cafes, dining, gyms, landmarks, museums, and shops, but lacks nearby parks."
210.57,Entire home/apt,5.0,3.0,2.0,2.0,1.0,8.0,True,2.0,1.0,3.0,"NOTES: High concentration of gyms, sports, nightlife, dining, entertainment, museums, and shops; limited pharmacies and transit access; this is a lively commercial and cultural district.
DESCRIPTION: This area is a lively commercial and cultural district defined by its abundant selection of gyms, sports facilities, nightlife, dining, entertainment, museums, and shops. It remains quiet regarding pharmacies and subway access."
190.0,Private room,4.59,2.0,2.0,1.0,1.0,118.0,False,1.0,1.0,2.0,"NOTES: High density of entertainment, fitness, nightlife, dining, and transit options; urban commercial and leisure hub.
DESCRIPTION: This block serves as a vibrant urban hub featuring an exceptional concentration of entertainment, fitness, and nightlife options near Chelsea Market and The High Line. The area is defined by its extensive access to dining, shopping, and transit."
174.0,Private room,4.39,2.0,2.0,1.0,1.0,494.0,False,1.0,1.0,2.0,"NOTES: High concentration of entertainment, fitness, dining, and transit options; urban commercial and leisure hub.
DESCRIPTION: This block serves as a lively urban hub featuring an abundance of entertainment venues, gyms, and dining options near Chelsea Market and The High Line."
170.0,Private room,4.64,2.0,2.0,1.0,1.0,194.0,False,1.0,1.0,2.0,"NOTES: High concentration of entertainment, fitness, dining, nightlife, and transit options; urban commercial and recreational hub.
DESCRIPTION: This block serves as a vibrant urban hub featuring an abundance of entertainment, fitness, and dining options near Chelsea Market and The High Line."
203.0,Private room,4.54,2.0,2.0,1.0,1.0,454.0,False,1.0,1.0,2.0,"NOTES: High concentration of entertainment, gyms, and sports; lively urban commercial and transit hub.
DESCRIPTION: This block is a lively hub featuring an exceptional density of entertainment venues and sports facilities alongside a wide range of dining, nightlife, and transit options. Nearby landmarks include Chelsea Market and The High Line."
477.5,Entire home/apt,4.95,2.0,1.0,1.0,1.0,80.0,False,1.0,1.0,2.0,"NOTES: Abundant museums and galleries, extensive green space, high concentration of dining, nightlife, and entertainment, plus a lack of transit, suggest a cultural and tourist-focused district.
DESCRIPTION: This area stands out for its high density of museums, galleries, and green space, including The High Line, while remaining distinct for its lack of nearby subway access."
214.0,Private room,4.45,2.0,2.0,1.0,1.0,219.0,False,1.0,1.0,2.0,"NOTES: This block features an exceptionally high density of entertainment and fitness facilities alongside elevated access to dining, nightlife, transit, and green space, characterizing it as a bustling urban hub.

DESCRIPTION: This lively area stands out for its abundance of entertainment and sports venues, complemented by extensive dining, nightlife, and transit options near Chelsea Market and The High Line."
264.0,Private room,4.72,2.0,2.0,1.0,1.0,111.0,False,1.0,1.0,2.0,"NOTES: High density of entertainment, fitness, and transit options; urban commercial and leisure hub.
DESCRIPTION: This block functions as a vibrant urban hub featuring an exceptional concentration of entertainment venues, gyms, and transit access near Chelsea Market and The High Line."
236.73,Entire home/apt,4.83,4.0,2.0,2.0,1.0,12.0,False,2.0,1.0,3.0,"NOTES: High concentration of pharmacies, landmarks, museums, galleries, and parks; a dense, amenity-rich urban hub.
DESCRIPTION: This block stands out for its exceptional density of pharmacies, landmarks, museums, galleries, and parks. It also offers an above-average selection of dining, nightlife, transit, and essential services."
444.7,Entire home/apt,4.93,4.0,3.0,2.0,2.0,14.0,True,2.0,2.0,4.0,"NOTES: This area is a highly active urban hub featuring exceptional sports facilities and landmarks, including Riverside Park and Waldorf Astoria.

DESCRIPTION: This lively neighborhood stands out for its abundance of gyms, landmarks, and entertainment options near Riverside Park and Waldorf Astoria."
503.31,Entire home/apt,4.89,2.0,2.0,1.0,1.0,72.0,False,1.0,1.0,2.0,"NOTES: Abundance of museums, galleries, landmarks, parks, shops, cafes, pharmacies, and transit; cultural and commercial hub.
DESCRIPTION: This block stands out as a cultural and commercial hub with an exceptional concentration of museums, galleries, landmarks, shops, and green space, including nearby Central Park and The Frick Collection."
225.0,Private room,4.62,2.0,3.0,1.0,1.0,63.0,False,1.0,1.0,2.0,"NOTES: This block features an exceptionally high density of entertainment, fitness, and nightlife options, characterizing it as a vibrant, high-energy urban hub.
DESCRIPTION: This lively area stands out for its extensive selection of entertainment, sports, and dining venues near Chelsea Market and The High Line."
159.76,Private room,4.5,2.0,1.0,1.0,1.0,105.0,False,1.0,1.0,2.0,"NOTES: High density of pharmacies, gyms, sports, nightlife, cafes, dining, grocery stores, landmarks, museums, galleries, and shops; urban commercial and cultural hub.
DESCRIPTION: This block functions as a vibrant commercial and cultural hub characterized by an exceptionally high concentration of pharmacies, gyms, and dining options alongside numerous galleries, museums, and shops."
674.0,Entire home/apt,5.0,10.0,5.0,2.0,1.0,3.0,False,2.0,1.0,3.0,"NOTES: High density of sports, landmarks, nightlife, dining, and transit; urban cultural and recreational hub.
DESCRIPTION: This block functions as a lively urban hub featuring an abundance of sports facilities, landmarks, and dining options near Riverside Park and Waldorf Astoria."
111.0,Private room,2.0,1.0,1.0,1.0,1.0,2.0,False,1.0,1.0,2.0,"NOTES: The block features abundant green space and a high concentration of nightlife, cultural institutions, dining, and amenities, though it lacks convenient transit access, suggesting a vibrant, destination-oriented urban district.

DESCRIPTION: This area stands out for its extensive parks and high density of nightlife, museums, galleries, and dining options. While the block offers superior access to entertainment, gyms, and grocery stores, it remains less accessible by subway and transit than a typical New York block."
211.57,Entire home/apt,4.87,3.0,1.0,1.0,1.0,15.0,True,1.0,1.0,2.0,"NOTES: High density of pharmacies, bars, nightlife, cafes, dining, entertainment, grocery stores, gyms, landmarks, museums, shops, and transit, but no parks; urban commercial hub.

DESCRIPTION: This block functions as a dense urban commercial hub featuring an abundance of pharmacies, transit, and diverse lifestyle amenities, though it lacks nearby parks and green space."
362.03,Entire home/apt,5.0,2.0,1.0,1.0,1.0,19.0,False,1.0,1.0,2.0,"NOTES: Abundant museums, galleries, shops, cafes, gyms, landmarks, and green space; this is a cultural and recreational hub.
DESCRIPTION: This block stands out as a cultural and recreational hub with an exceptional concentration of museums, galleries, shops, cafes, gyms, and landmarks. The Metropolitan Museum of Art and Empire State Building are well-known places nearby."
65.89,Entire home/apt,4.0,1.0,1.0,1.0,1.0,1.0,True,1.0,1.0,2.0,"NOTES: This block features an abundance of entertainment, hotels, parks, and transit, characterizing it as a bustling, amenity-rich urban hub.
DESCRIPTION: Located near Chelsea Market and The High Line, this block stands out for its exceptional concentration of entertainment, hotels, green space, and transit options."
179.85,Entire home/apt,4.86,2.0,1.0,1.0,1.0,14.0,True,1.0,1.0,2.0,"NOTES: High concentration of gyms, sports, pharmacies, dining, nightlife, grocery stores, landmarks, museums, and shops; urban commercial and cultural hub.
DESCRIPTION: This block stands out as a vibrant urban hub featuring an exceptional density of gyms, pharmacies, dining, nightlife, grocery stores, landmarks, museums, and shops."
307.0,Entire home/apt,4.69,3.0,1.0,1.0,1.0,253.0,True,1.0,1.0,2.0,"NOTES: This area is a high-energy urban entertainment and service hub characterized by a dense concentration of nightlife, dining, shopping, and cultural amenities.
DESCRIPTION: This block functions as a lively urban hub defined by its exceptional concentration of nightlife, dining, shopping, and cultural attractions."
59.11,Entire home/apt,5.0,1.0,1.0,1.0,1.0,1.0,True,1.0,1.0,2.0,"NOTES: High concentration of entertainment, hotels, parks, and transit; urban tourist and leisure hub.
DESCRIPTION: This area stands out as a vibrant hub with exceptional access to transit, parks, and entertainment, including proximity to The High Line and Chelsea Market."
263.08,Entire home/apt,4.5,3.0,1.0,1.0,1.0,4.0,False,1.0,1.0,2.0,"NOTES: High density of entertainment, sports, landmarks, and parks; indicates a vibrant, tourist-centric urban hub.
DESCRIPTION: This block stands out as a vibrant hub featuring an exceptional concentration of entertainment venues, landmarks, and green spaces, including proximity to Waldorf Astoria and Riverside Park."
252.0,Private room,4.95,1.0,1.0,1.0,1.0,157.0,True,1.0,1.0,2.0,"NOTES: This block features a high concentration of nightlife, dining, entertainment, and cultural amenities, suggesting a vibrant, tourist-oriented commercial district.
DESCRIPTION: This area stands out for its lively nightlife, diverse dining, and abundance of entertainment venues, museums, and green spaces."
202.43,Entire home/apt,4.91,2.0,1.0,1.0,1.0,266.0,True,1.0,1.0,2.0,"NOTES: High density of shops, transit, dining, entertainment, gyms, hotels, landmarks, and pharmacies; urban commercial hub.
DESCRIPTION: This block functions as a bustling urban commercial hub characterized by an exceptional concentration of shops and transit access alongside a wide array of dining, entertainment, fitness, and lodging options."
168.61,Entire home/apt,5.0,2.0,1.0,1.0,1.0,4.0,True,1.0,1.0,2.0,"NOTES: High density of museums, galleries, pharmacies, shops, and transit access indicates a bustling, amenity-rich urban hub.
DESCRIPTION: This block is a highly active urban center characterized by an exceptional concentration of museums, galleries, pharmacies, shops, and transit options."
282.4,Entire home/apt,4.78,5.0,3.0,2.0,1.0,94.0,False,2.0,1.0,3.0,"NOTES: This block features an abundance of parks and green space, museums, galleries, nightlife, dining, and transit, characterizing it as a highly active cultural and recreational hub.
DESCRIPTION: This block stands out for its exceptional access to parks and green space, including nearby Riverside Park and the American Museum of Natural History, alongside a lively concentration of museums, galleries, dining, and transit."
516.8,Entire home/apt,5.0,8.0,4.0,4.0,4.5,41.0,True,4.0,4.5,8.5,"NOTES: High concentration of nightlife, fitness, dining, and cultural venues; this is a high-energy entertainment and lifestyle district.
DESCRIPTION: This block is a lively entertainment and lifestyle district defined by its exceptional density of nightlife, fitness facilities, dining options, and cultural venues."
132.38,Entire home/apt,4.48,4.0,2.0,2.0,1.0,25.0,True,2.0,1.0,3.0,"NOTES: High density of landmarks, nightlife, dining, retail, and services; this is a bustling urban commercial and cultural hub.
DESCRIPTION: This block stands out as a bustling urban hub featuring an exceptional concentration of landmarks, dining, nightlife, and retail options. It serves as a dense center for culture and daily services."
237.28,Entire home/apt,2.67,4.0,2.0,2.0,1.0,3.0,False,2.0,1.0,3.0,"NOTES: This block is an exceptionally active hub featuring a high concentration of fitness facilities, landmarks, and green spaces, suggesting a vibrant, amenity-rich urban center.
DESCRIPTION: This block stands out as a lively urban hub with an abundance of gyms, landmarks, and parks. It also offers a higher than average selection of cafes, dining, grocery stores, pharmacies, shops, and transit options."
175.2,Entire home/apt,5.0,2.0,1.0,1.0,1.0,5.0,True,1.0,1.0,2.0,"NOTES: This block features an exceptionally high density of amenities, dining, and cultural attractions, indicating a vibrant, high-traffic urban hub.
DESCRIPTION: This block stands out as a bustling urban hub characterized by an abundance of dining, shopping, and cultural attractions. It offers a high concentration of services and nightlife options that exceed the typical New York experience."
224.81,Entire home/apt,4.92,2.0,1.0,1.0,1.0,12.0,True,1.0,1.0,2.0,"NOTES: High density of landmarks, nightlife, dining, retail, and services; this is a bustling urban commercial and cultural hub.
DESCRIPTION: This block stands out as a bustling urban hub featuring an exceptional concentration of landmarks, dining, nightlife, and retail options. It serves as a highly active area with extensive access to museums, galleries, and essential services."
1272.78,Entire home/apt,5.0,6.0,4.0,3.0,2.5,5.0,True,3.0,2.5,5.5,"NOTES: Abundant landmarks, entertainment, green space, dining, and transit indicate a bustling cultural and tourist hub.
DESCRIPTION: This block serves as a vibrant cultural hub featuring abundant landmarks, entertainment venues, and green spaces near Columbus Circle, Central Park, American Museum of Natural History, and Lincoln Center."
245.97,Entire home/apt,5.0,2.0,1.0,1.0,1.0,1.0,False,1.0,1.0,2.0,"NOTES: High density of hotels, dining, nightlife, entertainment, and transit; sparse pharmacies. Area type: Vibrant tourist and commercial hub.

DESCRIPTION: This lively area near Hudson Yards and The High Line features an abundance of hotels, dining, entertainment, and transit options, though pharmacies are notably scarce."
182.17,Entire home/apt,5.0,2.0,1.0,1.0,1.0,1.0,False,1.0,1.0,2.0,"NOTES: This area is an exceptionally dense, high-activity urban hub featuring abundant green space and extensive amenities near Central Park.

DESCRIPTION: This highly active area features abundant green space and extensive amenities near Central Park."
133.72,Entire home/apt,2.0,2.0,1.0,1.0,1.0,1.0,False,1.0,1.0,2.0,"NOTES: High concentration of gyms, pharmacies, nightlife, dining, and retail; this is a highly active, amenity-dense urban district.
DESCRIPTION: This block stands out as a bustling urban hub characterized by an abundance of gyms, pharmacies, nightlife, dining, and shops."
130.9,Entire home/apt,5.0,2.0,1.0,1.0,1.0,9.0,True,1.0,1.0,2.0,"NOTES: The block features an exceptionally high concentration of nightlife, dining, entertainment, fitness, and cultural amenities, indicating a highly active urban entertainment district.
DESCRIPTION: This block stands out as a vibrant entertainment district due to its high density of bars, nightlife, dining, entertainment venues, gyms, sports facilities, museums, galleries, and shops."
296.67,Private room,4.71,3.0,2.0,2.0,1.0,21.0,False,2.0,1.0,3.0,"NOTES: Abundant green space and high concentrations of cultural, dining, and entertainment amenities characterize this vibrant cultural and recreational hub.

DESCRIPTION: This block stands out for its exceptional access to parks and green space near American Museum of Natural History and Central Park. It is a lively area featuring a high density of museums, galleries, nightlife, dining, and entertainment venues."
375.09,Entire home/apt,5.0,2.0,1.0,1.0,1.0,11.0,False,1.0,1.0,2.0,"NOTES: This block features an abundance of museums, galleries, shops, cafes, landmarks, parks, and transit, characterizing it as a dense cultural and tourist-focused district.
DESCRIPTION: This area is a cultural hub defined by its high concentration of museums, galleries, and landmarks including The Metropolitan Museum of Art and Central Park. The block offers exceptional access to transit, shops, and cafes, though it lacks a significant presence of grocery stores."
89.15,Entire home/apt,4.8,1.0,1.0,1.0,1.0,5.0,True,1.0,1.0,2.0,"NOTES: This block is an exceptionally dense urban entertainment and transit hub featuring high concentrations of dining, nightlife, retail, and cultural amenities, suggesting a vibrant commercial and tourist-heavy area.

DESCRIPTION: This lively area features an abundance of entertainment, transit, and dining options, with Chelsea Market and The High Line located nearby."
59.11,Entire home/apt,4.8,1.0,1.0,1.0,1.0,5.0,True,1.0,1.0,2.0,"NOTES: This block is a highly active urban hub featuring extensive entertainment, transit, dining, and cultural amenities near Chelsea Market and The High Line.
DESCRIPTION: This lively area stands out for its exceptional concentration of entertainment, transit, and dining options located near Chelsea Market and The High Line."
1627.73,Entire home/apt,5.0,8.0,4.0,4.0,4.5,1.0,True,4.0,4.5,8.5,"NOTES: Abundant green space, high concentration of cultural landmarks, museums, galleries, and sports facilities; area type: cultural and recreational hub.

DESCRIPTION: This block stands out for its exceptional abundance of parks, landmarks, museums, galleries, and sports facilities. It also features a lively atmosphere with above-average access to dining, nightlife, entertainment, and transit options."
249.81,Entire home/apt,3.5,3.0,1.0,1.0,1.0,2.0,False,1.0,1.0,2.0,"NOTES: High concentration of entertainment, sports, landmarks, and parks; indicates a major tourist and cultural hub.
DESCRIPTION: This block stands out as a vibrant cultural hub featuring exceptional entertainment, sports facilities, landmarks, and green space, with Waldorf Astoria and Riverside Park nearby."
258.14,Entire home/apt,4.4,3.0,1.0,1.0,1.0,5.0,False,1.0,1.0,2.0,"NOTES: High concentration of entertainment, sports, landmarks, and green space; urban tourist and recreation hub.
DESCRIPTION: This block stands out as a vibrant urban hub defined by its exceptional access to entertainment, landmarks, and green space, including proximity to Waldorf Astoria and Riverside Park."
740.0,Entire home/apt,4.93,2.0,1.0,1.0,1.0,42.0,True,1.0,1.0,2.0,"NOTES: This block features an exceptionally high concentration of bars, nightlife, and grocery stores, alongside elevated levels of dining, entertainment, hotels, landmarks, museums, pharmacies, and shops, indicating a highly dense, tourist-oriented urban hub.

DESCRIPTION: This block stands out as a bustling urban hub characterized by an abundance of nightlife, grocery options, dining, entertainment, and cultural attractions. It offers a high density of services and amenities that exceed those found on a typical New York block."
112.28,Entire home/apt,5.0,4.0,2.0,2.0,2.0,1.0,False,2.0,2.0,4.0,"NOTES: High concentration of retail, hospitality, and cultural amenities; urban commercial and tourist-oriented district.
DESCRIPTION: This block is a bustling commercial and tourist-oriented district defined by an abundance of pharmacies, dining, nightlife, and cultural attractions. The area stands out for its high density of hotels, grocery stores, and museums."
238.83,Entire home/apt,4.7,2.0,2.0,1.0,1.0,40.0,False,1.0,1.0,2.0,"NOTES: Abundant green space, high density of entertainment, sports, landmarks, and transit access define this as a bustling, tourist-oriented cultural hub.
DESCRIPTION: This area stands out for its exceptional access to Central Park, The Dakota, and Lincoln Center alongside a high concentration of entertainment, sports, and transit options."
87.77,Private room,4.94,1.0,1.0,1.0,1.0,17.0,False,1.0,1.0,2.0,"NOTES: This area is a lively hub featuring abundant landmarks, nightlife, dining, entertainment, and amenities, though it has limited transit access.
DESCRIPTION: This lively area near South Street Seaport stands out for its high concentration of landmarks, nightlife, dining, and entertainment venues despite limited subway access."
224.77,Entire home/apt,4.5,2.0,1.0,1.0,1.0,2.0,False,1.0,1.0,2.0,"NOTES: This block features a high concentration of bars, nightlife, and entertainment venues, indicating a lively urban entertainment district.
DESCRIPTION: This block stands out as a lively entertainment district due to its abundance of bars, nightlife, and entertainment venues."
585.78,Private room,4.64,3.0,2.0,1.0,1.0,14.0,False,1.0,1.0,2.0,"NOTES: This block features an abundance of gyms, landmarks, parks, nightlife, dining, and entertainment, indicating a vibrant, high-activity urban destination.

DESCRIPTION: This lively area stands out for its exceptional concentration of parks, landmarks, and sports facilities, with Riverside Park and Waldorf Astoria nearby."
181.95,Entire home/apt,5.0,2.0,2.0,1.0,1.0,11.0,False,1.0,1.0,2.0,"NOTES: High density of gyms, pharmacies, nightlife, dining, and retail suggests a vibrant, amenity-rich urban hub.
DESCRIPTION: This block stands out as a lively urban hub defined by its exceptional concentration of gyms, pharmacies, nightlife, dining, and retail options."
1248.0,Entire home/apt,5.0,5.0,3.0,2.0,2.0,41.0,False,2.0,2.0,4.0,"NOTES: High density of entertainment, landmarks, dining, and transit; sparse pharmacies; urban commercial hub.
DESCRIPTION: This block functions as a bustling urban commercial hub characterized by an exceptional concentration of entertainment venues, landmarks, and dining options alongside convenient transit access. While the area offers abundant amenities, it features a notably limited presence of pharmacies."
272.87,Entire home/apt,5.0,3.0,1.0,1.0,1.0,2.0,False,1.0,1.0,2.0,"NOTES: High density of landmarks, retail, dining, and nightlife; this is a bustling, amenity-rich urban hub.
DESCRIPTION: This block stands out as a bustling urban hub defined by its exceptional concentration of landmarks, dining, cafes, and nightlife. It offers a dense array of shops, grocery stores, pharmacies, hotels, and galleries that exceeds typical city standards."
59.11,Entire home/apt,5.0,1.0,1.0,1.0,1.0,2.0,True,1.0,1.0,2.0,"NOTES: High density of hotels, parks, transit, and cultural amenities indicates a bustling, tourist-focused urban destination.
DESCRIPTION: This block stands out for its exceptional access to hotels, parks, and transit, while also offering a vibrant selection of dining, shopping, and entertainment near The High Line, Chelsea Market, and Hudson Yards."
1066.68,Entire home/apt,4.64,6.0,3.0,1.0,1.0,107.0,False,1.0,1.0,2.0,"NOTES: High concentration of pharmacies, nightlife, cafes, dining, grocery stores, gyms, shops, and landmarks; this is a bustling, amenity-rich urban hub.

DESCRIPTION: This block stands out as a bustling urban hub with an exceptional density of pharmacies, nightlife, cafes, dining, grocery stores, gyms, shops, and landmarks."
850.0,Entire home/apt,4.81,7.0,3.0,3.0,1.0,75.0,True,3.0,1.0,4.0,"NOTES: High concentration of gyms, landmarks, parks, dining, and transit; this is a bustling, amenity-rich urban hub.
DESCRIPTION: This area stands out for its exceptional access to parks, landmarks, and sports facilities, with Waldorf Astoria and Riverside Park nearby. The block is a lively destination featuring an abundance of dining, shopping, and transit options."
200.26,Entire home/apt,4.44,3.0,2.0,2.0,1.0,9.0,False,2.0,1.0,3.0,"NOTES: High density of grocery stores, gyms, sports, landmarks, sights, and pharmacies; lively urban hub.
DESCRIPTION: This block stands out as a lively urban hub with an exceptional concentration of grocery stores, gyms, sports facilities, landmarks, sights, and pharmacies."
540.92,Entire home/apt,4.86,4.0,2.0,2.0,1.5,319.0,True,2.0,1.5,3.5,"NOTES: High density of cultural, recreational, and dining amenities with limited transit access; this is a vibrant, landmark-rich cultural district.

DESCRIPTION: This block stands out for its exceptional concentration of museums, galleries, and green spaces, including the nearby Washington Square Park. While the area offers a lively selection of dining, nightlife, and shops, it is characterized by below average subway and transit access."
240.0,Hotel room,2.0,2.0,1.0,1.0,1.0,2.0,False,1.0,1.0,2.0,"NOTES: Abundant green space, high concentration of fitness, cultural, and hospitality amenities, but a scarcity of grocery stores; this is a high-end tourist and residential hub.
DESCRIPTION: This area stands out for its proximity to Central Park and The Dakota, offering far more green space, landmarks, and entertainment than a typical New York block. Despite the abundance of dining, cafes, and hotels, the block is quiet regarding grocery store access."
369.67,Entire home/apt,4.44,4.0,2.0,2.0,1.0,16.0,False,2.0,1.0,3.0,"NOTES: High concentration of gyms, landmarks, museums, and parks; urban cultural and recreational hub.
DESCRIPTION: This block stands out as a vibrant cultural and recreational hub due to its exceptional access to museums, landmarks, parks, and sports facilities. It also features a robust selection of dining, shopping, and transit options."
246.77,Entire home/apt,5.0,4.0,2.0,2.0,1.0,1.0,False,2.0,1.0,3.0,"NOTES: High concentration of nightlife, entertainment, dining, shopping, and cultural attractions, but limited transit access; this is a vibrant entertainment and commercial district.
DESCRIPTION: This block is a lively entertainment and commercial district defined by its abundant nightlife, dining, and cultural venues, though it features less convenient transit access than a typical New York block."
311.0,Entire home/apt,5.0,4.0,2.0,2.0,3.0,8.0,False,2.0,3.0,5.0,"NOTES: This block features a lively concentration of bars, nightlife, cafes, dining, entertainment, gyms, and parks, while remaining quiet regarding grocery stores and pharmacies; this is a high-energy urban entertainment district.
DESCRIPTION: This block is a lively hub for dining, nightlife, entertainment, and recreation. It is a quiet area for grocery shopping and pharmacy access."
328.93,Private room,4.91,2.0,1.0,2.0,1.0,127.0,False,2.0,1.0,3.0,"NOTES: This block features a high density of nightlife, dining, entertainment, retail, and cultural attractions, but lacks convenient transit access, characterizing it as a bustling, tourist-heavy entertainment district.

DESCRIPTION: This block stands out for its high concentration of nightlife, dining, entertainment, shops, and cultural landmarks, though it is notably quiet regarding subway and transit access."
94.03,Shared room,4.87,1.0,2.0,1.0,1.0,23.0,False,1.0,1.0,2.0,"NOTES: High concentration of entertainment, sports, landmarks, and parks, indicating a vibrant cultural and recreational hub.
DESCRIPTION: This block stands out as a lively cultural and recreational hub near Lincoln Center, featuring an abundance of entertainment venues, landmarks, and green spaces."
268.0,Private room,4.43,2.0,1.0,1.0,1.0,23.0,False,1.0,1.0,2.0,"NOTES: High density of nightlife, dining, gyms, hotels, museums, shops, and transit with a lack of green space; urban commercial hub.
DESCRIPTION: This block functions as a lively urban commercial hub defined by its abundance of dining, nightlife, shopping, and transit options despite a scarcity of parks."
868.0,Entire home/apt,5.0,4.0,1.0,1.0,1.0,13.0,True,1.0,1.0,2.0,"NOTES: This area is a highly amenity-rich urban center characterized by an abundance of green space, dining, nightlife, and retail services.
DESCRIPTION: This block stands out as a vibrant urban hub with an exceptional concentration of parks, dining, nightlife, shopping, and essential services."
283.93,Entire home/apt,4.94,6.0,3.0,2.0,1.0,134.0,True,2.0,1.0,3.0,"NOTES: This block features an above average concentration of nightlife, cafes, dining, gyms, galleries, and shops, but is quiet regarding parks and green space; it is an urban commercial hub.
DESCRIPTION: This block is a lively urban hub defined by its abundance of dining, nightlife, cafes, shops, gyms, and galleries. It stands out for its high density of amenities despite a lack of parks and green space."
3318.53,Entire home/apt,4.75,9.0,3.0,2.0,2.5,8.0,False,2.0,2.5,4.5,"NOTES: High concentration of entertainment, sports, landmarks, parks, dining, and transit; this is a vibrant, amenity-rich urban destination.
DESCRIPTION: This block stands out as a lively destination featuring an abundance of entertainment, sports, landmarks, and parks. Nearby points of interest include Waldorf Astoria and Riverside Park."
188.96,Entire home/apt,2.67,2.0,1.0,1.0,1.0,3.0,False,1.0,1.0,2.0,"NOTES: Abundant green space and high concentrations of dining, nightlife, entertainment, and transit define this as a bustling, amenity-rich urban hub near Central Park.
DESCRIPTION: This block stands out for its exceptional amount of green space and high density of dining, nightlife, entertainment, and transit options. Located near Central Park, the area offers a vibrant atmosphere with an abundance of shops, services, and hotels."
170.38,Entire home/apt,4.83,2.0,1.0,1.0,1.0,12.0,True,1.0,1.0,2.0,"NOTES: High density of pharmacies, nightlife, cafes, dining, grocery stores, gyms, and landmarks indicates a highly active, amenity-rich urban hub.
DESCRIPTION: This block stands out as a vibrant urban hub featuring an exceptional concentration of pharmacies, dining, nightlife, cafes, grocery stores, gyms, and landmarks."
100.04,Entire home/apt,4.85,2.0,1.0,1.0,1.0,20.0,False,1.0,1.0,2.0,"NOTES: High density of gyms, nightlife, dining, entertainment, and cultural venues with a scarcity of pharmacies and transit access; this is a lively, amenity-rich entertainment district.
DESCRIPTION: This block functions as a vibrant entertainment district characterized by an abundance of dining, nightlife, and cultural venues alongside a notable lack of pharmacies and convenient transit options."
195.27,Entire home/apt,4.13,4.0,2.0,1.0,1.0,8.0,False,1.0,1.0,2.0,"NOTES: This block features an exceptional concentration of gyms, sports facilities, and green space, characterizing it as a highly active and amenity-rich urban area.
DESCRIPTION: This block stands out for its extensive access to parks and sports facilities alongside a lively array of dining, nightlife, and cultural amenities."
255.9,Entire home/apt,4.89,2.0,2.0,1.0,1.0,9.0,False,1.0,1.0,2.0,"NOTES: Abundant green space and a high concentration of cultural, dining, and recreational amenities characterize this area as a vibrant, tourist-oriented cultural hub.

DESCRIPTION: This block stands out for its extensive parks and green space alongside a high density of museums, galleries, and entertainment venues, including the American Museum of Natural History. The area also features a lively selection of dining, shops, and hotels."
165.93,Entire home/apt,4.95,3.0,2.0,1.0,1.0,19.0,True,1.0,1.0,2.0,"NOTES: This area is a highly active urban hub featuring extensive amenities, dining, nightlife, and transit access.
DESCRIPTION: This block stands out as a lively urban hub with abundant dining, nightlife, transit access, and daily conveniences."
173.95,Entire home/apt,4.61,2.0,2.0,1.0,1.0,114.0,True,1.0,1.0,2.0,"NOTES: This block features an exceptionally high density of amenities, services, and transit access compared to a typical New York block, indicating a highly developed, bustling urban core area.
DESCRIPTION: This lively block stands out for its extensive range of dining, entertainment, shopping, and transit options located near Central Park."
277.26,Entire home/apt,5.0,2.0,1.0,1.0,1.0,1.0,False,1.0,1.0,2.0,"NOTES: High density of amenities, transit, and cultural attractions; urban tourist and commercial hub.
DESCRIPTION: This block stands out as a lively urban hub featuring an abundance of dining, nightlife, shopping, and cultural attractions near Hudson Yards and The High Line."
200.0,Private room,4.91,2.0,1.0,1.0,1.0,99.0,True,1.0,1.0,2.0,"NOTES: Abundant landmarks, green space, dining, and transit access define this as a highly active, amenity-rich urban hub.
DESCRIPTION: This block stands out for its exceptional concentration of landmarks and green space alongside a vibrant selection of dining, nightlife, and transit options."
310.26,Entire home/apt,5.0,6.0,3.0,3.0,2.0,1.0,False,3.0,2.0,5.0,"NOTES: High density of grocery stores, transit, dining, entertainment, and services; urban commercial hub.
DESCRIPTION: This block functions as a bustling urban commercial hub characterized by an exceptional concentration of grocery stores and transit options alongside a wide array of dining, entertainment, and retail services."
173.57,Entire home/apt,4.88,2.0,1.0,1.0,1.0,57.0,True,1.0,1.0,2.0,"NOTES: High density of nightlife, dining, entertainment, fitness, and leisure amenities; urban commercial and tourist hub.
DESCRIPTION: This block serves as a lively urban hub featuring an abundance of dining, nightlife, entertainment, and fitness options alongside proximity to Riverside Park and the Waldorf Astoria."
213.5,Entire home/apt,4.75,4.0,2.0,2.0,1.0,12.0,False,2.0,1.0,3.0,"NOTES: Abundant parks, pharmacies, dining, gyms, hotels, landmarks, museums, and shops indicate a highly active, tourist-centric urban hub.
DESCRIPTION: This block stands out as a bustling, amenity-rich destination featuring an exceptional concentration of green spaces, cultural landmarks, and diverse commercial services."
20.57,Shared room,5.0,1.0,2.0,1.0,1.0,2.0,False,1.0,1.0,2.0,"NOTES: High density of pharmacies, nightlife, dining, hotels, and shops with limited green space and transit access; this is a commercial and tourist-focused urban hub.
DESCRIPTION: This block stands out for its high concentration of pharmacies, dining, hotels, and nightlife options. It is characterized by a high volume of retail and hospitality services despite having limited access to parks and public transit."
248.9,Entire home/apt,4.75,3.0,1.0,2.0,1.0,8.0,False,2.0,1.0,3.0,"NOTES: This area is a lively entertainment and cultural hub with abundant dining, nightlife, and retail options, though it suffers from limited transit access.
DESCRIPTION: This lively area features an abundance of entertainment venues, dining, nightlife, grocery stores, hotels, landmarks, and museums, while transit access is limited."
110.8,Entire home/apt,5.0,2.0,1.0,1.0,1.0,1.0,True,1.0,1.0,2.0,"NOTES: High concentration of nightlife, dining, entertainment, grocery stores, landmarks, and museums; this is a dense cultural and commercial hub.
DESCRIPTION: This block stands out as a vibrant cultural and commercial hub due to its high concentration of dining, entertainment venues, museums, galleries, and landmarks. The area also features an above average presence of nightlife and grocery stores."
1600.14,Entire home/apt,5.0,14.0,6.0,6.0,4.5,35.0,True,6.0,4.5,10.5,"NOTES: This block features an abundance of pharmacies, high concentrations of cafes, dining, gyms, sports, landmarks, museums, galleries, shops, and transit, but lacks green space, indicating a dense, highly active urban commercial hub.
DESCRIPTION: This block stands out for its exceptional density of retail, dining, cultural landmarks, and transit options, though it remains notably quiet regarding parks and green space."
248.9,Entire home/apt,5.0,5.0,3.0,3.0,1.0,1.0,False,3.0,1.0,4.0,"NOTES: This area is a high-density entertainment and cultural hub with limited transit access.
DESCRIPTION: This block stands out as a lively destination for entertainment, dining, and cultural attractions, though it offers below average access to subway and transit options."
492.58,Entire home/apt,4.0,6.0,2.0,2.0,2.0,1.0,False,2.0,2.0,4.0,"NOTES: This block features an abundance of landmarks, museums, galleries, nightlife, dining, hotels, parks, and shops, but suffers from limited transit access, characterizing it as a dense cultural and tourist-focused destination.

DESCRIPTION: This block stands out for its high concentration of landmarks, museums, galleries, dining, and nightlife options. While it offers extensive access to parks, shops, and hotels, the area has below average subway and transit connectivity."
82.96,Private room,4.83,1.0,1.0,2.0,1.0,6.0,True,2.0,1.0,3.0,"NOTES: High density of transit, nightlife, dining, entertainment, gyms, pharmacies, and shops; quiet hotel presence. Area type: Urban commercial and transit hub.
DESCRIPTION: This block stands out as a vibrant urban hub featuring an abundance of transit options, dining, nightlife, entertainment, gyms, pharmacies, and shops, while remaining quiet due to a lack of hotels."
337.4,Entire home/apt,4.5,2.0,2.0,2.0,1.0,2.0,False,2.0,1.0,3.0,"NOTES: This block features an exceptional concentration of landmarks, green space, dining, fitness facilities, hotels, cultural institutions, and transit access, suggesting a highly developed, amenity-rich urban hub.

DESCRIPTION: This area stands out for its high density of landmarks, parks, dining, and cultural venues alongside excellent transit connectivity. It functions as a vibrant, amenity-rich urban center with abundant shopping and hotel options."
230.3,Entire home/apt,5.0,2.0,1.0,1.0,1.0,11.0,False,1.0,1.0,2.0,"NOTES: This block features an abundance of landmarks, museums, galleries, and green space, characterizing it as a highly cultural and amenity-rich urban area.

DESCRIPTION: This block stands out for its exceptional concentration of landmarks, museums, galleries, and parks. It also offers a superior selection of dining, fitness, retail, and transit options compared to a typical New York block."
147.5,Entire home/apt,4.55,2.0,1.0,1.0,1.0,20.0,True,1.0,1.0,2.0,"NOTES: This area is a lively residential and commercial hub characterized by an abundance of green space, dining, nightlife, cafes, grocery stores, and pharmacies.
DESCRIPTION: This block stands out for its well above average parks and green space alongside a lively selection of dining, nightlife, cafes, grocery stores, and pharmacies."
46.47,Private room,4.0,2.0,1.0,1.0,1.0,1.0,False,1.0,1.0,2.0,"NOTES: High density of pharmacies, grocery stores, dining, and shops; absence of museums and galleries; commercial-heavy area.
DESCRIPTION: This block stands out for its high concentration of pharmacies, grocery stores, dining, and shops, though it lacks nearby museums and galleries."
738.34,Entire home/apt,4.46,7.0,3.0,3.0,2.0,41.0,False,3.0,2.0,5.0,"NOTES: High concentration of pharmacies, dining, gyms, sports, landmarks, and shops; this is a highly commercial and amenity-rich urban hub.
DESCRIPTION: This block stands out for its high density of pharmacies, diverse dining options, and abundant fitness facilities. It also features a greater than average number of shops and local landmarks compared to a typical New York block."
344.0,Entire home/apt,5.0,4.0,1.0,1.0,1.0,4.0,True,1.0,1.0,2.0,"NOTES: High density of landmarks, green space, nightlife, dining, hotels, and museums with few grocery stores; this is a tourist-centric cultural hub.
DESCRIPTION: This area near Central Park features an abundance of landmarks, green space, hotels, and cultural venues, though it remains quiet regarding grocery stores."
470.5,Private room,5.0,6.0,3.0,3.0,1.5,117.0,False,3.0,1.5,4.5,"NOTES: High concentration of pharmacies, bars, nightlife, dining, and shops; absence of hotels, museums, galleries, landmarks, parks, and transit; urban commercial district.
DESCRIPTION: This area is a dense commercial hub defined by its abundance of pharmacies, dining, nightlife, and shops. It remains quiet regarding landmarks, green space, and transit access, with no hotels or cultural institutions nearby."
128.49,Entire home/apt,4.76,6.0,5.0,2.0,1.5,179.0,True,2.0,1.5,3.5,"NOTES: Abundance of pharmacies, grocery stores, bars, nightlife, dining, and shops; absence of museums and galleries; commercial and retail-focused area.

DESCRIPTION: This block stands out for its high concentration of pharmacies, grocery stores, dining, shops, and nightlife options, while lacking any nearby museums or galleries."
73.6,Private room,5.0,2.0,1.0,1.0,2.0,3.0,True,1.0,2.0,3.0,"NOTES: High concentration of pharmacies, bars, nightlife, dining, and shops; absence of hotels, landmarks, museums, galleries, parks, and transit; commercial and nightlife-focused area.

DESCRIPTION: This block stands out for its high concentration of pharmacies, bars, nightlife, dining, and shops while lacking hotels, landmarks, museums, galleries, parks, and transit."
276.97,Entire home/apt,4.7,3.0,2.0,2.0,1.0,44.0,False,2.0,1.0,3.0,"NOTES: This block features an above average density of bars, nightlife, cafes, dining, grocery stores, pharmacies, shops, and transit, indicating a highly walkable urban commercial hub.
DESCRIPTION: This block stands out as a bustling urban commercial hub with an above average concentration of dining, nightlife, cafes, shops, and essential services alongside convenient transit access."
2006.2,Entire home/apt,4.97,6.0,4.0,2.0,2.0,183.0,False,2.0,2.0,4.0,"NOTES: High density of entertainment, nightlife, dining, transit, and green space with a severe lack of pharmacies; this is a bustling, tourist-oriented commercial hub.
DESCRIPTION: This block is a lively commercial hub featuring an abundance of entertainment, nightlife, dining, and transit options alongside plentiful green space. It stands out for its high concentration of amenities despite having very few pharmacies."
723.51,Entire home/apt,4.73,8.0,4.0,4.0,1.0,33.0,False,4.0,1.0,5.0,"NOTES: High density of grocery stores, landmarks, and pharmacies; urban commercial hub.
DESCRIPTION: This block functions as a bustling urban hub distinguished by its exceptional concentration of grocery stores, landmarks, and pharmacies."
214.05,Entire home/apt,4.84,2.0,1.0,1.0,1.5,43.0,False,1.0,1.5,2.5,"NOTES: High concentration of landmarks, pharmacies, nightlife, dining, and green space with limited transit access; this is a destination-oriented cultural and commercial hub.
DESCRIPTION: This block stands out as a vibrant destination rich in landmarks, dining, and nightlife, though it is less accessible by public transit than a typical New York street."
148.43,Entire home/apt,4.58,2.0,1.0,1.0,1.0,24.0,True,1.0,1.0,2.0,"NOTES: This area is a lively entertainment and lifestyle hub characterized by an abundance of nightlife, dining, gyms, and shops, contrasted by a scarcity of parks and transit access.
DESCRIPTION: This lively area features an abundance of bars, dining, entertainment venues, gyms, and shops, though it lacks convenient transit access and green space."
600.0,Entire home/apt,5.0,2.0,1.0,1.0,1.0,11.0,True,1.0,1.0,2.0,"NOTES: High concentration of amenities, landmarks, and services; urban commercial hub.
DESCRIPTION: This block stands out as a vibrant urban hub with an exceptional density of landmarks, dining, entertainment, and essential services."
82.69,Private room,4.0,1.0,1.0,1.0,1.0,4.0,False,1.0,1.0,2.0,"NOTES: High density of pharmacies, dining, grocery stores, gyms, landmarks, shops, and transit access; this is a highly convenient, amenity-rich urban hub.
DESCRIPTION: This block stands out for its exceptional concentration of dining, shopping, and transit options alongside numerous gyms, grocery stores, pharmacies, and local landmarks."
462.77,Entire home/apt,4.9,4.0,2.0,2.0,2.0,10.0,False,2.0,2.0,4.0,"NOTES: This block features an abundance of grocery stores and green space alongside a high concentration of cafes, dining, entertainment, gyms, hotels, landmarks, and transit, indicating a highly amenity-rich and vibrant urban area.
DESCRIPTION: This area offers exceptional access to grocery stores and Central Park while providing a dense collection of dining, entertainment, and transit options."
477.5,Entire home/apt,4.83,6.0,5.0,3.0,2.0,18.0,False,3.0,2.0,5.0,"NOTES: This block features an above-average density of amenities, landmarks, and transit access, suggesting a highly developed, bustling urban center.
DESCRIPTION: This block stands out for its exceptional concentration of landmarks, dining, entertainment, and transit options compared to a typical New York block."
145.63,Entire home/apt,5.0,2.0,1.0,1.0,1.0,1.0,False,1.0,1.0,2.0,"NOTES: High density of bars, nightlife, cafes, dining, grocery stores, pharmacies, shops, and transit with a lack of green space; urban commercial hub.
DESCRIPTION: This block functions as a bustling urban commercial hub featuring an extensive array of dining, nightlife, shopping, and transit options despite a notable lack of parks and green space."
519.0,Entire home/apt,4.22,11.0,5.0,2.0,2.0,9.0,False,2.0,2.0,4.0,"NOTES: High density of grocery stores, landmarks, cafes, dining, gyms, hotels, pharmacies, shops, and transit indicates a bustling commercial and tourist hub.
DESCRIPTION: This block functions as a vibrant commercial and tourist hub characterized by an exceptional concentration of grocery stores, landmarks, and diverse dining and retail options."
192.41,Entire home/apt,4.96,2.0,1.0,1.0,1.0,25.0,False,1.0,1.0,2.0,"NOTES: High concentration of entertainment, landmarks, parks, and cultural amenities; area type is a tourist and cultural hub.
DESCRIPTION: This block stands out as a vibrant cultural and tourist destination featuring an abundance of entertainment venues, landmarks, and green space, including proximity to Lincoln Center and Central Park."
180.7,Entire home/apt,5.0,2.0,1.0,1.0,1.0,1.0,False,1.0,1.0,2.0,"NOTES: High concentration of bars, nightlife, cafes, dining, hotels, pharmacies, shops, and transit; urban commercial hub.
DESCRIPTION: This block functions as a lively urban commercial hub characterized by a high density of dining, nightlife, shopping, and transit options."
206.0,Private room,5.0,2.0,1.0,1.0,1.0,1.0,False,1.0,1.0,2.0,"NOTES: High concentration of museums, galleries, parks, green space, cafes, entertainment, landmarks, and shops; cultural and recreational district.
DESCRIPTION: This area is a cultural and recreational district distinguished by its abundance of museums, galleries, parks, green space, cafes, entertainment, and landmarks near Hudson Yards and The High Line."
336.65,Private room,5.0,2.0,1.0,2.0,1.0,50.0,True,2.0,1.0,3.0,"NOTES: High density of amenities and transit access with a complete absence of green space; this is a bustling urban commercial area.
DESCRIPTION: This block is a lively urban hub featuring an abundance of dining, nightlife, shopping, and transit options, though it lacks nearby parks and green space."
190.41,Entire home/apt,5.0,4.0,3.0,2.0,1.0,6.0,False,2.0,1.0,3.0,"NOTES: This area is a highly dense, amenity-rich urban hub featuring an exceptional concentration of pharmacies, nightlife, dining, retail, fitness, and cultural attractions near The High Line.
DESCRIPTION: This vibrant urban hub features an exceptional concentration of pharmacies, dining, nightlife, and cultural attractions near The High Line."
474.0,Entire home/apt,4.55,4.0,2.0,1.0,1.0,31.0,True,1.0,1.0,2.0,"NOTES: This block features a high density of cultural, social, and service amenities, suggesting a vibrant, tourist-oriented urban core.
DESCRIPTION: This area stands out for its exceptional concentration of landmarks, museums, galleries, and hospitality options alongside a lively selection of dining and nightlife venues."
159.47,Entire home/apt,4.67,2.0,1.0,1.0,1.0,3.0,False,1.0,1.0,2.0,"NOTES: High density of cafes, dining, gyms, sports, and shops; this is a bustling commercial and lifestyle hub.
DESCRIPTION: This block stands out for its above average concentration of cafes, dining, gyms, sports, and shops."
1327.43,Entire home/apt,5.0,4.0,3.0,4.0,2.5,1.0,False,4.0,2.5,6.5,"NOTES: Lively urban hub featuring abundant cafes, dining, entertainment, gyms, hotels, landmarks, and parks, with a scarcity of museums and galleries.
DESCRIPTION: This lively urban hub features abundant cafes, dining, entertainment, gyms, hotels, landmarks, and parks near Riverside Park and Waldorf Astoria, though it lacks museums and galleries."
191.27,Entire home/apt,4.53,2.0,1.0,1.0,1.0,15.0,False,1.0,1.0,2.0,"NOTES: High concentration of gyms, landmarks, parks, entertainment, hotels, and shops; this is a bustling, amenity-rich urban hub.
DESCRIPTION: This area stands out for its exceptional access to parks like Riverside Park, landmarks such as the Waldorf Astoria, and a high density of entertainment, fitness, and retail options."
1023.24,Entire home/apt,5.0,7.0,3.0,3.0,3.0,1.0,False,3.0,3.0,6.0,"NOTES: This block features an abundance of parks, dining, gyms, hotels, landmarks, museums, and pharmacies, indicating a highly active, tourist-oriented urban center.
DESCRIPTION: This area stands out for its high concentration of parks, dining options, gyms, hotels, landmarks, museums, and pharmacies."
140.87,Entire home/apt,5.0,3.0,2.0,1.0,1.0,7.0,False,1.0,1.0,2.0,"NOTES: High density of bars, nightlife, dining, gyms, sports, and pharmacies with superior transit access; urban commercial hub.
DESCRIPTION: This block functions as a vibrant commercial hub characterized by an abundance of nightlife, dining, fitness facilities, and pharmacies, all supported by exceptional transit connectivity."
208.7,Entire home/apt,5.0,3.0,1.0,1.0,1.0,3.0,False,1.0,1.0,2.0,"NOTES: High density of pharmacies, nightlife, dining, groceries, gyms, landmarks, museums, and parks; urban tourist and lifestyle hub.
DESCRIPTION: This block stands out as a vibrant urban hub featuring an abundance of pharmacies, nightlife, dining, groceries, gyms, museums, and parks near The High Line."
697.23,Entire home/apt,5.0,4.0,2.0,2.0,1.5,7.0,True,2.0,1.5,3.5,"NOTES: High density of museums, galleries, parks, landmarks, shops, and entertainment venues; absence of pharmacies and scarcity of grocery stores, dining, and nightlife; cultural and recreational area.

DESCRIPTION: This block is a cultural and recreational destination defined by its abundance of museums, galleries, parks, and landmarks, including The Frick Collection, Central Park Zoo, and Central Park. It stands out for its high concentration of shops and entertainment venues while lacking basic services like pharmacies and grocery stores."
335.57,Entire home/apt,4.88,2.0,1.0,1.0,1.0,16.0,False,1.0,1.0,2.0,"NOTES: Abundance of pharmacies, nightlife, dining, grocery stores, gyms, landmarks, and museums; urban commercial and cultural hub.
DESCRIPTION: This block is a lively urban hub featuring an abundance of pharmacies, nightlife, dining, grocery stores, gyms, and cultural landmarks like The High Line."
477.5,Entire home/apt,5.0,4.0,1.0,1.0,1.0,6.0,False,1.0,1.0,2.0,"NOTES: High concentration of bars, nightlife, cafes, dining, entertainment, and transit; sparse pharmacy access. Area type: Urban entertainment district.

DESCRIPTION: This block stands out as a lively urban entertainment district with an abundance of dining, nightlife, and transit options, though it has limited pharmacy access."
262.07,Entire home/apt,5.0,2.0,1.0,1.0,1.0,3.0,True,1.0,1.0,2.0,"NOTES: This area is a highly active urban destination featuring an abundance of cafes, entertainment, sports facilities, landmarks, pharmacies, and shops, including Brooklyn Heights Promenade and Brooklyn Bridge.
DESCRIPTION: This lively area stands out for its high concentration of cafes, entertainment, sports facilities, landmarks, pharmacies, and shops near Brooklyn Heights Promenade and Brooklyn Bridge."
160.11,Private room,4.91,2.0,1.0,1.0,1.0,35.0,True,1.0,1.0,2.0,"NOTES: This area is a lively urban hub featuring an abundance of nightlife, cafes, museums, galleries, parks, pharmacies, and shops.
DESCRIPTION: This block stands out as a lively area with an above average concentration of bars, nightlife, cafes, museums, galleries, parks, pharmacies, and shops."
90.89,Private room,5.0,2.0,1.0,2.0,1.0,3.0,False,2.0,1.0,3.0,"NOTES: High density of pharmacies, nightlife, dining, and shops with a lack of cultural or green space indicates a bustling commercial and residential neighborhood.
DESCRIPTION: This block is a lively commercial hub defined by its abundance of pharmacies, dining, nightlife, and shops, while remaining quiet regarding museums, landmarks, and parks."
584.73,Entire home/apt,5.0,6.0,4.0,2.0,2.5,10.0,True,2.0,2.5,4.5,"NOTES: This block features an above average concentration of bars, nightlife, dining, entertainment venues, gyms, sports, museums, and galleries, indicating a highly active urban entertainment district.
DESCRIPTION: This block stands out for its above average selection of bars, nightlife, dining, entertainment venues, gyms, sports, museums, and galleries."
142.21,Entire home/apt,4.0,6.0,3.0,3.0,1.0,1.0,False,3.0,1.0,4.0,"NOTES: This block features an abundance of pharmacies, grocery stores, transit options, and shops, while lacking museums and galleries, suggesting a highly convenient residential or commercial hub.
DESCRIPTION: This area stands out for its high concentration of pharmacies, grocery stores, shops, and transit access, though it offers few museums and galleries near The Cloisters."
340.9,Entire home/apt,4.77,4.0,2.0,2.0,1.0,13.0,False,2.0,1.0,3.0,"NOTES: High density of landmarks, green space, dining, fitness, hotels, museums, and pharmacies; this is a highly developed cultural and tourist hub.
DESCRIPTION: This area stands out as a highly developed cultural and tourist hub featuring an abundance of landmarks, green space, dining, fitness, hotels, museums, and pharmacies."
561.67,Entire home/apt,4.91,3.0,1.0,1.0,1.0,44.0,True,1.0,1.0,2.0,"NOTES: Abundant green space, extensive fitness facilities, and a high concentration of cultural and retail amenities suggest an active, affluent residential or lifestyle-focused area.
DESCRIPTION: This block stands out for its exceptional amount of green space, numerous gyms, and high density of landmarks, museums, and shops."
562.99,Entire home/apt,5.0,6.0,2.0,2.0,2.0,3.0,True,2.0,2.0,4.0,"NOTES: This block is a cultural and commercial hub with exceptional landmarks, museums, galleries, dining, hotels, parks, and shops, but it is notably isolated from subway and transit access.

DESCRIPTION: This area stands out as a vibrant cultural and commercial destination featuring an abundance of landmarks, museums, galleries, dining, hotels, parks, and shops, though it lacks convenient access to subway and transit options."
1212.0,Entire home/apt,4.79,4.0,3.0,2.0,1.0,19.0,False,2.0,1.0,3.0,"NOTES: Abundant landmarks, green space, nightlife, cafes, dining, hotels, and museums with limited grocery options; this is a high-traffic tourist and cultural destination.
DESCRIPTION: This area stands out for its exceptional concentration of landmarks, parks, and cultural venues like Central Park, alongside a vibrant selection of dining and nightlife options. Despite the density of hotels and galleries, the block remains quiet regarding grocery store access."
358.4,Private room,4.93,2.0,3.0,2.0,1.0,27.0,False,2.0,1.0,3.0,"NOTES: High concentration of bars, nightlife, dining, entertainment, gyms, and shops with limited transit access; urban entertainment district.
DESCRIPTION: This block functions as a lively urban entertainment district defined by its high concentration of dining, nightlife, and fitness options despite having below average transit access."
209.93,Entire home/apt,4.26,5.0,4.0,3.0,1.0,68.0,True,3.0,1.0,4.0,"NOTES: This area is a cultural and amenity-rich residential enclave characterized by an abundance of museums, galleries, parks, pharmacies, cafes, dining, grocery stores, and gyms, though it is notably underserved by subway and transit options.

DESCRIPTION: This block stands out as a cultural and amenity-dense neighborhood featuring an exceptional concentration of museums, galleries, parks, and essential services, despite having limited access to subway and transit."
206.92,Entire home/apt,4.78,3.0,1.0,1.0,1.0,19.0,True,1.0,1.0,2.0,"NOTES: High density of cafes, entertainment, sports, hotels, landmarks, and parks; low density of grocery stores and museums; area type: vibrant tourist and recreational hub.

DESCRIPTION: This block stands out for its high concentration of cafes, entertainment venues, gyms, hotels, landmarks, and parks, including nearby Riverside Park and Waldorf Astoria. It is a lively area that features fewer grocery stores and museums than a typical New York block."
274.77,Private room,4.35,2.0,1.0,1.0,1.0,65.0,False,1.0,1.0,2.0,"NOTES: Lively nightlife, dining, entertainment, and fitness options with a complete absence of parks; this is a high-energy urban commercial district.
DESCRIPTION: This block is a high-energy urban commercial district defined by its lively nightlife, dining, entertainment, and fitness options alongside a complete absence of parks."
154.01,Entire home/apt,4.41,4.0,2.0,2.0,1.0,157.0,False,2.0,1.0,3.0,"NOTES: High density of bars, dining, pharmacies, shops, and transit access with minimal hotel presence; urban commercial and nightlife hub.
DESCRIPTION: This block functions as a lively commercial and nightlife hub characterized by an abundance of dining, shopping, and transit options alongside a quiet hotel presence."
371.0,Private room,5.0,2.0,1.0,1.0,1.0,3.0,True,1.0,1.0,2.0,"NOTES: High concentration of bars, nightlife, entertainment, gyms, museums, galleries, pharmacies, and shops; this is a bustling urban commercial and cultural hub.
DESCRIPTION: This block stands out as a lively urban hub with an above average concentration of nightlife, entertainment venues, gyms, museums, galleries, pharmacies, and shops."
729.0,Hotel room,4.5,4.0,2.0,2.0,1.0,28.0,False,2.0,1.0,3.0,"NOTES: High concentration of cultural, dining, and recreational amenities with limited local grocery access; this is a tourist-heavy, high-amenity urban district.
DESCRIPTION: This area stands out for its exceptional landmarks, parks, and cultural institutions like Central Park, alongside a vibrant selection of dining and nightlife options. Despite the abundance of hotels and galleries, the block remains quiet regarding convenient grocery access."
432.0,Hotel room,3.67,3.0,1.0,1.0,1.0,6.0,False,1.0,1.0,2.0,"NOTES: Abundant landmarks, green space, nightlife, cafes, dining, hotels, and museums with few grocery stores; this is a tourist-heavy cultural district.
DESCRIPTION: Featuring Central Park, this block stands out for its high concentration of landmarks, green space, nightlife, cafes, dining, hotels, and museums despite a lack of grocery stores."
170.54,Entire home/apt,5.0,4.0,4.0,4.0,1.0,1.0,True,4.0,1.0,5.0,"NOTES: High density of grocery stores, pharmacies, transit, hotels, and shops; absence of cultural or entertainment venues; indicates a high-traffic commercial and residential hub.
DESCRIPTION: This block functions as a bustling commercial and residential hub defined by its exceptional access to daily essentials, transit, and lodging. It stands out for its high concentration of grocery stores, pharmacies, and shops while remaining quiet regarding museums, galleries, and entertainment venues."
159.3,Entire home/apt,5.0,2.0,1.0,1.0,1.0,2.0,False,1.0,1.0,2.0,"NOTES: This area is a lively transit-oriented nightlife and dining hub with a notable scarcity of pharmacies.
DESCRIPTION: This block stands out as a lively destination for dining, nightlife, and entertainment with excellent transit access, though it lacks convenient access to pharmacies."
205.18,Entire home/apt,4.14,3.0,2.0,1.0,1.0,7.0,False,1.0,1.0,2.0,"NOTES: High concentration of landmarks, parks, dining, nightlife, hotels, and museums; low grocery availability; area type: tourist-centric cultural district.
DESCRIPTION: This block stands out as a vibrant cultural and tourist destination near Central Park, offering an abundance of landmarks, green space, dining, and nightlife despite a lack of grocery stores."
489.0,Shared room,4.96,4.0,2.0,2.0,1.0,80.0,True,2.0,1.0,3.0,"NOTES: High density of pharmacies, bars, nightlife, dining, and shops with a lack of museums, hotels, landmarks, and green space; this is a commercial and nightlife-focused urban district.
DESCRIPTION: This block stands out for its high concentration of pharmacies, dining, shops, and nightlife venues. It is defined by its commercial character and absence of museums, hotels, landmarks, and green space."
212.97,Entire home/apt,4.84,4.0,2.0,1.0,1.0,106.0,False,1.0,1.0,2.0,"NOTES: Abundant cafes, dining, and shops with a lack of green space, transit, and pharmacies suggest a dense, amenity-focused commercial area.
DESCRIPTION: This block stands out for its high concentration of cafes, dining, and shops, though it lacks nearby parks, transit options, and pharmacies."
752.13,Entire home/apt,5.0,4.0,2.0,2.0,2.0,6.0,True,2.0,2.0,4.0,"NOTES: High concentration of cultural institutions, green space, and landmarks; quiet nightlife and dining; cultural and residential area.
DESCRIPTION: This block stands out as a cultural and residential destination featuring an abundance of museums, galleries, parks, and landmarks, including The Frick Collection. It offers a quiet atmosphere with limited nightlife, dining, and grocery options."
167.96,Entire home/apt,5.0,2.0,1.0,1.0,1.0,35.0,True,1.0,1.0,2.0,"NOTES: High concentration of amenities including nightlife, dining, cafes, gyms, shops, parks, and pharmacies with limited transit and tourist attractions; this is a highly residential, amenity-rich neighborhood.
DESCRIPTION: This block is a highly residential area defined by an abundance of local amenities such as nightlife, dining, shops, and green spaces. It stands out for its convenience while offering fewer transit options and tourist landmarks than a typical New York block."
323.74,Entire home/apt,4.77,3.0,2.0,1.0,1.0,13.0,True,1.0,1.0,2.0,"NOTES: High density of grocery stores, gyms, hotels, and shops; this is a commercial and service-oriented district.
DESCRIPTION: This block is a commercial and service-oriented district characterized by an above average concentration of grocery stores, gyms, hotels, and shops."
307.83,Entire home/apt,4.58,4.0,2.0,2.0,1.0,12.0,False,2.0,1.0,3.0,"NOTES: Abundant green space, dining, fitness facilities, hotels, landmarks, museums, and pharmacies; this is a highly developed, amenity-rich urban center.
DESCRIPTION: This block stands out for its exceptional concentration of parks, dining, gyms, hotels, landmarks, museums, and pharmacies. It functions as a highly developed and amenity-rich urban center."
306.79,Entire home/apt,5.0,4.0,2.0,2.0,1.0,2.0,False,2.0,1.0,3.0,"NOTES: High density of pharmacies, cafes, dining, and museums & galleries; commercial hub area.
DESCRIPTION: This block stands out as a commercial hub with a high density of pharmacies, cafes, dining, and museums and galleries."
436.5,Private room,5.0,4.0,3.0,2.0,1.5,46.0,True,2.0,1.5,3.5,"NOTES: High concentration of gyms, sports facilities, hotels, pharmacies, and shops; commercial and tourist-oriented area.
DESCRIPTION: This block is a commercial and tourist-oriented area characterized by an above average concentration of gyms, sports facilities, hotels, pharmacies, and shops."
198.29,Entire home/apt,4.86,2.0,1.0,1.0,1.0,248.0,False,1.0,1.0,2.0,"NOTES: This block features an above average concentration of gyms, sports facilities, hotels, landmarks, sights, pharmacies, and shops, indicating a high-traffic commercial and tourist area.
DESCRIPTION: This block stands out as a bustling commercial and tourist hub due to its high density of hotels, shops, pharmacies, gyms, sports facilities, and landmarks."
160.03,Entire home/apt,4.57,2.0,1.0,1.0,1.0,7.0,False,1.0,1.0,2.0,"NOTES: High density of bars, nightlife, entertainment, grocery stores, landmarks, and museums; this is a lively cultural and commercial hub.
DESCRIPTION: This block stands out as a lively cultural and commercial hub due to its high density of bars, nightlife, entertainment venues, grocery stores, landmarks, and museums."
485.0,Entire home/apt,4.94,2.0,2.0,1.0,1.0,197.0,True,1.0,1.0,2.0,"NOTES: This area is a lively commercial and nightlife hub with limited transit, parks, and hotels.
DESCRIPTION: This block stands out as a lively area with an abundance of bars, nightlife, grocery stores, pharmacies, and shops, while offering limited access to parks, green space, hotels, and transit."
114.33,Private room,4.67,2.0,3.0,2.0,1.0,3.0,True,2.0,1.0,3.0,"NOTES: This area is a lively commercial and nightlife hub with limited transit, parks, and hotels.
DESCRIPTION: This block stands out as a lively area with an abundance of bars, nightlife, grocery stores, pharmacies, and shops, though it lacks parks, green space, hotels, and transit access."
231.96,Entire home/apt,4.94,4.0,2.0,2.0,1.0,17.0,True,2.0,1.0,3.0,"NOTES: Abundant green space, dining, and amenities; quiet on transit and landmarks; residential neighborhood area.
DESCRIPTION: This block stands out for its exceptional access to Prospect Park and a high concentration of cafes, dining, and shops, while remaining quiet regarding transit and landmarks."
615.3,Entire home/apt,4.75,11.0,5.0,4.0,2.5,142.0,False,4.0,2.5,6.5,"NOTES: High density of entertainment, groceries, hotels, landmarks, museums, and shops; urban cultural and commercial hub.
DESCRIPTION: This block stands out as a vibrant cultural and commercial hub due to its high density of entertainment venues, grocery stores, hotels, landmarks, museums, galleries, and shops."
166.66,Entire home/apt,4.53,5.0,4.0,2.0,1.0,30.0,True,2.0,1.0,3.0,"NOTES: This block features an abundance of museums, galleries, parks, and green spaces, while lacking nearby subway or transit access, suggesting a quiet, culturally rich residential enclave.
DESCRIPTION: This area stands out for its high concentration of museums, galleries, parks, and green spaces. It offers a lively selection of dining, nightlife, and entertainment options despite the total absence of nearby subway or transit access."
221.42,Entire home/apt,4.71,4.0,2.0,2.0,1.0,7.0,False,2.0,1.0,3.0,"NOTES: High density of nightlife, dining, entertainment, fitness, and lodging with a complete absence of parks; this is a high-energy urban commercial district.
DESCRIPTION: This block is a lively commercial hub defined by its abundant nightlife, dining, entertainment, and fitness options, though it lacks any nearby parks or green space."
224.28,Entire home/apt,4.75,4.0,3.0,2.0,1.0,4.0,True,2.0,1.0,3.0,"NOTES: High concentration of nightlife, dining, entertainment, fitness, and hotels with an absence of parks; urban commercial district.
DESCRIPTION: This block functions as a lively urban commercial district defined by its abundant bars, dining, entertainment venues, gyms, and hotels. The area is notable for its lack of nearby parks and green space."
115.07,Private room,4.82,1.0,1.0,1.0,1.0,38.0,False,1.0,1.0,2.0,"NOTES: High concentration of nightlife, dining, entertainment, fitness, and lodging; sparse transit and pharmacy access; urban entertainment district.
DESCRIPTION: This block functions as a lively urban entertainment district defined by its high concentration of nightlife, dining, entertainment, fitness, and lodging options. It stands out from typical New York blocks due to its limited access to pharmacies and subway transit."
308.46,Private room,4.95,2.0,1.0,1.0,1.0,98.0,False,1.0,1.0,2.0,"NOTES: High concentration of entertainment, landmarks, museums, and transit; quiet nightlife and limited daily amenities; cultural and tourist-focused area.

DESCRIPTION: This block is a cultural hub featuring Lincoln Center, Central Park, and Columbus Circle, offering exceptional access to entertainment, landmarks, and museums. While transit options and parks are abundant, the area is notably quiet regarding nightlife and lacks convenient access to grocery stores and pharmacies."
451.7,Entire home/apt,5.0,4.0,2.0,2.0,2.0,3.0,False,2.0,2.0,4.0,"NOTES: High concentration of gyms, landmarks, museums, parks, pharmacies, and transit options; this is a highly developed, amenity-rich urban center.
DESCRIPTION: This block stands out as a highly developed urban center featuring an abundance of gyms, landmarks, museums, parks, pharmacies, and transit options."
102.9,Private room,4.94,1.0,2.0,2.0,2.0,52.0,True,2.0,2.0,4.0,"NOTES: High concentrations of nightlife, dining, entertainment, parks, and transit define this as a lively, urban-centric area.
DESCRIPTION: This block stands out for its lively nightlife, dining, and entertainment options, complemented by excellent transit access and abundant green space."
191.52,Entire home/apt,4.79,3.0,1.0,1.0,1.0,34.0,False,1.0,1.0,2.0,"NOTES: High concentration of bars, nightlife, cafes, museums, galleries, pharmacies, and shops; urban commercial and cultural hub.
DESCRIPTION: This block functions as a lively urban hub distinguished by its high concentration of bars, nightlife, cafes, museums, galleries, pharmacies, and shops."
219.03,Entire home/apt,5.0,2.0,1.0,1.0,1.0,2.0,False,1.0,1.0,2.0,"NOTES: High concentration of entertainment venues, hotels, landmarks, and sports facilities; this is a bustling cultural and tourist hub.
DESCRIPTION: This block stands out as a vibrant cultural and tourist hub featuring an abundance of entertainment venues, hotels, landmarks, and sports facilities near Lincoln Center and Columbus Circle."
113.66,Entire home/apt,4.44,2.0,1.0,1.0,1.0,9.0,False,1.0,1.0,2.0,"NOTES: High density of entertainment, grocery stores, hotels, museums, galleries, and shops; urban commercial and cultural district.
DESCRIPTION: This block stands out as a vibrant urban center due to its high concentration of entertainment venues, grocery stores, hotels, museums, galleries, and shops."
152.75,Private room,4.83,2.0,1.0,1.0,1.0,41.0,True,1.0,1.0,2.0,"NOTES: High concentration of entertainment, hotels, landmarks, museums, and shops; this is a bustling cultural and tourist district.
DESCRIPTION: This block stands out as a lively cultural and tourist hub due to its high concentration of entertainment venues, hotels, landmarks, museums, and shops."
300.53,Entire home/apt,5.0,4.0,2.0,2.0,2.0,2.0,False,2.0,2.0,4.0,"NOTES: High concentration of landmarks, shops, and transit options; urban commercial hub.
DESCRIPTION: This block is a lively urban hub featuring above average landmarks, shops, and transit access near Brooklyn Academy of Music."
206.86,Entire home/apt,4.96,4.0,2.0,1.0,1.0,28.0,False,1.0,1.0,2.0,"NOTES: High concentration of cafes and dining, absence of parks and green space; urban commercial area.
DESCRIPTION: This block stands out for its high concentration of cafes and dining options, though it lacks nearby parks and green space."
314.37,Entire home/apt,4.9,4.0,2.0,2.0,1.0,10.0,False,2.0,1.0,3.0,"NOTES: This block features an abundance of parks, dining, gyms, hotels, landmarks, museums, and pharmacies, indicating a highly active, tourist-oriented urban center.
DESCRIPTION: This block stands out for its high concentration of green spaces, dining options, gyms, hotels, landmarks, museums, and pharmacies. It functions as a lively, amenity-rich urban hub."
174.67,Entire home/apt,4.52,4.0,2.0,2.0,1.0,261.0,False,2.0,1.0,3.0,"NOTES: This block features a high concentration of pharmacies, gyms, sports facilities, landmarks, sights, museums, galleries, and transit access, suggesting a highly developed urban hub.
DESCRIPTION: This block stands out for its extensive access to pharmacies, gyms, sports facilities, landmarks, sights, museums, galleries, and transit options."
208.63,Entire home/apt,4.95,3.0,2.0,1.0,1.0,19.0,True,1.0,1.0,2.0,"NOTES: Exceptional landmarks, greenery, entertainment, gyms, hotels, and transit access define this as a highly active, amenity-rich urban hub.
DESCRIPTION: This area stands out for its abundant landmarks, green spaces, and entertainment venues, featuring Riverside Park and Waldorf Astoria nearby."
356.27,Entire home/apt,5.0,2.0,1.0,1.0,2.0,10.0,False,1.0,2.0,3.0,"NOTES: High concentration of museums, galleries, entertainment, gyms, sports, parks, and shops; cultural and recreational hub.
DESCRIPTION: This block stands out as a cultural and recreational hub near the Manhattan Bridge, featuring an abundance of museums, galleries, entertainment venues, gyms, sports facilities, parks, and shops."
380.49,Entire home/apt,4.83,4.0,2.0,2.0,2.0,6.0,True,2.0,2.0,4.0,"NOTES: High density of landmarks, dining, hotels, museums, galleries, parks, and shops with no transit access; this is a secluded cultural and tourist destination.
DESCRIPTION: This block stands out as a secluded cultural and tourist destination featuring an abundance of landmarks, dining, hotels, museums, galleries, parks, and shops despite having no nearby transit access."
221.27,Entire home/apt,4.81,2.0,2.0,1.0,1.0,333.0,False,1.0,1.0,2.0,"NOTES: This area is a lively entertainment and cultural hub featuring abundant nightlife, extensive green space, numerous cafes, and a high concentration of museums and galleries.
DESCRIPTION: This block stands out as a lively cultural and entertainment destination characterized by its abundant nightlife, extensive green space, and high concentration of cafes, museums, and galleries."
283.2,Entire home/apt,4.94,5.0,2.0,2.0,1.0,108.0,True,2.0,1.0,3.0,"NOTES: High concentration of cafes, dining, gyms, and green space; low presence of hotels and landmarks; area type: residential and recreational.
DESCRIPTION: This block is characterized by an abundance of cafes, dining, gyms, and green space, including nearby Prospect Park, while offering fewer hotels and landmarks than a typical New York block."
226.77,Entire home/apt,4.71,8.0,6.0,2.0,1.0,9.0,False,2.0,1.0,3.0,"NOTES: High concentration of entertainment, groceries, hotels, museums, galleries, parks, and shops; this is a bustling, amenity-rich urban center.
DESCRIPTION: This block stands out as a bustling urban center due to its above average concentration of entertainment venues, grocery stores, hotels, museums, galleries, parks, and shops."
440.0,Private room,4.53,2.0,1.0,1.0,1.0,40.0,False,1.0,1.0,2.0,"NOTES: High concentration of pharmacies, entertainment, hotels, landmarks, museums, galleries, parks, and shops; this is a dense urban tourist and cultural district.
DESCRIPTION: This block stands out for its high density of pharmacies, entertainment venues, hotels, landmarks, museums, galleries, parks, and shops."
403.0,Private room,2.83,2.0,2.0,1.0,1.0,6.0,False,1.0,1.0,2.0,"NOTES: This area is a bustling cultural and tourist hub characterized by an unusually high density of pharmacies, entertainment venues, hotels, landmarks, museums, galleries, parks, and shops.
DESCRIPTION: This block functions as a vibrant cultural and tourist destination defined by its exceptional concentration of entertainment venues, museums, galleries, landmarks, and green spaces."
116.17,Entire home/apt,4.8,2.0,2.0,2.0,1.0,59.0,False,2.0,1.0,3.0,"NOTES: High concentration of hotels, entertainment, groceries, museums, galleries, and shops; this is a bustling tourist and cultural district.
DESCRIPTION: This block stands out for its high concentration of hotels, entertainment venues, grocery stores, museums, galleries, and shops. It functions as a busy cultural and commercial hub."
165.49,Entire home/apt,5.0,5.0,4.0,2.0,1.0,6.0,False,2.0,1.0,3.0,"NOTES: High density of pharmacies, gyms, sports, landmarks, sights, museums, galleries, and transit access suggest a highly developed urban hub.
DESCRIPTION: This block stands out for its high concentration of pharmacies, gyms, sports facilities, landmarks, sights, museums, galleries, and transit access."
58.43,Private room,4.49,1.0,1.0,2.0,1.0,115.0,False,2.0,1.0,3.0,"NOTES: High density of pharmacies, grocery stores, transit access, and shops; low presence of museums and galleries; residential/commercial hub.
DESCRIPTION: This block stands out for its high density of pharmacies, grocery stores, shops, and transit access, though it features few museums and galleries. The Cloisters is located nearby."
670.2,Entire home/apt,4.94,2.0,4.0,4.0,2.5,17.0,False,4.0,2.5,6.5,"NOTES: Abundant cafes, dining, parks, pharmacies, and shops with limited entertainment, hotels, landmarks, and transit suggest a residential neighborhood.
DESCRIPTION: This block stands out for its high concentration of cafes, dining, parks, pharmacies, and shops while offering fewer entertainment venues, hotels, landmarks, and transit options than a typical New York block."
218.19,Entire home/apt,4.79,4.0,3.0,2.0,1.0,14.0,False,2.0,1.0,3.0,"NOTES: High concentration of fitness facilities, landmarks, green spaces, pharmacies, shops, and transit access; this is a highly active, amenity-rich urban hub.
DESCRIPTION: This block stands out for its high density of gyms, landmarks, green spaces, pharmacies, shops, and transit options. It functions as a highly active and convenient urban hub."
197.3,Entire home/apt,4.76,3.0,2.0,1.0,1.0,353.0,True,1.0,1.0,2.0,"NOTES: High density of grocery stores, pharmacies, and shops with minimal hotel presence; this is a residential and commercial neighborhood.
DESCRIPTION: This block stands out for its high concentration of grocery stores, pharmacies, and shops, while maintaining a quiet atmosphere due to the lack of hotels."
144.67,Private room,4.83,2.0,1.0,1.0,1.0,29.0,True,1.0,1.0,2.0,"NOTES: High density of pharmacies, entertainment, hotels, landmarks, museums, parks, and shops; this is a highly developed tourist and cultural hub.
DESCRIPTION: This block stands out as a bustling cultural and tourist hub characterized by an abundance of museums, landmarks, entertainment venues, and hotels. The area also features a high concentration of shops, parks, and pharmacies compared to a typical New York block."
718.0,Entire home/apt,4.97,5.0,3.0,3.0,2.0,261.0,True,3.0,2.0,5.0,"NOTES: This lively area features an abundance of cafes, entertainment venues, gyms, sports facilities, pharmacies, and shops, while lacking parks and transit access.
DESCRIPTION: This lively area stands out for its high concentration of cafes, entertainment, fitness facilities, pharmacies, and shops, though it offers limited access to parks and transit."
228.04,Entire home/apt,5.0,4.0,3.0,2.0,1.0,1.0,False,2.0,1.0,3.0,"NOTES: High density of pharmacies, grocery stores, gyms, landmarks, and transit options; this is a highly convenient and amenity-rich urban area.
DESCRIPTION: This block stands out for its high concentration of pharmacies, grocery stores, gyms, landmarks, and transit options. It offers an exceptionally convenient living environment with access to a wide variety of essential services and local sights."
346.5,Entire home/apt,4.95,2.0,1.0,1.0,1.0,485.0,True,1.0,1.0,2.0,"NOTES: High concentration of cafes and dining, absence of hotels, and limited landmarks, pharmacies, and transit define this as a quiet residential or neighborhood-focused area.
DESCRIPTION: This block stands out for its above average selection of cafes and dining options while remaining quiet due to a lack of hotels, landmarks, pharmacies, and transit."
53.31,Private room,4.5,1.0,1.0,2.0,1.0,14.0,True,2.0,1.0,3.0,"NOTES: This area is a retail-heavy residential hub with an abundance of pharmacies and grocery stores, a high concentration of museums and galleries, and a lack of nightlife and green space.
DESCRIPTION: This block stands out for its high density of pharmacies, grocery stores, and cultural institutions like The Metropolitan Museum of Art, while remaining quiet due to a lack of bars and parks."
411.8,Entire home/apt,4.92,4.0,2.0,2.0,1.0,13.0,False,2.0,1.0,3.0,"NOTES: Abundant parks, entertainment, gyms, hotels, and landmarks indicate a vibrant tourist and recreational hub.
DESCRIPTION: This area stands out for its high concentration of parks, entertainment venues, gyms, hotels, and landmarks, featuring well-known places such as Waldorf Astoria and Riverside Park."
160.4,Entire home/apt,4.33,2.0,1.0,1.0,1.0,9.0,False,1.0,1.0,2.0,"NOTES: High concentration of nightlife, entertainment, landmarks, museums, and parks; very few pharmacies; urban cultural and recreational hub.
DESCRIPTION: This block functions as a lively cultural and recreational hub characterized by an abundance of nightlife, entertainment venues, landmarks, museums, and parks, while offering very limited access to pharmacies."
600.87,Entire home/apt,5.0,8.0,4.0,4.0,2.5,5.0,False,4.0,2.5,6.5,"NOTES: Above average dining and sports facilities, lack of nearby landmarks, and below average transit suggest a residential neighborhood area.
DESCRIPTION: This area features above average dining and sports facilities, though it lacks nearby landmarks and has below average transit access. Prospect Park is nearby."
283.93,Entire home/apt,4.69,4.0,2.0,2.0,1.0,13.0,False,2.0,1.0,3.0,"NOTES: Abundant green space, dining, fitness facilities, hotels, landmarks, and cultural institutions; this is a high-amenity tourist and cultural district.
DESCRIPTION: This block stands out for its exceptional concentration of parks, dining options, sports facilities, hotels, landmarks, and museums."
204.1,Entire home/apt,4.0,2.0,2.0,2.0,1.0,4.0,False,2.0,1.0,3.0,"NOTES: High concentration of entertainment, hotels, landmarks, museums, and shops; lacks nearby subway and transit; urban tourist-centric area.
DESCRIPTION: This block stands out for its high concentration of entertainment venues, hotels, landmarks, museums, galleries, and shops. It is distinguished by a lack of nearby subway and transit options."
326.0,Private room,4.99,2.0,1.0,1.0,1.0,189.0,True,1.0,1.0,2.0,"NOTES: High concentration of cafes and dining, absence of parks and green space, and limited hotel presence indicate a dense, commercial urban neighborhood.
DESCRIPTION: This block stands out for its lively dining and cafe scene despite a lack of nearby parks and green space."
183.61,Entire home/apt,4.98,3.0,2.0,2.0,1.0,42.0,True,2.0,1.0,3.0,"NOTES: High concentration of dining and sports facilities, lack of landmarks; area type: active lifestyle district.
DESCRIPTION: This block stands out for its above average dining and gym options, while remaining quiet regarding landmarks and sights."
495.87,Entire home/apt,5.0,5.0,4.0,3.0,1.5,1.0,False,3.0,1.5,4.5,"NOTES: Abundant green space, high concentration of museums, entertainment, sports, hotels, landmarks, and transit; sparse pharmacies. Area type: Cultural and tourist-centric district.

DESCRIPTION: This block stands out as a cultural and tourist-centric destination featuring abundant green space, numerous museums, and high accessibility near Central Park and the American Museum of Natural History. It offers a lively environment rich in landmarks, entertainment, and sports facilities, though it remains quiet regarding pharmacy access."
530.11,Entire home/apt,4.91,5.0,2.0,2.0,1.5,79.0,True,2.0,1.5,3.5,"NOTES: High density of transit, nightlife, cafes, entertainment, hotels, museums, and galleries; sparse grocery and pharmacy options; urban cultural hub.
DESCRIPTION: This urban cultural hub stands out for its exceptional transit access, vibrant nightlife, and proximity to American Museum of Natural History and Prospect Park, though it offers limited grocery and pharmacy options."
118.07,Entire home/apt,4.65,2.0,1.0,1.0,1.0,43.0,False,1.0,1.0,2.0,"NOTES: High density of pharmacies, nightlife, dining, grocery stores, and transit access with a total absence of parks and limited cultural venues; urban commercial hub.
DESCRIPTION: This block functions as a dense urban commercial hub featuring an abundance of pharmacies, dining, nightlife, grocery stores, and transit access, though it lacks nearby parks and cultural venues."
197.36,Entire home/apt,4.92,2.0,2.0,2.0,1.0,202.0,False,2.0,1.0,3.0,"NOTES: High concentration of bars, nightlife, dining, entertainment venues, and transit access; this is a lively urban entertainment district.
DESCRIPTION: This block stands out as a lively urban entertainment district defined by its above average concentration of bars, nightlife, dining, entertainment venues, and transit access."
63.92,Private room,4.0,2.0,1.0,1.0,2.0,1.0,False,1.0,2.0,3.0,"NOTES: Abundant green space, dining, pharmacies, and transit access suggest a highly convenient residential neighborhood.
DESCRIPTION: This block stands out for its exceptional access to parks, dining, pharmacies, and transit options."
678.95,Entire home/apt,4.95,4.0,3.0,2.0,2.0,21.0,False,2.0,2.0,4.0,"NOTES: High density of entertainment, hotels, landmarks, museums, and shops with a lack of transit and pharmacies; this is a tourist-focused cultural hub.
DESCRIPTION: This area is a bustling cultural hub defined by its high concentration of entertainment venues, hotels, landmarks, museums, and shops. It stands apart from a typical New York block due to its lack of nearby transit and pharmacies."
216.77,Entire home/apt,4.94,2.0,1.0,1.0,1.0,194.0,True,1.0,1.0,2.0,"NOTES: High density of gyms, sports facilities, and shops with no nearby transit or hotels; this area is a commercial and fitness-focused destination.
DESCRIPTION: This block stands out for its high concentration of shops and sports facilities despite the absence of nearby hotels or subway transit. The area is located near the Brooklyn Bridge."
246.59,Entire home/apt,4.74,6.0,2.0,2.0,1.0,54.0,False,2.0,1.0,3.0,"NOTES: High density of grocery stores, hotels, museums, galleries, parks, and shops; urban commercial and cultural hub.
DESCRIPTION: This block stands out as a bustling commercial and cultural hub due to its high concentration of grocery stores, hotels, museums, galleries, parks, and shops."
626.51,Private room,5.0,2.0,1.0,1.0,1.0,1.0,False,1.0,1.0,2.0,"NOTES: High concentration of gyms, sports facilities, landmarks, pharmacies, and transit access; this is a highly active, amenity-rich urban hub.
DESCRIPTION: This block stands out for its exceptional access to transit, pharmacies, landmarks, and sports facilities. It functions as a lively urban hub defined by its high density of amenities and local attractions."
324.5,Entire home/apt,5.0,2.0,1.0,1.0,1.0,2.0,False,1.0,1.0,2.0,"NOTES: Abundant cafes, gyms, sports, parks, green space, and shops; lacks pharmacies, grocery stores, and transit access; suburban-style residential area.
DESCRIPTION: This block stands out for its abundance of cafes, gyms, sports facilities, parks, green space, and shops. It is defined by a lack of nearby pharmacies, grocery stores, and transit access."
238.85,Entire home/apt,4.0,2.0,1.0,1.0,1.0,1.0,False,1.0,1.0,2.0,"NOTES: The block features an above average concentration of cafes and shops but lacks nearby green space, museums, galleries, and transit access, suggesting a quiet local commercial area.
DESCRIPTION: This block is defined by its above average selection of cafes and shops, though it remains quiet due to the absence of nearby parks, museums, galleries, and transit options."
217.2,Entire home/apt,4.99,2.0,1.0,1.0,1.0,72.0,False,1.0,1.0,2.0,"NOTES: This block is distinguished by an abundance of landmarks, sights, parks, and green space, alongside a high concentration of hotels, suggesting a tourist-oriented or historic district.
DESCRIPTION: This block stands out from a typical New York street due to its exceptional density of landmarks, green spaces, and hotels."
170.77,Entire home/apt,4.5,2.0,1.0,1.0,1.0,2.0,False,1.0,1.0,2.0,"NOTES: High concentration of pharmacies, landmarks, and green space; area type: amenity-rich residential or tourist-focused district.
DESCRIPTION: This block stands out for its high density of pharmacies, landmarks, and parks. It offers more green space and sights than a typical New York block."
200.25,Entire home/apt,4.0,5.0,3.0,3.0,2.5,1.0,False,3.0,2.5,5.5,"NOTES: Above average cafes and dining, lack of hotels, and sparse pharmacies and landmarks suggest a quiet residential or local neighborhood area.
DESCRIPTION: This block stands out for its high concentration of cafes and dining options, while remaining quiet due to the absence of hotels and a scarcity of pharmacies and landmarks."
361.37,Entire home/apt,5.0,4.0,2.0,2.0,1.0,1.0,False,2.0,1.0,3.0,"NOTES: High density of pharmacies, grocery stores, gyms, landmarks, and parks, but limited subway access; this is a suburban-style residential neighborhood.
DESCRIPTION: This area features an abundance of pharmacies, grocery stores, gyms, landmarks, and parks, though it is characterized by below average subway and transit access."
231.88,Entire home/apt,5.0,4.0,3.0,2.0,1.0,4.0,False,2.0,1.0,3.0,"NOTES: High concentration of bars, nightlife, cafes, dining, entertainment, and transit; sparse pharmacy access; urban entertainment district.
DESCRIPTION: This block functions as a lively urban entertainment district defined by its abundant dining, nightlife, and transit options despite a notable lack of pharmacies."
198.43,Entire home/apt,4.94,2.0,1.0,1.0,1.0,17.0,False,1.0,1.0,2.0,"NOTES: This area is a tourist-heavy, recreation-focused district characterized by an abundance of parks, entertainment, sports facilities, hotels, and landmarks, but it is quiet regarding grocery stores.
DESCRIPTION: Featuring Waldorf Astoria and Riverside Park, this area stands out for its high concentration of hotels, landmarks, entertainment, and green space, while remaining quiet for grocery shopping."
356.93,Entire home/apt,5.0,5.0,3.0,3.0,2.5,3.0,False,3.0,2.5,5.5,"NOTES: High density of grocery stores, pharmacies, and shops with minimal green space; urban commercial area.
DESCRIPTION: This block is a dense commercial area featuring a high concentration of grocery stores, pharmacies, and shops, though it lacks significant parks and green space."
267.04,Entire home/apt,4.8,4.0,3.0,2.0,1.0,15.0,True,2.0,1.0,3.0,"NOTES: Exceptional transit access, abundant entertainment, fitness facilities, and green spaces characterize this highly active urban area.
DESCRIPTION: This block stands out for its superior transit connectivity, plentiful entertainment venues, and extensive access to gyms and green spaces."
236.76,Entire home/apt,4.5,4.0,2.0,2.0,1.0,2.0,False,2.0,1.0,3.0,"NOTES: Above average dining, hotels, parks and green space, pharmacies, and transit; quiet entertainment; residential and amenity-focused area.
DESCRIPTION: This block stands out for its abundant dining, hotels, green spaces, pharmacies, and transit access, while maintaining a quiet atmosphere regarding entertainment venues."
169.63,Entire home/apt,4.75,2.0,1.0,1.0,1.0,4.0,False,1.0,1.0,2.0,"NOTES: High concentration of nightlife, fitness facilities, and transit access suggest an active urban hub.
DESCRIPTION: This block stands out for its above average bars, nightlife, gyms, and sports facilities, as well as its superior subway and transit access."
143.08,Entire home/apt,5.0,4.0,2.0,2.0,1.0,4.0,False,2.0,1.0,3.0,"NOTES: High density of pharmacies and shops, lack of landmarks, parks, and entertainment; commercial convenience area.
DESCRIPTION: This block stands out for its high concentration of pharmacies and shops while lacking nearby landmarks, parks, or entertainment venues."
171.47,Entire home/apt,5.0,2.0,1.0,1.0,1.0,13.0,False,1.0,1.0,2.0,"NOTES: High density of parks, entertainment, gyms, hotels, and landmarks; this is a bustling, tourist-oriented urban destination.
DESCRIPTION: This area stands out for its abundant green space, entertainment venues, gyms, hotels, and landmarks, featuring well-known locations such as Waldorf Astoria and Riverside Park."
280.42,Entire home/apt,4.93,3.0,2.0,2.0,2.0,27.0,False,2.0,2.0,4.0,"NOTES: This area is a lively urban destination characterized by abundant dining, entertainment, parks, and transit, but it lacks convenient access to grocery stores, pharmacies, and hotels.
DESCRIPTION: This block stands out as a lively hub for dining, entertainment, parks, and transit, though it is notably quiet regarding local grocery stores, pharmacies, and hotels."
612.1,Entire home/apt,5.0,8.0,5.0,4.0,2.0,4.0,True,4.0,2.0,6.0,"NOTES: High concentration of fitness facilities, cultural landmarks, museums, galleries, pharmacies, and transit access; urban cultural and transit hub.
DESCRIPTION: This block stands out as a vibrant urban hub with an exceptional density of gyms, cultural landmarks, museums, galleries, pharmacies, and transit options."
58.74,Private room,4.93,2.0,1.0,5.0,4.0,15.0,True,5.0,4.0,9.0,"NOTES: High concentration of pharmacies, grocery stores, and shops; limited entertainment, fitness, and landmarks; residential convenience area.
DESCRIPTION: This block stands out for its high density of pharmacies, grocery stores, and shops, while offering limited entertainment venues, gyms, and landmarks."
310.28,Entire home/apt,5.0,3.0,1.0,1.0,1.0,6.0,True,1.0,1.0,2.0,"NOTES: High concentration of green space, transit, nightlife, cafes, entertainment, and culture; sparse grocery and pharmacy options; area type: vibrant cultural and transit-oriented hub.
DESCRIPTION: This block stands out as a vibrant cultural and transit-oriented hub near American Museum of Natural History and Prospect Park, offering abundant green space and entertainment while lacking convenient grocery and pharmacy access."
419.24,Entire home/apt,4.67,8.0,4.0,3.0,1.5,9.0,False,3.0,1.5,4.5,"NOTES: High density of pharmacies, grocery stores, and shops with minimal entertainment and green space; this is a commercial-focused area.
DESCRIPTION: This block stands out for its high concentration of pharmacies, grocery stores, and shops. It is characterized by a lack of entertainment venues and green space."
355.1,Entire home/apt,4.9,10.0,6.0,5.0,2.0,89.0,False,5.0,2.0,7.0,"NOTES: High density of pharmacies, grocery stores, and shops with a lack of cultural or recreational amenities; this is a commercial-focused residential area.
DESCRIPTION: This block stands out for its high concentration of pharmacies, grocery stores, and shops. It is defined by its commercial convenience rather than proximity to parks, museums, or landmarks."
455.36,Entire home/apt,5.0,6.0,4.0,3.0,3.0,2.0,False,3.0,3.0,6.0,"NOTES: High density of nightlife, cafes, gyms, and parks with limited transit and hotels; urban lifestyle hub.
DESCRIPTION: This block functions as a lively urban hub defined by its abundance of nightlife, cafes, fitness facilities, and green spaces despite having limited access to transit and hotels."
218.5,Entire home/apt,4.92,5.0,3.0,2.0,1.0,251.0,False,2.0,1.0,3.0,"NOTES: High concentration of bars, nightlife, and pharmacies with no access to parks or transit, indicating a dense, nightlife-oriented urban commercial area.
DESCRIPTION: This block stands out for its above average concentration of bars, nightlife, and pharmacies, while lacking nearby parks or transit access."
2765.47,Entire home/apt,4.89,7.0,3.0,2.0,2.5,9.0,False,2.0,2.5,4.5,"NOTES: High concentration of entertainment, landmarks, gyms, hotels, and transit, but lacking in nightlife and pharmacies; this is a tourist-focused cultural district.
DESCRIPTION: This block stands out as a vibrant cultural and tourist hub near Lincoln Center, offering exceptional access to entertainment, landmarks, and transit while remaining quiet regarding nightlife."
253.5,Entire home/apt,5.0,5.0,4.0,3.0,3.5,2.0,False,3.0,3.5,6.5,"NOTES: High concentration of bars, nightlife, and grocery stores with limited hotels and transit access; this is a lively residential and entertainment-focused area.
DESCRIPTION: This block stands out for its lively nightlife and abundant grocery options despite having fewer hotels and limited access to transit."
272.87,Entire home/apt,4.54,3.0,1.0,1.0,1.0,13.0,False,1.0,1.0,2.0,"NOTES: High density of gyms, sports facilities, landmarks, pharmacies, and transit options; urban activity hub.
DESCRIPTION: This block stands out as a lively urban hub due to its exceptional concentration of gyms, sports facilities, landmarks, pharmacies, and transit options."
200.97,Entire home/apt,5.0,2.0,1.0,1.0,1.0,7.0,False,1.0,1.0,2.0,"NOTES: Abundant green space, high density of landmarks, hotels, museums, galleries, and transit, plus a lack of pharmacies; this is a prominent cultural and tourist district.
DESCRIPTION: Featuring Ellis Island and Battery Park, this area stands out for its extensive green space, numerous landmarks, and high concentration of cultural institutions and transit options, though it lacks local pharmacies."
132.96,Entire home/apt,4.81,4.0,2.0,2.0,1.0,21.0,True,2.0,1.0,3.0,"NOTES: High density of grocery stores, pharmacies, and shops; this is a commercial retail area.
DESCRIPTION: This block stands out as a commercial retail area due to its above average concentration of grocery stores, pharmacies, and shops."
770.5,Private room,4.85,4.0,2.0,2.0,2.0,193.0,True,2.0,2.0,4.0,"NOTES: High density of dining and pharmacies with minimal landmarks, green space, or transit access; this is a quiet residential or service-oriented area.
DESCRIPTION: This block stands out for its high concentration of dining and pharmacies, while remaining quiet due to a lack of landmarks, parks, and transit options."
130.47,Private room,4.85,2.0,1.0,1.0,1.0,13.0,False,1.0,1.0,2.0,"NOTES: High density of dining, grocery stores, hotels, parks, pharmacies, and transit with a scarcity of entertainment venues; this is a highly convenient, residential-leaning urban area.
DESCRIPTION: This block features an abundance of dining, grocery stores, hotels, pharmacies, and transit access near Washington Square Park and Central Park, though it remains quiet regarding entertainment venues."
217.57,Entire home/apt,5.0,3.0,2.0,2.0,1.0,4.0,True,2.0,1.0,3.0,"NOTES: High concentration of museums, galleries, and green space indicates a cultural and recreational district.
DESCRIPTION: This block stands out for its high density of museums and galleries alongside abundant green space near Central Park."
149.7,Entire home/apt,5.0,4.0,2.0,1.0,1.0,32.0,False,1.0,1.0,2.0,"NOTES: High density of pharmacies, grocery stores, and shops; low presence of landmarks, entertainment, and sports facilities; residential convenience area.
DESCRIPTION: This block stands out as a residential convenience area with an abundance of pharmacies, grocery stores, and shops, while remaining quiet regarding landmarks, entertainment, and sports facilities."
241.7,Private room,4.5,2.0,1.0,1.0,1.0,2.0,False,1.0,1.0,2.0,"NOTES: High concentration of nightlife, entertainment, fitness, and cultural institutions with a total absence of transit and pharmacies; this is a destination-oriented entertainment district.

DESCRIPTION: This block functions as a destination-oriented entertainment district characterized by a high concentration of bars, entertainment venues, gyms, and museums. It stands out for its lack of nearby subway and transit options and a significant shortage of pharmacies."
357.0,Entire home/apt,4.98,4.0,2.0,2.0,1.0,181.0,True,2.0,1.0,3.0,"NOTES: High concentration of nightlife, dining, pharmacies, and transit with an absence of green space; this is a bustling urban commercial district.
DESCRIPTION: This block is a bustling urban commercial district defined by its vibrant nightlife, extensive dining options, and excellent transit access. The area is notable for its high density of pharmacies and lack of nearby green space."
169.98,Entire home/apt,4.85,5.0,2.0,2.0,1.0,46.0,False,2.0,1.0,3.0,"NOTES: High concentration of nightlife and entertainment, superior transit access, and a scarcity of pharmacies characterize this urban entertainment district.
DESCRIPTION: This block stands out as a lively entertainment district with above average nightlife and transit access, though it is quiet regarding pharmacies."
506.0,Entire home/apt,4.76,8.0,5.0,4.0,2.0,49.0,False,4.0,2.0,6.0,"NOTES: This area is a highly convenient commercial and transit hub with abundant grocery stores, pharmacies, hotels, shops, and transit access, but it is quiet regarding museums and galleries.
DESCRIPTION: This block functions as a convenient commercial and transit hub featuring an abundance of grocery stores, pharmacies, hotels, and shops. It remains quiet in terms of museums and galleries."
583.4,Entire home/apt,5.0,4.0,2.0,2.0,2.0,5.0,True,2.0,2.0,4.0,"NOTES: High density of entertainment venues, landmarks, and green spaces suggest a vibrant cultural and recreational district.
DESCRIPTION: This block stands out for its above average concentration of entertainment venues, landmarks, and parks."
471.8,Entire home/apt,4.71,4.0,2.0,2.0,2.0,7.0,True,2.0,2.0,4.0,"NOTES: Abundant grocery stores, hotels, landmarks, parks, pharmacies, and transit options characterize this highly accessible, amenity-rich urban hub.
DESCRIPTION: This amenity-rich area stands out for its abundance of grocery stores, hotels, landmarks, parks, pharmacies, and transit options near Central Park."
132.25,Entire home/apt,5.0,3.0,1.0,1.0,1.0,7.0,True,1.0,1.0,2.0,"NOTES: High density of grocery stores, pharmacies, dining, parks, and transit; lack of hotels and entertainment; residential neighborhood.
DESCRIPTION: This block stands out for its high concentration of grocery stores, pharmacies, dining, parks, and transit access while remaining free of hotels and entertainment venues."
510.5,Entire home/apt,4.56,3.0,2.0,1.0,1.0,27.0,False,1.0,1.0,2.0,"NOTES: This area is a transit-rich cultural and recreational hub with abundant green space, though it lacks essential retail services like pharmacies and grocery stores.

DESCRIPTION: This block stands out for its exceptional access to parks, entertainment, museums, and transit, while offering limited options for groceries and no nearby pharmacies."
174.18,Entire home/apt,5.0,5.0,2.0,2.0,1.0,3.0,False,2.0,1.0,3.0,"NOTES: High density of grocery stores and pharmacies, lack of parks and green space, and quiet nightlife; this is a residential or commercial service-oriented area.
DESCRIPTION: This block stands out for its high concentration of grocery stores and pharmacies, though it lacks nearby green space and nightlife. The Metropolitan Museum of Art is located nearby."
485.92,Entire home/apt,5.0,2.0,1.0,1.0,1.0,2.0,True,1.0,1.0,2.0,"NOTES: Abundant green space, high concentration of entertainment and fitness facilities, and excellent transit access characterize this transit-oriented recreational area.

DESCRIPTION: This block stands out for its exceptional parks, numerous entertainment venues, and superior transit access, though it remains quiet due to a scarcity of pharmacies and grocery stores."
300.33,Entire home/apt,5.0,6.0,2.0,3.0,1.0,1.0,False,3.0,1.0,4.0,"NOTES: This area is a destination-rich cultural hub characterized by an abundance of landmarks, dining options, green spaces, and pharmacies.
DESCRIPTION: This block stands out as a vibrant destination due to its high concentration of landmarks, dining establishments, parks, and pharmacies."
152.3,Entire home/apt,4.73,2.0,2.0,1.0,1.0,11.0,True,1.0,1.0,2.0,"NOTES: High concentration of museums, galleries, and green space; cultural and recreational area.
DESCRIPTION: This block is defined by its exceptional density of museums and galleries alongside extensive parkland, featuring Central Park nearby."
135.51,Entire home/apt,5.0,2.0,2.0,1.0,1.0,1.0,False,1.0,1.0,2.0,"NOTES: Above average gyms, sports, and landmarks indicate an active, tourist-oriented area.
DESCRIPTION: This block stands out for its above average concentration of gyms, sports facilities, and landmarks."
139.3,Entire home/apt,4.71,4.0,2.0,1.0,1.0,14.0,True,1.0,1.0,2.0,"NOTES: High density of grocery stores, pharmacies, and transit access with a lack of museums and galleries; this is a quiet, residential-focused urban area.
DESCRIPTION: This block stands out for its high concentration of grocery stores, pharmacies, and transit options, while remaining quiet due to a lack of museums and galleries."
103.68,Entire home/apt,4.5,1.0,1.0,1.0,1.0,2.0,True,1.0,1.0,2.0,"NOTES: This block features an above average concentration of gyms, sports facilities, hotels, and landmarks, while maintaining a quiet presence of pharmacies, suggesting a tourist-oriented or commercial district.

DESCRIPTION: This block stands out for its high density of hotels, landmarks, and sports facilities, while offering a quiet environment with few pharmacies."
89.07,Entire home/apt,4.7,4.0,3.0,1.0,1.0,105.0,False,1.0,1.0,2.0,"NOTES: High density of entertainment, grocery stores, and hotels with a lack of green space; urban commercial district.
DESCRIPTION: This block functions as a busy urban commercial district characterized by an abundance of entertainment venues, grocery stores, and hotels alongside a notable scarcity of parks and green space."
188.07,Entire home/apt,4.5,2.0,1.0,1.0,1.0,2.0,False,1.0,1.0,2.0,"NOTES: High density of transit, cafes, museums, galleries, and parks with a scarcity of grocery stores and pharmacies; this is a cultural and transit-oriented urban hub.
DESCRIPTION: This area stands out for its exceptional access to transit, cafes, museums, galleries, and parks, though it remains quiet regarding grocery stores and pharmacies."
140.5,Entire home/apt,4.58,2.0,1.0,1.0,1.0,45.0,True,1.0,1.0,2.0,"NOTES: High density of pharmacies and above average grocery and transit access define this quiet, convenience-focused residential area.
DESCRIPTION: This block features an abundance of pharmacies and above average access to grocery stores and transit, while maintaining a quiet atmosphere due to a lack of cafes."
87.21,Entire home/apt,4.6,2.0,1.0,1.0,1.0,5.0,True,1.0,1.0,2.0,"NOTES: High concentration of gyms, sports facilities, hotels, and landmarks; quiet pharmacy presence; tourist-oriented commercial area.
DESCRIPTION: This block stands out as a tourist-oriented commercial area with an abundance of hotels, landmarks, and sports facilities, while maintaining a quiet pharmacy presence."
78.49,Entire home/apt,4.83,1.0,1.0,1.0,1.0,6.0,True,1.0,1.0,2.0,"NOTES: High concentration of gyms, sports facilities, hotels, and landmarks with a scarcity of pharmacies; this area functions as a tourist and fitness hub.
DESCRIPTION: This block stands out as a tourist and fitness hub due to its high concentration of hotels, landmarks, and sports facilities, while maintaining a quiet presence of pharmacies."
294.8,Entire home/apt,5.0,6.0,3.0,3.0,1.0,1.0,False,3.0,1.0,4.0,"NOTES: Abundant grocery stores, landmarks, parks, and pharmacies suggest a highly convenient, amenity-rich residential area.
DESCRIPTION: This block stands out for its above average access to grocery stores, landmarks, parks, and pharmacies, with Central Park located nearby."
87.21,Entire home/apt,4.6,1.0,1.0,1.0,1.0,5.0,True,1.0,1.0,2.0,"NOTES: High concentration of gyms, sports facilities, hotels, and landmarks; sparse pharmacy access; tourist-oriented commercial area.
DESCRIPTION: This block stands out as a tourist-oriented commercial area with an abundance of hotels, landmarks, and sports facilities, though it features limited pharmacy access."
87.21,Entire home/apt,5.0,1.0,1.0,1.0,1.0,2.0,True,1.0,1.0,2.0,"NOTES: High concentration of gyms, sports facilities, hotels, and landmarks; sparse pharmacy presence; tourist-oriented commercial area.
DESCRIPTION: This block stands out as a tourist-oriented area with an abundance of hotels, landmarks, and sports facilities, though it features few pharmacies."
151.2,Entire home/apt,5.0,4.0,3.0,2.0,1.5,1.0,False,2.0,1.5,3.5,"NOTES: High concentration of pharmacies, lack of museums and galleries, and limited green space suggest a utilitarian residential or commercial area.
DESCRIPTION: This block stands out for its high density of pharmacies and notable absence of museums, galleries, and parks."
294.16,Entire home/apt,5.0,6.0,2.0,2.0,2.0,3.0,False,2.0,2.0,4.0,"NOTES: High concentration of nightlife, entertainment, cultural institutions, transit, and green space, but lacking in daily essentials like pharmacies and groceries; this is a vibrant, tourist-oriented cultural hub.

DESCRIPTION: This area stands out for its lively nightlife, entertainment venues, and cultural sites like American Museum of Natural History and Prospect Park, though it lacks convenient access to pharmacies and grocery stores."
635.64,Entire home/apt,4.66,9.0,5.0,4.0,2.0,71.0,False,4.0,2.0,6.0,"NOTES: The block features an above average number of entertainment venues and grocery stores, suggesting a lively, amenity-rich area.
DESCRIPTION: This block stands out for its above average concentration of entertainment venues and grocery stores."
158.17,Entire home/apt,4.64,4.0,1.0,1.0,1.0,443.0,False,1.0,1.0,2.0,"NOTES: High concentration of grocery stores, entertainment venues, and hotels; this is a bustling commercial and tourist-oriented area.
DESCRIPTION: This block stands out for its high concentration of grocery stores, entertainment venues, and hotels."
268.27,Private room,4.83,2.0,2.0,2.0,1.0,113.0,False,2.0,1.0,3.0,"NOTES: Above average cafes, no hotels, and below average entertainment and pharmacies; this is a quiet residential area.
DESCRIPTION: This block features an abundance of cafes but lacks hotels, entertainment venues, and pharmacies."
207.8,Entire home/apt,4.75,2.0,1.0,1.0,1.0,52.0,False,1.0,1.0,2.0,"NOTES: High concentration of pharmacies, gyms, sports facilities, landmarks, and parks; limited transit access; area type: residential-recreational hub.
DESCRIPTION: This block stands out for its abundant pharmacies, fitness facilities, parks, and landmarks like The High Line, though it features quieter transit access than a typical New York block."
116.17,Entire home/apt,4.92,2.0,2.0,1.0,1.0,12.0,True,1.0,1.0,2.0,"NOTES: The block features an above average concentration of grocery stores, hotels, and shops, indicating a highly commercial and transit-oriented urban area.
DESCRIPTION: This block stands out for its above average number of grocery stores, hotels, and shops."
223.34,Entire home/apt,5.0,4.0,3.0,2.0,1.0,6.0,False,2.0,1.0,3.0,"NOTES: High density of grocery stores, parks, and pharmacies; low density of gyms and landmarks; residential-convenience area.
DESCRIPTION: This block stands out for its high concentration of grocery stores, parks, and pharmacies, while offering fewer gyms and landmarks than a typical New York block."
1080.0,Entire home/apt,4.93,6.0,3.0,3.0,2.0,115.0,False,3.0,2.0,5.0,"NOTES: High density of grocery stores, entertainment venues, and hotels with limited green space; urban commercial area.
DESCRIPTION: This block is an urban commercial area characterized by an abundance of grocery stores, entertainment venues, and hotels, though it lacks significant parks and green space."
232.6,Entire home/apt,4.63,2.0,1.0,1.0,1.0,16.0,False,1.0,1.0,2.0,"NOTES: High concentration of museums, galleries, entertainment, parks, and shops, but sparse grocery stores and pharmacies; cultural and recreational district.
DESCRIPTION: This area near the Manhattan Bridge stands out as a cultural and recreational district defined by its abundance of museums, galleries, entertainment venues, parks, and shops, while remaining quiet regarding grocery stores and pharmacies."
169.63,Entire home/apt,4.8,2.0,1.0,1.0,1.0,10.0,False,1.0,1.0,2.0,"NOTES: High density of grocery stores, pharmacies, and museums and galleries; urban commercial and cultural area.
DESCRIPTION: This block is characterized by an abundance of grocery stores and pharmacies alongside a notable concentration of museums and galleries."
733.0,Entire home/apt,4.82,6.0,3.0,2.0,1.0,102.0,True,2.0,1.0,3.0,"NOTES: High density of grocery stores, pharmacies, and transit access; area type is a highly convenient residential or commercial hub.
DESCRIPTION: This block stands out for its above average access to grocery stores, pharmacies, and subway and transit options."
147.5,Entire home/apt,4.7,2.0,1.0,1.0,1.0,10.0,False,1.0,1.0,2.0,"NOTES: Above average cafes and dining, lack of parks and pharmacies, below average hotels; this is a commercial dining district.
DESCRIPTION: This block stands out as a commercial dining district featuring an abundance of cafes and restaurants but lacking nearby parks, pharmacies, and hotels."
231.74,Entire home/apt,4.57,9.0,6.0,2.0,1.0,8.0,False,2.0,1.0,3.0,"NOTES: High density of grocery stores, hotels, parks, and transit with minimal nightlife and cafe activity; this is a quiet, residential or transit-oriented hub.
DESCRIPTION: This block stands out for its high availability of grocery stores, hotels, parks, and transit options while remaining quiet due to a lack of bars and cafes."
392.13,Entire home/apt,5.0,5.0,3.0,2.0,1.0,9.0,False,2.0,1.0,3.0,"NOTES: This area is a quiet residential enclave characterized by abundant parks and green space, while lacking in landmarks, hotels, and transit access.
DESCRIPTION: Featuring Prospect Park, this area stands out for its above average green space while remaining quiet due to a lack of landmarks, hotels, and transit access."
316.68,Entire home/apt,4.73,2.0,1.0,1.0,1.0,56.0,True,1.0,1.0,2.0,"NOTES: High density of grocery stores, hotels, pharmacies, and transit access; this is a highly convenient commercial and tourist hub.
DESCRIPTION: This block stands out for its above average concentration of grocery stores, hotels, pharmacies, and subway and transit access."
153.84,Entire home/apt,4.77,3.0,1.0,1.0,1.0,133.0,True,1.0,1.0,2.0,"NOTES: High density of grocery stores, museums, galleries, and pharmacies; this is a lively commercial and cultural district.
DESCRIPTION: This block stands out for its high density of grocery stores, museums, galleries, and pharmacies."
143.83,Entire home/apt,5.0,2.0,1.0,1.0,1.0,12.0,True,1.0,1.0,2.0,"NOTES: This block features an abundance of hotels, pharmacies, and shops, while lacking in nightlife and green space, suggesting a commercial and tourist-focused area.
DESCRIPTION: This block stands out for its high concentration of hotels, pharmacies, and shops, while offering limited options for nightlife and parks."
342.38,Entire home/apt,4.95,2.0,2.0,1.0,1.0,269.0,False,1.0,1.0,2.0,"NOTES: High concentration of bars, nightlife, and cafes with a lack of hotels, entertainment, landmarks, and transit access; this is a quiet, residential-leaning nightlife area.
DESCRIPTION: This block is defined by its lively nightlife and cafe scene, though it remains quiet due to a lack of hotels, entertainment venues, landmarks, and transit options."
230.7,Entire home/apt,4.83,5.0,7.0,3.0,3.0,93.0,False,3.0,3.0,6.0,"NOTES: This area is a quiet residential or niche pocket characterized by an abundance of cafes and dining options, a lack of hotels, and limited access to transit, grocery stores, and landmarks, with Prospect Park nearby.
DESCRIPTION: This block features an above average selection of cafes and dining options but remains quiet due to a lack of hotels, landmarks, and transit access, with Prospect Park located nearby."
394.06,Entire home/apt,4.0,4.0,1.0,1.0,1.0,1.0,True,1.0,1.0,2.0,"NOTES: Abundant green space, frequent gyms, numerous hotels, and prominent landmarks suggest an upscale, tourist-oriented district near Central Park.

DESCRIPTION: This area stands out for its high concentration of parks, gyms, hotels, and landmarks located near Central Park."
628.33,Entire home/apt,4.21,2.0,2.0,1.0,1.0,14.0,True,1.0,1.0,2.0,"NOTES: This area features an abundance of nightlife, cafes, museums, galleries, and parks, but lacks transit access and essential services like pharmacies and grocery stores, suggesting a cultural or recreational district.

DESCRIPTION: This block stands out for its high concentration of nightlife, cafes, museums, galleries, and parks, while remaining notable for its lack of transit access and limited availability of pharmacies and grocery stores."
183.44,Entire home/apt,4.68,4.0,3.0,2.0,1.0,219.0,True,2.0,1.0,3.0,"NOTES: This area features abundant green space, numerous hotels, landmarks, and pharmacies, but lacks grocery stores and nearby transit, suggesting a tourist-oriented or residential enclave.
DESCRIPTION: This block stands out for its high concentration of parks, hotels, landmarks, and pharmacies, though it is characterized by a lack of grocery stores and nearby subway access."
227.23,Entire home/apt,4.53,4.0,3.0,2.0,1.0,15.0,False,2.0,1.0,3.0,"NOTES: High concentration of fitness, hospitality, cultural landmarks, and green space; this is a tourist-heavy, active urban hub.
DESCRIPTION: This area stands out for its abundance of gyms, hotels, landmarks, museums, and parks, with The High Line located nearby."
322.1,Entire home/apt,4.55,5.0,3.0,2.0,1.0,115.0,True,2.0,1.0,3.0,"NOTES: High concentration of landmarks, sights, pharmacies, and transit access suggests a bustling urban hub.
DESCRIPTION: This block stands out for its above average access to landmarks, sights, pharmacies, and transit."
294.6,Entire home/apt,5.0,1.0,1.0,1.0,1.0,17.0,True,1.0,1.0,2.0,"NOTES: High density of hotels, landmarks, entertainment, museums, and transit; sparse pharmacies; tourist-centric urban hub.
DESCRIPTION: This block stands out as a tourist-centric urban hub with an abundance of hotels, landmarks, entertainment, museums, and transit options, while maintaining a notable scarcity of pharmacies."
108.63,Entire home/apt,4.92,3.0,2.0,1.0,1.0,149.0,True,1.0,1.0,2.0,"NOTES: Pharmacies are above average, while hotels, landmarks, sights, museums, galleries, and green spaces are scarce, suggesting a quiet residential or utilitarian area.
DESCRIPTION: This block stands out for its high concentration of pharmacies and lack of hotels, landmarks, museums, galleries, and parks."
551.26,Entire home/apt,4.97,6.0,3.0,2.0,1.0,34.0,True,2.0,1.0,3.0,"NOTES: High concentration of museums, galleries, parks, and nightlife, but limited shops and transit access; this area is an affluent cultural and leisure district.

DESCRIPTION: This block is defined by an abundance of museums, galleries, parks, and nightlife options, though it features fewer shops and limited subway access than a typical New York street."
451.53,Entire home/apt,4.44,4.0,2.0,2.0,2.0,9.0,False,2.0,2.0,4.0,"NOTES: Abundant green space, dining, sports facilities, hotels, and landmarks define this as a tourist-oriented and recreational area.
DESCRIPTION: This block stands out for its high concentration of parks, dining options, gyms, hotels, and landmarks."
83.33,Private room,5.0,1.0,1.0,1.0,1.0,2.0,False,1.0,1.0,2.0,"NOTES: High density of grocery stores, hotels, landmarks, pharmacies, and transit options; area type is a bustling tourist and residential hub.

DESCRIPTION: This block is a bustling hub featuring an abundance of hotels, grocery stores, pharmacies, and transit options near Central Park."
267.04,Entire home/apt,4.94,2.0,1.0,1.0,1.0,16.0,True,1.0,1.0,2.0,"NOTES: High density of entertainment, fitness, parks, pharmacies, and transit access suggests a highly active urban hub.
DESCRIPTION: This block stands out as a highly active urban hub due to its above average concentration of entertainment venues, gyms, sports facilities, parks, green space, pharmacies, and transit access."
134.22,Entire home/apt,4.82,4.0,2.0,1.0,1.0,49.0,False,1.0,1.0,2.0,"NOTES: High density of grocery stores and pharmacies, above average transit access, and quiet in cafes, hotels, and landmarks; this is a residential neighborhood.
DESCRIPTION: This block features an abundance of grocery stores, pharmacies, and transit options while remaining quiet regarding cafes, hotels, and landmarks."
518.07,Entire home/apt,4.5,6.0,3.0,3.0,3.0,4.0,False,3.0,3.0,6.0,"NOTES: Exceptional landmarks, sights, and green space suggest a prominent cultural and recreational area.
DESCRIPTION: This block stands out for its well above average landmarks, sights, and green space, situated near Central Park."
160.65,Entire home/apt,5.0,2.0,1.0,1.0,1.0,14.0,True,1.0,1.0,2.0,"NOTES: High density of bars, cafes, and grocery stores with a lack of transit, pharmacies, and hotels suggests a residential neighborhood focused on local leisure.
DESCRIPTION: This block is a residential area defined by its lively concentration of bars, cafes, and grocery stores, though it remains quiet regarding transit, pharmacies, and hotels."
326.52,Entire home/apt,5.0,2.0,1.0,1.0,1.0,1.0,False,1.0,1.0,2.0,"NOTES: This block features an above average concentration of landmarks, sights, pharmacies, and transit options, suggesting a highly accessible and tourist-oriented urban area.
DESCRIPTION: This area stands out for its above average access to landmarks, sights, pharmacies, and subway transit."
171.43,Entire home/apt,4.42,5.0,4.0,2.0,1.0,12.0,False,2.0,1.0,3.0,"NOTES: High density of pharmacies, grocery stores, parks, and transit with an absence of hotels, landmarks, and museums; residential neighborhood.
DESCRIPTION: This residential block features an abundance of pharmacies, grocery stores, parks, and transit options while remaining quiet due to a lack of hotels, landmarks, and museums."
231.62,Entire home/apt,5.0,3.0,2.0,2.0,1.5,10.0,False,2.0,1.5,3.5,"NOTES: High nightlife activity, limited green space, and sparse transit access suggest a lively entertainment-focused district.
DESCRIPTION: This block is characterized by an above average nightlife scene despite having limited access to parks and subway transit."
203.07,Entire home/apt,5.0,4.0,3.0,2.0,1.0,2.0,False,2.0,1.0,3.0,"NOTES: High concentration of hotels and landmarks with minimal green space, indicating a tourist-heavy urban center.
DESCRIPTION: This block stands out for its high density of hotels and landmarks, though it remains quiet regarding parks and green space."
621.0,Entire home/apt,4.57,8.0,4.0,4.0,2.0,65.0,False,4.0,2.0,6.0,"NOTES: The abundance of grocery stores and entertainment venues suggests a lively commercial area.
DESCRIPTION: This block stands out for its high concentration of grocery stores and entertainment venues."
215.7,Entire home/apt,5.0,3.0,1.0,1.0,1.0,1.0,False,1.0,1.0,2.0,"NOTES: High concentration of hotels, landmarks, sights, parks, green space, and transit access; this is a prominent tourist and transit hub.
DESCRIPTION: This block stands out for its high concentration of hotels, landmarks, and green spaces. It also features exceptional subway and transit access compared to a typical New York block."
112.74,Entire home/apt,5.0,2.0,2.0,2.0,1.0,1.0,False,2.0,1.0,3.0,"NOTES: High density of grocery stores, parks, and pharmacies with minimal entertainment, fitness, and hotel options; residential neighborhood.
DESCRIPTION: This block features an abundance of grocery stores, parks, and pharmacies, while lacking in entertainment venues, gyms, and hotels."
433.07,Entire home/apt,5.0,8.0,4.0,3.0,2.0,1.0,False,3.0,2.0,5.0,"NOTES: This block features an abundance of landmarks, green space, and pharmacies, suggesting a historic or tourist-oriented residential area.
DESCRIPTION: This block stands out for its high concentration of landmarks, parks, and pharmacies."
223.03,Entire home/apt,5.0,2.0,2.0,1.0,1.0,2.0,False,1.0,1.0,2.0,"NOTES: High density of pharmacies and grocery stores, limited cafes and green space; residential service-oriented area.
DESCRIPTION: This block stands out for its high density of pharmacies and grocery stores, while remaining quiet regarding cafes and green space."
263.33,Private room,4.94,2.0,1.0,1.0,1.0,239.0,True,1.0,1.0,2.0,"NOTES: High density of pharmacies and transit access with minimal entertainment and lodging options suggest a functional, residential-focused neighborhood.
DESCRIPTION: This block stands out for its above average transit access and pharmacy availability while remaining quiet due to a lack of entertainment venues and hotels."
1106.2,Entire home/apt,4.95,3.0,1.0,2.0,1.0,44.0,False,2.0,1.0,3.0,"NOTES: High concentration of entertainment, parks, gyms, hotels, landmarks, and transit, but limited nightlife, groceries, and pharmacies; this is a tourist-focused cultural district.

DESCRIPTION: This block stands out as a cultural and transit hub near Lincoln Center and Central Park, offering abundant entertainment and green space while lacking local amenities like grocery stores and nightlife."
319.87,Entire home/apt,5.0,4.0,2.0,2.0,1.0,58.0,True,2.0,1.0,3.0,"NOTES: This block features above average parks, green space, pharmacies, and transit access, suggesting a highly accessible residential area.
DESCRIPTION: This block stands out for its above average parks, green space, pharmacies, and subway and transit access."
77.18,Private room,5.0,1.0,1.0,1.0,2.0,1.0,True,1.0,2.0,3.0,"NOTES: High density of pharmacies and grocery stores, absence of museums, galleries, entertainment, and green space; residential service area.
DESCRIPTION: This block is characterized by a high density of pharmacies and grocery stores, while lacking museums, galleries, entertainment venues, and parks."
171.97,Entire home/apt,4.86,2.0,1.0,1.0,1.0,92.0,False,1.0,1.0,2.0,"NOTES: Abundant green space, superior transit access, notable landmarks, and frequent pharmacies define this quiet residential area near Central Park.
DESCRIPTION: This block stands out for its exceptional access to Central Park, superior transit options, and a high concentration of landmarks and pharmacies. The area remains quiet due to a lack of entertainment venues."
91.6,Entire home/apt,4.65,1.0,1.0,1.0,1.0,31.0,False,1.0,1.0,2.0,"NOTES: High accessibility to transit, groceries, parks, and pharmacies with limited cafes and hotels; this is a residential-focused neighborhood.
DESCRIPTION: This area features exceptional access to transit, grocery stores, parks, and pharmacies, while offering fewer cafes and hotels than a typical New York block."
227.23,Entire home/apt,5.0,4.0,3.0,2.0,1.0,3.0,False,2.0,1.0,3.0,"NOTES: High density of pharmacies, gyms, sports facilities, landmarks, museums, galleries, and transit options; this is a highly developed urban hub.
DESCRIPTION: This block stands out for its high concentration of pharmacies, gyms, sports facilities, landmarks, museums, galleries, and transit options."
447.5,Entire home/apt,4.95,5.0,2.0,2.0,1.5,194.0,True,2.0,1.5,3.5,"NOTES: Lively nightlife, absence of green space, and limited transit access indicate an urban entertainment-focused area.
DESCRIPTION: This block is characterized by its lively nightlife scene, though it lacks nearby parks and features below average access to subway and transit options."
958.7,Entire home/apt,4.88,5.0,8.0,3.0,1.0,17.0,False,3.0,1.0,4.0,"NOTES: The block features an above average number of cafes but lacks hotels, landmarks, sights, grocery stores, and transit access, suggesting a quiet residential area near Prospect Park.

DESCRIPTION: This quiet residential area near Prospect Park features an above average number of cafes but lacks hotels, landmarks, sights, grocery stores, and transit access."
110.63,Entire home/apt,4.95,2.0,1.0,1.0,1.0,91.0,True,1.0,1.0,2.0,"NOTES: High concentration of pharmacies and limited green space suggest a dense, urban commercial area.
DESCRIPTION: This block is characterized by an above average number of pharmacies and a lack of parks and green space."
172.56,Entire home/apt,4.71,2.0,1.0,1.0,1.0,7.0,True,1.0,1.0,2.0,"NOTES: High density of pharmacies; residential or service-oriented area.
DESCRIPTION: This block stands out for its above average number of pharmacies, suggesting a neighborhood focused on residential services."
116.2,Entire home/apt,4.61,2.0,2.0,1.0,1.0,28.0,False,1.0,1.0,2.0,"NOTES: High density of grocery stores and superior subway and transit access; this area is a transit-oriented residential hub.
DESCRIPTION: This block stands out for its above average access to grocery stores and subway and transit options."
224.57,Entire home/apt,4.98,5.0,4.0,3.0,1.0,291.0,False,3.0,1.0,4.0,"NOTES: Above average dining suggests a culinary-focused area with limited transit, green space, and services.
DESCRIPTION: This block is defined by its above average dining scene, while offering fewer pharmacies, hotels, landmarks, and transit options than a typical New York block."
141.6,Entire home/apt,4.89,2.0,1.0,1.0,1.0,72.0,False,1.0,1.0,2.0,"NOTES: Entertainment venues are above average, while hotels and parks are below average, suggesting a commercial or nightlife-focused area.
DESCRIPTION: This block stands out for its above average number of entertainment venues and lack of nearby hotels or green space."
375.2,Entire home/apt,5.0,3.0,1.0,2.0,1.0,1.0,True,2.0,1.0,3.0,"NOTES: The block features an above average concentration of entertainment venues and transit access, suggesting a lively urban hub.
DESCRIPTION: This block stands out for its above average entertainment venues and subway and transit access."
199.54,Entire home/apt,4.81,4.0,2.0,2.0,1.0,155.0,False,2.0,1.0,3.0,"NOTES: High density of pharmacies and grocery stores, lack of landmarks, museums, and sports facilities; residential service-oriented area.
DESCRIPTION: This block functions as a residential service hub defined by an abundance of pharmacies and grocery stores rather than cultural landmarks or recreational facilities."
456.47,Entire home/apt,4.98,2.0,1.0,1.0,1.0,44.0,True,1.0,1.0,2.0,"NOTES: High concentration of bars, nightlife, museums, galleries, and green space with limited grocery and pharmacy access; this is a lively cultural and recreational district.
DESCRIPTION: This block stands out for its vibrant nightlife and abundant cultural and green spaces, though it offers limited access to everyday grocery and pharmacy services."
231.24,Entire home/apt,4.33,3.0,1.0,1.0,1.0,18.0,False,1.0,1.0,2.0,"NOTES: High density of pharmacies, grocery stores, and landmarks suggest a convenient, tourist-oriented residential area.
DESCRIPTION: This block stands out for its high concentration of pharmacies, grocery stores, and landmarks."
4622.0,Entire home/apt,4.69,6.0,4.0,2.0,1.0,121.0,False,2.0,1.0,3.0,"NOTES: High concentration of bars, nightlife, and pharmacies with a lack of entertainment, hotels, and museums; this is a residential or local service-oriented area.
DESCRIPTION: This block is characterized by its high concentration of bars, nightlife, and pharmacies, while lacking nearby entertainment venues, hotels, and museums."
132.37,Entire home/apt,4.7,2.0,1.0,1.0,1.0,114.0,False,1.0,1.0,2.0,"NOTES: Abundant green space, high concentration of cultural and tourist attractions, and limited daily amenities characterize this cultural and recreational district.

DESCRIPTION: This block stands out for its extensive parks and green space, numerous museums, galleries, and landmarks including the American Museum of Natural History and Central Park. While it offers above average entertainment and hotel options, it remains quiet regarding grocery stores, pharmacies, and nightlife."
119.65,Entire home/apt,4.94,2.0,2.0,1.0,1.0,95.0,True,1.0,1.0,2.0,"NOTES: High density of grocery stores, absence of hotels, museums, galleries, landmarks, and sports facilities; residential neighborhood.
DESCRIPTION: This residential block is distinguished by its above-average selection of grocery stores and a complete lack of hotels, museums, galleries, landmarks, and sports facilities."
90.73,Entire home/apt,4.14,2.0,2.0,1.0,1.0,22.0,False,1.0,1.0,2.0,"NOTES: High density of pharmacies, grocery stores, parks, and transit access with a scarcity of cafes; residential-convenience area.
DESCRIPTION: This block stands out for its high density of pharmacies, grocery stores, parks, and transit access, though it remains quiet due to a scarcity of cafes."
2392.67,Entire home/apt,5.0,2.0,2.0,1.0,1.0,1.0,False,1.0,1.0,2.0,"NOTES: Abundant green space, entertainment, and landmarks define this area as a destination-focused district with limited local essential services.
DESCRIPTION: This block stands out for its high concentration of parks, entertainment venues, and landmarks, while offering very few grocery stores and pharmacies."
311.0,Entire home/apt,4.86,2.0,1.0,1.0,1.0,7.0,False,1.0,1.0,2.0,"NOTES: This area is a transit-rich, green residential enclave with abundant grocery options but few cafes; Riverside Park is a standout feature.
DESCRIPTION: Featuring Riverside Park, this transit-rich area offers abundant green space and grocery stores, though it remains quiet due to a lack of cafes."
543.0,Entire home/apt,4.85,4.0,2.0,2.0,1.0,13.0,True,2.0,1.0,3.0,"NOTES: High concentration of entertainment venues, limited pharmacies, hotels, and green space; this is a lively commercial and nightlife-oriented area.
DESCRIPTION: This block stands out for its high density of entertainment venues while offering very few pharmacies, hotels, or parks."
182.53,Private room,4.56,2.0,4.0,2.0,1.0,416.0,False,2.0,1.0,3.0,"NOTES: Above average grocery stores and parks and green space; residential or suburban-style area.
DESCRIPTION: This block stands out for its above average access to grocery stores and parks and green space."
221.5,Shared room,5.0,2.0,2.0,1.0,1.0,19.0,True,1.0,1.0,2.0,"NOTES: Abundant parks, grocery stores, pharmacies, and transit options characterize this residential neighborhood.
DESCRIPTION: This area stands out for its exceptional access to green space, including Riverside Park, alongside a high concentration of grocery stores, pharmacies, and transit options."
155.38,Entire home/apt,5.0,1.0,1.0,1.0,1.0,3.0,False,1.0,1.0,2.0,"NOTES: High concentration of bars, nightlife, and cafes with a lack of transit, pharmacies, groceries, and green space; this area is a nightlife-focused commercial pocket.

DESCRIPTION: This block stands out for its lively nightlife and cafe scene despite a notable absence of transit, pharmacies, grocery stores, and parks."
121.7,Entire home/apt,4.48,4.0,3.0,2.0,1.0,21.0,False,2.0,1.0,3.0,"NOTES: High concentration of pharmacies and grocery stores, low presence of entertainment and sports facilities; residential service-oriented area.
DESCRIPTION: This block stands out for its high density of pharmacies and grocery stores, while offering fewer entertainment venues and sports facilities than a typical New York block."
628.0,Entire home/apt,5.0,4.0,2.0,2.0,1.5,34.0,True,2.0,1.5,3.5,"NOTES: High concentration of entertainment venues, limited pharmacies, hotels, and green space; this is a lively commercial and nightlife-oriented area.
DESCRIPTION: This block stands out for its above average number of entertainment venues while offering limited access to pharmacies, hotels, and green space."
164.82,Entire home/apt,5.0,5.0,2.0,2.0,1.0,3.0,True,2.0,1.0,3.0,"NOTES: Lack of landmarks, green space, and hotels suggests a quiet residential or industrial area.
DESCRIPTION: This block is characterized by a lack of nearby landmarks, parks, and hotels."
260.79,Entire home/apt,5.0,5.0,2.0,1.0,1.0,1.0,False,1.0,1.0,2.0,"NOTES: The block features an above average number of hotels and parks and green space, suggesting a tourist-oriented or hospitality-focused area.
DESCRIPTION: This block stands out for its high concentration of hotels and abundant parks and green space."
124.48,Entire home/apt,4.68,3.0,2.0,1.0,1.0,22.0,False,1.0,1.0,2.0,"NOTES: High density of bars, nightlife, and entertainment venues paired with scarce grocery stores and pharmacies; this is an active, nightlife-oriented urban district.
DESCRIPTION: This block stands out for its lively nightlife and entertainment scene, though it lacks convenient access to grocery stores and pharmacies."
147.5,Entire home/apt,5.0,4.0,2.0,2.0,1.0,26.0,True,2.0,1.0,3.0,"NOTES: Abundant parks and green space, high concentration of landmarks and transit, and quiet entertainment options indicate a residential or cultural area.
DESCRIPTION: This block stands out for its exceptional green space, prominent landmarks, and convenient transit access near Central Park, while maintaining a quiet atmosphere with few entertainment venues."
2045.88,Entire home/apt,4.86,16.0,12.0,6.0,4.5,14.0,True,6.0,4.5,10.5,"NOTES: High concentration of grocery stores and pharmacies, low presence of entertainment and green space; residential service-oriented area.
DESCRIPTION: This block stands out for its high concentration of grocery stores and pharmacies, while offering limited entertainment venues and green space."
607.0,Entire home/apt,5.0,2.0,1.0,1.0,1.0,25.0,True,1.0,1.0,2.0,"NOTES: High concentration of nightlife and cafes, lack of transit, pharmacies, and green space; this is an isolated nightlife-focused district.
DESCRIPTION: This area is defined by its lively nightlife and cafe scene, though it lacks convenient access to transit, pharmacies, and parks."
432.33,Entire home/apt,4.78,8.0,4.0,3.0,2.0,32.0,False,3.0,2.0,5.0,"NOTES: High concentration of hotels, parks, and landmarks; this is a tourist-focused area.
DESCRIPTION: This block stands out for its abundance of hotels, parks, and landmarks. It functions as a tourist-focused area."
157.1,Entire home/apt,4.5,2.0,1.0,1.0,1.0,2.0,False,1.0,1.0,2.0,"NOTES: High density of grocery stores and pharmacies, absence of parks, and minimal nightlife and hotels; this is a quiet residential or institutional area.
DESCRIPTION: This block features an abundance of grocery stores and pharmacies but lacks parks, nightlife, and hotels, situated near The Metropolitan Museum of Art."
202.8,Entire home/apt,4.79,5.0,3.0,3.0,1.0,56.0,True,3.0,1.0,4.0,"NOTES: High density of entertainment, groceries, hotels, parks, and transit; urban commercial and residential hub.
DESCRIPTION: This block stands out as a bustling urban hub featuring an above average concentration of entertainment venues, grocery stores, hotels, parks, and transit options."
244.13,Entire home/apt,4.97,3.0,2.0,1.0,1.0,75.0,True,1.0,1.0,2.0,"NOTES: The block features an above average concentration of bars, nightlife, and pharmacies, indicating a lively, service-oriented urban area.
DESCRIPTION: This block stands out for its above average concentration of bars, nightlife, and pharmacies."
145.67,Entire home/apt,3.0,4.0,2.0,2.0,1.0,6.0,False,2.0,1.0,3.0,"NOTES: High density of pharmacies and grocery stores, lack of parks and entertainment, sparse hotels; area type: residential service hub.
DESCRIPTION: This block stands out for its high concentration of pharmacies and grocery stores while lacking nearby parks, entertainment venues, and hotels. The Metropolitan Museum of Art is located nearby."
880.0,Entire home/apt,4.92,8.0,3.0,4.0,1.5,12.0,True,4.0,1.5,5.5,"NOTES: High concentration of grocery stores and entertainment venues, low presence of parks and pharmacies; urban commercial area.
DESCRIPTION: This block is characterized by an abundance of grocery stores and entertainment venues, though it features limited parks and pharmacies."
104.23,Entire home/apt,5.0,2.0,1.0,1.0,1.0,3.0,True,1.0,1.0,2.0,"NOTES: High density of grocery stores, pharmacies, and shops; lack of entertainment, nightlife, cafes, museums, and parks; residential service-oriented area.
DESCRIPTION: This block stands out for its high concentration of grocery stores, pharmacies, and shops, while lacking entertainment, nightlife, cafes, museums, and parks."
148.5,Private room,4.83,1.0,1.0,1.0,1.0,6.0,False,1.0,1.0,2.0,"NOTES: Above average landmarks and sights, below average parks and green space; tourist-oriented historic district.
DESCRIPTION: This block stands out for its above average landmarks and sights alongside a below average amount of parks and green space."
2212.37,Entire home/apt,4.89,8.0,2.0,2.0,2.0,9.0,False,2.0,2.0,4.0,"NOTES: High concentration of entertainment, parks, landmarks, and transit, but limited nightlife and groceries; this is a cultural and recreational district.
DESCRIPTION: This block stands out for its abundant entertainment venues, parks, landmarks, and transit access near Lincoln Center and Riverside Park, though it remains quiet regarding nightlife and grocery options."
398.97,Entire home/apt,5.0,6.0,4.0,3.0,2.0,5.0,False,3.0,2.0,5.0,"NOTES: The area is a transit-oriented residential hub characterized by an abundance of pharmacies and subway access, alongside a notable absence of hotels and entertainment venues.
DESCRIPTION: This block functions as a quiet transit hub with high accessibility to pharmacies and subway lines, while remaining devoid of hotels and entertainment venues."
435.5,Entire home/apt,4.89,4.0,2.0,2.0,2.0,54.0,True,2.0,2.0,4.0,"NOTES: Abundant green space, high density of hotels, landmarks, and pharmacies, but lacking grocery stores and transit access; this is a quiet, tourist-oriented residential enclave.
DESCRIPTION: This block stands out for its high concentration of parks, hotels, landmarks, and pharmacies, though it remains notably quiet due to a lack of grocery stores and nearby transit."
190.63,Entire home/apt,5.0,4.0,2.0,1.0,1.0,1.0,False,1.0,1.0,2.0,"NOTES: High density of grocery stores, pharmacies, shops, and transit access with a lack of entertainment, nightlife, and cultural landmarks; residential convenience area.
DESCRIPTION: This block stands out for its exceptional access to grocery stores, pharmacies, shops, and transit options. It is a quiet residential area that lacks nearby entertainment venues, nightlife, and landmarks."
139.08,Entire home/apt,4.8,6.0,3.0,2.0,2.0,20.0,True,2.0,2.0,4.0,"NOTES: High density of pharmacies and green space, lack of cultural landmarks or transit access; area type: quiet residential.
DESCRIPTION: This block features an abundance of pharmacies and green space but stands out for its lack of nearby transit, museums, galleries, or landmarks."
330.5,Private room,5.0,2.0,2.0,2.0,1.0,13.0,True,2.0,1.0,3.0,"NOTES: High concentration of pharmacies and shops, lack of cultural venues, nightlife, cafes, and green space; this is a commercial-focused area.
DESCRIPTION: This block stands out for its high concentration of pharmacies and shops while lacking museums, galleries, nightlife, cafes, and parks."
271.64,Entire home/apt,5.0,4.0,2.0,2.0,1.5,1.0,True,2.0,1.5,3.5,"NOTES: High concentration of nightlife, entertainment, cultural institutions, green space, and transit access, with a notable absence of hotels and pharmacies; this is a vibrant, transit-oriented urban district.
DESCRIPTION: This block is a lively, transit-accessible hub defined by its abundant nightlife, entertainment venues, museums, galleries, and parks. It stands out for its lack of hotels and limited access to pharmacies."
552.17,Entire home/apt,5.0,5.0,3.0,1.0,1.5,1.0,True,1.0,1.5,2.5,"NOTES: This block features an above average number of cafes but lacks hotels, landmarks, sights, grocery stores, and transit access, suggesting a quiet residential area near Prospect Park.

DESCRIPTION: This quiet residential area near Prospect Park offers an above average selection of cafes while lacking hotels, landmarks, sights, grocery stores, and convenient transit access."
594.75,Entire home/apt,4.9,4.0,3.0,2.0,1.0,10.0,True,2.0,1.0,3.0,"NOTES: This block features an above average concentration of museums and galleries and is quiet regarding entertainment venues, indicating a cultural or museum district.
DESCRIPTION: This area stands out for its high concentration of museums and galleries while remaining quiet due to a lack of entertainment venues."
60.96,Entire home/apt,4.64,3.0,2.0,1.0,1.0,14.0,False,1.0,1.0,2.0,"NOTES: High concentration of museums, galleries, and pharmacies; cultural and service-oriented area.
DESCRIPTION: This block stands out for its above average number of museums, galleries, and pharmacies."
114.8,Entire home/apt,4.6,2.0,1.0,2.0,1.0,247.0,False,2.0,1.0,3.0,"NOTES: High concentration of entertainment and cultural venues, limited green space and transit access; urban entertainment district.
DESCRIPTION: This block is characterized by its above average presence of entertainment venues, museums, and galleries, while offering limited access to parks and transit."
502.67,Entire home/apt,4.96,3.0,1.0,1.0,1.0,163.0,False,1.0,1.0,2.0,"NOTES: Abundant green space, high concentration of hotels and landmarks, and limited grocery access suggest a tourist-oriented or residential enclave near Riverside Park.
DESCRIPTION: This block stands out for its exceptional green space, numerous hotels, and prominent landmarks, though it offers few grocery stores. The area is situated near Riverside Park."
227.0,Entire home/apt,4.89,3.0,2.0,1.0,1.0,257.0,True,1.0,1.0,2.0,"NOTES: High concentration of pharmacies, grocery stores, shops, and transit access; absence of entertainment, hotels, and museums; quiet nightlife and cafe scene. Area type: Residential convenience hub.

DESCRIPTION: This block stands out for its high density of pharmacies, grocery stores, shops, and transit access while remaining quiet due to an absence of entertainment, hotels, museums, nightlife, and cafes."
193.0,Private room,5.0,1.0,1.0,1.0,1.0,8.0,False,1.0,1.0,2.0,"NOTES: High concentration of hotels, landmarks, and green space with a complete lack of transit and sparse grocery options; this is a tourist-focused destination.
DESCRIPTION: This area stands out for its high density of hotels, landmarks, and green space, though it remains quiet regarding transit access and grocery stores."
171.47,Entire home/apt,5.0,2.0,1.0,1.0,1.0,2.0,True,1.0,1.0,2.0,"NOTES: Excellent transit access, numerous fitness facilities, abundant cultural landmarks, museums, and green spaces; this is a highly active, amenity-rich urban hub.
DESCRIPTION: This block stands out for its exceptional transit access and high concentration of gyms, landmarks, museums, and green spaces."
106.76,Private room,4.74,2.0,1.0,1.0,1.0,130.0,False,1.0,1.0,2.0,"NOTES: High density of grocery stores, pharmacies, shops, and transit access; absence of entertainment, hotels, museums, landmarks, nightlife, cafes, and parks; residential convenience area.

DESCRIPTION: This block functions as a highly convenient residential area defined by its exceptional access to grocery stores, pharmacies, shops, and transit. It stands out for its lack of entertainment, nightlife, cultural attractions, and green space."
284.17,Entire home/apt,5.0,5.0,4.0,3.0,1.0,3.0,True,3.0,1.0,4.0,"NOTES: Abundant green space, notable landmarks, and superior transit access define this quiet residential area near Central Park.

DESCRIPTION: This area near Central Park features an exceptional amount of green space, prominent landmarks, and convenient transit access while remaining notably quiet due to a lack of entertainment venues."
178.8,Entire home/apt,4.0,3.0,2.0,1.0,1.0,1.0,False,1.0,1.0,2.0,"NOTES: High density of grocery stores but limited access to gyms, hotels, landmarks, and transit; this is a quiet residential neighborhood.
DESCRIPTION: This area features an above average number of grocery stores but remains quiet due to a lack of gyms, hotels, landmarks, and transit options."
109.7,Entire home/apt,5.0,2.0,1.0,1.0,1.0,2.0,False,1.0,1.0,2.0,"NOTES: High density of pharmacies, grocery stores, and transit access; low presence of entertainment, sports, landmarks, and green space; residential service-oriented area.
DESCRIPTION: This block functions as a residential service hub with abundant pharmacies, grocery stores, and transit access, though it lacks the entertainment, sports, and landmarks found near The Cloisters."
67.67,Private room,5.0,1.0,1.0,1.0,1.0,2.0,False,1.0,1.0,2.0,"NOTES: High density of grocery stores and pharmacies, absence of green space, and quiet nightlife characterize this residential-commercial area.
DESCRIPTION: This area features an abundance of grocery stores and pharmacies but lacks parks and nightlife. The Metropolitan Museum of Art is located nearby."
420.33,Entire home/apt,4.92,4.0,2.0,1.0,1.0,12.0,False,1.0,1.0,2.0,"NOTES: Abundant green space, entertainment, hotels, and landmarks with a complete lack of pharmacies characterize this tourist-oriented area.
DESCRIPTION: This block stands out for its high concentration of parks, entertainment venues, hotels, and landmarks, though it lacks nearby pharmacies."
156.17,Entire home/apt,5.0,2.0,1.0,1.0,1.0,8.0,False,1.0,1.0,2.0,"NOTES: High concentration of parks, entertainment, sports, and landmarks with minimal nightlife; quiet residential or cultural area.
DESCRIPTION: This block stands out for its abundance of parks, entertainment venues, gyms, and landmarks, including Central Park, while maintaining a quiet atmosphere due to the lack of nightlife."
171.7,Entire home/apt,4.88,4.0,2.0,2.0,1.0,8.0,True,2.0,1.0,3.0,"NOTES: High concentration of grocery stores and pharmacies, limited nightlife and cultural venues; residential neighborhood.
DESCRIPTION: This block stands out for its abundance of grocery stores and pharmacies, while offering a quiet atmosphere with few bars or museums."
233.56,Entire home/apt,4.92,5.0,3.0,2.0,1.0,129.0,True,2.0,1.0,3.0,"NOTES: High concentration of bars and nightlife, low presence of gyms, hotels, landmarks, and transit; this is a nightlife-focused residential area.
DESCRIPTION: This block is characterized by an above average concentration of bars and nightlife, while featuring a below average presence of gyms, hotels, landmarks, and transit options."
170.61,Entire home/apt,4.9,4.0,2.0,2.0,1.0,10.0,True,2.0,1.0,3.0,"NOTES: High density of grocery stores and pharmacies, above average green space, and a lack of cultural attractions or tourist infrastructure; this is a residential neighborhood.
DESCRIPTION: This residential area is defined by its abundance of grocery stores, pharmacies, and green space, while lacking local landmarks, museums, galleries, cafes, and hotels."
172.23,Entire home/apt,5.0,2.0,1.0,1.0,1.0,1.0,False,1.0,1.0,2.0,"NOTES: High concentration of museums and galleries and superior transit access paired with a scarcity of grocery stores and pharmacies indicate a cultural and transit-oriented hub.
DESCRIPTION: This block functions as a cultural and transit-oriented hub characterized by an abundance of museums and galleries alongside excellent subway access, though it lacks convenient grocery stores and pharmacies."
225.98,Entire home/apt,4.5,2.0,1.0,1.0,1.0,2.0,False,1.0,1.0,2.0,"NOTES: High concentration of entertainment venues and museums and galleries, low presence of grocery stores; area type is a cultural and tourist-focused district.
DESCRIPTION: This block stands out for its high density of entertainment venues and museums and galleries, though it lacks convenient grocery stores near the Manhattan Bridge."
253.19,Entire home/apt,4.94,5.0,3.0,2.0,1.5,17.0,True,2.0,1.5,3.5,"NOTES: High density of pharmacies, grocery stores, and parks; residential or neighborhood-focused area.
DESCRIPTION: This block stands out for its abundance of pharmacies, grocery stores, and green spaces near Washington Square Park."
72.67,Private room,5.0,1.0,1.0,1.0,1.0,11.0,False,1.0,1.0,2.0,"NOTES: High density of grocery stores and pharmacies, above average transit access, lack of cultural or landmark attractions; area type: residential service hub.
DESCRIPTION: This block functions as a residential service hub defined by its exceptional access to grocery stores, pharmacies, and transit options despite a notable absence of museums, galleries, and landmarks."
140.02,Entire home/apt,5.0,3.0,1.0,1.0,1.0,11.0,True,1.0,1.0,2.0,"NOTES: High density of grocery stores, pharmacies, and transit access with a lack of hotels, entertainment, sports, and cultural venues; this is a quiet residential transit hub.
DESCRIPTION: This block functions as a quiet residential transit hub featuring an abundance of grocery stores and pharmacies but lacking hotels, entertainment, and cultural attractions."
130.88,Entire home/apt,5.0,4.0,2.0,2.0,1.0,8.0,True,2.0,1.0,3.0,"NOTES: High density of grocery stores, pharmacies, and transit access with a lack of hotels, entertainment, gyms, and museums; this is a residential commuter area.
DESCRIPTION: This block is a residential commuter area defined by its exceptional access to grocery stores, pharmacies, and transit, while remaining quiet due to the absence of hotels, entertainment venues, gyms, and museums."
103.06,Entire home/apt,4.63,2.0,1.0,1.0,1.0,240.0,False,1.0,1.0,2.0,"NOTES: This area is a nightlife-focused residential or suburban pocket characterized by high concentrations of bars and pharmacies but a total absence of subway transit.
DESCRIPTION: This block stands out for its lively nightlife and abundant pharmacies, though it lacks convenient access to subway and transit options."
262.17,Entire home/apt,4.87,4.0,2.0,2.0,1.0,87.0,False,2.0,1.0,3.0,"NOTES: Absence of hotels, limited entertainment, and minimal green space suggest a quiet residential or industrial area.
DESCRIPTION: This block stands out for its lack of hotels, entertainment venues, and parks."
165.58,Entire home/apt,5.0,4.0,3.0,2.0,2.0,8.0,False,2.0,2.0,4.0,"NOTES: Lacks parks, landmarks, gyms, and hotels; this is a quiet residential or industrial area.
DESCRIPTION: This block is a quiet area characterized by a lack of parks, landmarks, gyms, and hotels."
326.66,Private room,4.98,2.0,2.0,1.0,1.0,81.0,True,1.0,1.0,2.0,"NOTES: High concentration of grocery stores and hotels, low density of gyms and sports facilities; area type is a commercial and tourist-focused district.

DESCRIPTION: This block stands out for its high concentration of grocery stores and hotels, while featuring a quiet presence of gyms and sports facilities."
312.0,Entire home/apt,5.0,2.0,1.0,1.0,1.0,9.0,True,1.0,1.0,2.0,"NOTES: High concentration of pharmacies, grocery stores, and green space; residential neighborhood.
DESCRIPTION: This block stands out for its abundant pharmacies, grocery stores, and parks, located near Washington Square Park."
196.27,Entire home/apt,5.0,3.0,1.0,1.0,1.5,22.0,True,1.0,1.5,2.5,"NOTES: High concentration of bars, nightlife, entertainment, museums, and galleries; absence of hotels; sparse gyms, landmarks, and parks. This is a vibrant cultural and nightlife district.

DESCRIPTION: This block stands out as a lively cultural and nightlife destination characterized by its abundance of entertainment venues, museums, and galleries. It remains quiet regarding outdoor recreation and landmarks, and it lacks nearby hotels."
114.63,Entire home/apt,2.5,4.0,3.0,1.0,1.0,2.0,False,1.0,1.0,2.0,"NOTES: High density of pharmacies, parks, and transit with an absence of hotels, museums, and landmarks; this is a quiet, residential-focused area.
DESCRIPTION: This block stands out for its abundant pharmacies, green spaces, and transit access while remaining quiet due to a lack of hotels, museums, and landmarks."
46.47,Private room,4.75,1.0,1.0,1.0,2.0,4.0,False,1.0,2.0,3.0,"NOTES: This area is a transit-heavy residential or commercial hub characterized by a high density of pharmacies and a lack of parks and green space.
DESCRIPTION: This block features an abundance of pharmacies and convenient access to subway and transit, though it is notably quiet regarding parks and green space."
259.43,Entire home/apt,4.86,4.0,3.0,1.0,1.0,85.0,False,1.0,1.0,2.0,"NOTES: High density of pharmacies and a lack of museums and galleries suggest a residential or utilitarian area.
DESCRIPTION: This block stands out for its high concentration of pharmacies and a notable absence of museums and galleries."
182.53,Entire home/apt,4.82,6.0,3.0,2.0,1.0,38.0,False,2.0,1.0,3.0,"NOTES: High transit, cafe, museum, gallery, and park access with limited grocery options; urban cultural hub.
DESCRIPTION: This block serves as an urban cultural hub distinguished by its exceptional transit access, abundant cafes, museums, galleries, and green spaces, though it lacks convenient grocery options."
236.13,Entire home/apt,5.0,2.0,1.0,1.0,1.0,1.0,False,1.0,1.0,2.0,"NOTES: High concentration of pharmacies and landmarks, absence of museums and galleries; quiet residential or commercial area.
DESCRIPTION: This block is distinguished by an abundance of pharmacies and landmarks, though it lacks nearby museums and galleries."
188.07,Entire home/apt,5.0,6.0,2.0,2.0,1.0,3.0,False,2.0,1.0,3.0,"NOTES: High concentration of entertainment venues and grocery stores, sparse pharmacies; urban commercial hub.
DESCRIPTION: This block stands out as a lively urban commercial hub with an above average number of entertainment venues and grocery stores, though it remains quiet regarding pharmacies."
361.17,Entire home/apt,3.0,6.0,3.0,3.0,2.0,1.0,False,3.0,2.0,5.0,"NOTES: Above average landmarks, green space, and pharmacies suggest a historic or amenity-rich residential area.
DESCRIPTION: This block stands out for its above average landmarks, green space, and pharmacies."
119.5,Entire home/apt,4.84,2.0,2.0,2.0,1.0,185.0,True,2.0,1.0,3.0,"NOTES: High concentration of pharmacies, lack of entertainment, hotels, landmarks, and museums; quiet residential or utilitarian area.
DESCRIPTION: This block is characterized by an above average number of pharmacies and a notable absence of entertainment venues, hotels, landmarks, and museums."
87.84,Entire home/apt,4.92,2.0,1.0,1.0,1.0,13.0,False,1.0,1.0,2.0,"NOTES: High density of grocery stores, absence of landmarks, and lack of gyms, hotels, and museums suggest a quiet residential area.
DESCRIPTION: This block stands out for its high concentration of grocery stores while remaining quiet due to a lack of landmarks, gyms, hotels, and museums."
435.1,Entire home/apt,4.73,8.0,5.0,4.0,4.0,11.0,True,4.0,4.0,8.0,"NOTES: Abundant green space and superior transit access paired with a lack of nightlife and cafes suggest a quiet residential area.
DESCRIPTION: This block features above average parks and transit access but remains quiet due to a lack of bars and cafes."
218.37,Entire home/apt,4.89,2.0,1.0,1.0,1.0,9.0,False,1.0,1.0,2.0,"NOTES: Above average parks and green space, below average gyms and sports; residential park-adjacent area.
DESCRIPTION: This block stands out for its above average parks and green space and below average gyms and sports."
55.63,Private room,4.78,2.0,1.0,1.0,1.0,151.0,True,1.0,1.0,2.0,"NOTES: High concentration of museums, galleries, and entertainment venues with limited pharmacies, cafes, and transit access; this is a cultural district.
DESCRIPTION: This block stands out as a cultural district defined by its high concentration of museums, galleries, and entertainment venues. It offers limited access to pharmacies, cafes, and transit options."
162.98,Entire home/apt,4.67,4.0,4.0,2.0,1.0,3.0,False,2.0,1.0,3.0,"NOTES: High concentration of pharmacies and shops, absence of hotels, and lack of landmarks, nightlife, gyms, and museums indicate a quiet commercial neighborhood near Times Square.
DESCRIPTION: This area near Times Square features an abundance of pharmacies and shops but is notably quiet due to the lack of hotels, nightlife, museums, and landmarks."
1299.76,Entire home/apt,5.0,6.0,3.0,2.0,2.0,4.0,False,2.0,2.0,4.0,"NOTES: High concentration of nightlife, culture, and green space with an absence of transit, pharmacies, and grocery stores; this is an entertainment-focused residential or destination area.
DESCRIPTION: This block stands out for its lively nightlife, museums, and parks, though it lacks convenient access to transit, pharmacies, and grocery stores."
243.33,Entire home/apt,4.73,2.0,2.0,1.0,1.0,11.0,False,1.0,1.0,2.0,"NOTES: High concentration of pharmacies and gyms, quiet nightlife, and limited hotels characterize this residential-wellness area.
DESCRIPTION: This block stands out for its high density of pharmacies and fitness facilities while maintaining a quiet atmosphere with minimal nightlife and hotel presence."
121.87,Entire home/apt,4.96,2.0,1.0,1.0,1.0,27.0,True,1.0,1.0,2.0,"NOTES: High concentration of hotels, landmarks, sights, and pharmacies; absence of parks, green space, bars, nightlife, museums, and galleries; tourist-oriented commercial area.

DESCRIPTION: This block is a tourist-oriented commercial area defined by an abundance of hotels, landmarks, sights, and pharmacies. It is characterized by a lack of parks, green space, nightlife, and cultural institutions."
414.2,Entire home/apt,4.67,3.0,2.0,1.0,1.0,3.0,False,1.0,1.0,2.0,"NOTES: Abundant green space, high concentration of entertainment, hotels, and landmarks, and a complete absence of pharmacies characterize this tourist-oriented area.
DESCRIPTION: This block stands out for its exceptional green space, numerous entertainment venues, hotels, and landmarks, though it lacks any nearby pharmacies."
433.29,Entire home/apt,5.0,3.0,2.0,1.0,1.0,1.0,False,1.0,1.0,2.0,"NOTES: Abundant green space, entertainment, hotels, and landmarks with a complete lack of pharmacies characterize this tourist-oriented area.
DESCRIPTION: This area features an abundance of parks, entertainment venues, hotels, and landmarks, though it is notable for having no pharmacies nearby."
124.47,Entire home/apt,5.0,2.0,2.0,1.0,1.0,1.0,False,1.0,1.0,2.0,"NOTES: Above average grocery stores, hotels, landmarks, pharmacies, and transit; below average bars, nightlife, and cafes; this is a quiet, amenity-rich residential or tourist-focused area.
DESCRIPTION: This block stands out for its high concentration of grocery stores, hotels, landmarks, pharmacies, and transit options. It remains a quiet area due to a below average presence of bars, nightlife, and cafes."
425.35,Entire home/apt,5.0,3.0,1.0,1.0,1.0,1.0,False,1.0,1.0,2.0,"NOTES: Abundant green space, high density of entertainment, hotels, and landmarks, and a complete absence of pharmacies characterize this tourist-oriented area.
DESCRIPTION: This area stands out for its high concentration of parks, entertainment venues, hotels, and landmarks, though it lacks nearby pharmacies."
258.13,Entire home/apt,5.0,8.0,4.0,4.0,1.0,1.0,False,4.0,1.0,5.0,"NOTES: High density of transit, grocery stores, hotels, and pharmacies; lacks museums, galleries, cafes, gyms, and landmarks; urban commercial hub.
DESCRIPTION: This block functions as a busy commercial hub characterized by its exceptional access to transit, grocery stores, hotels, and pharmacies, while remaining notably quiet in terms of cultural and recreational amenities."
276.57,Entire home/apt,5.0,4.0,2.0,2.0,2.5,6.0,True,2.0,2.5,4.5,"NOTES: High density of hotels, landmarks, pharmacies, and transit options with a lack of nightlife, cafes, and green space; this is a tourist-centric transit hub.

DESCRIPTION: This block stands out for its high concentration of hotels, landmarks, pharmacies, and transit access while remaining quiet regarding nightlife, cafes, and green space."
394.2,Entire home/apt,5.0,2.0,1.0,1.0,1.0,24.0,False,1.0,1.0,2.0,"NOTES: High concentration of nightlife, entertainment, and cultural venues with a lack of daily essentials and green space; this is a dense, tourist-oriented entertainment district.
DESCRIPTION: This block is characterized by its high concentration of bars, nightlife, entertainment venues, museums, and galleries, while lacking grocery stores, pharmacies, and green space."
417.65,Entire home/apt,4.93,6.0,4.0,3.0,2.5,56.0,True,3.0,2.5,5.5,"NOTES: High concentration of museums, galleries, parks, and nightlife, but limited shops and transit access; this is a cultural and recreational district.
DESCRIPTION: This area is a cultural and recreational district defined by its abundance of museums, galleries, parks, and nightlife options. It is characterized by a lack of local shops and limited access to subway and transit services."
81.67,Private room,5.0,2.0,1.0,2.0,1.0,2.0,False,2.0,1.0,3.0,"NOTES: High density of grocery stores and pharmacies, absence of parks, and lack of cultural or social amenities suggest a purely residential or utilitarian area.
DESCRIPTION: This block stands out for its high concentration of grocery stores and pharmacies while remaining notably quiet regarding parks, landmarks, nightlife, and entertainment options."
86.67,Entire home/apt,4.8,2.0,1.0,1.0,1.0,5.0,False,1.0,1.0,2.0,"NOTES: High density of grocery stores and pharmacies, absence of parks, and limited cafes, nightlife, and transit indicate a residential convenience-focused area.
DESCRIPTION: This block is defined by an abundance of grocery stores and pharmacies, though it lacks parks and offers minimal access to cafes, nightlife, and transit."
124.83,Entire home/apt,4.88,2.0,1.0,1.0,1.0,8.0,True,1.0,1.0,2.0,"NOTES: High density of grocery stores and pharmacies, above average transit access, and limited nightlife, cafes, and cultural venues indicate a quiet residential area.
DESCRIPTION: This block stands out for its exceptional access to grocery stores, pharmacies, and transit, while offering a quieter atmosphere with fewer bars, cafes, and galleries than a typical New York block."
124.42,Entire home/apt,5.0,2.0,1.0,1.0,1.0,4.0,False,1.0,1.0,2.0,"NOTES: The block features lively nightlife but lacks hotels, museums, galleries, pharmacies, and transit access, suggesting a secluded entertainment-focused residential area.
DESCRIPTION: This block stands out for its lively nightlife, though it remains quiet regarding hotels, museums, galleries, pharmacies, and transit access."
124.36,Entire home/apt,4.93,2.0,1.0,1.0,1.0,234.0,True,1.0,1.0,2.0,"NOTES: High density of pharmacies and transit access with minimal entertainment venues, suggesting a residential or utilitarian area.
DESCRIPTION: This block stands out for its above average number of pharmacies and transit options, while offering a quiet atmosphere due to the lack of entertainment venues."
228.01,Entire home/apt,4.88,2.0,1.0,1.0,1.0,8.0,False,1.0,1.0,2.0,"NOTES: High density of landmarks and transit access combined with a scarcity of grocery stores and pharmacies identifies this as a tourist-focused or commercial area.
DESCRIPTION: This block stands out for its above average landmarks and transit access, while remaining quiet due to a lack of grocery stores and pharmacies."
195.84,Entire home/apt,4.78,4.0,2.0,2.0,1.0,9.0,False,2.0,1.0,3.0,"NOTES: High grocery store density and a lack of hotels, museums, landmarks, and entertainment define this as a quiet residential area.
DESCRIPTION: This block is characterized by an abundance of grocery stores and a notable absence of hotels, museums, landmarks, and entertainment venues."
670.03,Entire home/apt,5.0,6.0,3.0,3.0,3.5,3.0,True,3.0,3.5,6.5,"NOTES: High concentration of hotels and museums and galleries, lack of transit, and quiet dining scene suggest a tourist-focused cultural district.
DESCRIPTION: This block stands out as a tourist-focused cultural district characterized by an abundance of hotels and museums and galleries, though it remains quiet regarding dining options and lacks nearby subway and transit access."
185.28,Entire home/apt,4.5,6.0,4.0,1.0,1.0,4.0,False,1.0,1.0,2.0,"NOTES: High concentration of pharmacies, grocery stores, and landmarks with limited transit access; this is a residential, amenity-rich neighborhood.
DESCRIPTION: This area features an abundance of pharmacies, grocery stores, and landmarks, though it remains quiet regarding subway and transit access."
117.99,Private room,4.72,2.0,1.0,1.0,1.0,117.0,False,1.0,1.0,2.0,"NOTES: High density of pharmacies and grocery stores, absence of transit, hotels, museums, parks, and entertainment; residential service-focused area.
DESCRIPTION: This block is characterized by an abundance of pharmacies and grocery stores while lacking transit, hotels, museums, parks, and entertainment venues."
71.9,Private room,5.0,2.0,1.0,1.0,1.0,9.0,True,1.0,1.0,2.0,"NOTES: High density of pharmacies and above average transit access; area type is a quiet, transit-oriented commercial corridor.
DESCRIPTION: This block features a high concentration of pharmacies and above average transit access while remaining quiet due to a lack of landmarks, nightlife, gyms, and green space."
361.18,Entire home/apt,4.8,2.0,2.0,1.0,1.0,35.0,False,1.0,1.0,2.0,"NOTES: Standout concentration of hotels; area type: tourist-oriented district.
DESCRIPTION: This block is distinguished by an above average number of hotels and is located near The Metropolitan Museum of Art."
233.34,Private room,4.77,2.0,1.0,1.0,1.0,156.0,True,1.0,1.0,2.0,"NOTES: High concentration of entertainment, gyms, and hotels with a complete lack of green space and limited dining or grocery options; this is a commercial and tourist-focused area.
DESCRIPTION: This block stands out for its high density of entertainment venues, gyms, and hotels while lacking parks and having limited dining and grocery options."
177.47,Entire home/apt,4.64,6.0,5.0,2.0,1.0,192.0,False,2.0,1.0,3.0,"NOTES: Abundant green space, high concentration of hotels, landmarks, and transit options, with minimal entertainment venues; this area is a quiet, upscale urban hub.
DESCRIPTION: This block stands out for its exceptional green space, numerous hotels, landmarks, and transit access, while remaining quiet due to a lack of entertainment venues. Nearby landmarks include Washington Square Park and Central Park."
276.49,Entire home/apt,5.0,6.0,3.0,3.0,1.0,1.0,False,3.0,1.0,4.0,"NOTES: Abundant grocery stores and pharmacies, absence of parks and nightlife, and proximity to The Metropolitan Museum of Art define this quiet residential area.
DESCRIPTION: This block features an above average number of grocery stores and pharmacies but lacks parks and nightlife, all while remaining near The Metropolitan Museum of Art."
159.63,Entire home/apt,5.0,2.0,2.0,1.0,1.0,13.0,True,1.0,1.0,2.0,"NOTES: High density of bars, nightlife, pharmacies, and transit options; lacks hotels, museums, galleries, and landmarks. Area type: Urban commercial and residential hub.
DESCRIPTION: This block stands out for its high concentration of nightlife, pharmacies, and transit access, while remaining quiet regarding cultural attractions and hotels."
239.22,Entire home/apt,4.48,6.0,5.0,2.0,2.5,33.0,False,2.0,2.5,4.5,"NOTES: High concentration of grocery stores, hotels, landmarks, and sights, and pharmacies; limited green space; urban commercial area.
DESCRIPTION: This block stands out for its high density of grocery stores, hotels, landmarks, sights, and pharmacies, while remaining quiet regarding parks and green space."
186.87,Entire home/apt,5.0,2.0,1.0,1.0,1.0,36.0,False,1.0,1.0,2.0,"NOTES: High concentration of cafes, gyms, and green space with an absence of nightlife and hotels; this is a quiet, residential-focused area.
DESCRIPTION: This block stands out for its abundant cafes, fitness facilities, and parks, while remaining a quiet area devoid of nightlife and hotels."
126.45,Entire home/apt,4.57,4.0,2.0,2.0,2.0,53.0,False,2.0,2.0,4.0,"NOTES: High concentration of shops, lack of cultural venues, green space, nightlife, and transit access; this is a quiet retail-focused area.
DESCRIPTION: This block stands out for its high concentration of shops while remaining quiet due to a lack of museums, galleries, parks, nightlife, and transit access."
129.42,Entire home/apt,5.0,2.0,1.0,1.0,1.0,1.0,False,1.0,1.0,2.0,"NOTES: Abundant cafes and green spaces, but lacking in hotels, landmarks, pharmacies, groceries, and transit; this is a quiet, residential-style area.
DESCRIPTION: This block stands out for its high concentration of cafes and parks, while remaining notably quiet due to a lack of hotels, landmarks, pharmacies, grocery stores, and transit options."
109.9,Entire home/apt,5.0,4.0,2.0,2.0,1.0,10.0,False,2.0,1.0,3.0,"NOTES: High concentration of pharmacies, grocery stores, and green space with few cafes; residential neighborhood.
DESCRIPTION: This area features an abundance of pharmacies, grocery stores, and parks near Washington Square Park, though it remains quiet due to a lack of cafes."
267.04,Entire home/apt,4.78,2.0,1.0,1.0,1.0,23.0,True,1.0,1.0,2.0,"NOTES: Above average parks and green space and above average subway and transit access; this is a well-connected residential area.
DESCRIPTION: This block stands out for its above average access to parks, green space, and transit options."
105.62,Entire home/apt,4.92,3.0,2.0,2.0,1.0,12.0,True,2.0,1.0,3.0,"NOTES: High density of grocery stores and pharmacies, above average green space, and a quiet nightlife and cafe scene; this is a residential neighborhood.
DESCRIPTION: This residential area features an abundance of grocery stores, pharmacies, and parks, while maintaining a quiet atmosphere with limited bars, cafes, and museums."
276.97,Entire home/apt,5.0,2.0,1.0,1.0,2.0,4.0,True,1.0,2.0,3.0,"NOTES: Above average parks and green space, lack of hotels, entertainment, and grocery stores; residential enclave.
DESCRIPTION: This block stands out for its abundant green space and quiet atmosphere, lacking the hotels, entertainment venues, and grocery stores typical of a busy New York street."
193.0,Entire home/apt,5.0,2.0,1.0,1.0,1.0,1.0,False,1.0,1.0,2.0,"NOTES: Quiet area with limited transit access, fitness facilities, and cafe options.
DESCRIPTION: This block is a quiet area characterized by below average access to transit, gyms, sports, and cafes."
162.27,Entire home/apt,5.0,2.0,1.0,1.0,1.0,17.0,False,1.0,1.0,2.0,"NOTES: High density of pharmacies and landmarks, suggesting a commercial and tourist-oriented area.
DESCRIPTION: This block stands out for its high concentration of pharmacies and landmarks."
80.26,Private room,4.89,2.0,1.0,1.0,1.0,9.0,True,1.0,1.0,2.0,"NOTES: High concentration of pharmacies and superior transit access, with a total absence of parks, nightlife, and fitness facilities; this is a highly utilitarian, transit-oriented residential or commercial area.
DESCRIPTION: This block features an abundance of pharmacies and excellent transit access but lacks parks, nightlife, and gyms."
110.06,Entire home/apt,5.0,2.0,1.0,1.0,1.0,6.0,False,1.0,1.0,2.0,"NOTES: High concentration of pharmacies, grocery stores, and green space with a lack of hotels, gyms, and cultural institutions; residential and convenience-focused area.
DESCRIPTION: This block stands out for its high density of pharmacies, grocery stores, and parks while lacking hotels, gyms, and museums."
251.66,Entire home/apt,5.0,6.0,2.0,3.0,2.0,3.0,False,3.0,2.0,5.0,"NOTES: This block is unremarkable and typical across the board, suggesting a standard residential or quiet neighborhood area.
DESCRIPTION: This block is unremarkable and typical across the board."
245.16,Entire home/apt,5.0,6.0,3.0,2.0,1.5,3.0,False,2.0,1.5,3.5,"NOTES: This area is a quiet residential or peripheral zone characterized by an abundance of cafes and a lack of hotels and transit access.
DESCRIPTION: This block stands out for its above average number of cafes and below average presence of hotels and subway and transit options."
325.25,Entire home/apt,5.0,2.0,1.0,1.0,1.0,1.0,False,1.0,1.0,2.0,"NOTES: Abundant parks and green space, high concentration of entertainment and transit, and a lack of pharmacies and grocery stores indicate a leisure-focused urban district.
DESCRIPTION: This area stands out for its exceptional access to parks, green space, entertainment venues, and transit options, though it lacks nearby pharmacies and grocery stores."
213.86,Entire home/apt,5.0,3.0,2.0,1.0,1.0,1.0,False,1.0,1.0,2.0,"NOTES: High concentration of hotels, landmarks, and green space with limited daily amenities and transit access; this is a tourist-focused area.
DESCRIPTION: This block is defined by an abundance of hotels, landmarks, and parks, while offering few grocery stores, gyms, pharmacies, or transit options."
388.0,Entire home/apt,4.91,5.0,2.0,2.0,1.0,243.0,True,2.0,1.0,3.0,"NOTES: Above average cafes, lack of hotels, and below average entertainment and green space; this is a quiet residential or commercial area.
DESCRIPTION: This block features a high concentration of cafes but remains quiet due to the absence of hotels and limited entertainment or green space."
103.44,Entire home/apt,4.77,2.0,1.0,1.0,1.0,13.0,False,1.0,1.0,2.0,"NOTES: High concentration of entertainment venues, absence of hotels, and scarcity of landmarks, pharmacies, and green space suggest a nightlife-focused commercial area.
DESCRIPTION: This block is defined by its above average number of entertainment venues and a lack of hotels, landmarks, pharmacies, and green space."
179.4,Entire home/apt,5.0,4.0,2.0,2.0,1.0,4.0,False,2.0,1.0,3.0,"NOTES: The block features an above average number of entertainment venues and a lack of pharmacies, grocery stores, and parks, suggesting an entertainment-focused urban area.
DESCRIPTION: This block stands out for its high concentration of entertainment venues and its lack of pharmacies, grocery stores, and green space."
228.33,Private room,4.98,2.0,2.0,2.0,1.0,190.0,True,2.0,1.0,3.0,"NOTES: Exceptional grocery access and transit connectivity, but lacking in cultural, entertainment, and landmark attractions; this is a residential convenience-focused area.
DESCRIPTION: This block stands out for its high concentration of grocery stores and superior transit access, while remaining quiet due to a lack of entertainment venues, museums, galleries, and landmarks."
222.67,Entire home/apt,5.0,2.0,2.0,1.0,1.0,1.0,False,1.0,1.0,2.0,"NOTES: Above average parks and green space, below average grocery stores, and below average pharmacies; this is a quiet residential area.
DESCRIPTION: This block is characterized by its abundance of green space and a lack of grocery stores and pharmacies."
362.3,Entire home/apt,4.89,4.0,3.0,2.0,1.0,19.0,False,2.0,1.0,3.0,"NOTES: High density of pharmacies, many landmarks and sights, and limited transit access suggest a quiet residential or specialized district.
DESCRIPTION: This block stands out for its high concentration of pharmacies and notable landmarks, though it remains quiet due to limited subway and transit access."
436.84,Entire home/apt,5.0,9.0,4.0,2.0,1.0,7.0,False,2.0,1.0,3.0,"NOTES: This block is quiet due to a lack of entertainment venues, hotels, and museums and galleries, suggesting a residential area.
DESCRIPTION: The block is a quiet residential area characterized by a lack of entertainment venues, hotels, and museums and galleries."
296.8,Private room,4.96,2.0,2.0,3.0,1.0,162.0,True,3.0,1.0,4.0,"NOTES: Quiet in pharmacies, hotels, and landmarks; residential or local area.
DESCRIPTION: This block is quiet in terms of pharmacies, hotels, and landmarks, suggesting a residential or local area."
103.23,Entire home/apt,4.55,7.0,7.0,2.0,1.0,76.0,True,2.0,1.0,3.0,"NOTES: High density of grocery stores and pharmacies, lack of cultural or transit infrastructure; residential neighborhood.
DESCRIPTION: This block is characterized by an abundance of grocery stores and pharmacies, though it lacks museums, galleries, and convenient transit access."
215.0,Hotel room,4.6,2.0,1.0,1.0,1.0,81.0,False,1.0,1.0,2.0,"NOTES: High concentration of pharmacies, grocery stores, hotels, and transit access with minimal nightlife and cultural venues; this is a quiet, service-oriented commercial and residential area.
DESCRIPTION: This block features an abundance of pharmacies, grocery stores, hotels, and transit options, while remaining quiet due to a lack of nightlife and museums."
397.55,Entire home/apt,5.0,5.0,2.0,2.0,2.0,2.0,True,2.0,2.0,4.0,"NOTES: High concentration of hotels, landmarks, museums, galleries, and parks with no transit access and limited grocery or entertainment options; this is a tourist-focused cultural district.
DESCRIPTION: This block stands out for its high density of hotels, landmarks, museums, galleries, and green spaces. It remains quiet regarding entertainment and grocery options and lacks nearby subway access."
361.37,Entire home/apt,4.92,6.0,4.0,3.0,2.0,39.0,False,3.0,2.0,5.0,"NOTES: High concentration of cafes and green space, lack of transit, hotels, entertainment, and essential services; this is a quiet, residential-leaning area.
DESCRIPTION: This block stands out for its abundance of cafes and green space, while remaining quiet due to a lack of transit, hotels, entertainment, and essential services."
290.89,Entire home/apt,5.0,3.0,3.0,1.0,1.0,8.0,False,1.0,1.0,2.0,"NOTES: High density of pharmacies and landmarks, absence of museums, galleries, bars, and nightlife; residential or service-oriented area.
DESCRIPTION: This block features an abundance of pharmacies and landmarks but remains quiet due to a lack of museums, galleries, bars, and nightlife."
261.51,Entire home/apt,5.0,4.0,4.0,4.0,1.0,1.0,True,4.0,1.0,5.0,"NOTES: Exceptional greenery, prominent landmarks, and a lack of entertainment or groceries indicate a tranquil residential area.
DESCRIPTION: This block stands out for its abundant parks and landmarks, including Central Park and Washington Square Park, while remaining quiet due to the absence of entertainment venues and limited grocery options."
193.6,Entire home/apt,4.75,2.0,1.0,1.0,1.5,18.0,False,1.0,1.5,2.5,"NOTES: High density of hotels, pharmacies, and transit access with very limited nightlife and cafe options; this is a transit-oriented commercial or tourist hub.
DESCRIPTION: This block stands out for its high concentration of hotels, pharmacies, and transit access, while offering a quiet atmosphere with very few bars or cafes."
272.5,Entire home/apt,5.0,4.0,2.0,2.0,1.0,8.0,True,2.0,1.0,3.0,"NOTES: Quiet residential area with a lack of hotels, entertainment venues, and parks.
DESCRIPTION: This block is a quiet area characterized by a lack of hotels, entertainment venues, and parks."
197.19,Entire home/apt,5.0,6.0,2.0,3.0,1.5,1.0,False,3.0,1.5,4.5,"NOTES: This block features an above average number of grocery stores, suggesting a residential area.
DESCRIPTION: The block stands out for its above average number of grocery stores."
227.07,Entire home/apt,5.0,4.0,3.0,2.0,1.0,1.0,False,2.0,1.0,3.0,"NOTES: High density of pharmacies, numerous landmarks and sights, and limited subway and transit access suggest a quiet, residential neighborhood.
DESCRIPTION: This block stands out for its high density of pharmacies and abundance of landmarks and sights, though it remains quiet due to limited subway and transit access."
132.74,Entire home/apt,5.0,2.0,1.0,1.0,1.0,1.0,False,1.0,1.0,2.0,"NOTES: Absence of hotels, limited entertainment, few grocery stores, landmarks, museums, or galleries; quiet residential or industrial area.
DESCRIPTION: This block is a quiet area characterized by a lack of hotels, entertainment venues, grocery stores, landmarks, museums, and galleries."
72.64,Entire home/apt,5.0,2.0,1.0,1.0,1.0,5.0,True,1.0,1.0,2.0,"NOTES: Grocery stores are above average while landmarks, gyms, sports, hotels, museums, and galleries are below average; this is a residential area.
DESCRIPTION: This residential area features an above average number of grocery stores but lacks the typical concentration of landmarks, gyms, hotels, and museums found on other New York blocks."
321.39,Entire home/apt,5.0,4.0,2.0,2.0,1.0,4.0,False,2.0,1.0,3.0,"NOTES: The block is unremarkable and typical across the board, suggesting a standard residential or mixed-use neighborhood area.
DESCRIPTION: This block is unremarkable and typical across the board, reflecting the characteristics of a standard New York area."
108.8,Private room,4.91,1.0,1.0,1.0,1.5,154.0,False,1.0,1.5,2.5,"NOTES: High concentration of cafes, lack of pharmacies, transit, gyms, and landmarks; this is a quiet residential enclave.
DESCRIPTION: This quiet residential enclave stands out for its high concentration of cafes while lacking pharmacies, transit, gyms, and landmarks."
182.17,Entire home/apt,4.94,2.0,1.0,1.0,1.0,17.0,True,1.0,1.0,2.0,"NOTES: This area is a transit-rich, tourist-oriented destination defined by abundant green space, entertainment, and landmarks, but it lacks essential daily services like pharmacies and grocery stores.
DESCRIPTION: This block stands out as a transit-accessible hub for entertainment, landmarks, and green space, though it offers limited access to grocery stores and pharmacies."
212.7,Entire home/apt,4.95,4.0,2.0,2.0,1.0,39.0,True,2.0,1.0,3.0,"NOTES: High concentration of museums and galleries, lack of subway and transit access, and limited dining options suggest a quiet, cultural enclave.
DESCRIPTION: This block stands out for its above average concentration of museums and galleries while remaining quiet due to the absence of nearby subway and transit access and below average dining options."
682.17,Entire home/apt,5.0,8.0,4.0,4.0,2.5,30.0,True,4.0,2.5,6.5,"NOTES: High concentration of pharmacies, hotels, parks, and transit with quiet nightlife; residential and amenity-focused area.
DESCRIPTION: This block features an abundance of pharmacies, hotels, parks, and transit options while remaining quiet due to a lack of bars and nightlife."
116.89,Entire home/apt,4.59,2.0,1.0,1.0,1.0,41.0,True,1.0,1.0,2.0,"NOTES: Above average parks and green space; below average gyms, sports, hotels, and landmarks; residential area.
DESCRIPTION: This block is characterized by an abundance of green space and a lack of hotels, gyms, and landmarks."
437.28,Entire home/apt,5.0,11.0,7.0,4.0,2.0,2.0,False,4.0,2.0,6.0,"NOTES: Absence of cultural, recreational, and landmark attractions; quiet residential or industrial area.
DESCRIPTION: This block is a quiet area defined by a lack of museums, galleries, parks, and significant landmarks or entertainment venues."
54.4,Private room,4.73,1.0,1.0,1.0,1.0,15.0,False,1.0,1.0,2.0,"NOTES: High density of pharmacies and lack of green space indicate a commercial, urbanized area.
DESCRIPTION: This block stands out for its above average number of pharmacies and below average amount of parks and green space."
325.24,Entire home/apt,4.79,2.0,1.0,1.0,1.0,251.0,True,1.0,1.0,2.0,"NOTES: High concentration of hotels, parks, and pharmacies with limited nightlife and cafes; this is a quiet, visitor-oriented residential or commercial area.
DESCRIPTION: This block stands out for its high density of hotels, parks, and pharmacies, while offering a quiet atmosphere with few bars or cafes."
215.67,Entire home/apt,5.0,2.0,2.0,1.0,1.0,32.0,True,1.0,1.0,2.0,"NOTES: This area is a quiet residential or industrial block with minimal tourism and greenery.
DESCRIPTION: This block is a quiet area characterized by a lack of hotels, landmarks, and green space."
180.4,Entire home/apt,4.92,4.0,2.0,1.0,1.0,25.0,True,1.0,1.0,2.0,"NOTES: High density of pharmacies, quiet nightlife, and lack of hotels, museums, and galleries; residential neighborhood.
DESCRIPTION: This block is a quiet residential area characterized by a high concentration of pharmacies and a lack of nightlife, hotels, and cultural institutions."
280.0,Private room,4.79,4.0,1.0,1.0,1.0,56.0,True,1.0,1.0,2.0,"NOTES: This area is a tourist-oriented district characterized by an abundance of hotels and green space, with a notable scarcity of grocery stores.
DESCRIPTION: This block stands out for its high concentration of hotels and parks, though it remains quiet regarding grocery stores."
147.79,Entire home/apt,4.64,7.0,5.0,1.0,1.0,22.0,False,1.0,1.0,2.0,"NOTES: High density of pharmacies and limited subway access indicate a residential or suburban-style area.
DESCRIPTION: This block stands out for its high concentration of pharmacies and below average access to subway and transit options."
226.99,Entire home/apt,4.88,5.0,3.0,3.0,2.0,8.0,False,3.0,2.0,5.0,"NOTES: Lacks cafes, parks, and pharmacies; quiet residential area.
DESCRIPTION: This block is a quiet residential area that stands out for its lack of cafes, parks, and pharmacies."
225.62,Entire home/apt,4.76,4.0,2.0,2.0,2.0,17.0,True,2.0,2.0,4.0,"NOTES: This area is a quiet residential or industrial zone lacking significant landmarks and green space.
DESCRIPTION: The block is characterized by a lack of landmarks and green space, though it is located near The Vessel."
256.26,Entire home/apt,5.0,4.0,2.0,2.0,1.0,5.0,True,2.0,1.0,3.0,"NOTES: Above average transit access and a scarcity of pharmacies, hotels, and landmarks suggest a residential transit-oriented area.
DESCRIPTION: This block offers above average transit access while remaining quiet regarding pharmacies, hotels, and landmarks."
119.93,Entire home/apt,4.68,1.0,1.0,1.0,1.0,31.0,False,1.0,1.0,2.0,"NOTES: Absence of hotels, parks, green space, entertainment, and grocery stores indicates a quiet residential or industrial area.
DESCRIPTION: This block stands out for its lack of hotels, parks, green space, entertainment venues, and grocery stores."
89.41,Private room,4.74,2.0,1.0,1.0,2.0,57.0,False,1.0,2.0,3.0,"NOTES: This area is a quiet residential or cultural enclave characterized by an abundance of landmarks and green space, but a notable lack of daily conveniences and entertainment.
DESCRIPTION: This block stands out for its above average landmarks and parks, while offering a quiet atmosphere due to a scarcity of entertainment venues, grocery stores, and pharmacies."
523.26,Entire home/apt,4.0,6.0,2.0,2.0,2.0,1.0,True,2.0,2.0,4.0,"NOTES: High concentration of hotels, landmarks, museums, and parks with no transit access; this is a tourist-focused cultural district.
DESCRIPTION: This area stands out as a tourist-focused cultural district characterized by a high concentration of hotels, landmarks, museums, and parks despite a lack of nearby transit access."
228.47,Entire home/apt,4.6,3.0,2.0,1.0,1.0,10.0,True,1.0,1.0,2.0,"NOTES: Above average parks and pharmacies, below average bars, nightlife, and hotels, and no nearby museums or galleries; this is a quiet residential area.
DESCRIPTION: This block stands out for its abundance of green space and pharmacies while remaining quiet due to a lack of nightlife, hotels, and cultural institutions."
138.57,Entire home/apt,4.91,5.0,3.0,3.0,1.0,11.0,True,3.0,1.0,4.0,"NOTES: High concentration of pharmacies, grocery stores, parks, and transit; quiet nightlife, dining, and recreation; residential suburban-style area.
DESCRIPTION: This block stands out for its abundance of pharmacies, grocery stores, parks, and transit options while remaining quiet regarding nightlife, cafes, gyms, and cultural sights."
288.53,Entire home/apt,4.0,4.0,1.0,1.0,1.0,1.0,False,1.0,1.0,2.0,"NOTES: Above average landmarks and parks, below average transit; area type: scenic residential or cultural district.
DESCRIPTION: This block stands out for its above average landmarks and green space, though it features below average access to subway and transit."
287.15,Entire home/apt,5.0,4.0,2.0,2.0,1.0,2.0,True,2.0,1.0,3.0,"NOTES: Quiet in terms of pharmacies, grocery stores, parks, green space, and transit; this is a residential or isolated area.
DESCRIPTION: This block is quiet due to a lack of pharmacies, grocery stores, parks, green space, and transit options."
205.7,Entire home/apt,4.9,4.0,2.0,1.0,1.0,71.0,False,1.0,1.0,2.0,"NOTES: This area is a commercial-heavy zone characterized by a high density of pharmacies and a complete absence of parks or green space.
DESCRIPTION: This block stands out for its high concentration of pharmacies and lack of nearby parks or green space."
265.57,Entire home/apt,5.0,4.0,2.0,2.0,1.0,3.0,True,2.0,1.0,3.0,"NOTES: Abundant green space, notable landmarks, and accessible transit define this quiet residential area near Central Park.
DESCRIPTION: This area stands out for its exceptional green space, significant landmarks, and convenient transit access near Central Park, while remaining a quiet neighborhood without nearby entertainment venues."
300.33,Entire home/apt,5.0,6.0,3.0,3.0,1.0,1.0,False,3.0,1.0,4.0,"NOTES: This area is a landmark-rich residential or park-adjacent enclave with high accessibility to pharmacies but limited retail and transit options.
DESCRIPTION: This block stands out for its above average landmarks, green space, and pharmacies, while offering fewer grocery stores, shops, and transit connections than a typical New York block."
391.86,Entire home/apt,4.89,6.0,2.0,2.0,1.0,56.0,False,2.0,1.0,3.0,"NOTES: This block features a high concentration of hotels but lacks grocery stores, pharmacies, and nearby transit, indicating a tourist-focused area.
DESCRIPTION: This area stands out for its high density of hotels and complete lack of grocery stores, pharmacies, and transit access."
340.03,Entire home/apt,2.0,6.0,3.0,3.0,1.0,1.0,False,3.0,1.0,4.0,"NOTES: Abundant green space and landmarks, quiet entertainment and pharmacy access; residential park-adjacent area.
DESCRIPTION: This block stands out for its above-average parks and landmarks, including Central Park, while remaining quiet due to a lack of nearby entertainment venues and pharmacies."
275.48,Entire home/apt,4.18,8.0,3.0,3.0,2.0,11.0,False,3.0,2.0,5.0,"NOTES: High concentration of grocery stores and transit access, but lacks cultural, social, and fitness venues; residential convenience area.
DESCRIPTION: This block offers exceptional access to grocery stores and transit, though it remains quiet due to a lack of museums, galleries, cafes, bars, and entertainment or sports facilities."
143.83,Private room,4.74,2.0,4.0,1.0,1.0,145.0,False,1.0,1.0,2.0,"NOTES: High density of pharmacies and lack of hotels, museums, nightlife, cafes, and landmarks indicate a quiet residential or utilitarian area.
DESCRIPTION: This block is characterized by an abundance of pharmacies and a notable absence of hotels, museums, nightlife, cafes, and landmarks."
387.17,Entire home/apt,5.0,4.0,2.0,2.0,2.0,1.0,False,2.0,2.0,4.0,"NOTES: Abundant green space and landmarks with minimal nightlife indicate a tranquil residential or historic area.
DESCRIPTION: This block stands out for its exceptional parks and landmarks, offering a quiet atmosphere devoid of nightlife."
223.45,Entire home/apt,4.97,2.0,2.0,1.0,1.0,35.0,True,1.0,1.0,2.0,"NOTES: High concentration of museums and galleries, absence of pharmacies, and limited nightlife and grocery options suggest a quiet cultural district.
DESCRIPTION: This block stands out as a quiet cultural district characterized by an above average concentration of museums and galleries and a lack of pharmacies, bars, and grocery stores."
100.44,Private room,4.43,15.0,9.0,4.0,1.0,89.0,False,4.0,1.0,5.0,"NOTES: High concentration of pharmacies, lack of parks and green space, and quiet nightlife and fitness scene; this area is a residential or commercial service hub.
DESCRIPTION: This block stands out for its high number of pharmacies while lacking nearby parks and green space. It is a quiet area with limited options for nightlife and sports."
183.9,Entire home/apt,4.93,4.0,2.0,2.0,1.0,44.0,True,2.0,1.0,3.0,"NOTES: High accessibility to pharmacies and transit, limited grocery and hotel options; urban residential or transit-oriented area.
DESCRIPTION: This block stands out for its above average access to pharmacies and subway and transit, though it features below average grocery stores and hotels. It is located near Brooklyn Museum and Brooklyn Botanic Garden."
254.43,Entire home/apt,5.0,2.0,1.0,1.0,1.0,3.0,False,1.0,1.0,2.0,"NOTES: High concentration of nightlife and culture, lack of transit and essential services; area type: entertainment-focused district.
DESCRIPTION: This block stands out for its above average bars, nightlife, museums, and galleries, while lacking nearby pharmacies, transit, and grocery stores."
64.56,Private room,4.4,2.0,1.0,1.0,2.0,10.0,False,1.0,2.0,3.0,"NOTES: Below average subway and transit access; quiet area.
DESCRIPTION: This block is a quiet area characterized by below average subway and transit access."
105.1,Entire home/apt,4.5,2.0,2.0,2.0,1.0,4.0,False,2.0,1.0,3.0,"NOTES: Lively nightlife, absence of hotels, parks, and grocery stores; this is a nightlife-focused commercial or entertainment area.
DESCRIPTION: This block is defined by its lively nightlife scene and a notable lack of hotels, parks, and grocery stores."
220.87,Entire home/apt,4.61,4.0,1.0,1.0,1.0,88.0,False,1.0,1.0,2.0,"NOTES: High concentration of pharmacies, limited cafes, gyms, and green space, and poor transit access; this area is a quiet residential or specialized district.
DESCRIPTION: This block stands out for its high concentration of pharmacies paired with a lack of cafes, gyms, green space, and transit access."
228.63,Entire home/apt,5.0,2.0,2.0,1.0,1.5,2.0,False,1.0,1.5,2.5,"NOTES: Absence of hotels, museums, galleries, and transit, with sparse pharmacies; this is a quiet residential area.
DESCRIPTION: This quiet residential area lacks hotels, museums, galleries, and transit options, while maintaining a sparse presence of pharmacies."
45.63,Shared room,4.25,2.0,2.0,1.0,2.0,4.0,False,1.0,2.0,3.0,"NOTES: Quiet transit access; residential or secluded area.
DESCRIPTION: This block is quiet due to below average subway and transit access."
239.13,Entire home/apt,4.67,4.0,2.0,2.0,1.0,12.0,False,2.0,1.0,3.0,"NOTES: Abundant pharmacies, grocery stores, and landmarks, but lacking parks and shops; this is a commercial and historic urban area.
DESCRIPTION: This block stands out for its high concentration of pharmacies, grocery stores, and landmarks, though it lacks nearby green space and local shops."
1168.87,Entire home/apt,4.79,6.0,3.0,2.0,1.0,53.0,False,2.0,1.0,3.0,"NOTES: Lacks hotels, entertainment, landmarks, parks, and pharmacies; quiet residential or industrial area.
DESCRIPTION: This block is a quiet area characterized by a lack of hotels, entertainment venues, landmarks, parks, and pharmacies."
78.47,Private room,4.0,1.0,1.0,1.0,1.5,1.0,False,1.0,1.5,2.5,"NOTES: This area is quiet due to a lack of pharmacies.
DESCRIPTION: This block is quiet because it has fewer pharmacies than a typical New York block."
105.43,Entire home/apt,4.5,2.0,1.0,1.0,1.0,2.0,False,1.0,1.0,2.0,"NOTES: High density of grocery stores, quiet nightlife and entertainment, limited transit access; residential neighborhood.
DESCRIPTION: This area features an above average number of grocery stores but remains quiet due to limited nightlife, entertainment venues, and transit options near The Metropolitan Museum of Art."
258.11,Entire home/apt,4.67,3.0,1.0,1.0,1.0,12.0,True,1.0,1.0,2.0,"NOTES: Above average parks and green space, below average museums and galleries; area type: residential parkside neighborhood.
DESCRIPTION: This block stands out for its above average parks and green space, including nearby Prospect Park, while offering below average museums and galleries."
214.17,Entire home/apt,4.92,2.0,1.0,1.0,2.0,13.0,False,1.0,2.0,3.0,"NOTES: High density of pharmacies and hotels, limited green space and transit access; area type: commercial tourist district.
DESCRIPTION: This block is characterized by an abundance of pharmacies and hotels, while featuring limited parks and transit options."
114.07,Entire home/apt,3.0,2.0,2.0,2.0,1.0,1.0,False,2.0,1.0,3.0,"NOTES: Lacks museums, galleries, parks, green space, transit, and nightlife; isolated residential area.
DESCRIPTION: This block is an isolated residential area that lacks museums, galleries, parks, green space, transit, and nightlife."
285.33,Private room,4.82,2.0,3.0,2.0,1.0,121.0,False,2.0,1.0,3.0,"NOTES: Quiet transit and fitness access; residential area.
DESCRIPTION: This block is a quiet residential area with below average access to gyms, sports, and subway transit."
202.0,Private room,4.89,2.0,2.0,2.0,1.0,361.0,True,2.0,1.0,3.0,"NOTES: High concentration of pharmacies and lack of transit access indicate a quiet residential area.
DESCRIPTION: This block is characterized by an above average number of pharmacies and a complete absence of nearby subway and transit options."
158.57,Entire home/apt,5.0,4.0,2.0,2.0,2.0,5.0,True,2.0,2.0,4.0,"NOTES: Above average green space, lack of transit, and limited gyms and pharmacies characterize this quiet residential enclave.
DESCRIPTION: This block stands out for its abundant green space while lacking nearby subway access, gyms, and pharmacies."
303.0,Entire home/apt,4.86,4.0,2.0,2.0,1.0,180.0,True,2.0,1.0,3.0,"NOTES: Above average shops; lacks museums, galleries, parks, and green space; commercial-focused area.
DESCRIPTION: This block is defined by its above average concentration of shops, though it lacks nearby museums, galleries, parks, and green space."
155.79,Entire home/apt,4.97,4.0,2.0,2.0,1.0,226.0,False,2.0,1.0,3.0,"NOTES: High density of pharmacies and grocery stores, lack of entertainment, hotels, landmarks, museums, cafes, and nightlife; residential convenience area.
DESCRIPTION: This block stands out for its high density of pharmacies and grocery stores while lacking entertainment venues, hotels, landmarks, museums, galleries, cafes, and nightlife."
675.0,Entire home/apt,4.82,6.0,3.0,3.0,1.0,138.0,True,3.0,1.0,4.0,"NOTES: High concentration of landmarks and green space, limited fitness and pharmacy options; residential or cultural area.
DESCRIPTION: This block stands out for its above average landmarks and parks, while offering fewer gyms and pharmacies than a typical New York block."
544.0,Entire home/apt,4.71,4.0,2.0,2.0,1.5,136.0,True,2.0,1.5,3.5,"NOTES: High concentration of landmarks and green space, limited fitness and pharmacy options; residential or historic district.
DESCRIPTION: This block stands out for its abundant landmarks and green space, though it remains quiet regarding gyms and pharmacies."
163.37,Entire home/apt,4.92,4.0,2.0,2.0,1.0,25.0,True,2.0,1.0,3.0,"NOTES: Lacks landmarks, museums, pharmacies, entertainment, groceries, parks, and transit; this is a quiet residential enclave.
DESCRIPTION: This quiet residential enclave stands out for its lack of landmarks, museums, pharmacies, entertainment, groceries, parks, and transit."
232.11,Entire home/apt,5.0,2.0,1.0,1.0,1.0,3.0,True,1.0,1.0,2.0,"NOTES: Lack of parks, green space, and landmarks suggests an industrial or utilitarian area.
DESCRIPTION: This block stands out for its lack of parks, green space, and landmarks."
416.67,Entire home/apt,5.0,3.0,1.0,1.0,1.0,1.0,False,1.0,1.0,2.0,"NOTES: Standout features include abundant parks, green space, gyms, sports facilities, and landmarks; the area is quiet due to a lack of nightlife, grocery stores, museums, and pharmacies. This is a residential and recreational area.

DESCRIPTION: Featuring Central Park, this area stands out for its exceptional access to parks, green space, gyms, sports facilities, and landmarks. It is a quiet neighborhood with limited nightlife, grocery stores, museums, and pharmacies."
82.32,Entire home/apt,4.67,1.0,1.0,1.0,1.0,3.0,False,1.0,1.0,2.0,"NOTES: High concentration of grocery stores and pharmacies, low presence of gyms and museums; residential neighborhood.
DESCRIPTION: This residential block features an above average number of grocery stores and pharmacies, while offering few gyms or museums. The Cloisters is located nearby."
275.63,Entire home/apt,4.67,2.0,1.0,1.0,1.0,3.0,False,1.0,1.0,2.0,"NOTES: High concentration of museums and galleries, absence of pharmacies, and limited subway and transit access; this is a cultural district.
DESCRIPTION: This block stands out as a cultural district defined by a high concentration of museums and galleries, though it lacks nearby pharmacies and subway and transit access."
80.1,Entire home/apt,4.5,6.0,4.0,2.0,1.0,131.0,False,2.0,1.0,3.0,"NOTES: Above average parks and green space, below average museums and galleries; residential park-adjacent area.
DESCRIPTION: This block stands out for its above average parks and green space near Prospect Park, while offering below average museums and galleries."
42.13,Shared room,3.6,3.0,3.0,1.0,2.0,5.0,False,1.0,2.0,3.0,"NOTES: No subway or transit access; isolated residential area.
DESCRIPTION: This block is distinguished by its lack of nearby subway or transit access, characterizing it as an isolated residential area."
137.11,Entire home/apt,5.0,2.0,2.0,1.0,1.0,2.0,True,1.0,1.0,2.0,"NOTES: Limited subway and transit access; quiet residential area.
DESCRIPTION: This block is a quiet residential area characterized by below average subway and transit access."
169.0,Private room,4.8,3.0,2.0,2.0,1.0,40.0,True,2.0,1.0,3.0,"NOTES: High density of pharmacies, lack of entertainment, cafes, nightlife, museums, and transit; residential enclave.
DESCRIPTION: This quiet residential enclave near Riverside Park stands out for its high concentration of pharmacies and notable lack of entertainment, cafes, nightlife, museums, and transit options."
231.5,Entire home/apt,4.79,2.0,1.0,1.0,1.0,19.0,False,1.0,1.0,2.0,"NOTES: High density of pharmacies, lack of green space, and limited shops suggest a commercial or transit-oriented area.
DESCRIPTION: This block stands out for its high concentration of pharmacies, though it lacks nearby parks and features fewer shops than a typical New York block."
210.2,Entire home/apt,5.0,4.0,1.0,1.0,1.0,1.0,False,1.0,1.0,2.0,"NOTES: This area is a sports-oriented residential enclave characterized by abundant green space and a notable lack of transit access, grocery stores, and pharmacies.
DESCRIPTION: This block stands out for its above average access to gyms and parks, while lacking nearby transit options, grocery stores, and pharmacies."
185.0,Hotel room,4.0,2.0,1.0,1.0,1.0,4.0,False,1.0,1.0,2.0,"NOTES: No hotels, no parks, and below average landmarks indicate a quiet residential or industrial area.
DESCRIPTION: This block is a quiet area characterized by a lack of hotels, parks, and landmarks."
185.0,Hotel room,3.0,2.0,1.0,1.0,1.0,1.0,False,1.0,1.0,2.0,"NOTES: Absence of hotels, parks, and green space, with below average landmarks, suggests an industrial or purely residential area.
DESCRIPTION: This block stands out for its lack of hotels, parks, and green space, alongside a below average presence of landmarks."
516.8,Entire home/apt,5.0,4.0,2.0,2.0,2.0,4.0,False,2.0,2.0,4.0,"NOTES: High concentration of landmarks and green space, limited retail and transit access; residential enclave.
DESCRIPTION: This block stands out for its above average landmarks and parks, though it remains quiet due to a lack of grocery stores, shops, and transit options."
288.94,Entire home/apt,4.89,4.0,1.0,1.0,1.0,53.0,True,1.0,1.0,2.0,"NOTES: This area is a quiet residential or secluded pocket characterized by a lack of hotels, museums, galleries, transit access, and pharmacies.
DESCRIPTION: This quiet block stands out for its lack of hotels, museums, galleries, transit access, and pharmacies."
185.0,Hotel room,3.0,2.0,1.0,1.0,1.0,2.0,False,1.0,1.0,2.0,"NOTES: Absence of hotels, parks, and green space, with below average landmarks, indicates a strictly residential or industrial area.
DESCRIPTION: This block stands out for its lack of hotels, parks, and green space, while featuring below average landmarks."
195.09,Entire home/apt,5.0,3.0,2.0,2.0,1.0,2.0,False,2.0,1.0,3.0,"NOTES: Quiet area due to a lack of gyms, sports facilities, and pharmacies.
DESCRIPTION: This block is a quiet area characterized by a below average presence of gyms, sports facilities, and pharmacies."
296.71,Private room,4.92,2.0,1.0,1.0,1.0,626.0,True,1.0,1.0,2.0,"NOTES: The block is unremarkable and typical across the board, suggesting a quiet residential or standard mixed-use area.
DESCRIPTION: This block is unremarkable and typical across the board."
775.37,Entire home/apt,5.0,7.0,4.0,3.0,2.5,27.0,False,3.0,2.5,5.5,"NOTES: The block lacks transit access, grocery stores, landmarks, gyms, and hotels, indicating a quiet residential area.
DESCRIPTION: This quiet residential area near Prospect Park is characterized by a notable absence of transit, grocery stores, landmarks, gyms, and hotels."
803.82,Entire home/apt,4.92,8.0,5.0,4.0,3.5,37.0,True,4.0,3.5,7.5,"NOTES: Lacks transit, pharmacies, entertainment, and groceries; this is a quiet residential area.
DESCRIPTION: This block is a quiet residential area that stands out for its lack of transit, pharmacies, entertainment venues, and grocery stores."
145.28,Entire home/apt,4.78,2.0,1.0,1.0,1.0,18.0,False,1.0,1.0,2.0,"NOTES: High density of pharmacies and landmarks, limited parks and transit; area type: commercial and historic district.
DESCRIPTION: This block is characterized by an abundance of pharmacies and landmarks, though it remains quiet regarding parks and transit options."
107.74,Entire home/apt,4.72,3.0,1.0,1.0,1.0,75.0,False,1.0,1.0,2.0,"NOTES: Lacks museums, galleries, parks, transit, landmarks, and nightlife, indicating a quiet residential or industrial area.
DESCRIPTION: This block is characterized by a lack of museums, galleries, parks, transit, landmarks, and nightlife, resulting in a quiet environment."
225.0,Entire home/apt,4.49,2.0,1.0,1.0,1.0,103.0,False,1.0,1.0,2.0,"NOTES: High density of pharmacies and lack of landmarks, parks, entertainment, hotels, and museums suggest a quiet residential or utilitarian area.
DESCRIPTION: This block is characterized by an above-average number of pharmacies and a notable absence of landmarks, parks, entertainment venues, hotels, and museums."
103.23,Entire home/apt,4.81,6.0,4.0,1.0,1.0,77.0,True,1.0,1.0,2.0,"NOTES: High density of grocery stores, absence of museums, galleries, gyms, sports facilities, hotels, and transit options; residential neighborhood.
DESCRIPTION: This residential area features an above average number of grocery stores but lacks museums, galleries, gyms, sports facilities, hotels, and convenient transit access."
192.67,Private room,4.75,2.0,1.0,1.0,2.0,21.0,False,1.0,2.0,3.0,"NOTES: Abundant green space, notable landmarks, and superior transit access define this quiet residential area.
DESCRIPTION: This area stands out for its exceptional parks and green space, notable landmarks, and convenient transit access, while remaining quiet due to a lack of entertainment venues. Nearby places include Washington Square Park and Central Park."
290.7,Entire home/apt,4.0,4.0,2.0,2.0,1.0,1.0,False,2.0,1.0,3.0,"NOTES: Quiet area with limited pharmacies, entertainment venues, and hotels.
DESCRIPTION: This quiet area near Grand Army Plaza features fewer pharmacies, entertainment venues, and hotels than a typical New York block."
301.43,Entire home/apt,4.96,5.0,3.0,3.0,2.0,46.0,True,3.0,2.0,5.0,"NOTES: Lacks hotels, transit, entertainment, groceries, museums, and parks; this is a quiet residential area.
DESCRIPTION: This quiet residential area stands out for its lack of hotels, transit, entertainment, groceries, museums, and parks."
377.77,Entire home/apt,4.0,4.0,2.0,2.0,2.0,1.0,False,2.0,2.0,4.0,"NOTES: Above average landmarks and green space, below average transit and retail; residential enclave.
DESCRIPTION: This block stands out for its abundance of landmarks and green space, though it remains quiet due to a lack of shops, grocery stores, and transit access."
232.3,Entire home/apt,4.93,4.0,2.0,1.0,1.0,40.0,False,1.0,1.0,2.0,"NOTES: This area is an entertainment and park-focused district with limited local amenities.
DESCRIPTION: This block stands out for its above average entertainment venues and parks and green space, while offering below average access to cafes and grocery stores."
422.25,Entire home/apt,5.0,9.0,7.0,3.0,2.0,2.0,False,3.0,2.0,5.0,"NOTES: Lacks parks, green space, gyms, sports, landmarks, sights, museums, and galleries; this is a quiet, residential or industrial area.
DESCRIPTION: This block is characterized by a quiet atmosphere due to the absence of parks, green space, gyms, sports, landmarks, sights, museums, and galleries."
114.31,Entire home/apt,5.0,3.0,1.0,1.0,1.0,2.0,True,1.0,1.0,2.0,"NOTES: Lacks museums, galleries, parks, green space, hotels, landmarks, sights, shops, and transit; this is a quiet residential area.
DESCRIPTION: This quiet residential area stands out for its lack of museums, galleries, parks, green space, hotels, landmarks, sights, shops, and transit."
286.59,Entire home/apt,5.0,5.0,3.0,3.0,2.0,3.0,True,3.0,2.0,5.0,"NOTES: Abundant greenery and pharmacies with a lack of transit, museums, and landmarks suggest a quiet residential area.
DESCRIPTION: This block stands out for its above average parks and pharmacies, while lacking nearby museums, galleries, transit, and landmarks."
193.5,Entire home/apt,4.92,4.0,3.0,2.0,1.0,129.0,False,2.0,1.0,3.0,"NOTES: High concentration of cafes and green space, absence of hotels, and limited pharmacies and cultural venues; this area is a quiet residential or neighborhood-focused enclave.
DESCRIPTION: This block stands out for its abundant cafes and parks while lacking hotels, pharmacies, and museums."
447.27,Entire home/apt,4.33,6.0,4.0,3.0,1.0,6.0,False,3.0,1.0,4.0,"NOTES: Lacks landmarks, museums, gyms, nightlife, cafes, hotels, and green space; this is a quiet residential area.
DESCRIPTION: This quiet residential area stands out for its lack of landmarks, museums, gyms, nightlife, cafes, hotels, and green space."
456.67,Private room,5.0,2.0,2.0,2.0,1.0,48.0,False,2.0,1.0,3.0,"NOTES: Lacks transit, grocery stores, landmarks, gyms, and hotels; quiet residential area.
DESCRIPTION: This block is a quiet residential area that stands out for its lack of transit, grocery stores, landmarks, gyms, and hotels, though it is near Prospect Park."
124.33,Entire home/apt,4.88,4.0,1.0,1.0,1.0,64.0,True,1.0,1.0,2.0,"NOTES: Quiet residential or industrial area with minimal transit, amenities, and entertainment.
DESCRIPTION: This block is a quiet area characterized by a lack of transit, entertainment, and essential services."
211.14,Entire home/apt,4.86,2.0,1.0,1.0,1.0,189.0,True,1.0,1.0,2.0,"NOTES: Lacks parks and green space, limited grocery access; area type is an urban desert.
DESCRIPTION: This block is an urban desert characterized by a lack of parks and green space and limited grocery access."
412.9,Entire home/apt,5.0,6.0,3.0,3.0,2.0,3.0,False,3.0,2.0,5.0,"NOTES: High density of pharmacies, grocery stores, and parks suggests a residential neighborhood.
DESCRIPTION: This area features an abundance of pharmacies, grocery stores, and green spaces, while cafes are notably sparse."
154.33,Entire home/apt,4.64,2.0,1.0,1.0,1.0,11.0,False,1.0,1.0,2.0,"NOTES: Absence of hotels, museums, galleries, pharmacies, transit, and grocery stores; residential or isolated area.
DESCRIPTION: This block is characterized by a quiet atmosphere due to the lack of hotels, museums, galleries, pharmacies, transit, and grocery stores."
107.65,Entire home/apt,4.88,2.0,2.0,1.0,1.0,197.0,False,1.0,1.0,2.0,"NOTES: Lacks museums, galleries, cafes, gyms, sports, hotels, and transit; quiet residential area.
DESCRIPTION: This quiet residential area stands out for its lack of museums, galleries, cafes, gyms, sports, hotels, and transit."
169.63,Entire home/apt,4.76,4.0,4.0,1.0,2.0,66.0,True,1.0,2.0,3.0,"NOTES: High density of pharmacies, absence of nightlife, entertainment, gyms, hotels, landmarks, and parks; residential/quiet area.
DESCRIPTION: This block is characterized by an above average number of pharmacies and a complete absence of nightlife, entertainment, gyms, hotels, landmarks, and parks."
101.78,Private room,5.0,2.0,1.0,1.0,1.0,2.0,True,1.0,1.0,2.0,"NOTES: Lacks transit, cultural institutions, and amenities, indicating a quiet residential or industrial area.
DESCRIPTION: This block is a quiet area characterized by a lack of nearby transit, museums, galleries, and hotels, as well as limited access to pharmacies and green space."
44.43,Private room,4.43,1.0,1.0,1.0,1.5,7.0,False,1.0,1.5,2.5,"NOTES: Below average parks and green space; sparse urban area.
DESCRIPTION: This block stands out for its below average parks and green space, characterizing it as a sparse urban area."
216.82,Private room,4.88,2.0,2.0,2.0,1.0,224.0,True,2.0,1.0,3.0,"NOTES: High concentration of museums and galleries, absence of parks and green space, and fewer landmarks than average; this is a cultural district.
DESCRIPTION: This block stands out as a cultural district defined by an above average presence of museums and galleries, though it lacks nearby parks and green space and features fewer landmarks than a typical New York block."
342.5,Entire home/apt,4.86,3.0,2.0,2.0,1.0,579.0,True,2.0,1.0,3.0,"NOTES: This block lacks hotels, landmarks, cafes, entertainment, gyms, and parks, indicating a quiet residential area.
DESCRIPTION: This quiet residential block stands out for its lack of hotels, landmarks, cafes, entertainment venues, gyms, and parks."
68.57,Shared room,4.8,1.0,1.0,1.0,1.0,103.0,False,1.0,1.0,2.0,"NOTES: High concentration of grocery stores and pharmacies, limited subway and transit access; residential neighborhood.
DESCRIPTION: This block features an above average number of grocery stores and pharmacies but is quiet regarding subway and transit access."
255.07,Entire home/apt,4.94,4.0,2.0,2.0,1.0,33.0,True,2.0,1.0,3.0,"NOTES: This block lacks hotels, transit, entertainment, grocery stores, museums, and parks, indicating a quiet residential or isolated area.
DESCRIPTION: This block is a quiet area characterized by a lack of hotels, transit, entertainment, grocery stores, museums, and parks."
494.19,Entire home/apt,1.0,6.0,2.0,2.0,2.0,1.0,False,2.0,2.0,4.0,"NOTES: High concentration of hotels, landmarks, and green space with a lack of transit, entertainment, nightlife, groceries, and gyms; this is a tourist-focused area.
DESCRIPTION: This block stands out for its high density of hotels, landmarks, and green space, while remaining quiet due to an absence of transit, entertainment, nightlife, and daily amenities."
146.97,Entire home/apt,5.0,2.0,1.0,1.0,1.5,4.0,True,1.0,1.5,2.5,"NOTES: Standout features include above average museums and galleries, an absence of nearby parks and green space, and well below average landmarks and sights, suggesting a quiet cultural district.
DESCRIPTION: This block stands out for its above average concentration of museums and galleries, though it lacks nearby parks and green space and features well below average landmarks and sights."
118.18,Entire home/apt,5.0,2.0,1.0,2.0,1.0,16.0,False,2.0,1.0,3.0,"NOTES: High concentration of hotels and green space, low availability of entertainment and groceries; this is a quiet, tourist-oriented area.
DESCRIPTION: This block features an above average number of hotels and parks, while offering fewer entertainment venues and grocery stores than a typical New York block."
180.0,Private room,4.39,4.0,2.0,1.0,1.0,99.0,False,1.0,1.0,2.0,"NOTES: High concentration of hotels, sparse grocery stores, and quiet nightlife characterize this tourist-focused area.
DESCRIPTION: This block is defined by its high concentration of hotels and a notable lack of grocery stores and nightlife venues."
228.3,Shared room,5.0,2.0,1.0,1.0,1.0,10.0,True,1.0,1.0,2.0,"NOTES: The block is unremarkable and typical across the board, suggesting a standard residential or mixed-use area.
DESCRIPTION: This block is unremarkable and typical across the board."
228.24,Entire home/apt,4.79,2.0,1.0,1.0,1.0,42.0,True,1.0,1.0,2.0,"NOTES: High concentration of pharmacies, absence of social and cultural venues, and limited fitness or tourist facilities; this is a quiet residential area.
DESCRIPTION: This block is characterized by an abundance of pharmacies and a complete lack of nightlife, cafes, entertainment, or cultural attractions."
513.67,Entire home/apt,4.72,6.0,4.0,3.0,2.0,53.0,False,3.0,2.0,5.0,"NOTES: High density of grocery stores and pharmacies, lack of entertainment, hotels, and landmarks, and sparse cafes, gyms, parks, and transit; this is a quiet residential area.
DESCRIPTION: This block is characterized by a high concentration of grocery stores and pharmacies, while lacking entertainment, hotels, landmarks, cafes, gyms, parks, and transit."
106.72,Entire home/apt,4.89,2.0,1.0,1.0,1.0,130.0,True,1.0,1.0,2.0,"NOTES: Absence of hotels, limited entertainment, minimal green space, and few pharmacies indicate a quiet residential or industrial area.
DESCRIPTION: This block is a quiet area characterized by a lack of hotels, entertainment venues, parks, and pharmacies."
118.49,Entire home/apt,4.94,4.0,2.0,2.0,1.0,47.0,False,2.0,1.0,3.0,"NOTES: Above average transit access, lack of parks, and sparse grocery and hotel options suggest a transit-focused commercial or industrial area.
DESCRIPTION: This block stands out for its above average transit access while lacking nearby parks, grocery stores, and hotels."
167.56,Entire home/apt,4.92,5.0,2.0,1.0,1.0,180.0,True,1.0,1.0,2.0,"NOTES: This block lacks transit, grocery stores, landmarks, and sports facilities, suggesting a quiet residential area.
DESCRIPTION: This quiet residential area lacks nearby transit, grocery stores, landmarks, and sports facilities, though it is located near Prospect Park."
523.0,Entire home/apt,4.25,4.0,2.0,2.0,2.0,4.0,False,2.0,2.0,4.0,"NOTES: High density of pharmacies, lack of green space, and minimal entertainment, landmarks, or cultural venues indicate a quiet residential or utilitarian area.
DESCRIPTION: This block is characterized by an above average number of pharmacies and a notable absence of parks, entertainment, or cultural landmarks."
183.81,Entire home/apt,4.76,4.0,2.0,1.0,1.0,33.0,False,1.0,1.0,2.0,"NOTES: High concentration of hotels and abundant parks and green space, with limited grocery stores; this is a tourist-oriented or commercial district.
DESCRIPTION: This block stands out for its high density of hotels and ample green space, though it features few grocery stores."
516.0,Entire home/apt,4.77,5.0,3.0,2.0,1.0,104.0,True,2.0,1.0,3.0,"NOTES: This area is a pharmacy-dense residential district with limited green space.
DESCRIPTION: This block stands out for its above average number of pharmacies and below average amount of parks and green space."
5841.0,Entire home/apt,5.0,16.0,21.0,15.0,6.0,2.0,True,15.0,6.0,21.0,"NOTES: High concentration of pharmacies and limited green space suggest a dense, urban commercial area.
DESCRIPTION: This block is characterized by an above average number of pharmacies and a lack of parks and green space."
80.63,Private room,4.63,2.0,1.0,4.0,1.5,104.0,False,4.0,1.5,5.5,"NOTES: Absence of parks and green space, limited nightlife; industrial or commercial area.
DESCRIPTION: This block is characterized by a lack of parks and green space and quiet nightlife activity."
155.0,Entire home/apt,4.88,2.0,1.0,1.0,1.0,74.0,False,1.0,1.0,2.0,"NOTES: Absence of hotels, parks, and green space, with limited access to grocery stores, pharmacies, and transit; area type is a quiet residential or industrial enclave.
DESCRIPTION: This block is a quiet area characterized by a lack of hotels, parks, and green space, alongside limited access to grocery stores, pharmacies, and transit."
70.21,Private room,5.0,2.0,1.0,1.0,1.0,3.0,True,1.0,1.0,2.0,"NOTES: Absence of hotels, museums, galleries, and transit, with limited green space and pharmacies; this is a quiet residential or industrial area.
DESCRIPTION: This block is a quiet area characterized by a lack of hotels, museums, galleries, and transit access, alongside limited green space and pharmacies."
110.57,Entire home/apt,4.56,2.0,1.0,1.0,1.0,25.0,False,1.0,1.0,2.0,"NOTES: Above average green space, quiet cafe and shop presence, and limited transit access suggest a residential enclave.
DESCRIPTION: This quiet residential area features abundant green space near Washington Square Park but offers limited access to shops, cafes, and transit."
326.88,Entire home/apt,5.0,6.0,4.0,3.0,2.0,11.0,False,3.0,2.0,5.0,"NOTES: High concentration of entertainment and green space with a lack of museums, galleries, grocery stores, and shops; this is a leisure-focused residential or recreational area.
DESCRIPTION: This block stands out for its high concentration of entertainment venues and parks, while lacking museums, galleries, grocery stores, and shops."
112.41,Entire home/apt,4.96,4.0,2.0,1.0,1.0,48.0,False,1.0,1.0,2.0,"NOTES: High density of pharmacies, lack of hotels, museums, galleries, entertainment, gyms, and shops; quiet residential or service-oriented area.
DESCRIPTION: This block is characterized by an abundance of pharmacies and a notable absence of hotels, museums, galleries, entertainment venues, gyms, and shops."
70.3,Private room,4.86,1.0,1.0,1.0,1.0,7.0,True,1.0,1.0,2.0,"NOTES: High density of pharmacies and lack of entertainment, sports, cultural, and retail amenities; residential-focused area.
DESCRIPTION: This block is characterized by an above average number of pharmacies and a quiet atmosphere due to the absence of entertainment, sports, cultural, and retail venues."
120.04,Entire home/apt,4.81,2.0,2.0,1.0,1.0,253.0,False,1.0,1.0,2.0,"NOTES: High density of pharmacies and absence of green space; commercial urban area.
DESCRIPTION: This block stands out for its high concentration of pharmacies and lack of nearby parks or green space."
130.0,Private room,5.0,2.0,1.0,1.0,1.0,17.0,False,1.0,1.0,2.0,"NOTES: This block is exceptionally quiet due to a lack of entertainment, cultural, commercial, and recreational amenities, indicating a purely residential or isolated area.

DESCRIPTION: This quiet block lacks entertainment, cultural, and commercial amenities, resulting in a residential environment with very limited access to daily services and leisure activities."
206.49,Entire home/apt,4.35,4.0,1.0,2.0,2.0,17.0,False,2.0,2.0,4.0,"NOTES: Abundant green space, notable landmarks, and accessible transit define this area as a quiet, park-adjacent residential enclave.
DESCRIPTION: This block stands out for its exceptional green space, landmarks, and transit access, while remaining a quiet area with few shops or entertainment venues near Washington Square Park and Central Park."
270.0,Hotel room,4.43,3.0,2.0,1.0,1.0,81.0,False,1.0,1.0,2.0,"NOTES: High concentration of hotels and green space with limited nightlife and grocery options; this is a tourist-oriented residential area.
DESCRIPTION: This block stands out for its abundance of hotels and parks, while offering fewer bars and grocery stores than a typical New York street."
162.06,Entire home/apt,5.0,4.0,1.0,1.0,1.0,1.0,True,1.0,1.0,2.0,"NOTES: High nightlife activity, lack of green space, transit, landmarks, museums, and shops; this is a nightlife-focused residential or industrial area.
DESCRIPTION: This block is defined by its above average nightlife, though it lacks nearby parks, transit, landmarks, museums, and shops."
211.65,Entire home/apt,5.0,2.0,1.0,1.0,1.0,2.0,False,1.0,1.0,2.0,"NOTES: Above average cafes, lack of transit, and sparse amenities suggest a quiet residential area.
DESCRIPTION: This block stands out for its high concentration of cafes and lack of nearby transit, pharmacies, grocery stores, and hotels."
134.6,Entire home/apt,4.91,2.0,1.0,1.0,1.0,11.0,True,1.0,1.0,2.0,"NOTES: The area features abundant parks and green space but lacks cafes, suggesting a quiet residential or institutional enclave.
DESCRIPTION: This block stands out for its above average parks and green space, including nearby Washington Square Park, while offering few cafes."
210.6,Entire home/apt,4.75,2.0,2.0,1.0,1.0,214.0,False,1.0,1.0,2.0,"NOTES: This block features above average green space and is quiet regarding landmarks, cafes, entertainment, and groceries, indicating a residential area.
DESCRIPTION: This residential block offers above average green space while remaining quiet in terms of landmarks, cafes, entertainment, and groceries. Nearby places include Washington Square Park and Riverside Park."
171.5,Entire home/apt,4.6,4.0,3.0,2.0,1.0,341.0,True,2.0,1.0,3.0,"NOTES: Above average green space and a lack of cafes, museums, galleries, entertainment, and nightlife indicate a quiet residential area.
DESCRIPTION: This block stands out for its above average green space and quiet atmosphere, as it lacks cafes, museums, galleries, entertainment venues, and nightlife."
220.0,Private room,4.95,2.0,2.0,1.0,1.0,244.0,True,1.0,1.0,2.0,"NOTES: Lacks parks, green space, gyms, sports, landmarks, sights, museums, and galleries; this is a quiet residential or industrial area.
DESCRIPTION: This block is characterized by a lack of parks, green space, gyms, sports, landmarks, sights, museums, and galleries."
230.0,Private room,4.56,4.0,2.0,1.0,1.0,9.0,True,1.0,1.0,2.0,"NOTES: High concentration of hotels, limited nightlife, and few grocery stores; this is a tourist-focused commercial area.
DESCRIPTION: This block stands out for its high concentration of hotels, while offering limited nightlife and few grocery stores."
216.57,Entire home/apt,4.81,3.0,1.0,1.0,1.0,16.0,False,1.0,1.0,2.0,"NOTES: High concentration of hotels, quiet on gyms and transit; area type is a tourist-focused cultural district.
DESCRIPTION: This block stands out for its high concentration of hotels and relative quiet regarding gyms and transit, located near The Metropolitan Museum of Art."
625.65,Entire home/apt,5.0,6.0,3.0,3.0,3.0,2.0,False,3.0,3.0,6.0,"NOTES: Above average subway and transit access, below average hotels and pharmacies; area type is a transit-oriented residential or commuter hub.
DESCRIPTION: This block features above average subway and transit access but remains quiet with below average numbers of hotels and pharmacies."
314.0,Private room,5.0,2.0,3.0,3.0,2.0,93.0,False,3.0,2.0,5.0,"NOTES: High density of hotels and pharmacies with limited subway and transit access; this area is a tourist-oriented commercial hub.
DESCRIPTION: This block stands out for its high concentration of hotels and pharmacies, though it features below average access to subway and transit."
89.5,Entire home/apt,4.63,4.0,2.0,1.0,1.0,51.0,False,1.0,1.0,2.0,"NOTES: Lack of hotels, museums, galleries, parks, cafes, entertainment, and gyms indicates a quiet residential area.
DESCRIPTION: This block is a quiet residential area characterized by a notable absence of hotels, museums, galleries, parks, cafes, entertainment venues, and gyms."
199.48,Entire home/apt,4.85,4.0,2.0,1.0,1.0,48.0,False,1.0,1.0,2.0,"NOTES: High density of grocery stores and pharmacies, absence of landmarks, parks, and entertainment; residential convenience area.
DESCRIPTION: This block functions as a residential convenience area characterized by an abundance of grocery stores and pharmacies. It lacks nearby landmarks, green spaces, and entertainment options."
163.71,Entire home/apt,4.87,4.0,3.0,1.0,1.0,30.0,False,1.0,1.0,2.0,"NOTES: This block features an above average number of hotels, parks and green space, and pharmacies, suggesting a tourist-friendly and amenity-rich area.
DESCRIPTION: This area stands out for its high concentration of hotels, parks and green space, and pharmacies."
206.78,Entire home/apt,4.88,2.0,2.0,1.0,1.0,97.0,True,1.0,1.0,2.0,"NOTES: Abundant green space and superior transit access contrast with a scarcity of grocery stores, pharmacies, and shops, suggesting a quiet residential area near Brooklyn Bridge.
DESCRIPTION: This block features far more parks and green space and above average transit access compared to a typical New York block, though it remains quiet due to a lack of grocery stores, pharmacies, and shops near Brooklyn Bridge."
133.93,Entire home/apt,4.75,4.0,2.0,2.0,1.0,8.0,False,2.0,1.0,3.0,"NOTES: Above average transit access with a lack of hotels, parks, and grocery stores indicates a transit-oriented commercial or industrial area.
DESCRIPTION: This block features above average transit access but lacks hotels, parks, and grocery stores."
169.58,Entire home/apt,5.0,2.0,1.0,1.0,1.0,6.0,False,1.0,1.0,2.0,"NOTES: Abundant green space and pharmacies, scarce cafes, shops, and transit access; residential enclave.
DESCRIPTION: This residential enclave features above average parks and green space near Washington Square Park, though it remains quiet due to a lack of cafes, shops, and transit access."
217.0,Entire home/apt,4.7,2.0,1.0,1.0,1.0,258.0,True,1.0,1.0,2.0,"NOTES: No subway or transit access; isolated residential area.
DESCRIPTION: This block is an isolated residential area characterized by a complete lack of nearby subway or transit access."
136.13,Entire home/apt,5.0,2.0,3.0,2.0,1.0,10.0,True,2.0,1.0,3.0,"NOTES: Lack of parks and green space; industrial or dense urban area.
DESCRIPTION: This block is distinguished by a complete absence of parks and green space in the immediate vicinity."
189.43,Entire home/apt,4.44,7.0,4.0,2.0,1.0,80.0,False,2.0,1.0,3.0,"NOTES: Quiet residential area with limited pharmacies, entertainment venues, hotels, and green space.
DESCRIPTION: This block is a quiet residential area characterized by a lack of pharmacies, entertainment venues, hotels, and parks."
160.03,Entire home/apt,5.0,5.0,3.0,3.0,1.5,1.0,True,3.0,1.5,4.5,"NOTES: Lacks parks, green space, and landmarks; industrial or dense urban area.
DESCRIPTION: This block stands out for its lack of parks, green space, and landmarks."
354.0,Entire home/apt,4.73,4.0,2.0,1.0,1.0,37.0,False,1.0,1.0,2.0,"NOTES: Quiet regarding pharmacies; residential area.
DESCRIPTION: This block is a quiet residential area with fewer pharmacies than a typical New York block."
99.38,Entire home/apt,4.0,2.0,2.0,1.0,1.0,8.0,False,1.0,1.0,2.0,"NOTES: Above average cafes and green space, below average nightlife, transit, and services; residential or quiet neighborhood.
DESCRIPTION: This block features an abundance of cafes and green space but lacks nightlife, transit options, and essential services."
371.0,Private room,4.88,2.0,2.0,1.0,1.0,60.0,False,1.0,1.0,2.0,"NOTES: Above average subway and transit access; no hotels, parks, green space, landmarks, or shops; quiet residential or industrial area.
DESCRIPTION: This block features above average subway and transit access but lacks hotels, parks, green space, landmarks, and shops."
110.27,Entire home/apt,4.38,4.0,2.0,1.0,1.0,13.0,False,1.0,1.0,2.0,"NOTES: High density of grocery stores and pharmacies, but lacks transit, entertainment, landmarks, and green space; residential service area.
DESCRIPTION: This block functions as a residential service area characterized by an above average concentration of grocery stores and pharmacies alongside a notable absence of entertainment, transit, and landmark options."
120.87,Entire home/apt,4.42,3.0,1.0,1.0,1.0,83.0,False,1.0,1.0,2.0,"NOTES: High density of grocery stores and pharmacies, absence of parks, and limited nightlife, cafes, and fitness options; this is a quiet residential service area.
DESCRIPTION: This block is a quiet residential service area defined by its high density of grocery stores and pharmacies alongside a notable lack of parks, nightlife, and fitness facilities."
209.23,Entire home/apt,5.0,4.0,3.0,2.0,2.0,1.0,False,2.0,2.0,4.0,"NOTES: Sparse greenery, pharmacies, and shops; this is a quiet residential area.
DESCRIPTION: This quiet residential block stands out for its lack of parks, green space, pharmacies, and shops."
174.78,Entire home/apt,4.42,2.0,1.0,1.0,1.0,95.0,False,1.0,1.0,2.0,"NOTES: High concentration of museums, galleries, and pharmacies with limited nightlife and shopping; this is a quiet cultural area.
DESCRIPTION: This quiet cultural area near Central Park features an abundance of museums, galleries, and pharmacies but lacks typical nightlife and shops."
278.23,Entire home/apt,5.0,2.0,1.0,1.0,1.5,1.0,False,1.0,1.5,2.5,"NOTES: The block lacks parks, green space, pharmacies, hotels, and shops, indicating a quiet residential or industrial area.
DESCRIPTION: This block is characterized by a lack of parks, green space, pharmacies, hotels, and shops."
319.0,Private room,4.5,3.0,2.0,1.0,1.0,16.0,True,1.0,1.0,2.0,"NOTES: High concentration of hotels and transit access with minimal nightlife and grocery options; this is a tourist-oriented commercial area.
DESCRIPTION: This block features an abundance of hotels and transit options but remains quiet due to a lack of bars, nightlife, and grocery stores."
203.23,Entire home/apt,4.5,4.0,1.0,1.0,1.0,8.0,False,1.0,1.0,2.0,"NOTES: This area is a quiet residential or industrial zone characterized by a lack of transit, amenities, landmarks, and nightlife.

DESCRIPTION: This block is a quiet area defined by a notable absence of transit, entertainment, and essential services."
83.71,Entire home/apt,4.97,2.0,1.0,1.0,1.0,30.0,False,1.0,1.0,2.0,"NOTES: Above average grocery stores, lack of hotels, parks, entertainment, gyms, nightlife, and landmarks; residential-focused area.
DESCRIPTION: This block stands out for its high concentration of grocery stores and lack of hotels, parks, entertainment, gyms, nightlife, and landmarks."
774.33,Shared room,4.88,6.0,6.0,3.0,2.0,67.0,True,3.0,2.0,5.0,"NOTES: High concentration of grocery stores and lack of nearby subway or transit suggest a residential, car-dependent area.
DESCRIPTION: This block stands out for its high density of grocery stores and complete absence of nearby subway or transit options."
88.5,Entire home/apt,5.0,2.0,1.0,1.0,1.0,2.0,False,1.0,1.0,2.0,"NOTES: Above average grocery stores, lack of cafes, and quiet nightlife, parks, and transit suggest a residential neighborhood.
DESCRIPTION: This residential block stands out for its high concentration of grocery stores while remaining quiet due to a lack of cafes, nightlife, parks, and transit access."
398.23,Entire home/apt,4.87,9.0,6.0,4.0,2.5,31.0,True,4.0,2.5,6.5,"NOTES: This block lacks museums, galleries, pharmacies, and transit access, while offering minimal grocery, hotel, and park options, indicating a quiet residential or industrial area.
DESCRIPTION: This quiet area stands out for its lack of museums, galleries, pharmacies, and transit access, alongside limited grocery, hotel, and green space options."
184.69,Entire home/apt,5.0,5.0,1.0,3.0,2.0,17.0,True,3.0,2.0,5.0,"NOTES: Lacks hotels, museums, galleries, cafes, landmarks, nightlife, and green space; this is a quiet residential or industrial area.
DESCRIPTION: This block is a quiet area that lacks hotels, museums, galleries, cafes, landmarks, nightlife, and green space."
209.0,Private room,4.27,2.0,1.0,1.0,1.0,15.0,False,1.0,1.0,2.0,"NOTES: High concentration of hotels, parks, and transit with limited nightlife, entertainment, and grocery options; this area is a quiet, transit-oriented tourist or business hub.
DESCRIPTION: This block features an abundance of hotels, green spaces, and transit access, while remaining notably quiet due to a lack of nightlife, entertainment, and grocery stores."
161.53,Entire home/apt,4.94,3.0,2.0,1.0,1.0,372.0,False,1.0,1.0,2.0,"NOTES: Lacks transit, nightlife, dining, grocery stores, and pharmacies; this is a quiet residential area.
DESCRIPTION: This quiet residential block is characterized by a lack of nearby transit, nightlife, dining, grocery stores, and pharmacies."
174.9,Entire home/apt,5.0,6.0,3.0,3.0,2.0,6.0,True,3.0,2.0,5.0,"NOTES: Lacks landmarks, parks, groceries, pharmacies, museums, and transit; isolated residential area.
DESCRIPTION: This block is characterized by a lack of nearby landmarks, parks, and cultural institutions, while also offering very limited access to grocery stores, pharmacies, and public transit."
129.05,Entire home/apt,4.97,2.0,1.0,1.0,1.0,93.0,False,1.0,1.0,2.0,"NOTES: Few pharmacies; quiet area.
DESCRIPTION: This block is a quiet area characterized by a below average number of pharmacies."
200.96,Entire home/apt,4.9,2.0,1.0,1.0,1.0,10.0,False,1.0,1.0,2.0,"NOTES: Lack of landmarks, green space, transit, cafes, hotels, and pharmacies; isolated area.
DESCRIPTION: This isolated block stands out due to the absence of landmarks, parks, transit, cafes, hotels, and pharmacies."
55.8,Private room,4.91,1.0,1.0,1.0,1.0,11.0,False,1.0,1.0,2.0,"NOTES: Quiet area due to a lack of entertainment, grocery stores, hotels, and pharmacies.
DESCRIPTION: This block is a quiet area characterized by a lack of entertainment venues, grocery stores, hotels, and pharmacies."
77.43,Private room,4.8,2.0,1.0,2.0,1.0,56.0,False,2.0,1.0,3.0,"NOTES: High density of pharmacies, quiet nightlife, and few hotels or museums; this is a residential area.
DESCRIPTION: This residential block is characterized by an above average number of pharmacies and a quiet atmosphere lacking in nightlife, hotels, and museums."
72.68,Entire home/apt,5.0,1.0,1.0,1.0,1.0,1.0,True,1.0,1.0,2.0,"NOTES: High concentration of hotels and landmarks; sparse grocery, pharmacy, dining, and nightlife options; tourist-oriented area.
DESCRIPTION: This block stands out for its high concentration of hotels and landmarks while offering significantly fewer dining, nightlife, grocery, and pharmacy options than a typical New York block."
235.73,Entire home/apt,4.95,6.0,2.0,2.0,2.0,66.0,True,2.0,2.0,4.0,"NOTES: Lack of parks and green space; industrial or dense urban area.
DESCRIPTION: This block stands out for its complete lack of nearby parks and green space, suggesting a dense urban environment."
116.87,Entire home/apt,5.0,3.0,1.0,1.0,1.0,11.0,True,1.0,1.0,2.0,"NOTES: Absence of hotels, parks, cafes, museums, and nightlife indicates a quiet residential or industrial area.
DESCRIPTION: This block is characterized by a lack of hotels, parks, cafes, museums, and nightlife, suggesting a quiet area."
362.68,Entire home/apt,5.0,6.0,3.0,3.0,1.0,25.0,True,3.0,1.0,4.0,"NOTES: Above average transit access and quiet entertainment and pharmacy options suggest a residential transit hub.
DESCRIPTION: This block features above average transit access while remaining quiet due to a lack of entertainment venues and pharmacies."
136.84,Entire home/apt,4.56,2.0,1.0,1.0,1.0,105.0,True,1.0,1.0,2.0,"NOTES: Few pharmacies; quiet area.
DESCRIPTION: This block is a quiet area characterized by a below average number of pharmacies."
155.37,Entire home/apt,5.0,1.0,1.0,1.0,1.0,2.0,False,1.0,1.0,2.0,"NOTES: This area is a quiet residential enclave characterized by abundant parks and green space, a lack of nearby subway and transit options, and limited access to pharmacies.
DESCRIPTION: This block stands out for its above average greenery and quiet atmosphere, lacking both nearby transit access and pharmacies."
192.67,Entire home/apt,4.71,5.0,4.0,3.0,2.0,34.0,True,3.0,2.0,5.0,"NOTES: Few hotels, museums, galleries, or shops; quiet residential area.
DESCRIPTION: This block is a quiet area characterized by a below average presence of hotels, museums, galleries, and shops."
81.49,Entire home/apt,4.8,3.0,1.0,1.0,1.0,5.0,False,1.0,1.0,2.0,"NOTES: High concentration of pharmacies, lack of transit, and scarcity of nightlife, dining, and recreation; residential enclave.
DESCRIPTION: This block is distinguished by its high concentration of pharmacies and a notable absence of transit, nightlife, cafes, and recreational amenities."
139.38,Entire home/apt,4.75,3.0,3.0,2.0,1.0,99.0,False,2.0,1.0,3.0,"NOTES: This block is quiet due to a lack of dining, nightlife, cafes, landmarks, museums, and green space, suggesting a purely residential area.
DESCRIPTION: This quiet residential block stands out for its lack of dining, nightlife, cafes, landmarks, museums, and green space."
300.33,Entire home/apt,5.0,6.0,1.0,3.0,1.0,1.0,False,3.0,1.0,4.0,"NOTES: Above average green space, below average grocery stores, shops, and transit; this is a quiet residential area.
DESCRIPTION: This block is a quiet residential area characterized by abundant parks and green space, though it lacks convenient access to grocery stores, shops, and transit."
251.5,Private room,4.77,5.0,4.0,2.0,1.0,339.0,False,2.0,1.0,3.0,"NOTES: Absence of hotels, parks, and green space, with limited gyms and sports facilities; this is a quiet, purely residential or commercial area.
DESCRIPTION: This block is characterized by a lack of hotels, parks, and green space, alongside limited options for gyms and sports."
255.06,Private room,4.87,2.0,2.0,2.0,1.0,238.0,True,2.0,1.0,3.0,"NOTES: Lack of cultural, social, and commercial amenities indicates a quiet residential area.
DESCRIPTION: This block is a quiet residential area characterized by a notable absence of museums, galleries, entertainment, and retail options."
188.87,Private room,5.0,2.0,1.0,1.0,1.5,33.0,True,1.0,1.5,2.5,"NOTES: Below average parks and green space; sparse urban area.
DESCRIPTION: This block stands out for having below average parks and green space."
170.93,Entire home/apt,4.83,4.0,2.0,2.0,1.0,6.0,False,2.0,1.0,3.0,"NOTES: Lacks transit, landmarks, hotels, and essential services; this is a quiet residential area.
DESCRIPTION: This block is a quiet residential area that stands out for its lack of transit, landmarks, hotels, and essential services."
138.27,Entire home/apt,4.69,2.0,2.0,1.0,1.0,13.0,False,1.0,1.0,2.0,"NOTES: The absence of hotels, museums, galleries, and transit, combined with a scarcity of pharmacies and landmarks, indicates a quiet residential area.
DESCRIPTION: This quiet residential block stands out due to the lack of hotels, museums, galleries, and transit, as well as a scarcity of pharmacies and landmarks."
193.0,Private room,4.97,2.0,2.0,2.0,1.5,33.0,False,2.0,1.5,3.5,"NOTES: Limited greenery and few pharmacies characterize this quiet residential area.
DESCRIPTION: This block stands out for its quiet atmosphere due to a below average presence of parks and pharmacies."
95.67,Entire home/apt,4.49,4.0,2.0,2.0,1.0,116.0,False,2.0,1.0,3.0,"NOTES: Lacks parks, green space, landmarks, and shops; industrial or desolate area type.
DESCRIPTION: This block stands out for its lack of parks, green space, landmarks, and shops."
105.65,Private room,3.5,2.0,1.0,1.0,1.0,2.0,False,1.0,1.0,2.0,"NOTES: Absence of hotels and limited presence of cafes, gyms, sports, and pharmacies indicate a quiet residential area.
DESCRIPTION: This block is a quiet residential area characterized by a lack of hotels and limited access to cafes, gyms, sports, and pharmacies."
217.92,Entire home/apt,5.0,3.0,3.0,2.0,2.0,12.0,True,2.0,2.0,4.0,"NOTES: Lacks pharmacies, grocery stores, and green space; this is an underserviced residential or industrial area.
DESCRIPTION: This block stands out for its lack of pharmacies, limited grocery stores, and minimal green space."
400.04,Entire home/apt,4.89,7.0,5.0,3.0,2.5,28.0,True,3.0,2.5,5.5,"NOTES: Grocery stores are above average, while dining, gyms, sports, and transit are quiet; this is a residential neighborhood.
DESCRIPTION: This residential block features an above average number of grocery stores but remains quiet regarding dining, gyms, sports, and transit options."
175.17,Entire home/apt,5.0,2.0,1.0,1.0,1.0,3.0,False,1.0,1.0,2.0,"NOTES: High concentration of pharmacies, lack of parks, and quiet entertainment and cultural scene; residential or service-oriented area.
DESCRIPTION: This block is characterized by an above average number of pharmacies and a notable absence of parks, entertainment venues, and museums."
141.67,Entire home/apt,4.88,3.0,2.0,1.0,1.0,169.0,True,1.0,1.0,2.0,"NOTES: Lacks museums, galleries, parks, transit, entertainment, landmarks, gyms, and hotels; this is a quiet residential or industrial area.
DESCRIPTION: This block is a quiet area that stands out for its lack of museums, galleries, parks, transit, entertainment, landmarks, gyms, and hotels."
226.4,Entire home/apt,4.92,5.0,2.0,2.0,1.0,38.0,False,2.0,1.0,3.0,"NOTES: High density of pharmacies, lack of entertainment, nightlife, gyms, museums, and landmarks; quiet residential area.
DESCRIPTION: This block is a quiet residential area characterized by an unusually high number of pharmacies and a complete absence of entertainment, nightlife, fitness facilities, and cultural landmarks."
85.6,Entire home/apt,4.85,3.0,4.0,1.0,1.0,46.0,True,1.0,1.0,2.0,"NOTES: This block has an above average number of pharmacies and lacks bars, nightlife, entertainment, gyms, sports, hotels, landmarks, and parks, indicating a quiet residential or utilitarian area.
DESCRIPTION: This block is characterized by an above average number of pharmacies and a complete absence of nightlife, entertainment, fitness facilities, hotels, and public green spaces."
178.93,Entire home/apt,4.51,7.0,4.0,2.0,1.0,74.0,False,2.0,1.0,3.0,"NOTES: This area is a quiet residential or industrial zone characterized by a lack of parks, pharmacies, dining, and entertainment.
DESCRIPTION: This block is a quiet area defined by a lack of parks, pharmacies, dining, and entertainment venues."
577.06,Entire home/apt,4.59,6.0,4.0,4.0,1.0,58.0,False,4.0,1.0,5.0,"NOTES: Absence of hotels and limited presence of cafes, gyms, sports, and pharmacies indicate a quiet residential area.
DESCRIPTION: This block is a quiet residential area characterized by a lack of hotels and limited access to cafes, gyms, sports, and pharmacies."
338.53,Entire home/apt,5.0,5.0,4.0,3.0,2.0,2.0,False,3.0,2.0,5.0,"NOTES: High density of pharmacies and a lack of entertainment, landmarks, and hotels suggest a quiet residential or utilitarian area.
DESCRIPTION: This block is characterized by a high concentration of pharmacies and a notable absence of entertainment venues, landmarks, and hotels."
454.0,Entire home/apt,4.96,4.0,3.0,1.0,1.0,68.0,True,1.0,1.0,2.0,"NOTES: Absence of hotels and limited access to grocery stores, gyms, sports, and pharmacies indicate a quiet residential area.
DESCRIPTION: This quiet residential area stands out for its lack of hotels and limited access to grocery stores, gyms, sports, and pharmacies."
114.49,Entire home/apt,5.0,1.0,1.0,1.0,1.0,1.0,False,1.0,1.0,2.0,"NOTES: This block features above average green space but lacks nearby transit, nightlife, and pharmacies, indicating a quiet residential area near Prospect Park.
DESCRIPTION: Located near Prospect Park, this quiet residential block stands out for its abundant green space and lack of nearby transit, nightlife, and pharmacies."
431.84,Entire home/apt,4.55,4.0,2.0,2.0,1.0,55.0,False,2.0,1.0,3.0,"NOTES: High grocery availability, lack of transit, and quiet dining and fitness options indicate a residential suburban-style area.
DESCRIPTION: This block is characterized by an above average number of grocery stores and a lack of nearby transit, dining, and gym facilities."
335.73,Private room,5.0,4.0,2.0,1.0,1.0,38.0,False,1.0,1.0,2.0,"NOTES: Quiet residential area with limited transit access, few pharmacies, and minimal cultural or tourist infrastructure.
DESCRIPTION: This quiet block stands out for its lack of hotels, limited transit access, and scarcity of pharmacies, museums, and galleries."
165.5,Entire home/apt,4.85,2.0,2.0,1.0,1.0,381.0,True,1.0,1.0,2.0,"NOTES: Limited dining, shopping, and transit options characterize this quiet residential area.
DESCRIPTION: This quiet block stands out for its below average dining, shops, and subway and transit access."
479.29,Entire home/apt,5.0,4.0,2.0,2.0,1.0,1.0,False,2.0,1.0,3.0,"NOTES: Lacks pharmacies, grocery stores, and green space, indicating a sparse residential or industrial area.
DESCRIPTION: This block is characterized by a lack of pharmacies, grocery stores, and green space."
348.84,Entire home/apt,5.0,3.0,2.0,1.0,2.0,6.0,True,1.0,2.0,3.0,"NOTES: The block is quiet due to a scarcity of pharmacies, entertainment venues, and grocery stores, indicating a residential area.
DESCRIPTION: This quiet block is characterized by a lack of pharmacies, entertainment venues, and grocery stores."
283.5,Private room,4.8,2.0,2.0,2.0,1.0,50.0,True,2.0,1.0,3.0,"NOTES: High density of grocery stores and pharmacies, absence of transit, entertainment, and green space; residential neighborhood.
DESCRIPTION: This block stands out for its high density of grocery stores and pharmacies while lacking transit, entertainment, and green space."
235.79,Private room,4.92,2.0,2.0,2.0,1.0,273.0,False,2.0,1.0,3.0,"NOTES: High density of pharmacies, absence of hotels and parks, and limited access to gyms and grocery stores; this is a quiet, residential-leaning area.
DESCRIPTION: This block is characterized by a high concentration of pharmacies and a complete lack of hotels and green spaces. Residents also experience limited access to grocery stores and fitness facilities."
146.75,Entire home/apt,4.64,3.0,2.0,2.0,1.0,89.0,False,2.0,1.0,3.0,"NOTES: Lacks hotels, transit, cafes, museums, galleries, parks, and shops; quiet residential area.
DESCRIPTION: This block is a quiet residential area that stands out for its lack of hotels, transit, cafes, museums, galleries, parks, and shops."
126.1,Entire home/apt,4.84,5.0,3.0,2.0,1.0,31.0,False,2.0,1.0,3.0,"NOTES: This area is a quiet residential or industrial enclave characterized by a lack of commercial amenities, transit access, and public landmarks.
DESCRIPTION: This block is a quiet area defined by a notable absence of cafes, pharmacies, hotels, and transit options."
470.13,Entire home/apt,5.0,1.0,1.0,1.0,1.0,2.0,False,1.0,1.0,2.0,"NOTES: High concentration of landmarks and sights with a scarcity of daily amenities and nightlife; this is a tourist-oriented or historic district.
DESCRIPTION: This block stands out for having an above average number of landmarks and sights while remaining quiet due to a lack of grocery stores, pharmacies, bars, nightlife, gyms, and sports facilities."
133.3,Entire home/apt,5.0,2.0,1.0,1.0,1.0,4.0,False,1.0,1.0,2.0,"NOTES: High concentration of grocery stores with a lack of entertainment, fitness, nightlife, dining, and transit options; this is a quiet residential area.
DESCRIPTION: This block stands out for its high concentration of grocery stores while lacking entertainment, nightlife, cafes, parks, and convenient transit options."
127.78,Entire home/apt,4.87,3.0,3.0,1.0,1.0,126.0,False,1.0,1.0,2.0,"NOTES: High concentration of hotels; lacks landmarks, dining, entertainment, nightlife, cafes, groceries, gyms, and parks; quiet hotel district.
DESCRIPTION: This block is a quiet hotel district that stands out for its high concentration of hotels while lacking landmarks, dining, entertainment, nightlife, cafes, groceries, gyms, and parks."
56.33,Private room,5.0,2.0,1.0,1.0,1.0,2.0,False,1.0,1.0,2.0,"NOTES: Lacks parks, landmarks, dining, and pharmacies; this is a quiet, residential or industrial area.
DESCRIPTION: This block is a quiet area characterized by a lack of parks, landmarks, dining options, and pharmacies."
79.49,Private room,4.98,2.0,1.0,1.0,1.0,61.0,False,1.0,1.0,2.0,"NOTES: Lacks hotels, pharmacies, dining, gyms, landmarks, parks, and shops; this is a quiet residential or industrial area.
DESCRIPTION: This block is a quiet area characterized by a lack of hotels, pharmacies, dining, gyms, landmarks, parks, and shops."
103.61,Entire home/apt,4.84,2.0,1.0,5.0,1.0,420.0,False,5.0,1.0,6.0,"NOTES: Quiet area with minimal commercial activity.
DESCRIPTION: This block is characterized by a quiet atmosphere with fewer bars, cafes, dining options, and shops than a typical New York block."
109.4,Entire home/apt,4.14,6.0,3.0,2.0,1.0,93.0,False,2.0,1.0,3.0,"NOTES: High concentration of pharmacies, lack of cultural landmarks, green spaces, and nightlife; residential or utilitarian area.
DESCRIPTION: This block stands out for its high concentration of pharmacies and lack of cultural landmarks, green spaces, and nightlife."
419.64,Entire home/apt,5.0,4.0,2.0,2.0,2.0,1.0,True,2.0,2.0,4.0,"NOTES: High concentration of museums & galleries, lack of hotels, and limited access to essential services and transit; this is a quiet, culture-focused area.
DESCRIPTION: This block stands out for its high concentration of museums & galleries while offering a quiet atmosphere due to the absence of hotels and limited access to dining, transit, and daily necessities."
143.8,Entire home/apt,5.0,4.0,2.0,2.0,2.0,2.0,False,2.0,2.0,4.0,"NOTES: Absence of hotels, parks, pharmacies, and limited shops, gyms, and landmarks indicate a quiet residential or industrial area.
DESCRIPTION: This block is a quiet area characterized by a lack of hotels, parks, and pharmacies, alongside limited access to shops, gyms, and landmarks."
108.33,Entire home/apt,4.79,3.0,2.0,1.0,1.0,104.0,True,1.0,1.0,2.0,"NOTES: Absence of hotels, limited cafes, and sparse gyms suggest a quiet residential area.
DESCRIPTION: This block is a quiet residential area characterized by a lack of hotels and limited options for cafes and gyms."
383.47,Entire home/apt,4.93,6.0,4.0,3.0,1.0,109.0,False,3.0,1.0,4.0,"NOTES: This area is a quiet residential or peripheral zone characterized by a lack of commercial amenities, transit access, and tourist attractions.
DESCRIPTION: This block stands out as a quiet area with limited access to entertainment, grocery stores, hotels, landmarks, and subway transit."
99.08,Private room,4.79,1.0,1.0,1.0,1.0,136.0,False,1.0,1.0,2.0,"NOTES: The area is a quiet residential or industrial zone lacking hotels, landmarks, pharmacies, and green space.
DESCRIPTION: This block is a quiet area that lacks hotels, landmarks, pharmacies, and significant green space."
103.24,Entire home/apt,5.0,2.0,1.0,1.0,1.0,2.0,True,1.0,1.0,2.0,"NOTES: Lacks entertainment, hotels, landmarks, museums, bars, grocery stores, gyms, and parks; this is a quiet residential area.
DESCRIPTION: This quiet residential area stands out for its lack of entertainment, hotels, landmarks, museums, bars, grocery stores, gyms, and parks."
80.7,Entire home/apt,4.14,4.0,1.0,1.0,1.0,7.0,False,1.0,1.0,2.0,"NOTES: Lacks pharmacies, transit, cafes, and dining; this is a remote residential area.
DESCRIPTION: This block is a remote residential area characterized by a lack of pharmacies, transit, cafes, and dining."
192.57,Entire home/apt,5.0,4.0,2.0,2.0,2.0,1.0,True,2.0,2.0,4.0,"NOTES: Lacks hotels, parks, nightlife, cafes, entertainment, gyms, museums, and transit; this is a quiet residential or industrial area.
DESCRIPTION: This block is characterized by a lack of commercial, recreational, and transit amenities, resulting in a quiet environment."
156.37,Entire home/apt,4.88,4.0,2.0,1.0,1.0,24.0,True,1.0,1.0,2.0,"NOTES: High density of pharmacies, absence of hotels, and limited access to gyms, entertainment, grocery stores, and green space; residential service-focused area.
DESCRIPTION: This block is characterized by a high concentration of pharmacies and a lack of hotels, while offering limited options for gyms, entertainment, grocery stores, and parks."
212.43,Entire home/apt,4.33,4.0,1.0,2.0,1.0,9.0,False,2.0,1.0,3.0,"NOTES: Lack of hotels, entertainment, groceries, gyms, pharmacies, and transit indicates a quiet residential area.
DESCRIPTION: This block is a quiet residential area characterized by a notable absence of hotels, entertainment venues, grocery stores, gyms, pharmacies, and transit options."
314.0,Entire home/apt,4.88,5.0,3.0,2.0,1.0,332.0,True,2.0,1.0,3.0,"NOTES: Quiet dining and shopping; residential area.
DESCRIPTION: This block is characterized by a quiet atmosphere due to its below average dining and shopping options."
207.08,Entire home/apt,5.0,2.0,1.0,1.0,1.0,7.0,False,1.0,1.0,2.0,"NOTES: Abundant green space and landmarks with a complete lack of transit, dining, and nightlife characterize this quiet residential enclave.
DESCRIPTION: This block stands out for its exceptional amount of parks and landmarks, while offering a quiet atmosphere devoid of transit, dining, and nightlife options."
118.5,Private room,4.93,2.0,1.0,1.0,1.0,15.0,True,1.0,1.0,2.0,"NOTES: High density of grocery stores and green space, lack of nightlife, entertainment, and cultural venues; residential neighborhood.
DESCRIPTION: This block is defined by its abundance of grocery stores and parks, while remaining quiet due to a lack of nightlife, entertainment, and cultural venues."
235.2,Entire home/apt,4.86,4.0,3.0,1.0,1.0,77.0,False,1.0,1.0,2.0,"NOTES: Lacks parks, green space, pharmacies, and gyms, indicating an industrial or commercial area.
DESCRIPTION: This block is characterized by a lack of parks, green space, pharmacies, and gyms."
126.45,Entire home/apt,4.78,2.0,1.0,1.0,1.0,64.0,True,1.0,1.0,2.0,"NOTES: Quiet residential area with a lack of hotels, entertainment, cafes, shops, and transit access.
DESCRIPTION: This quiet residential block stands out for its lack of hotels, entertainment venues, cafes, shops, and transit access."
505.0,Entire home/apt,4.95,4.0,2.0,2.0,1.0,83.0,True,2.0,1.0,3.0,"NOTES: Absence of parks, limited transit, and sparse commercial amenities indicate a quiet residential area.
DESCRIPTION: This block is a quiet residential area characterized by a lack of parks and limited access to transit, shops, and cafes."
287.61,Entire home/apt,4.91,2.0,2.0,1.0,1.0,79.0,False,1.0,1.0,2.0,"NOTES: This block is quiet due to a lack of entertainment, groceries, hotels, landmarks, pharmacies, and transit options, suggesting a residential or secluded area.
DESCRIPTION: This block is quiet as it lacks entertainment venues, grocery stores, hotels, landmarks, pharmacies, and subway or transit access."
330.94,Entire home/apt,4.63,10.0,3.0,3.0,1.0,67.0,False,3.0,1.0,4.0,"NOTES: Lacks transit, groceries, gyms, and shops; this is a quiet residential area.
DESCRIPTION: This quiet residential area lacks nearby transit, grocery stores, gyms, and shops, though it is near The Metropolitan Museum of Art."
138.33,Entire home/apt,4.88,5.0,3.0,2.0,1.0,8.0,True,2.0,1.0,3.0,"NOTES: High concentration of hotels; quiet area with limited dining, nightlife, cafes, pharmacies, and landmarks.
DESCRIPTION: This block stands out for its above average number of hotels while remaining quiet due to a lack of dining, nightlife, cafes, pharmacies, and landmarks."
134.38,Entire home/apt,4.59,6.0,4.0,2.0,1.0,100.0,False,2.0,1.0,3.0,"NOTES: Lacks museums, galleries, shops, hotels, and sports facilities; quiet residential area.
DESCRIPTION: This quiet residential area stands out for its lack of museums, galleries, shops, hotels, and sports facilities."
343.0,Private room,5.0,2.0,1.0,1.0,1.0,12.0,True,1.0,1.0,2.0,"NOTES: Lacks parks, pharmacies, gyms, hotels, and shops, indicating a quiet residential or industrial area.
DESCRIPTION: This block is characterized by a quiet atmosphere due to the absence of parks, pharmacies, gyms, hotels, and shops."
203.12,Private room,4.96,4.0,2.0,2.0,1.0,24.0,False,2.0,1.0,3.0,"NOTES: Lack of cultural institutions, dining, fitness, entertainment, and green space indicates a quiet residential or industrial area.
DESCRIPTION: This block is a quiet area characterized by a notable absence of museums, galleries, cafes, gyms, landmarks, and nightlife."
130.44,Entire home/apt,4.89,4.0,3.0,2.0,1.0,124.0,True,2.0,1.0,3.0,"NOTES: Above average transit access with limited retail, pharmacies, and green space; this is a transit-oriented residential or commuter area.
DESCRIPTION: This block features above average transit access but lacks the typical density of pharmacies, grocery stores, hotels, shops, and green space found in other New York neighborhoods."
387.2,Entire home/apt,5.0,4.0,1.0,1.0,1.0,4.0,False,1.0,1.0,2.0,"NOTES: Abundant green space and superior transit access define this quiet residential area, which lacks typical urban amenities like retail, nightlife, and pharmacies.
DESCRIPTION: This quiet residential area near Brooklyn Bridge features extensive parks and excellent transit access but offers very few shops, grocery stores, bars, or pharmacies."
123.85,Entire home/apt,4.57,3.0,1.0,1.0,1.0,136.0,True,1.0,1.0,2.0,"NOTES: The block is quiet due to a lack of dining, pharmacies, and shops, indicating a residential area.
DESCRIPTION: This quiet block stands out for its lack of dining, pharmacies, and shops."
267.33,Entire home/apt,4.54,2.0,1.0,1.0,1.0,229.0,True,1.0,1.0,2.0,"NOTES: The block lacks hotels and green space, suggesting a quiet residential or industrial area.
DESCRIPTION: This block stands out for its lack of nearby hotels and green space."
167.65,Entire home/apt,4.79,8.0,4.0,3.0,1.0,149.0,False,3.0,1.0,4.0,"NOTES: Above average green space, lack of transit, and quiet nightlife and pharmacy access indicate a residential suburban-style area near Prospect Park.
DESCRIPTION: This block is characterized by its abundant green space and quiet atmosphere near Prospect Park, lacking nearby subway transit, bars, and pharmacies."
268.18,Entire home/apt,4.92,2.0,2.0,1.0,1.0,228.0,True,1.0,1.0,2.0,"NOTES: Absence of hotels, transit, and entertainment, with limited dining, pharmacies, and gyms; this is a quiet residential area.
DESCRIPTION: This quiet residential area lacks hotels, transit, and entertainment venues while offering limited dining, pharmacies, and gyms."
130.9,Entire home/apt,5.0,2.0,1.0,1.0,1.0,1.0,False,1.0,1.0,2.0,"NOTES: The block lacks parks, green space, and pharmacies, while offering limited grocery stores, gyms, sports, hotels, and shops, indicating a quiet residential or industrial area.
DESCRIPTION: This block is characterized by a lack of parks, green space, and pharmacies, alongside limited access to grocery stores, gyms, sports, hotels, and shops."
281.73,Entire home/apt,4.79,6.0,4.0,3.0,1.0,14.0,True,3.0,1.0,4.0,"NOTES: High concentration of landmarks, green space, and transit access paired with a lack of dining, cafes, and shops suggests a quiet residential or institutional area.
DESCRIPTION: This block stands out for its exceptional access to landmarks, green space, and transit, including proximity to Central Park, while offering very few cafes, dining options, or shops."
116.75,Private room,3.0,4.0,3.0,2.0,1.0,1.0,False,2.0,1.0,3.0,"NOTES: High concentration of hotels; lacks parks, transit, nightlife, cafes, gyms, and museums; quiet residential or business area.
DESCRIPTION: This block stands out for its high concentration of hotels and lack of parks, transit, nightlife, cafes, gyms, and museums. It is a quiet area defined by its lodging options rather than local amenities or public transport."
1327.43,Entire home/apt,5.0,5.0,2.0,2.0,3.5,11.0,False,2.0,3.5,5.5,"NOTES: High concentration of landmarks and transit access with minimal nightlife, dining, entertainment, and retail, suggesting a quiet residential or institutional area near Central Park.
DESCRIPTION: This block stands out for its exceptional access to landmarks and transit while remaining quiet due to a lack of dining, nightlife, and shops near Central Park."
309.97,Entire home/apt,5.0,6.0,4.0,3.0,1.0,3.0,False,3.0,1.0,4.0,"NOTES: High concentration of pharmacies, lack of entertainment, hotels, and landmarks, and limited cafes, museums, and transit; this is a quiet residential area.
DESCRIPTION: This block is a quiet residential area characterized by a high concentration of pharmacies and a notable absence of entertainment venues, hotels, landmarks, cafes, museums, and transit options."
150.8,Entire home/apt,4.7,4.0,3.0,2.0,1.0,90.0,False,2.0,1.0,3.0,"NOTES: Above average grocery stores; quiet area with limited transit, nightlife, and green space.
DESCRIPTION: This block stands out for its above average grocery stores while remaining quiet due to a lack of transit, nightlife, and green space."
152.26,Entire home/apt,4.67,4.0,1.0,1.0,1.0,18.0,False,1.0,1.0,2.0,"NOTES: High concentration of grocery stores and pharmacies, lack of entertainment, nightlife, dining, and cultural venues; residential service area.
DESCRIPTION: This block stands out for its high concentration of grocery stores and pharmacies while lacking entertainment, nightlife, dining, and cultural venues."
387.0,Shared room,4.97,2.0,2.0,2.0,1.0,155.0,True,2.0,1.0,3.0,"NOTES: This area is a quiet residential or industrial zone characterized by a lack of commercial amenities, dining, and recreational facilities.
DESCRIPTION: This block is a quiet area that stands out for its lack of cafes, dining, gyms, sports, parks, green space, and pharmacies."
98.95,Entire home/apt,4.87,3.0,1.0,1.0,1.0,15.0,True,1.0,1.0,2.0,"NOTES: High concentration of pharmacies, absence of cultural or transit amenities, and limited social or daily services indicate a quiet residential or industrial area.
DESCRIPTION: This block is characterized by an abundance of pharmacies alongside a notable lack of museums, galleries, parks, and transit access. The area remains quiet due to the limited presence of cafes, nightlife, grocery stores, gyms, and hotels."
300.33,Entire home/apt,4.68,6.0,1.0,2.0,1.0,75.0,False,2.0,1.0,3.0,"NOTES: Lacks cafes, entertainment, landmarks, museums, bars, gyms, and parks; quiet residential area.
DESCRIPTION: This block is a quiet residential area that lacks cafes, entertainment venues, landmarks, museums, bars, gyms, and parks."
93.67,Entire home/apt,4.55,2.0,1.0,1.0,1.0,33.0,True,1.0,1.0,2.0,"NOTES: Abundant parks and transit access with minimal commercial activity; this is a quiet residential enclave.
DESCRIPTION: This area features extensive green space and convenient transit access while remaining quiet due to a lack of shops, dining, and nightlife."
226.95,Entire home/apt,4.63,5.0,2.0,2.0,1.0,19.0,False,2.0,1.0,3.0,"NOTES: Lacks museums, galleries, parks, transit, landmarks, and entertainment, indicating a quiet residential or industrial area.
DESCRIPTION: This block is a quiet area characterized by a lack of museums, galleries, parks, transit, landmarks, and entertainment venues."
335.73,Entire home/apt,5.0,8.0,5.0,3.0,1.0,2.0,False,3.0,1.0,4.0,"NOTES: This block lacks hotels, transit, and significant amenities, indicating a quiet residential area.
DESCRIPTION: This quiet residential area stands out for its lack of hotels, transit, and entertainment, dining, or retail options."
169.9,Entire home/apt,4.8,2.0,2.0,2.0,1.0,30.0,False,2.0,1.0,3.0,"NOTES: High density of pharmacies and grocery stores, but lacks museums, galleries, cafes, entertainment, landmarks, parks, and shops; residential service-oriented area.
DESCRIPTION: This block stands out for its high concentration of pharmacies and grocery stores while lacking museums, galleries, cafes, entertainment venues, landmarks, parks, and shops."
173.37,Entire home/apt,4.89,4.0,2.0,1.0,1.0,150.0,True,1.0,1.0,2.0,"NOTES: Few pharmacies, entertainment venues, grocery stores, and shops; quiet residential area.
DESCRIPTION: This block is a quiet residential area characterized by a lack of pharmacies, entertainment venues, grocery stores, and shops."
141.04,Entire home/apt,5.0,4.0,2.0,2.0,1.0,1.0,False,2.0,1.0,3.0,"NOTES: Lacks landmarks, parks, transit, grocery stores, hotels, and pharmacies; this is a quiet residential or industrial area.
DESCRIPTION: This block is a quiet area that stands out for its lack of landmarks, parks, transit options, grocery stores, hotels, and pharmacies."
212.31,Entire home/apt,4.95,6.0,3.0,3.0,1.0,124.0,True,3.0,1.0,4.0,"NOTES: High concentration of pharmacies, lack of hotels, and limited access to gyms, grocery stores, parks, and shops; residential or quiet commercial area.
DESCRIPTION: This block stands out for its high number of pharmacies and complete absence of hotels, while offering fewer gyms, grocery stores, parks, and shops than a typical New York block."
253.85,Entire home/apt,4.5,12.0,5.0,5.0,2.0,90.0,False,5.0,2.0,7.0,"NOTES: Lack of cafes, hotels, landmarks, and limited transit, sports, and nightlife indicate a quiet residential area.
DESCRIPTION: This block is a quiet residential area characterized by a lack of cafes, hotels, and landmarks alongside limited access to transit, sports, and nightlife."
139.93,Entire home/apt,4.92,2.0,2.0,1.0,1.0,24.0,True,1.0,1.0,2.0,"NOTES: High density of pharmacies, lack of hotels, and sparse retail, fitness, and green space; this is a quiet residential area.
DESCRIPTION: This block stands out for its high concentration of pharmacies and lack of hotels. It is a quiet area with very few grocery stores, gyms, entertainment venues, parks, or shops."
220.76,Entire home/apt,4.78,4.0,2.0,2.0,2.0,55.0,False,2.0,2.0,4.0,"NOTES: Above average parks and pharmacies, well below average entertainment, dining, nightlife, cafes, gyms, and transit; residential enclave.
DESCRIPTION: This block stands out for its abundant parks and pharmacies, while offering very limited options for dining, entertainment, nightlife, cafes, gyms, and transit."
166.48,Entire home/apt,4.86,4.0,2.0,1.0,1.0,7.0,True,1.0,1.0,2.0,"NOTES: Lack of landmarks, museums, entertainment, hotels, parks, and pharmacies; quiet residential area.
DESCRIPTION: This block is a quiet residential area defined by a notable absence of landmarks, museums, entertainment venues, hotels, parks, and pharmacies."
67.83,Private room,5.0,1.0,1.0,1.0,1.0,2.0,False,1.0,1.0,2.0,"NOTES: Quiet residential area with limited access to retail, nightlife, entertainment, and transit.
DESCRIPTION: This quiet block is characterized by a lack of shops, cafes, bars, and entertainment venues, while also offering below average access to pharmacies and subway transit."
655.0,Entire home/apt,4.97,6.0,3.0,3.0,1.0,109.0,True,3.0,1.0,4.0,"NOTES: High concentration of hotels and a lack of retail, services, and green space suggest a transient tourist-focused area.
DESCRIPTION: This block stands out for its above average number of hotels while offering very few shops, pharmacies, cafes, entertainment venues, gyms, or parks."
454.33,Entire home/apt,4.63,10.0,5.0,4.0,1.5,67.0,False,4.0,1.5,5.5,"NOTES: Lack of entertainment, hotels, landmarks, transit, and cultural venues indicates a quiet residential area.
DESCRIPTION: This block is a quiet residential area characterized by a lack of entertainment, hotels, landmarks, transit, and museums."
166.37,Entire home/apt,4.76,4.0,3.0,2.0,1.0,51.0,False,2.0,1.0,3.0,"NOTES: This block lacks hotels, museums, galleries, grocery stores, landmarks, and shops, indicating a quiet residential area.
DESCRIPTION: This block is a quiet residential area that stands out for its lack of hotels, museums, galleries, grocery stores, landmarks, and shops."
232.79,Entire home/apt,5.0,2.0,1.0,1.0,2.0,10.0,False,1.0,2.0,3.0,"NOTES: This is a quiet residential area characterized by a lack of pharmacies, grocery stores, dining, parks, and transit access.
DESCRIPTION: This quiet residential block is defined by a notable absence of pharmacies, grocery stores, dining options, green spaces, and convenient transit access."
126.66,Entire home/apt,5.0,4.0,2.0,1.0,1.0,42.0,True,1.0,1.0,2.0,"NOTES: High density of pharmacies and transit access, but lacks parks, entertainment, landmarks, and active nightlife, suggesting a quiet residential or utilitarian area.
DESCRIPTION: This block features an above average concentration of pharmacies and transit options while remaining quiet due to the absence of parks, entertainment, and landmarks."
60.27,Private room,5.0,2.0,4.0,4.0,1.0,1.0,False,4.0,1.0,5.0,"NOTES: Above average green space, lack of hotels, and below average transit, shops, and entertainment indicate a quiet residential area.
DESCRIPTION: This block is a quiet residential area defined by its abundance of parks and green space, while lacking hotels, shops, and transit access."
100.09,Entire home/apt,4.88,3.0,2.0,1.0,1.0,49.0,True,1.0,1.0,2.0,"NOTES: High concentration of pharmacies and transit access, with a notable absence of entertainment, hotels, and landmarks; this is a quiet residential transit hub.
DESCRIPTION: This block stands out for its high density of pharmacies and transit access while remaining quiet due to a lack of entertainment, hotels, and landmarks."
161.06,Entire home/apt,4.76,6.0,3.0,3.0,1.0,17.0,False,3.0,1.0,4.0,"NOTES: Above average parks and pharmacies, lack of transit, dining, and entertainment; residential enclave.
DESCRIPTION: This block stands out as a quiet residential enclave with abundant green space and pharmacies but lacks transit, dining, and entertainment options."
70.8,Entire home/apt,4.62,2.0,2.0,1.0,1.0,204.0,False,1.0,1.0,2.0,"NOTES: Quiet residential area with minimal commercial activity, dining, nightlife, or public amenities.
DESCRIPTION: This quiet residential block stands out for its lack of nightlife, dining, cafes, gyms, and public landmarks."
88.5,Entire home/apt,4.79,3.0,4.0,1.0,1.0,14.0,False,1.0,1.0,2.0,"NOTES: Lacks museums, galleries, parks, green space, and transit, with minimal dining, nightlife, and entertainment; this is a quiet residential or industrial area.

DESCRIPTION: This block is a quiet area characterized by a lack of museums, galleries, and green space. It stands out for having minimal dining, nightlife, and transit access."
169.87,Entire home/apt,4.93,5.0,2.0,2.0,1.0,45.0,True,2.0,1.0,3.0,"NOTES: High concentration of pharmacies and transit access; absence of entertainment, parks, landmarks, and cultural venues suggests a purely residential or utilitarian area.
DESCRIPTION: This block is defined by its exceptional access to pharmacies and transit, while lacking local entertainment, green space, and cultural landmarks."
450.6,Entire home/apt,4.62,10.0,4.0,4.0,2.0,53.0,True,4.0,2.0,6.0,"NOTES: Lacks museums, galleries, nightlife, dining, gyms, and parks; quiet residential area.
DESCRIPTION: This block is a quiet residential area that stands out for its lack of museums, galleries, nightlife, dining, gyms, and parks."
109.53,Entire home/apt,4.61,4.0,2.0,1.0,1.0,44.0,True,1.0,1.0,2.0,"NOTES: High concentration of pharmacies, lack of leisure and cultural amenities; residential or service-oriented area.
DESCRIPTION: This block stands out for its high concentration of pharmacies while lacking nearby landmarks, parks, dining, and entertainment venues."
222.37,Entire home/apt,5.0,2.0,1.0,1.0,1.0,4.0,False,1.0,1.0,2.0,"NOTES: Lacks hotels, parks, pharmacies, landmarks, gyms, and shops; this is a quiet residential or industrial area.
DESCRIPTION: This block is a quiet area characterized by a complete absence of hotels, parks, and pharmacies, alongside limited access to shops, gyms, and landmarks."
414.47,Entire home/apt,4.86,6.0,3.0,3.0,3.0,7.0,False,3.0,3.0,6.0,"NOTES: Lacks pharmacies, transit, and grocery stores, with limited dining; this is a quiet residential area.
DESCRIPTION: This quiet residential area stands out for its lack of pharmacies, transit, and grocery stores, alongside below average dining options."
220.13,Entire home/apt,5.0,10.0,5.0,2.0,1.0,2.0,True,2.0,1.0,3.0,"NOTES: High concentration of pharmacies, absence of cafes, hotels, museums, galleries, and parks, and limited access to gyms, entertainment, and transit indicate a quiet residential or utilitarian area.
DESCRIPTION: This block stands out for its high number of pharmacies while lacking cafes, hotels, museums, galleries, and parks, and offering limited access to gyms, entertainment, and transit."
184.37,Entire home/apt,4.81,2.0,2.0,1.0,1.0,16.0,True,1.0,1.0,2.0,"NOTES: This block is exceptionally quiet with minimal commercial, transit, or recreational activity, indicating a secluded residential area.
DESCRIPTION: This block stands out for its quiet atmosphere, featuring very limited options for dining, nightlife, transit, and public amenities."
404.32,Entire home/apt,4.5,8.0,8.0,2.0,1.0,2.0,False,2.0,1.0,3.0,"NOTES: This area features an above average concentration of pharmacies and a lack of museums, galleries, bars, nightlife, cafes, hotels, and shops, indicating a quiet residential neighborhood.
DESCRIPTION: This quiet residential block stands out for its high number of pharmacies and lack of cultural venues, nightlife, dining, lodging, and retail options."
153.93,Entire home/apt,5.0,3.0,1.0,1.0,1.0,1.0,False,1.0,1.0,2.0,"NOTES: Above average green space, below average amenities and transit; residential enclave.
DESCRIPTION: This block is defined by its abundance of parks and green space while lacking typical city amenities and transit access, located near Brooklyn Academy of Music."
290.04,Entire home/apt,4.56,6.0,5.0,2.0,1.0,18.0,False,2.0,1.0,3.0,"NOTES: This area is a quiet residential enclave characterized by a complete lack of transit access and a significant scarcity of nightlife, dining, and commercial amenities.

DESCRIPTION: This quiet residential block is defined by an absence of transit options and a notable lack of dining, nightlife, and commercial services."
189.0,Private room,5.0,2.0,1.0,1.0,1.0,3.0,False,1.0,1.0,2.0,"NOTES: Above average parks and transit; below average dining, nightlife, cafes, entertainment, grocery, gyms, museums, pharmacies, and landmarks. Area type: Residential transit-oriented park-adjacent enclave.

DESCRIPTION: This block features abundant green space and superior transit access, but it remains quiet due to a lack of dining, nightlife, and retail amenities."
108.8,Entire home/apt,4.86,2.0,4.0,1.0,1.0,14.0,True,1.0,1.0,2.0,"NOTES: Above average parks and pharmacies, below average nightlife, dining, gyms, and shops; residential or quiet suburban-style area.
DESCRIPTION: This block stands out for its abundance of parks and pharmacies while remaining quiet due to a lack of dining, nightlife, gyms, and shops."
833.33,Entire home/apt,5.0,6.0,4.0,3.0,2.0,3.0,False,3.0,2.0,5.0,"NOTES: Abundant green space, lack of nightlife, dining, shopping, and transit; residential enclave.
DESCRIPTION: This block is defined by its above average green space and proximity to The High Line, while remaining quiet due to a lack of nightlife, cafes, shops, and transit options."
172.23,Entire home/apt,4.88,4.0,1.0,1.0,1.0,25.0,True,1.0,1.0,2.0,"NOTES: Absence of hotels, limited cafes, gyms, and pharmacies; quiet residential area.
DESCRIPTION: This block is a quiet residential area characterized by a lack of hotels and limited access to cafes, gyms, and pharmacies."
642.0,Entire home/apt,4.4,4.0,2.0,2.0,1.0,50.0,False,2.0,1.0,3.0,"NOTES: Lacks nightlife, cultural venues, dining, fitness facilities, and green space; this is a quiet residential area.
DESCRIPTION: This block is a quiet residential area that lacks nightlife, cultural venues, dining, fitness facilities, and green space."
332.65,Entire home/apt,4.91,3.0,2.0,1.0,1.0,252.0,True,1.0,1.0,2.0,"NOTES: The block lacks transit, entertainment, pharmacies, dining, grocery stores, hotels, and shops, indicating a quiet residential area.
DESCRIPTION: This block is a quiet residential area that stands out for its lack of transit, entertainment, pharmacies, dining, grocery stores, hotels, and shops."
102.86,Entire home/apt,4.94,4.0,2.0,1.0,1.0,101.0,True,1.0,1.0,2.0,"NOTES: High concentration of pharmacies and transit access, with a notable absence of leisure, cultural, and essential amenities; this is a transit-oriented residential or utilitarian area.

DESCRIPTION: This block features an abundance of pharmacies and transit options but lacks the dining, entertainment, and cultural venues typical of a bustling city center."
225.62,Entire home/apt,4.76,5.0,2.0,2.0,2.0,29.0,True,2.0,2.0,4.0,"NOTES: This area is a quiet residential or industrial zone lacking hotels, cafes, landmarks, parks, and shops.
DESCRIPTION: This block is a quiet area that stands out for its lack of hotels, cafes, landmarks, parks, and shops."
882.0,Entire home/apt,5.0,4.0,2.0,2.0,2.0,13.0,True,2.0,2.0,4.0,"NOTES: Abundant green space, lack of commercial amenities, and proximity to Brooklyn Botanic Garden and Brooklyn Museum suggest a quiet residential or institutional area.
DESCRIPTION: This block stands out for its exceptional amount of green space and lack of hotels, dining, shops, or gyms, while remaining near Brooklyn Botanic Garden and Brooklyn Museum."
116.04,Entire home/apt,4.92,4.0,2.0,2.0,1.0,24.0,False,2.0,1.0,3.0,"NOTES: This block lacks entertainment, cultural institutions, transit, and amenities, indicating a quiet residential area.
DESCRIPTION: This quiet residential block is characterized by a lack of entertainment, dining, transit, and cultural attractions."
237.74,Entire home/apt,4.78,12.0,4.0,5.0,2.0,50.0,False,5.0,2.0,7.0,"NOTES: This block lacks cafes, hotels, and significant amenities, transit, or attractions, indicating a quiet residential area.
DESCRIPTION: This quiet residential block is characterized by a lack of cafes, hotels, and nearby transit or entertainment options."
96.63,Entire home/apt,3.5,8.0,2.0,2.0,1.0,4.0,False,2.0,1.0,3.0,"NOTES: Quiet area with minimal commercial or recreational activity.
DESCRIPTION: This block is characterized by a quiet atmosphere with fewer gyms, bars, nightlife, shops, and landmarks than a typical New York block."
326.38,Entire home/apt,4.82,2.0,1.0,1.0,1.0,57.0,False,1.0,1.0,2.0,"NOTES: Lack of entertainment, dining, nightlife, and fitness options; quiet residential area.
DESCRIPTION: This block is a quiet residential area characterized by a notable absence of entertainment, dining, nightlife, and fitness facilities."
267.33,Entire home/apt,4.9,2.0,1.0,1.0,1.0,41.0,False,1.0,1.0,2.0,"NOTES: Lacks landmarks, transit, and amenities including dining, entertainment, gyms, and pharmacies; quiet residential area.
DESCRIPTION: This quiet block stands out for its lack of landmarks, transit options, and local amenities such as dining, entertainment, gyms, and pharmacies."
187.58,Entire home/apt,5.0,2.0,1.0,1.0,1.0,6.0,False,1.0,1.0,2.0,"NOTES: Lacks parks, entertainment, cafes, grocery stores, gyms, landmarks, museums, and shops; this is a quiet residential or industrial area.
DESCRIPTION: This block is a quiet area characterized by a lack of parks, entertainment venues, cafes, grocery stores, gyms, landmarks, museums, and shops."
109.0,Private room,5.0,2.0,1.0,1.0,1.0,10.0,True,1.0,1.0,2.0,"NOTES: Above average parks and green space with a lack of commercial, cultural, and fitness amenities; residential enclave.
DESCRIPTION: This block stands out for its above average parks and green space while remaining quiet due to a lack of shops, entertainment, and cultural venues."
1155.0,Private room,4.9,10.0,7.0,4.0,4.0,154.0,True,4.0,4.0,8.0,"NOTES: Lacks parks, green space, pharmacies, dining, entertainment, gyms, and shops; this is a quiet residential or industrial area.
DESCRIPTION: This block is a quiet area characterized by a lack of parks, green space, pharmacies, dining, entertainment, gyms, and shops."
125.73,Entire home/apt,4.8,3.0,2.0,1.0,1.5,66.0,True,1.0,1.5,2.5,"NOTES: Abundant green space, lack of commercial amenities and cultural institutions, residential enclave.
DESCRIPTION: This block stands out for its above average green space and lack of nearby museums, galleries, dining, or nightlife. It is situated near Coney Island and Central Park."
95.94,Private room,4.67,2.0,1.0,1.0,1.0,3.0,True,1.0,1.0,2.0,"NOTES: Quiet residential area with minimal amenities, nightlife, landmarks, or green space.
DESCRIPTION: This block is a quiet area characterized by a lack of bars, gyms, landmarks, parks, and shops."
154.31,Entire home/apt,5.0,4.0,2.0,1.0,1.0,3.0,False,1.0,1.0,2.0,"NOTES: Lacks amenities, transit, and cultural attractions; quiet residential area.
DESCRIPTION: This block is a quiet residential area that stands out for its lack of museums, shops, transit, and nightlife."
169.59,Entire home/apt,4.85,6.0,4.0,2.0,1.0,100.0,True,2.0,1.0,3.0,"NOTES: High concentration of pharmacies, absence of hotels and parks, and limited access to gyms, nightlife, entertainment, grocery stores, and museums; this is a quiet residential or service-oriented area.
DESCRIPTION: This block is defined by an abundance of pharmacies and a complete lack of hotels and green space. Residents experience a quiet environment with limited access to nightlife, entertainment, fitness facilities, and grocery options."
134.9,Entire home/apt,4.6,3.0,3.0,2.0,1.0,15.0,False,2.0,1.0,3.0,"NOTES: Abundant parks and green space, notable landmarks including Central Park, and high pharmacy density contrast with a lack of transit and minimal commercial, dining, and nightlife activity; this is a quiet, residential enclave.

DESCRIPTION: This block stands out for its exceptional green space and proximity to Central Park, offering a tranquil environment defined by a lack of transit, shops, and entertainment venues."
218.33,Entire home/apt,4.8,2.0,1.0,1.0,1.0,49.0,False,1.0,1.0,2.0,"NOTES: This block lacks hotels, shops, grocery stores, pharmacies, and green space, suggesting a quiet residential or industrial area.
DESCRIPTION: This block is characterized by a lack of hotels, shops, grocery stores, pharmacies, and parks."
242.27,Entire home/apt,4.83,3.0,2.0,1.0,1.0,144.0,True,1.0,1.0,2.0,"NOTES: This block is a quiet residential or industrial area characterized by a complete lack of entertainment, hotels, and green space, alongside limited access to dining, cafes, gyms, and landmarks.
DESCRIPTION: This quiet area lacks entertainment, hotels, and green space while offering minimal access to dining, cafes, gyms, and landmarks."
196.68,Entire home/apt,5.0,2.0,1.0,1.0,1.0,8.0,True,1.0,1.0,2.0,"NOTES: This block lacks hotels, pharmacies, cafes, grocery stores, parks, and shops, indicating a quiet residential area.
DESCRIPTION: This block is characterized by a lack of hotels, pharmacies, cafes, grocery stores, parks, and shops."
70.43,Private room,5.0,1.0,1.0,1.0,1.0,1.0,False,1.0,1.0,2.0,"NOTES: Above average parks and transit, below average dining, gyms, hotels, pharmacies, and shops; residential enclave.
DESCRIPTION: This block features above average access to parks and transit but remains quiet due to a lack of dining, gyms, hotels, pharmacies, and shops."
137.5,Entire home/apt,4.91,4.0,3.0,2.0,2.0,11.0,True,2.0,2.0,4.0,"NOTES: The block features minimal entertainment, dining, fitness, sightseeing, and retail options, indicating a quiet residential area.
DESCRIPTION: This quiet residential block is characterized by a notable lack of entertainment, cafes, gyms, landmarks, and shops."
1172.0,Entire home/apt,5.0,6.0,4.0,3.0,3.0,1.0,False,3.0,3.0,6.0,"NOTES: Above average green space and a lack of hotels, entertainment, dining, shops, and transit indicate a quiet residential area.
DESCRIPTION: This block stands out for its abundant green space and lack of commercial activity or transit options, creating a quiet residential environment."
251.64,Entire home/apt,4.56,5.0,2.0,1.0,1.0,18.0,False,1.0,1.0,2.0,"NOTES: Lack of transit, nightlife, landmarks, and amenities; quiet residential area.
DESCRIPTION: This block is a quiet residential area defined by a lack of transit, nightlife, landmarks, and local amenities."
276.57,Entire home/apt,5.0,6.0,2.0,2.0,1.0,4.0,False,2.0,1.0,3.0,"NOTES: Lacks landmarks, dining, shopping, and green space; quiet residential area.
DESCRIPTION: This block is a quiet residential area that stands out for its lack of landmarks, dining, shops, and green space."
300.0,Entire home/apt,4.92,2.0,1.0,1.0,1.0,141.0,True,1.0,1.0,2.0,"NOTES: Above average green space, lack of transit, and scarcity of retail and entertainment; this is a quiet residential area.
DESCRIPTION: This quiet residential area features an abundance of green space near Central Park but lacks convenient access to transit, grocery stores, and entertainment venues."
103.24,Entire home/apt,4.83,4.0,2.0,2.0,1.0,36.0,False,2.0,1.0,3.0,"NOTES: Quiet residential area with a lack of nightlife, entertainment, landmarks, museums, cafes, grocery stores, and gyms.
DESCRIPTION: This quiet residential block stands out for its lack of nightlife, entertainment, landmarks, museums, cafes, grocery stores, and gyms."
62.13,Private room,4.87,2.0,1.0,1.0,1.0,77.0,True,1.0,1.0,2.0,"NOTES: Quiet residential area with minimal commercial, recreational, or cultural activity.
DESCRIPTION: This quiet block lacks the typical density of shops, dining, entertainment, and green spaces found in New York."
309.0,Entire home/apt,4.6,4.0,1.0,1.0,1.0,67.0,False,1.0,1.0,2.0,"NOTES: High concentration of pharmacies, lack of green space, transit, grocery stores, museums, and shops; this is a quiet residential or industrial area.
DESCRIPTION: This block is characterized by an abundance of pharmacies and a notable absence of parks, transit, grocery stores, museums, and shops."
90.27,Shared room,4.68,2.0,1.0,1.0,1.0,25.0,False,1.0,1.0,2.0,"NOTES: Above average parks and pharmacies, below average nightlife, dining, and cultural amenities; residential neighborhood.
DESCRIPTION: This block is characterized by an abundance of parks and pharmacies, while offering a quiet atmosphere with limited dining, nightlife, and cultural venues."
107.08,Entire home/apt,5.0,4.0,1.0,1.0,1.0,3.0,False,1.0,1.0,2.0,"NOTES: Limited access to essential services, green spaces, and landmarks; this is a quiet residential or industrial area.
DESCRIPTION: This block is characterized by a lack of landmarks, shops, pharmacies, grocery stores, and green space, resulting in a quiet environment."
114.97,Entire home/apt,5.0,4.0,3.0,2.0,1.0,13.0,True,2.0,1.0,3.0,"NOTES: High concentration of pharmacies, absence of cafes, entertainment, hotels, and museums, and limited nightlife, sports, and transit; residential enclave.
DESCRIPTION: This quiet residential enclave stands out for its high concentration of pharmacies and notable absence of cafes, entertainment venues, hotels, and museums."
93.29,Entire home/apt,4.94,2.0,1.0,1.0,1.0,356.0,True,1.0,1.0,2.0,"NOTES: This block features quiet retail activity and limited grocery options, suggesting a residential area.
DESCRIPTION: The block is characterized by quiet retail activity and a limited presence of grocery stores."
221.27,Entire home/apt,4.79,5.0,1.0,1.0,1.0,14.0,False,1.0,1.0,2.0,"NOTES: Abundant green space and superior transit access contrast with a lack of commercial, cultural, and recreational amenities, suggesting a quiet residential enclave.

DESCRIPTION: This area features exceptional access to Riverside Park and The Cloisters alongside convenient subway transit, though it remains notably quiet due to a lack of shops, cafes, and entertainment venues."
59.36,Private room,5.0,3.0,1.0,1.0,1.0,2.0,False,1.0,1.0,2.0,"NOTES: Absence of hotels, museums, galleries, and limited dining, nightlife, and entertainment; this is a quiet residential area.
DESCRIPTION: This quiet residential area stands out for its lack of hotels, museums, and galleries alongside a scarcity of dining, nightlife, and entertainment options."
144.03,Entire home/apt,5.0,1.0,1.0,1.0,1.0,138.0,False,1.0,1.0,2.0,"NOTES: This area is a quiet residential or secluded zone characterized by a lack of entertainment, pharmacies, transit access, grocery stores, and dining options.
DESCRIPTION: This block is a quiet area defined by a lack of entertainment, transit, and essential services like pharmacies and grocery stores."
74.24,Private room,4.6,1.0,1.0,1.0,1.0,5.0,False,1.0,1.0,2.0,"NOTES: High concentration of pharmacies, lack of entertainment, hotels, and museums, and limited transit, shops, and green space; residential or quiet service-oriented area.
DESCRIPTION: This block stands out for its high concentration of pharmacies and notable absence of entertainment venues, hotels, and museums. The area is characterized by limited access to transit, shops, and green space."
159.09,Entire home/apt,4.89,4.0,2.0,2.0,1.0,90.0,True,2.0,1.0,3.0,"NOTES: Abundant green space and landmarks with a lack of transit, retail, and dining; this is a quiet residential area.

DESCRIPTION: This block stands out for its exceptional parks and landmarks, though it remains quiet due to a lack of transit, shops, and dining options. The Brooklyn Academy of Music is located nearby."
221.92,Entire home/apt,4.96,6.0,4.0,3.0,2.0,53.0,False,3.0,2.0,5.0,"NOTES: High density of pharmacies and a lack of grocery stores, gyms, entertainment, hotels, parks, and shops; this is a residential or commercial service-oriented area.
DESCRIPTION: This block stands out for its high concentration of pharmacies while offering very few grocery stores, gyms, entertainment venues, hotels, parks, or shops."
93.4,Entire home/apt,5.0,2.0,1.0,1.0,1.0,6.0,True,1.0,1.0,2.0,"NOTES: High concentration of pharmacies, absence of entertainment and hotels, and limited access to groceries, gyms, parks, and shops; residential or quiet office area.
DESCRIPTION: This block is characterized by an abundance of pharmacies and a notable lack of entertainment venues and hotels. It offers very limited access to grocery stores, gyms, parks, and retail shops."
223.83,Entire home/apt,5.0,2.0,1.0,1.0,1.0,5.0,False,1.0,1.0,2.0,"NOTES: Lacks parks, transit, and amenities; this is a quiet residential area.
DESCRIPTION: This quiet residential area stands out for its lack of parks, transit, and local amenities."
296.0,Entire home/apt,4.75,4.0,3.0,3.0,2.0,282.0,False,3.0,2.0,5.0,"NOTES: Lack of landmarks, museums, nightlife, dining, and retail; residential enclave.
DESCRIPTION: This block is a quiet residential enclave characterized by a complete absence of landmarks, museums, and commercial amenities."
173.33,Entire home/apt,4.0,4.0,1.0,1.0,1.0,1.0,False,1.0,1.0,2.0,"NOTES: High concentration of pharmacies with a lack of transit, green space, cultural attractions, and social venues; this is a quiet residential or service-oriented area.
DESCRIPTION: This block is characterized by a high number of pharmacies and a notable absence of transit, parks, museums, and nightlife."
300.33,Entire home/apt,4.0,6.0,3.0,3.0,1.0,1.0,False,3.0,1.0,4.0,"NOTES: Abundant green space and a lack of retail, nightlife, and transit access suggest a quiet residential enclave.
DESCRIPTION: This area stands out for its above average parks and green space while remaining quiet due to a lack of shops, grocery stores, bars, nightlife, pharmacies, and transit access."
598.0,Entire home/apt,4.92,6.0,4.0,2.0,1.5,105.0,True,2.0,1.5,3.5,"NOTES: This block is characterized by a lack of parks, pharmacies, grocery stores, cafes, dining, and landmarks, indicating a quiet, purely residential or industrial area.
DESCRIPTION: This block stands out as a quiet area due to the absence of nearby parks, pharmacies, grocery stores, cafes, dining, and landmarks."
348.5,Entire home/apt,4.87,5.0,2.0,2.0,1.0,101.0,True,2.0,1.0,3.0,"NOTES: High density of pharmacies; quiet residential area.
DESCRIPTION: This block features an above average number of pharmacies while remaining quiet across all other categories."
62.97,Private room,5.0,1.0,1.0,1.0,1.0,10.0,True,1.0,1.0,2.0,"NOTES: High density of grocery stores but a lack of transit, landmarks, and commercial amenities indicates a quiet residential area.
DESCRIPTION: This block is characterized by an abundance of grocery stores, while lacking the transit access, landmarks, and commercial venues typical of a busy New York street."
139.61,Private room,5.0,2.0,3.0,2.0,1.0,22.0,False,2.0,1.0,3.0,"NOTES: High density of pharmacies, lack of hotels, museums, galleries, gyms, landmarks, nightlife, cafes, and dining; residential or quiet commercial area.
DESCRIPTION: This block is characterized by an above average number of pharmacies and a notable absence of hotels, museums, galleries, gyms, landmarks, nightlife, cafes, and dining."
170.04,Private room,4.8,2.0,1.0,1.0,1.0,10.0,True,1.0,1.0,2.0,"NOTES: Lacks entertainment, culture, transit, dining, and retail; residential or industrial area.
DESCRIPTION: This block is characterized by a lack of entertainment, transit, and dining options, suggesting a quiet residential or industrial area."
85.73,Entire home/apt,4.67,2.0,1.0,1.0,1.0,3.0,False,1.0,1.0,2.0,"NOTES: Above average transit access with a lack of entertainment, dining, shops, and services; this is a quiet residential transit hub.
DESCRIPTION: This block features above average subway and transit access but remains quiet due to a lack of nearby entertainment, dining, shops, and services."
73.34,Entire home/apt,5.0,4.0,2.0,1.0,1.0,1.0,False,1.0,1.0,2.0,"NOTES: Lack of entertainment, dining, grocery, nightlife, cafe, and gym options; quiet residential area.
DESCRIPTION: This block is a quiet area characterized by a notable absence of entertainment, dining, grocery, nightlife, cafe, and gym options."
480.67,Entire home/apt,4.95,2.0,2.0,2.0,1.0,56.0,True,2.0,1.0,3.0,"NOTES: High concentration of museums and galleries with a lack of typical commercial amenities like dining, nightlife, gyms, and grocery stores; this is a quiet, cultural enclave.
DESCRIPTION: This block stands out for its above average collection of museums and galleries while remaining quiet due to a lack of dining, nightlife, and daily conveniences."
250.73,Entire home/apt,4.78,2.0,2.0,1.0,1.0,100.0,True,1.0,1.0,2.0,"NOTES: High concentration of museums and galleries; lack of hotels, parks, grocery stores, cafes, dining, gyms, and transit; cultural district.
DESCRIPTION: This block stands out as a cultural district defined by an above average presence of museums and galleries. It is characterized by a notable lack of hotels, parks, grocery stores, cafes, dining, gyms, and transit options."
159.89,Entire home/apt,5.0,5.0,4.0,2.0,1.0,5.0,False,2.0,1.0,3.0,"NOTES: This area is a quiet residential or industrial enclave characterized by a complete lack of hotels and green space, alongside limited options for dining, shopping, nightlife, and recreation.

DESCRIPTION: This quiet block stands out for its lack of hotels and parks, offering limited access to dining, shopping, entertainment, and sports facilities."
100.8,Private room,4.77,2.0,3.0,2.0,1.0,44.0,False,2.0,1.0,3.0,"NOTES: High density of pharmacies; quiet area with limited entertainment, dining, retail, and transit access.
DESCRIPTION: This block is characterized by an abundance of pharmacies and a quiet atmosphere with minimal dining, entertainment, and transit options."
113.69,Entire home/apt,4.63,4.0,2.0,2.0,1.0,337.0,False,2.0,1.0,3.0,"NOTES: Lack of commercial amenities, dining, entertainment, and green space; residential or industrial area.
DESCRIPTION: This block is a quiet area characterized by a notable absence of dining, entertainment, and recreational options."
96.63,Entire home/apt,4.0,8.0,2.0,1.0,1.0,4.0,False,1.0,1.0,2.0,"NOTES: Minimal entertainment, dining, sports, landmarks, and retail; quiet residential area.
DESCRIPTION: This block is a quiet residential area characterized by a lack of entertainment, dining, sports, landmarks, and shops."
414.0,Private room,4.35,2.0,1.0,1.0,1.0,71.0,False,1.0,1.0,2.0,"NOTES: Abundant green space and a lack of retail, dining, and nightlife characterize this quiet residential area.
DESCRIPTION: This area stands out for its exceptional amount of parks and green space while remaining quiet due to a scarcity of shops, dining, and nightlife. Nearby landmarks include Brooklyn Bridge and Brooklyn Academy of Music."
111.5,Entire home/apt,5.0,2.0,2.0,1.0,1.0,2.0,True,1.0,1.0,2.0,"NOTES: Lacks hotels, parks, entertainment, pharmacies, nightlife, cafes, dining, gyms, and landmarks; this is a quiet residential or industrial area.
DESCRIPTION: This block is a quiet area that lacks hotels, parks, entertainment, pharmacies, nightlife, cafes, dining, gyms, and landmarks."
91.1,Entire home/apt,4.17,2.0,1.0,1.0,1.0,12.0,True,1.0,1.0,2.0,"NOTES: Above average parks and pharmacies, lack of entertainment, dining, nightlife, and transit; residential enclave.
DESCRIPTION: This block is a quiet residential enclave distinguished by its abundance of green space and pharmacies. It lacks the typical concentration of dining, nightlife, and transit found elsewhere in the city."
138.79,Entire home/apt,5.0,4.0,2.0,2.0,1.0,7.0,True,2.0,1.0,3.0,"NOTES: Lacks hotels, dining, nightlife, entertainment, landmarks, gyms, and green space; this is a quiet residential area.
DESCRIPTION: This block is a quiet residential area that lacks hotels, dining, nightlife, entertainment, landmarks, gyms, and green space."
295.0,Private room,4.71,2.0,1.0,1.0,1.0,14.0,False,1.0,1.0,2.0,"NOTES: Abundant green space and a lack of retail, dining, and nightlife characterize this quiet residential area.
DESCRIPTION: This area stands out for its exceptional amount of green space while offering very few shops, dining options, or nightlife venues. It is located near the Brooklyn Bridge and the Brooklyn Academy of Music."
122.6,Entire home/apt,4.78,5.0,2.0,2.0,1.0,169.0,False,2.0,1.0,3.0,"NOTES: The block features limited entertainment, nightlife, dining, fitness, landmarks, museums, and shopping, indicating a quiet residential area.
DESCRIPTION: This block is characterized by a lack of entertainment, dining, and retail options, resulting in a quiet residential atmosphere."
169.42,Entire home/apt,4.93,2.0,1.0,1.0,1.0,14.0,False,1.0,1.0,2.0,"NOTES: High concentration of parks and green space with minimal commercial, transit, or nightlife activity; residential enclave.
DESCRIPTION: This block stands out for its above average parks and green space while remaining quiet due to a lack of cafes, dining, nightlife, and transit options."
165.63,Private room,4.78,2.0,4.0,2.0,1.0,207.0,False,2.0,1.0,3.0,"NOTES: Lack of cultural, recreational, commercial, and hospitality amenities; residential or industrial area.
DESCRIPTION: This block is characterized by a notable absence of museums, parks, shops, and dining options. The area is quiet due to the limited presence of nightlife, gyms, and hotels."
103.98,Entire home/apt,5.0,2.0,1.0,1.0,1.0,2.0,True,1.0,1.0,2.0,"NOTES: This block is characterized by a lack of entertainment, dining, grocery, pharmacy, and shopping options, as well as limited subway and transit access, indicating a quiet residential area.
DESCRIPTION: This quiet residential block stands out for its limited access to entertainment, dining, grocery stores, pharmacies, shops, and transit options."
294.87,Entire home/apt,4.65,5.0,3.0,3.0,2.0,57.0,False,3.0,2.0,5.0,"NOTES: Lacks transit, nightlife, parks, and typical urban amenities; this is a quiet, isolated residential area.
DESCRIPTION: This quiet, isolated area lacks transit, nightlife, and parks, while offering fewer cafes, shops, and dining options than a typical New York block."
205.92,Entire home/apt,4.38,7.0,3.0,2.0,1.0,237.0,False,2.0,1.0,3.0,"NOTES: Absence of hotels, museums, galleries, and limited options for dining, nightlife, and recreation; residential enclave.
DESCRIPTION: This block is a quiet residential enclave characterized by a lack of hotels, museums, and galleries alongside limited options for dining, nightlife, and recreation."
90.9,Entire home/apt,5.0,5.0,2.0,2.0,1.0,1.0,False,2.0,1.0,3.0,"NOTES: Lacks museums, galleries, and essential amenities; this is a quiet residential area.
DESCRIPTION: This quiet residential area lacks museums and galleries while offering fewer cafes, shops, and transit options than a typical New York block."
99.0,Entire home/apt,4.73,4.0,1.0,1.0,1.0,15.0,True,1.0,1.0,2.0,"NOTES: Lacks cafes, hotels, museums, galleries, landmarks, nightlife, gyms, shops, and transit, indicating a quiet residential area.
DESCRIPTION: This block is a quiet residential area that lacks cafes, hotels, museums, galleries, landmarks, nightlife, gyms, shops, and transit."
97.34,Entire home/apt,4.68,3.0,2.0,1.0,1.0,242.0,False,1.0,1.0,2.0,"NOTES: This block lacks hotels, transit, and significant entertainment, nightlife, cafes, shops, or cultural attractions, indicating a quiet residential area.
DESCRIPTION: This block is a quiet residential area characterized by a lack of hotels, transit, and entertainment, nightlife, or retail options."
29.98,Private room,4.8,1.0,1.0,1.0,1.0,61.0,False,1.0,1.0,2.0,"NOTES: High density of grocery stores, lack of entertainment, cultural, and commercial amenities; residential-focused area.
DESCRIPTION: This block stands out for its high concentration of grocery stores while remaining quiet due to a lack of entertainment, cultural venues, and retail shops."
142.9,Entire home/apt,4.18,5.0,3.0,2.0,1.0,11.0,False,2.0,1.0,3.0,"NOTES: Above average transit access with a lack of cultural, recreational, and dining amenities; this is a transit-oriented residential or industrial area.
DESCRIPTION: This block features above average transit access but lacks nearby museums, parks, cafes, dining, and entertainment venues."
240.15,Entire home/apt,4.78,5.0,4.0,3.0,1.0,9.0,True,3.0,1.0,4.0,"NOTES: Lacks hotels, landmarks, pharmacies, cafes, dining, grocery stores, and shops; quiet residential or industrial area.
DESCRIPTION: This block is a quiet area that stands out for its lack of hotels, landmarks, pharmacies, cafes, dining, grocery stores, and shops."
201.78,Entire home/apt,4.8,4.0,3.0,3.0,1.5,10.0,False,3.0,1.5,4.5,"NOTES: Quiet area with minimal entertainment, landmarks, green space, retail, and transit access.
DESCRIPTION: This quiet block stands out for its lack of entertainment, landmarks, green space, shops, and transit access."
861.59,Entire home/apt,4.81,4.0,3.0,2.0,2.5,57.0,True,2.0,2.5,4.5,"NOTES: Lacks landmarks, entertainment, gyms, nightlife, hotels, museums, parks, and shops; quiet residential area.
DESCRIPTION: This block is a quiet residential area that stands out for its lack of landmarks, entertainment, gyms, nightlife, hotels, museums, parks, and shops."
286.0,Entire home/apt,4.43,5.0,4.0,3.0,2.0,7.0,False,3.0,2.0,5.0,"NOTES: This block is characterized by a complete absence of hotels, landmarks, museums, and parks, resulting in a quiet residential or industrial area.

DESCRIPTION: This quiet area lacks hotels, landmarks, museums, and parks, while offering minimal access to entertainment, nightlife, cafes, grocery stores, and gyms."
73.4,Private room,4.58,1.0,1.0,1.0,2.0,12.0,False,1.0,2.0,3.0,"NOTES: This block lacks hotels, transit, and significant entertainment, shopping, or green space, indicating a quiet residential area.
DESCRIPTION: This quiet residential area is defined by a lack of hotels, transit, entertainment, and retail options."
377.21,Entire home/apt,5.0,4.0,2.0,2.0,1.0,7.0,False,2.0,1.0,3.0,"NOTES: The block is quiet due to a lack of bars, dining, grocery stores, gyms, landmarks, and transit, indicating a residential or isolated area.
DESCRIPTION: This quiet block stands out for its lack of bars, dining, grocery stores, gyms, landmarks, and transit options."
187.37,Entire home/apt,4.72,6.0,4.0,2.0,2.0,61.0,True,2.0,2.0,4.0,"NOTES: This area is a quiet residential or secluded zone characterized by a lack of transit, limited retail, and minimal nightlife or dining options, with The Metropolitan Museum of Art as a nearby landmark.
DESCRIPTION: Located near The Metropolitan Museum of Art, this quiet block stands out for its lack of transit and limited access to dining, shopping, and entertainment."
4433.93,Entire home/apt,5.0,16.0,4.0,4.0,3.5,3.0,False,4.0,3.5,7.5,"NOTES: High density of pharmacies, lack of green space, and minimal entertainment, retail, and leisure options indicate a quiet residential or commercial area.
DESCRIPTION: This block features a high concentration of pharmacies but lacks parks and offers very limited access to entertainment, shopping, and recreational facilities."
246.13,Entire home/apt,4.36,2.0,2.0,2.0,2.0,22.0,False,2.0,2.0,4.0,"NOTES: This is a quiet residential area characterized by a lack of nightlife, cultural venues, and common urban amenities.
DESCRIPTION: This quiet residential block stands out for its lack of nightlife, entertainment, and cultural venues, while also offering fewer dining, fitness, and retail options than a typical New York street."
323.33,Entire home/apt,5.0,3.0,1.0,1.0,1.0,9.0,False,1.0,1.0,2.0,"NOTES: Lacks parks, transit, entertainment, pharmacies, dining, landmarks, and shops; this is a quiet residential area.
DESCRIPTION: This quiet residential area stands out for its lack of parks, transit, entertainment, pharmacies, dining, landmarks, and shops."
145.83,Entire home/apt,4.64,2.0,1.0,1.0,1.0,11.0,False,1.0,1.0,2.0,"NOTES: Lack of cultural institutions, limited amenities, and poor transit access indicate a quiet residential area.
DESCRIPTION: This block is a quiet residential area characterized by a notable absence of museums, galleries, and convenient access to transit, shops, or daily amenities."
191.37,Entire home/apt,4.7,4.0,2.0,2.0,2.0,10.0,False,2.0,2.0,4.0,"NOTES: High density of pharmacies; lack of cultural, recreational, and transit amenities; residential or quiet commercial area.
DESCRIPTION: This block features an above average number of pharmacies but lacks nearby museums, parks, cafes, nightlife, and transit options."
152.98,Entire home/apt,4.5,12.0,9.0,3.0,1.0,121.0,False,3.0,1.0,4.0,"NOTES: No transit access and a lack of retail, dining, and green space define this as a quiet residential enclave.
DESCRIPTION: This block is a quiet residential enclave characterized by a lack of transit access and limited options for dining, shopping, and recreation."
593.0,Hotel room,5.0,4.0,2.0,1.0,1.0,11.0,False,1.0,1.0,2.0,"NOTES: Lacks pharmacies, grocery stores, bars, dining, gyms, landmarks, and transit; this is a quiet residential area.
DESCRIPTION: This quiet residential block stands out for its lack of pharmacies, grocery stores, dining, nightlife, gyms, landmarks, and transit options."
564.0,Hotel room,4.77,2.0,1.0,1.0,1.0,35.0,False,1.0,1.0,2.0,"NOTES: Lack of pharmacies, limited grocery, dining, nightlife, fitness, landmarks, and transit options indicate a quiet residential area.
DESCRIPTION: This block is a quiet residential area characterized by a lack of pharmacies and limited access to grocery stores, dining, nightlife, fitness facilities, landmarks, and transit."
753.0,Entire home/apt,4.81,4.0,2.0,1.0,1.0,48.0,False,1.0,1.0,2.0,"NOTES: This is a quiet residential area characterized by a lack of pharmacies, limited access to grocery stores, dining, nightlife, and gyms, as well as below-average transit and landmark accessibility.
DESCRIPTION: This quiet area is notable for its lack of pharmacies and limited access to grocery stores, dining, nightlife, gyms, transit, and landmarks."
342.0,Entire home/apt,4.73,4.0,2.0,1.0,1.0,135.0,False,1.0,1.0,2.0,"NOTES: Lacks pharmacies, grocery stores, bars, dining, gyms, landmarks, and transit; this is a quiet residential area.
DESCRIPTION: This block is a quiet residential area that stands out for its lack of pharmacies, grocery stores, dining, nightlife, gyms, landmarks, and transit options."
103.9,Entire home/apt,4.8,5.0,3.0,3.0,1.0,25.0,False,3.0,1.0,4.0,"NOTES: This is a quiet residential area characterized by a lack of gyms, nightlife, dining, landmarks, museums, and shops.
DESCRIPTION: This quiet residential block stands out for its lack of dining, nightlife, shopping, and cultural attractions."
753.0,Entire home/apt,4.75,4.0,2.0,1.0,1.0,73.0,False,1.0,1.0,2.0,"NOTES: This area is a quiet residential or secluded zone characterized by a lack of pharmacies, limited grocery options, and below average access to dining, nightlife, fitness facilities, landmarks, and transit.
DESCRIPTION: This quiet block is defined by its lack of pharmacies and limited access to grocery stores, dining, nightlife, fitness facilities, landmarks, and transit."
349.0,Hotel room,4.5,2.0,1.0,1.0,1.0,4.0,False,1.0,1.0,2.0,"NOTES: High concentration of hotels; lacks cafes, gyms, parks, nightlife, entertainment, and grocery stores; quiet tourist-focused area.
DESCRIPTION: This block stands out for its high concentration of hotels and lack of local amenities like cafes, parks, and grocery stores. The area is exceptionally quiet with very limited nightlife, dining, and entertainment options."
182.53,Entire home/apt,4.8,8.0,4.0,3.0,2.0,5.0,False,3.0,2.0,5.0,"NOTES: Quiet residential area with a lack of commercial amenities, nightlife, and tourist attractions.
DESCRIPTION: This block is a quiet residential area that lacks the shops, bars, nightlife, and attractions typical of a bustling New York street."
197.53,Entire home/apt,5.0,2.0,1.0,1.0,1.0,12.0,False,1.0,1.0,2.0,"NOTES: Above average transit access, lack of hotels, and a notable scarcity of entertainment, dining, nightlife, retail, and green space; this is a transit-oriented residential or industrial area.
DESCRIPTION: This block features above average transit access but lacks hotels and offers very limited options for dining, entertainment, shopping, and recreation."
114.05,Entire home/apt,4.91,5.0,3.0,3.0,1.5,23.0,False,3.0,1.5,4.5,"NOTES: Lacks entertainment, landmarks, nightlife, cafes, dining, hotels, museums, parks, and transit; this is a quiet residential area.
DESCRIPTION: This block is a quiet residential area that lacks entertainment, landmarks, nightlife, cafes, dining, hotels, museums, parks, and transit."
113.97,Private room,4.8,2.0,2.0,1.0,1.0,10.0,False,1.0,1.0,2.0,"NOTES: This is a quiet residential area characterized by a complete lack of transit access and a scarcity of commercial, cultural, and entertainment amenities.
DESCRIPTION: This block is a quiet residential area that stands out for its lack of subway access and limited availability of shops, cafes, and entertainment venues."
176.62,Entire home/apt,5.0,2.0,1.0,1.0,1.0,4.0,True,1.0,1.0,2.0,"NOTES: This is a quiet residential area characterized by a lack of hotels, entertainment, dining, grocery stores, shops, and green space.
DESCRIPTION: This quiet area stands out for its lack of hotels, entertainment, dining, grocery stores, shops, and parks."
673.85,Entire home/apt,5.0,10.0,6.0,5.0,2.5,16.0,True,5.0,2.5,7.5,"NOTES: Lacks transit, entertainment, and retail amenities; this is a quiet residential area.
DESCRIPTION: This block is a quiet residential area that stands out for its lack of nearby transit, entertainment, and retail amenities."
88.53,Entire home/apt,4.54,2.0,1.0,1.0,1.0,188.0,False,1.0,1.0,2.0,"NOTES: Lack of transit, limited amenities, and minimal public space indicate a quiet residential area.
DESCRIPTION: This block is a quiet residential area characterized by a lack of nearby transit and limited access to shops, cafes, and green spaces."
114.56,Entire home/apt,4.79,3.0,3.0,2.0,1.0,66.0,False,2.0,1.0,3.0,"NOTES: Lack of entertainment, nightlife, cafes, dining, gyms, parks, and shops indicates a quiet residential area.
DESCRIPTION: This block is a quiet residential area characterized by a notable lack of entertainment, dining, and retail options."
91.53,Private room,4.82,2.0,1.0,1.0,1.0,17.0,False,1.0,1.0,2.0,"NOTES: This area is a quiet residential or industrial zone characterized by a complete lack of entertainment, cultural, and green spaces, alongside limited access to dining, transit, and essential services.
DESCRIPTION: This block is a quiet area defined by a lack of entertainment, cultural, and green spaces, while also offering limited access to dining, transit, and essential services."
229.46,Entire home/apt,4.83,4.0,2.0,1.0,2.0,47.0,False,1.0,2.0,3.0,"NOTES: Lacks entertainment, landmarks, museums, transit, nightlife, groceries, hotels, and shops; this is a quiet residential area.
DESCRIPTION: This block is a quiet residential area that stands out for its lack of entertainment, landmarks, museums, transit, nightlife, groceries, hotels, and shops."
199.5,Private room,4.96,4.0,3.0,1.0,1.0,26.0,True,1.0,1.0,2.0,"NOTES: Absence of cultural, recreational, and commercial amenities; residential or industrial area.
DESCRIPTION: This block is characterized by a lack of museums, galleries, parks, and green space, while dining, nightlife, and shopping options are significantly limited."
98.64,Entire home/apt,4.85,2.0,1.0,1.0,1.0,113.0,True,1.0,1.0,2.0,"NOTES: This block features a quiet atmosphere across all categories, indicating a residential or isolated area.
DESCRIPTION: This block is characterized by a quiet environment with limited access to dining, shopping, transit, and other typical urban amenities."
571.0,Private room,5.0,2.0,2.0,2.0,1.0,3.0,False,2.0,1.0,3.0,"NOTES: Quiet residential area with minimal commercial, transit, and entertainment activity.
DESCRIPTION: This quiet residential block is characterized by a lack of transit, retail, dining, and entertainment options."
54.4,Private room,4.54,1.0,2.0,2.0,1.0,79.0,False,2.0,1.0,3.0,"NOTES: Lacks entertainment, dining, nightlife, and green space; residential or industrial area.
DESCRIPTION: This block is characterized by a lack of entertainment, dining, nightlife, and green space compared to a typical New York block."
269.0,Entire home/apt,4.72,2.0,2.0,1.0,1.0,280.0,True,1.0,1.0,2.0,"NOTES: Lack of transit, entertainment, and essential services; quiet residential area.
DESCRIPTION: This block is a quiet residential area characterized by a notable absence of transit options, entertainment venues, and daily amenities."
83.33,Private room,4.93,2.0,1.0,2.0,1.0,162.0,True,2.0,1.0,3.0,"NOTES: Abundant parks and green space with a severe lack of retail, dining, and nightlife; this is a quiet residential area.
DESCRIPTION: Near Grand Army Plaza and Prospect Park, this block stands out for its exceptional green space while remaining very quiet due to a scarcity of shops, dining, and nightlife."
558.04,Entire home/apt,4.72,12.0,9.0,5.0,2.0,65.0,False,5.0,2.0,7.0,"NOTES: Lacks transit, cultural institutions, dining, and retail; this is a quiet residential area.
DESCRIPTION: This quiet residential area stands out for its lack of transit, cultural institutions, dining, and retail options."
213.91,Private room,4.87,8.0,3.0,3.0,1.5,23.0,False,3.0,1.5,4.5,"NOTES: Lacks gyms, nightlife, cafes, dining, groceries, parks, pharmacies, and shops; this is a quiet residential area.
DESCRIPTION: This block is a quiet residential area that lacks the gyms, nightlife, cafes, dining, grocery stores, parks, pharmacies, and shops typically found in New York."
221.27,Entire home/apt,1.0,4.0,2.0,2.0,1.0,1.0,False,2.0,1.0,3.0,"NOTES: Lacks amenities, dining, nightlife, and green space; this is a quiet residential area.
DESCRIPTION: This block is a quiet residential area that stands out for its lack of cafes, shops, dining, and nightlife."
777.5,Entire home/apt,4.97,7.0,3.0,4.0,1.5,39.0,False,4.0,1.5,5.5,"NOTES: The block lacks entertainment, landmarks, and significant amenities, indicating a quiet residential area.
DESCRIPTION: This block is a quiet residential area characterized by a lack of entertainment, landmarks, and commercial amenities."
121.88,Entire home/apt,5.0,4.0,2.0,2.0,2.0,2.0,False,2.0,2.0,4.0,"NOTES: Lack of amenities, nightlife, and green space; quiet residential area.
DESCRIPTION: This block is a quiet residential area characterized by a notable absence of shops, dining, cafes, and recreational facilities."
37.83,Private room,5.0,1.0,1.0,1.0,1.0,1.0,True,1.0,1.0,2.0,"NOTES: This block lacks cultural, social, and transit amenities, indicating a quiet residential or industrial area.
DESCRIPTION: This block is characterized by a notable absence of museums, galleries, and transit options, resulting in a quiet environment with limited dining, shopping, and nightlife."
120.93,Entire home/apt,5.0,2.0,1.0,1.0,1.0,1.0,False,1.0,1.0,2.0,"NOTES: The block is quiet and residential, lacking in commercial amenities, dining, nightlife, and transit access.
DESCRIPTION: This quiet residential block stands out for its lack of cafes, hotels, museums, and nightlife, while also offering limited dining, green space, and transit options."
129.0,Private room,4.57,2.0,1.0,1.0,1.0,61.0,False,1.0,1.0,2.0,"NOTES: The block lacks museums, galleries, cafes, shops, nightlife, dining, and sports facilities, indicating a quiet residential area.
DESCRIPTION: This quiet residential block is characterized by a notable absence of museums, galleries, cafes, shops, nightlife, dining, and sports facilities."
180.91,Entire home/apt,5.0,3.0,2.0,2.0,1.0,3.0,True,2.0,1.0,3.0,"NOTES: This is a quiet residential area characterized by a complete absence of cafes, entertainment, hotels, landmarks, and museums, alongside limited dining, nightlife, grocery, gym, and park options.
DESCRIPTION: This quiet residential block lacks cafes, entertainment, hotels, landmarks, and museums, while offering limited options for dining, nightlife, groceries, sports, and green space."
149.33,Entire home/apt,4.83,4.0,2.0,1.0,1.0,6.0,True,1.0,1.0,2.0,"NOTES: Lacks transit, dining, nightlife, entertainment, and amenities; this is a quiet residential area.
DESCRIPTION: This block is a quiet residential area that lacks transit, dining, nightlife, entertainment, and local amenities."
466.0,Entire home/apt,5.0,2.0,1.0,1.0,1.0,7.0,False,1.0,1.0,2.0,"NOTES: Absence of parks, transit, and amenities; this is a quiet, isolated residential area.
DESCRIPTION: This block is a quiet area defined by a lack of parks, transit, and local amenities."
399.41,Private room,4.8,6.0,4.0,2.0,1.0,139.0,False,2.0,1.0,3.0,"NOTES: All categories are below or well below average; this is a quiet residential area.
DESCRIPTION: This block is a quiet residential area characterized by a lack of entertainment, dining, shopping, and recreational amenities."
113.97,Entire home/apt,4.29,2.0,1.0,1.0,1.0,7.0,False,1.0,1.0,2.0,"NOTES: High concentration of pharmacies and a lack of entertainment, dining, and recreational amenities suggest a quiet residential or service-oriented area.
DESCRIPTION: This block stands out for its high density of pharmacies while offering few entertainment, dining, or recreational options."
336.38,Entire home/apt,4.96,5.0,2.0,2.0,2.0,26.0,False,2.0,2.0,4.0,"NOTES: This block is characterized by a lack of entertainment, dining, nightlife, transit, and retail, indicating a quiet residential area.
DESCRIPTION: This quiet residential area stands out for its lack of entertainment, dining, nightlife, transit, and retail options."
498.5,Entire home/apt,4.88,6.0,4.0,3.0,1.0,64.0,True,3.0,1.0,4.0,"NOTES: This block lacks entertainment, dining, grocery, fitness, and nightlife options, indicating a quiet residential or industrial area.
DESCRIPTION: This block is characterized by a lack of entertainment, dining, grocery, fitness, and nightlife options, resulting in a quiet atmosphere."
161.91,Private room,4.72,4.0,4.0,2.0,1.0,47.0,False,2.0,1.0,3.0,"NOTES: High density of pharmacies, quiet residential area.
DESCRIPTION: This block is characterized by a high concentration of pharmacies and a lack of nightlife, cafes, entertainment, and cultural venues."
240.15,Entire home/apt,4.85,4.0,3.0,3.0,2.0,59.0,True,3.0,2.0,5.0,"NOTES: This area is a quiet residential or industrial zone characterized by a lack of landmarks, retail, nightlife, dining, entertainment, and green space.
DESCRIPTION: This block stands out for its quiet atmosphere, featuring very few landmarks, shops, dining options, entertainment venues, or parks."
173.83,Entire home/apt,4.83,5.0,2.0,2.0,1.5,24.0,False,2.0,1.5,3.5,"NOTES: High density of pharmacies with a lack of hotels, museums, galleries, gyms, sports, landmarks, nightlife, cafes, dining, and shops; quiet residential area.
DESCRIPTION: This block is characterized by an abundance of pharmacies and a notable absence of hotels, museums, galleries, gyms, landmarks, and nightlife. It is a quiet area with limited options for dining, cafes, and shopping."
62.78,Private room,4.47,4.0,2.0,5.0,2.5,19.0,True,5.0,2.5,7.5,"NOTES: This block is quiet due to a lack of nightlife, transit, and amenities; it is a residential or isolated area.
DESCRIPTION: This quiet block lacks nightlife, transit, and local amenities."
759.0,Private room,4.98,5.0,3.0,3.0,1.0,130.0,True,3.0,1.0,4.0,"NOTES: The block lacks hotels, transit, entertainment, landmarks, nightlife, cafes, groceries, museums, and shops, indicating a quiet residential area.
DESCRIPTION: This block is a quiet residential area characterized by a lack of hotels, transit, entertainment, landmarks, nightlife, cafes, groceries, museums, and shops."
203.81,Entire home/apt,4.95,8.0,4.0,4.0,2.0,66.0,True,4.0,2.0,6.0,"NOTES: This area is a quiet residential or industrial pocket characterized by a complete lack of cafes, entertainment, hotels, parks, and transit, with limited dining, grocery, and fitness options.
DESCRIPTION: This block is a quiet area defined by a lack of cafes, entertainment, hotels, parks, and transit access, while dining, grocery, and gym options remain below average."
619.66,Entire home/apt,4.92,4.0,3.0,3.0,2.0,62.0,True,3.0,2.0,5.0,"NOTES: Lacks entertainment, dining, transit, and amenities; quiet residential area.
DESCRIPTION: This block is a quiet residential area that stands out for its lack of entertainment, dining, transit, and essential amenities."
192.03,Entire home/apt,5.0,2.0,1.0,1.0,1.0,3.0,False,1.0,1.0,2.0,"NOTES: Lacks museums, galleries, dining, nightlife, gyms, and parks; residential or industrial area.
DESCRIPTION: This block is characterized by a lack of museums, galleries, dining, nightlife, gyms, and parks."
238.61,Entire home/apt,5.0,6.0,5.0,3.0,2.0,13.0,True,3.0,2.0,5.0,"NOTES: This block features above average parks and green space but lacks hotels, pharmacies, and transit, indicating a quiet residential area.
DESCRIPTION: This quiet residential area stands out for its above average parks and green space while lacking hotels, pharmacies, and transit access."
342.67,Entire home/apt,4.97,2.0,2.0,2.0,1.0,316.0,True,2.0,1.0,3.0,"NOTES: This block is characterized by a lack of commercial activity, nightlife, and cultural amenities, indicating a quiet residential area.
DESCRIPTION: This block stands out for its quiet atmosphere, as it features well below average levels of dining, nightlife, shopping, and entertainment options."
292.5,Entire home/apt,4.86,2.0,1.0,1.0,1.0,236.0,True,1.0,1.0,2.0,"NOTES: This area is a quiet residential or industrial zone characterized by a complete lack of entertainment and green space, alongside limited access to daily amenities.
DESCRIPTION: This quiet area lacks entertainment venues and parks while offering limited access to dining, cafes, shops, and essential services."
88.5,Entire home/apt,5.0,2.0,1.0,1.0,1.0,1.0,False,1.0,1.0,2.0,"NOTES: This block is characterized by a complete absence of hotels, museums, galleries, and parks, combined with a lack of dining, nightlife, and retail options, indicating a quiet residential or industrial area.
DESCRIPTION: This block stands out for its lack of hotels, museums, galleries, and parks, while also offering fewer dining, nightlife, and retail options than a typical New York block."
123.15,Entire home/apt,4.67,2.0,1.0,1.0,1.0,3.0,True,1.0,1.0,2.0,"NOTES: This block is characterized by a lack of entertainment, dining, retail, and transit options, indicating a quiet residential area.

DESCRIPTION: This block is a quiet residential area that stands out for having significantly fewer entertainment, dining, retail, and transit options than a typical New York block."
202.13,Entire home/apt,4.91,7.0,4.0,3.0,1.0,57.0,True,3.0,1.0,4.0,"NOTES: Lacks parks, entertainment, nightlife, cafes, dining, gyms, and shops; this is a quiet residential area.
DESCRIPTION: This quiet residential area stands out for its lack of parks, entertainment, nightlife, cafes, dining, gyms, and shops."
179.21,Entire home/apt,5.0,3.0,3.0,2.0,1.0,1.0,False,2.0,1.0,3.0,"NOTES: Lack of green space, cafes, gyms, landmarks, nightlife, entertainment, hotels, museums, pharmacies, and shops; industrial or isolated area.
DESCRIPTION: This block is characterized by a lack of green space, amenities, and entertainment options, suggesting an isolated or industrial area."
89.88,Private room,5.0,2.0,1.0,1.0,1.0,1.0,True,1.0,1.0,2.0,"NOTES: This block lacks typical urban amenities such as gyms, shops, nightlife, dining, landmarks, museums, and green space, suggesting a quiet residential or industrial area.
DESCRIPTION: This block is characterized by a notable lack of gyms, shops, nightlife, dining, landmarks, museums, and green space compared to a typical New York block."
108.22,Entire home/apt,5.0,4.0,2.0,2.0,1.0,1.0,True,2.0,1.0,3.0,"NOTES: Lacks hotels, museums, galleries, parks, and transit; quiet area with minimal dining, shopping, and entertainment.
DESCRIPTION: This quiet area lacks hotels, museums, galleries, parks, and transit, while offering minimal dining, shopping, and entertainment options."
62.7,Private room,5.0,2.0,2.0,1.0,1.5,1.0,True,1.0,1.5,2.5,"NOTES: Absence of hotels, parks, and green space, coupled with below-average access to transit, dining, nightlife, and amenities, indicates a quiet residential or industrial area.
DESCRIPTION: This block is a quiet area characterized by a lack of hotels and green space, along with limited access to dining, nightlife, transit, and local amenities."
132.82,Entire home/apt,4.86,2.0,3.0,1.0,1.0,358.0,True,1.0,1.0,2.0,"NOTES: Lack of entertainment, transit, and retail options indicates a quiet residential area.
DESCRIPTION: This quiet residential block stands out for its lack of entertainment venues, shops, and transit options."
117.09,Entire home/apt,4.93,3.0,2.0,1.0,1.0,153.0,True,1.0,1.0,2.0,"NOTES: Lacks transit, green space, and commercial amenities; this is a quiet residential area.
DESCRIPTION: This quiet residential area stands out for its lack of nearby parks, transit, and commercial amenities."
117.44,Entire home/apt,4.93,4.0,2.0,2.0,1.0,28.0,True,2.0,1.0,3.0,"NOTES: Absence of hotels, transit, and entertainment with minimal shops, nightlife, cafes, gyms, and sights; this is a quiet residential area.
DESCRIPTION: This block is a quiet residential area defined by a lack of hotels, transit, and entertainment venues alongside minimal shops, nightlife, cafes, gyms, and sights."
96.67,Entire home/apt,5.0,2.0,1.0,1.0,1.0,1.0,False,1.0,1.0,2.0,"NOTES: This block lacks museums, galleries, and transit access while offering minimal dining, shopping, and entertainment options, indicating a quiet residential or industrial area.
DESCRIPTION: This block is characterized by a lack of museums, galleries, and transit access, with limited options for dining, shopping, and entertainment."
154.87,Entire home/apt,4.71,4.0,2.0,2.0,1.0,14.0,False,2.0,1.0,3.0,"NOTES: This area is a quiet residential enclave characterized by an abundance of parks and green space and a notable lack of commercial amenities, hotels, and transit options.

DESCRIPTION: This block stands out for its exceptional amount of green space and its quiet atmosphere, as it lacks the hotels, dining, and transit options typically found in New York."
68.77,Private room,1.0,2.0,1.0,1.0,2.0,1.0,False,1.0,2.0,3.0,"NOTES: Lacking entertainment, transit, and essential services, this is a quiet residential area.
DESCRIPTION: This block is a quiet residential area characterized by a lack of entertainment, transit, and essential services."
130.0,Private room,4.87,2.0,1.0,2.0,1.0,82.0,False,2.0,1.0,3.0,"NOTES: Lack of cultural, social, and commercial amenities; quiet residential area.
DESCRIPTION: This block is a quiet residential area defined by a notable absence of museums, nightlife, entertainment, and retail options."
367.25,Entire home/apt,4.92,4.0,2.0,2.0,2.0,25.0,False,2.0,2.0,4.0,"NOTES: Lacks museums, galleries, nightlife, entertainment, dining, shops, parks, and transit; this is a quiet residential area.
DESCRIPTION: This quiet residential area stands out for its lack of museums, galleries, nightlife, entertainment, dining, shops, parks, and transit."
51.66,Entire home/apt,5.0,1.0,2.0,1.0,1.0,1.0,False,1.0,1.0,2.0,"NOTES: Lacks entertainment, museums, parks, and dining options, indicating a quiet residential or industrial area.
DESCRIPTION: This block is characterized by a lack of entertainment, museums, parks, and dining options, resulting in a quiet environment with limited local amenities."
319.99,Entire home/apt,4.88,2.0,2.0,2.0,1.0,115.0,True,2.0,1.0,3.0,"NOTES: This block lacks typical urban amenities and recreational spaces, suggesting a quiet residential area.
DESCRIPTION: This quiet residential area stands out for its lack of entertainment, dining, shops, and green spaces."
277.47,Entire home/apt,4.78,4.0,2.0,2.0,1.5,114.0,False,2.0,1.5,3.5,"NOTES: Lacks entertainment, landmarks, gyms, shops, nightlife, dining, hotels, museums, and parks; this is a quiet residential area.
DESCRIPTION: This block is a quiet residential area that lacks entertainment, landmarks, gyms, shops, nightlife, dining, hotels, museums, and parks."
115.65,Entire home/apt,4.83,2.0,2.0,1.0,1.0,36.0,False,1.0,1.0,2.0,"NOTES: The block is quiet in all categories, suggesting a residential or isolated area.
DESCRIPTION: This block is quiet due to a lack of grocery stores, dining, entertainment, gyms, museums, parks, pharmacies, and shops."
66.4,Private room,4.2,7.0,2.0,2.0,1.5,5.0,False,2.0,1.5,3.5,"NOTES: Absence of museums, galleries, gyms, sports, nightlife, dining, parks, and shops indicates a quiet residential area.
DESCRIPTION: This block is a quiet residential area characterized by a lack of museums, galleries, gyms, nightlife, dining, parks, and shops."
461.67,Entire home/apt,4.67,12.0,5.0,5.0,2.5,27.0,True,5.0,2.5,7.5,"NOTES: This is a quiet residential area characterized by a lack of commercial amenities, cultural attractions, and recreational facilities.
DESCRIPTION: This quiet block stands out for its lack of dining, nightlife, shops, and cultural or recreational venues."
154.87,Entire home/apt,4.67,4.0,3.0,3.0,1.0,129.0,False,3.0,1.0,4.0,"NOTES: This is a quiet residential area characterized by a lack of nightlife, transit, pharmacies, and essential services.
DESCRIPTION: This quiet residential block lacks nightlife, transit, and pharmacies while offering very limited access to dining, cafes, and grocery stores."
152.39,Entire home/apt,5.0,3.0,2.0,1.0,1.0,36.0,False,1.0,1.0,2.0,"NOTES: High density of pharmacies; absence of hotels, landmarks, transit, and entertainment; quiet residential area.
DESCRIPTION: This block is distinguished by its high density of pharmacies and a notable lack of hotels, landmarks, transit, and entertainment venues. The area is quiet, with fewer dining, nightlife, and recreational options than is typical for New York."
195.43,Entire home/apt,4.5,6.0,5.0,2.0,1.0,123.0,False,2.0,1.0,3.0,"NOTES: This block lacks parks, green space, and essential amenities like dining, groceries, and pharmacies, indicating an isolated residential or industrial area.
DESCRIPTION: This block is characterized by a lack of parks and green space, alongside limited access to dining, grocery stores, pharmacies, and transit options."
61.3,Private room,4.6,2.0,1.0,5.0,2.5,5.0,True,5.0,2.5,7.5,"NOTES: Lack of transit, nightlife, dining, and amenities; quiet residential area.
DESCRIPTION: This block is a quiet residential area characterized by a lack of transit access, nightlife, and local amenities."
150.31,Entire home/apt,3.5,4.0,3.0,3.0,1.0,2.0,False,3.0,1.0,4.0,"NOTES: Absence of entertainment, parks, and landmarks, combined with below-average access to daily amenities and transit; this is a quiet, isolated residential area.
DESCRIPTION: This block is a quiet, isolated area defined by a lack of entertainment, parks, and landmarks. Residents have below-average access to daily amenities, dining, and transit options."
138.44,Entire home/apt,4.33,2.0,2.0,1.0,1.0,3.0,True,1.0,1.0,2.0,"NOTES: This area is a quiet residential enclave characterized by a lack of commercial, cultural, and transit amenities.
DESCRIPTION: This quiet residential area stands out for its lack of museums, galleries, gyms, nightlife, cafes, dining, shops, and transit options."
142.22,Entire home/apt,5.0,4.0,1.0,1.0,1.0,20.0,True,1.0,1.0,2.0,"NOTES: Lacks amenities, transit, and cultural attractions; this is an isolated residential or industrial area.
DESCRIPTION: This block stands out for its lack of museums, parks, dining, shops, and transit options. It is a quiet area with minimal nightlife and limited access to daily conveniences."
240.3,Entire home/apt,5.0,4.0,2.0,2.0,1.0,73.0,False,2.0,1.0,3.0,"NOTES: Lacks entertainment, hotels, parks, transit, shops, dining, and landmarks; residential enclave.
DESCRIPTION: This block is a quiet residential enclave that lacks entertainment, hotels, parks, transit, shops, dining, and landmarks."
301.89,Entire home/apt,4.64,4.0,2.0,2.0,2.0,11.0,False,2.0,2.0,4.0,"NOTES: This is a quiet residential area characterized by a complete lack of hotels and transit, alongside a scarcity of nightlife, dining, and public amenities.
DESCRIPTION: This quiet residential block stands out for its lack of hotels and transit access, as well as its limited selection of dining, nightlife, and local amenities."
149.43,Entire home/apt,4.77,4.0,3.0,2.0,1.0,88.0,True,2.0,1.0,3.0,"NOTES: High concentration of pharmacies, limited nightlife, dining, and transit; residential enclave.
DESCRIPTION: This block stands out for its high concentration of pharmacies and lack of nightlife, dining, and transit options."
451.0,Entire home/apt,4.79,4.0,4.0,3.0,1.0,181.0,False,3.0,1.0,4.0,"NOTES: High density of grocery stores with an absence of nightlife, fitness, hospitality, cultural, or dining options; this is a quiet residential area.
DESCRIPTION: This block stands out for its high concentration of grocery stores while lacking bars, gyms, hotels, museums, and significant dining or entertainment options."
182.89,Entire home/apt,4.89,2.0,3.0,2.0,1.0,36.0,False,2.0,1.0,3.0,"NOTES: Lacks parks, transit, and commercial amenities; this is a quiet residential area.
DESCRIPTION: This quiet residential area lacks parks, transit, and commercial amenities."
579.46,Entire home/apt,4.38,8.0,4.0,3.0,1.0,34.0,False,3.0,1.0,4.0,"NOTES: Lacks amenities, dining, and entertainment; quiet residential area.
DESCRIPTION: This block is a quiet residential area that stands out for its lack of cafes, dining, shops, and entertainment venues."
256.26,Entire home/apt,4.81,8.0,6.0,4.0,3.0,27.0,True,4.0,3.0,7.0,"NOTES: Lacks landmarks, museums, parks, and amenities; this is a quiet residential area.
DESCRIPTION: This block is a quiet residential area that lacks landmarks, museums, parks, and nearby amenities."
138.0,Entire home/apt,4.92,3.0,2.0,2.0,1.0,88.0,True,2.0,1.0,3.0,"NOTES: Lacks essential amenities, transit, and green space; this is a remote residential area.
DESCRIPTION: This block is characterized by a lack of nearby parks, pharmacies, and transit options. It also features below average access to dining, entertainment, and essential services."
127.33,Entire home/apt,5.0,4.0,3.0,2.0,1.0,2.0,False,2.0,1.0,3.0,"NOTES: Above average parks and pharmacies, but lacking in transit, entertainment, dining, and retail; this is a quiet residential enclave.
DESCRIPTION: This block stands out for its abundant green space and pharmacies while remaining notably devoid of transit, nightlife, dining, and shopping options."
180.75,Entire home/apt,4.94,6.0,3.0,3.0,2.0,65.0,False,3.0,2.0,5.0,"NOTES: Lacks transit, landmarks, and social amenities; quiet residential area.
DESCRIPTION: This block is a quiet residential area that stands out for its lack of transit, landmarks, and social amenities."
235.37,Entire home/apt,4.91,4.0,3.0,2.0,1.0,119.0,False,2.0,1.0,3.0,"NOTES: Standout features include abundant parks and green space with an absence of commercial amenities like hotels, museums, galleries, nightlife, cafes, dining, grocery stores, and gyms, indicating a quiet residential or park-adjacent area.
DESCRIPTION: This block is defined by its exceptional access to green space, including the nearby Brooklyn Botanic Garden, while remaining notably quiet due to a lack of commercial establishments and nightlife."
1185.0,Entire home/apt,4.94,16.0,12.0,8.0,3.5,33.0,True,8.0,3.5,11.5,"NOTES: The block lacks entertainment, dining, and transit options, and has minimal cafes, landmarks, shops, and nightlife, indicating a quiet residential area.
DESCRIPTION: This quiet residential area lacks entertainment, dining, and transit options while offering minimal cafes, landmarks, shops, and nightlife."
286.0,Entire home/apt,4.98,2.0,1.0,1.0,1.0,66.0,True,1.0,1.0,2.0,"NOTES: Lacks museums, galleries, transit, and amenities; quiet residential area.
DESCRIPTION: This block is a quiet residential area that stands out for its lack of transit, entertainment, shops, and cultural institutions."
150.67,Entire home/apt,4.44,2.0,2.0,1.0,1.0,70.0,False,1.0,1.0,2.0,"NOTES: This is a quiet residential area characterized by a lack of nightlife, entertainment, and cultural attractions, alongside limited access to dining, fitness, and essential services.

DESCRIPTION: This quiet block stands out for its lack of nightlife, entertainment, and cultural venues, while also offering limited dining, fitness, and essential services."
313.46,Entire home/apt,4.71,6.0,2.0,2.0,3.0,7.0,False,2.0,3.0,5.0,"NOTES: Lacks transit, nightlife, entertainment, and essential services; this is a quiet residential area.
DESCRIPTION: This block is a quiet residential area that stands out for its lack of transit, nightlife, entertainment, and essential services."
90.11,Entire home/apt,4.77,3.0,1.0,1.0,1.0,13.0,False,1.0,1.0,2.0,"NOTES: Absence of nightlife, museums, galleries, and limited amenities indicate a quiet residential area.
DESCRIPTION: This block is a quiet residential area characterized by a lack of nightlife, museums, and galleries, with limited options for dining, shopping, and fitness."
448.03,Entire home/apt,5.0,3.0,2.0,2.0,1.5,11.0,False,2.0,1.5,3.5,"NOTES: Lacks entertainment, landmarks, nightlife, dining, grocery stores, museums, parks, pharmacies, and shops; quiet residential area.
DESCRIPTION: This block is a quiet residential area that stands out for its lack of entertainment, dining, shopping, and community amenities."
95.9,Entire home/apt,5.0,4.0,2.0,2.0,1.0,2.0,True,2.0,1.0,3.0,"NOTES: Minimal amenities, landmarks, and social venues; this is a quiet residential area.
DESCRIPTION: This block is a quiet residential area characterized by a lack of dining, shops, entertainment, and green space."
68.03,Private room,5.0,2.0,1.0,4.0,2.0,1.0,True,4.0,2.0,6.0,"NOTES: This area is a quiet residential or industrial enclave characterized by a lack of museums, galleries, nightlife, dining, entertainment, fitness facilities, parks, pharmacies, and shops.

DESCRIPTION: This block is a quiet area defined by a notable absence of museums, galleries, nightlife, dining, entertainment, fitness facilities, parks, pharmacies, and shops."
142.7,Entire home/apt,4.81,4.0,3.0,2.0,1.0,27.0,True,2.0,1.0,3.0,"NOTES: This area is a quiet residential or industrial zone lacking commercial amenities, transit, and attractions.
DESCRIPTION: This block is a quiet area characterized by a lack of transit, landmarks, and commercial establishments."
553.1,Entire home/apt,5.0,2.0,1.0,1.0,1.0,5.0,False,1.0,1.0,2.0,"NOTES: Lack of hotels, pharmacies, and transit, combined with below average amenities, landmarks, and nightlife, indicates a quiet residential area.
DESCRIPTION: This quiet residential block stands out for its lack of hotels, pharmacies, and transit options. It features below average levels of dining, shopping, nightlife, and local landmarks."
59.46,Private room,4.73,2.0,1.0,5.0,2.5,11.0,True,5.0,2.5,7.5,"NOTES: Lacks transit, nightlife, entertainment, dining, and green space; this is a quiet residential area.
DESCRIPTION: This quiet residential area stands out for its lack of transit, nightlife, entertainment, and dining options."
114.33,Entire home/apt,4.85,2.0,1.0,1.0,1.0,13.0,False,1.0,1.0,2.0,"NOTES: This block is characterized by a complete absence of nightlife, parks, and transit, with below-average access to dining, cafes, entertainment, groceries, and shops, indicating a quiet residential or industrial area.
DESCRIPTION: This block is a quiet area with no nearby nightlife, parks, or transit options and limited access to dining, cafes, entertainment, groceries, and shops."
160.4,Entire home/apt,4.71,4.0,2.0,1.0,1.0,14.0,False,1.0,1.0,2.0,"NOTES: This is a quiet residential area characterized by a lack of commercial amenities, dining, nightlife, and transit access.
DESCRIPTION: This quiet block stands out for its lack of hotels, shops, and dining options, while also offering minimal access to transit, gyms, and nightlife."
57.17,Private room,4.0,2.0,1.0,1.0,1.0,3.0,False,1.0,1.0,2.0,"NOTES: This block is exceptionally quiet due to a lack of commercial, social, and cultural amenities, suggesting a purely residential area.
DESCRIPTION: This quiet residential block stands out for its lack of dining, shopping, nightlife, and cultural venues."
193.6,Entire home/apt,4.71,4.0,3.0,3.0,2.0,24.0,True,3.0,2.0,5.0,"NOTES: Lacks museums, galleries, gyms, sports facilities, pharmacies, bars, nightlife, dining, hotels, and shops; this is a quiet residential area.
DESCRIPTION: This block is a quiet residential area characterized by a notable absence of museums, galleries, gyms, pharmacies, nightlife, dining, hotels, and shops."
361.0,Entire home/apt,4.72,6.0,3.0,2.0,2.0,95.0,False,2.0,2.0,4.0,"NOTES: Lacks hotels, museums, galleries, parks, transit, landmarks, shops, dining, and entertainment; quiet residential or industrial area.
DESCRIPTION: This block is characterized by a lack of hotels, museums, galleries, parks, transit, landmarks, shops, dining, and entertainment venues."
84.1,Entire home/apt,4.69,2.0,3.0,1.0,1.0,16.0,False,1.0,1.0,2.0,"NOTES: The absence of cafes, landmarks, museums, and transit, paired with limited dining, shopping, and entertainment, indicates a quiet residential area.

DESCRIPTION: This quiet residential block is characterized by a lack of cafes, landmarks, and transit options, while dining, shopping, and entertainment venues are notably scarce."
106.13,Entire home/apt,4.97,2.0,1.0,1.0,1.0,30.0,True,1.0,1.0,2.0,"NOTES: Lacks landmarks, museums, parks, transit, and commercial amenities; this is a quiet residential area.
DESCRIPTION: This quiet residential area stands out for its lack of landmarks, museums, parks, and transit options, while also offering fewer dining, shopping, and nightlife amenities than a typical New York block."
161.28,Entire home/apt,4.0,6.0,2.0,2.0,1.5,3.0,False,2.0,1.5,3.5,"NOTES: Absence of transit and scarcity of amenities, services, and green space; quiet residential area.
DESCRIPTION: This block is a quiet residential area defined by a lack of transit access and a notable scarcity of shops, dining, and recreational amenities."
337.94,Entire home/apt,5.0,6.0,4.0,4.0,2.0,2.0,False,4.0,2.0,6.0,"NOTES: High concentration of pharmacies, quiet residential or industrial area.
DESCRIPTION: This block is characterized by an above average number of pharmacies and a lack of dining, nightlife, and recreational amenities."
172.43,Entire home/apt,4.76,6.0,3.0,3.0,1.0,86.0,False,3.0,1.0,4.0,"NOTES: This area is a quiet residential or industrial zone characterized by a lack of commercial, social, and cultural amenities.
DESCRIPTION: This block is a quiet area that stands out for its lack of dining, nightlife, entertainment, and retail options."
121.7,Entire home/apt,5.0,2.0,1.0,1.0,1.0,16.0,True,1.0,1.0,2.0,"NOTES: Lacks green space, transit, and commercial amenities; this is a quiet residential area.
DESCRIPTION: This block is a quiet residential area that stands out for its lack of parks, transit, and commercial amenities."
143.77,Entire home/apt,4.33,4.0,2.0,2.0,1.0,6.0,False,2.0,1.0,3.0,"NOTES: This block is characterized by a complete absence of hotels and transit access, alongside limited amenities and entertainment options, indicating a quiet residential or secluded area.

DESCRIPTION: This block stands out for its lack of hotels and transit access, while offering fewer dining, shopping, and entertainment options than a typical New York block."
124.83,Entire home/apt,4.53,4.0,5.0,2.0,1.0,17.0,False,2.0,1.0,3.0,"NOTES: This area is a quiet residential enclave characterized by above average parks and green space and a notable lack of commercial amenities, transit, and nightlife.

DESCRIPTION: This block is a quiet residential area defined by its abundance of parks and green space and a lack of nearby shops, dining, transit, and nightlife."
191.37,Entire home/apt,4.77,6.0,2.0,2.0,1.0,26.0,False,2.0,1.0,3.0,"NOTES: This is a quiet residential area characterized by a lack of museums, galleries, nightlife, dining, entertainment, fitness facilities, green space, pharmacies, and shops.
DESCRIPTION: This quiet residential area stands out for its lack of museums, galleries, nightlife, dining, entertainment, fitness facilities, green space, pharmacies, and shops."
149.0,Entire home/apt,4.84,2.0,1.0,1.0,1.0,100.0,True,1.0,1.0,2.0,"NOTES: This is a quiet residential area characterized by a lack of cafes, landmarks, parks, transit, and essential services.
DESCRIPTION: This quiet residential block stands out for its lack of cafes, landmarks, parks, and transit options, while also offering very limited access to dining, nightlife, and essential services."
142.0,Private room,4.03,2.0,1.0,1.0,1.0,433.0,False,1.0,1.0,2.0,"NOTES: This block lacks entertainment, landmarks, museums, pharmacies, bars, dining, grocery stores, shops, and transit, indicating a quiet residential area.
DESCRIPTION: This quiet residential area stands out for its lack of entertainment, dining, shopping, and transit options."
586.3,Private room,4.45,2.0,2.0,2.0,1.5,53.0,False,2.0,1.5,3.5,"NOTES: This is a quiet residential area characterized by a lack of commercial amenities, dining, nightlife, and public attractions.

DESCRIPTION: This quiet residential area stands out for its limited access to dining, nightlife, shops, and public amenities."
137.67,Entire home/apt,4.84,2.0,1.0,1.0,1.0,338.0,False,1.0,1.0,2.0,"NOTES: This block lacks pharmacies and features below average levels of entertainment, shops, nightlife, dining, grocery stores, hotels, museums, galleries, and transit, suggesting a quiet residential area.
DESCRIPTION: This quiet residential area stands out for its lack of pharmacies and limited access to dining, shopping, entertainment, and transit options."
46.25,Private room,4.83,2.0,1.0,1.0,1.0,24.0,False,1.0,1.0,2.0,"NOTES: Lack of nightlife, parks, dining, and shops; quiet residential area.
DESCRIPTION: This block is a quiet residential area characterized by a notable absence of nightlife, parks, dining options, and shops."
174.72,Entire home/apt,5.0,2.0,2.0,1.0,1.0,2.0,False,1.0,1.0,2.0,"NOTES: Lack of parks, transit, and essential services; remote residential area.
DESCRIPTION: This block is a remote residential area characterized by a lack of nearby parks, transit, and essential services."
127.11,Private room,4.83,2.0,2.0,2.0,1.0,102.0,False,2.0,1.0,3.0,"NOTES: Absence of hotels, parks, and green space; minimal entertainment, sports, landmarks, shops, dining, and nightlife; residential or industrial area.
DESCRIPTION: This block is characterized by a lack of hotels, parks, and green space, with minimal options for entertainment, dining, shopping, and nightlife."
970.0,Entire home/apt,4.93,8.0,4.0,3.0,2.0,189.0,True,3.0,2.0,5.0,"NOTES: This area is a quiet residential enclave characterized by a significant lack of commercial, recreational, and social amenities.
DESCRIPTION: This block is a quiet residential area that stands out for its limited access to dining, shopping, nightlife, and green spaces."
54.4,Private room,4.8,1.0,1.0,1.0,1.0,20.0,False,1.0,1.0,2.0,"NOTES: Absence of amenities, landmarks, and transit; quiet residential area.
DESCRIPTION: This block is a quiet residential area characterized by a lack of nearby landmarks, transit, and commercial amenities."
294.6,Entire home/apt,5.0,2.0,1.0,2.0,1.0,23.0,False,2.0,1.0,3.0,"NOTES: Lacks parks, transit, and essential services; this is a remote residential area.
DESCRIPTION: This block is a remote residential area that lacks nearby parks, transit, and essential services."
121.6,Entire home/apt,4.75,2.0,1.0,1.0,1.0,139.0,False,1.0,1.0,2.0,"NOTES: Absence of nightlife, hotels, and transit, combined with a significant lack of dining, cafes, and amenities, indicates a secluded residential area.
DESCRIPTION: This block is a secluded residential area characterized by a notable absence of nightlife, hotels, and transit options. It offers very limited access to dining, cafes, and daily conveniences."
109.0,Private room,3.67,2.0,1.0,1.0,1.0,55.0,False,1.0,1.0,2.0,"NOTES: Lacks amenities such as cafes, museums, galleries, and green space, while dining, entertainment, nightlife, gyms, and shops are sparse; this is a quiet residential or industrial area.
DESCRIPTION: This block is a quiet area characterized by a lack of cafes, museums, and parks, with limited options for dining, entertainment, nightlife, and shopping."
411.0,Entire home/apt,4.58,5.0,2.0,2.0,1.0,305.0,False,2.0,1.0,3.0,"NOTES: This block lacks pharmacies and features below average access to entertainment, shops, nightlife, dining, groceries, hotels, museums, and transit, indicating a quiet residential area.
DESCRIPTION: This quiet residential area stands out for its lack of pharmacies and limited access to shops, dining, entertainment, and transit options."
122.36,Entire home/apt,4.84,4.0,2.0,2.0,1.0,62.0,True,2.0,1.0,3.0,"NOTES: The block is exceptionally quiet across all categories of amenities, transit, and cultural attractions, indicating a secluded residential area.
DESCRIPTION: This block is characterized by a quiet atmosphere with minimal access to dining, entertainment, shopping, and transit options."
58.14,Private room,4.45,1.0,2.0,1.0,1.0,22.0,True,1.0,1.0,2.0,"NOTES: Lack of cafes, entertainment, landmarks, museums, and parks; limited dining, shopping, and fitness options; quiet residential area.
DESCRIPTION: This block is a quiet residential area characterized by a notable absence of cultural venues, parks, and retail amenities."
276.57,Entire home/apt,5.0,4.0,1.0,2.0,1.0,1.0,False,2.0,1.0,3.0,"NOTES: Lacks hotels, parks, transit, and essential services; this is a quiet, isolated residential area.
DESCRIPTION: This quiet, isolated residential block stands out for its lack of hotels, parks, transit, and essential services."
144.36,Entire home/apt,4.62,2.0,1.0,1.0,1.0,124.0,False,1.0,1.0,2.0,"NOTES: Lack of nightlife, hotels, transit, and amenities; quiet residential area.
DESCRIPTION: This block is a quiet residential area defined by a lack of transit, nightlife, and retail amenities."
109.17,Entire home/apt,5.0,1.0,1.0,1.0,1.0,10.0,True,1.0,1.0,2.0,"NOTES: This block lacks subway access, entertainment, gyms, landmarks, shops, dining, hotels, museums, and parks, indicating a quiet residential area.
DESCRIPTION: This quiet residential block stands out for its lack of transit, entertainment, landmarks, and retail options."
443.92,Private room,5.0,5.0,3.0,2.0,1.0,100.0,True,2.0,1.0,3.0,"NOTES: Quiet residential area with a significant lack of commercial, transit, and cultural amenities.
DESCRIPTION: This quiet residential block is characterized by a notable absence of transit, entertainment, and cultural venues, alongside limited access to dining, cafes, and grocery stores."
127.06,Entire home/apt,4.96,2.0,1.0,1.0,1.0,24.0,True,1.0,1.0,2.0,"NOTES: Lacks parks, green space, and essential amenities like transit, shops, and dining; this is an isolated residential area.
DESCRIPTION: This block is an isolated residential area that lacks parks, green space, and essential amenities such as transit, shops, and dining."
436.39,Entire home/apt,5.0,6.0,3.0,3.0,3.0,7.0,False,3.0,3.0,6.0,"NOTES: This block is characterized by a quiet atmosphere with a lack of amenities, shops, and entertainment, indicating a purely residential area.
DESCRIPTION: This quiet residential block is defined by a lack of dining, shopping, and entertainment options."
117.02,Entire home/apt,4.41,4.0,2.0,1.0,1.0,54.0,True,1.0,1.0,2.0,"NOTES: The block lacks cafes, entertainment, gyms, parks, and transit, and has below average dining, shops, and services, indicating an isolated residential or industrial area.
DESCRIPTION: This block is characterized by a lack of cafes, entertainment, and transit options, while dining, shopping, and essential services are all below average."
142.74,Private room,4.92,2.0,2.0,2.0,1.0,209.0,False,2.0,1.0,3.0,"NOTES: Above average parks and transit; quiet with limited retail, dining, and entertainment; residential enclave.
DESCRIPTION: This block is a quiet residential enclave defined by its above average parks and transit access, while lacking local shops, dining, and entertainment venues."
118.55,Entire home/apt,4.62,6.0,4.0,3.0,1.0,113.0,False,3.0,1.0,4.0,"NOTES: This block features a lack of dining, entertainment, groceries, gyms, and nightlife, indicating a quiet residential or institutional area near The Metropolitan Museum of Art.

DESCRIPTION: Located near The Metropolitan Museum of Art, this quiet block stands out for its lack of dining, entertainment, groceries, gyms, and nightlife."
424.06,Entire home/apt,4.0,7.0,3.0,2.0,2.0,6.0,False,2.0,2.0,4.0,"NOTES: Lack of transit, limited commercial services, and sparse leisure amenities indicate a quiet residential area.
DESCRIPTION: This block is a quiet residential area characterized by a lack of nearby transit and a scarcity of shops, dining, and entertainment options."
120.0,Private room,4.67,1.0,1.0,1.0,1.0,3.0,True,1.0,1.0,2.0,"NOTES: This block lacks typical urban amenities and transit access, indicating a quiet residential or isolated area near Times Square.

DESCRIPTION: This quiet area near Times Square is characterized by a lack of hotels, museums, galleries, and essential services."
73.97,Private room,4.83,1.0,1.0,1.0,1.0,35.0,True,1.0,1.0,2.0,"NOTES: Absence of entertainment, transit, and nightlife; quiet residential area.
DESCRIPTION: This block is a quiet residential area characterized by a notable absence of entertainment, transit, and nightlife options."
275.38,Entire home/apt,4.75,5.0,4.0,3.0,2.0,12.0,False,3.0,2.0,5.0,"NOTES: Quiet, isolated, and lacking in amenities or transit; residential or industrial area.
DESCRIPTION: This block is characterized by a quiet atmosphere with a notable absence of nightlife, dining, and transit options. It lacks nearby landmarks, parks, or shops, resulting in a secluded environment."
126.78,Entire home/apt,4.91,2.0,1.0,1.0,1.0,46.0,False,1.0,1.0,2.0,"NOTES: This block lacks entertainment, transit, and amenities, indicating a quiet residential area.
DESCRIPTION: This quiet residential block is characterized by a lack of entertainment, transit, and local amenities."
263.0,Entire home/apt,4.67,10.0,3.0,3.0,1.0,3.0,False,3.0,1.0,4.0,"NOTES: This area is a quiet residential or industrial enclave characterized by a complete absence of hotels and a significant lack of nightlife, dining, transit, and cultural amenities.

DESCRIPTION: This block is a quiet area defined by a lack of hotels, nightlife, dining, transit, and cultural attractions."
155.17,Entire home/apt,4.86,4.0,2.0,1.0,1.0,51.0,True,1.0,1.0,2.0,"NOTES: Lacks cafes, entertainment, museums, galleries, bars, gyms, and shops; this is a quiet residential area.
DESCRIPTION: This quiet residential block lacks cafes, entertainment, museums, galleries, bars, gyms, and shops."
222.88,Entire home/apt,4.8,10.0,4.0,3.0,2.0,5.0,False,3.0,2.0,5.0,"NOTES: Lacks museums, galleries, cafes, shops, and entertainment venues; quiet residential area.
DESCRIPTION: This quiet residential area lacks museums, galleries, cafes, shops, and entertainment venues."
145.09,Entire home/apt,5.0,2.0,1.0,1.0,1.0,2.0,False,1.0,1.0,2.0,"NOTES: Absence of entertainment, hotels, and transit, combined with a lack of amenities and attractions, indicates a secluded residential area.
DESCRIPTION: This secluded residential block stands out for its lack of entertainment, hotels, and transit access, alongside a notable scarcity of shops, dining, and recreational amenities."
582.23,Entire home/apt,5.0,4.0,3.0,2.0,1.5,1.0,False,2.0,1.5,3.5,"NOTES: Limited commercial, dining, and fitness amenities; quiet residential area.
DESCRIPTION: This block is a quiet residential area characterized by a lack of grocery stores, shops, dining, and nightlife options."
278.67,Entire home/apt,4.33,2.0,1.0,1.0,1.0,6.0,False,1.0,1.0,2.0,"NOTES: Lacks landmarks, parks, pharmacies, and essential services, indicating a quiet residential or isolated area.
DESCRIPTION: This block is a quiet area that lacks landmarks, parks, and pharmacies while offering limited dining, entertainment, and transit options."
151.09,Entire home/apt,4.96,3.0,2.0,1.0,1.0,28.0,False,1.0,1.0,2.0,"NOTES: This area is a quiet residential or industrial zone characterized by a total lack of nightlife, cultural venues, transit access, and green space, alongside limited options for daily necessities and services.
DESCRIPTION: This block is a quiet area defined by a lack of nightlife, cultural institutions, and transit access, with limited options for dining, shopping, and daily services."
280.23,Entire home/apt,4.94,2.0,2.0,2.0,1.0,17.0,False,2.0,1.0,3.0,"NOTES: Lacks landmarks, museums, parks, transit, and commercial amenities; residential enclave.
DESCRIPTION: This block is a quiet residential enclave that lacks landmarks, museums, parks, and significant transit or commercial amenities."
177.64,Entire home/apt,4.9,2.0,1.0,1.0,1.0,29.0,False,1.0,1.0,2.0,"NOTES: Lacks bars, nightlife, entertainment, and transit; limited dining, cafes, shops, and green space; residential or secluded area.
DESCRIPTION: This block is characterized by a lack of nightlife, entertainment, and transit options, with limited access to dining, cafes, shops, and green space."
59.0,Private room,3.5,1.0,1.0,1.0,1.0,2.0,False,1.0,1.0,2.0,"NOTES: Lacks amenities, dining, and nightlife; residential or secluded area.
DESCRIPTION: This block is characterized by a notable absence of nightlife, cafes, gyms, and landmarks, with limited access to dining, shops, and essential services."
149.37,Entire home/apt,4.85,8.0,3.0,3.0,2.0,112.0,True,3.0,2.0,5.0,"NOTES: This block lacks bars, nightlife, and parks, while offering below average access to dining, entertainment, groceries, and services, indicating a quiet residential or industrial area.
DESCRIPTION: This block is a quiet area with no nearby nightlife or green space and limited access to dining, entertainment, and essential shops."
172.72,Entire home/apt,4.7,4.0,1.0,1.0,1.0,128.0,False,1.0,1.0,2.0,"NOTES: The block lacks parks and green space and features below-average access to retail, dining, entertainment, and transit, indicating a quiet residential or industrial area.
DESCRIPTION: This block is characterized by a lack of parks and green space alongside limited access to dining, shopping, and transit options."
175.17,Entire home/apt,5.0,4.0,1.0,1.0,1.0,3.0,True,1.0,1.0,2.0,"NOTES: This block lacks nightlife, cafes, entertainment, hotels, parks, and transit, while offering minimal dining, shopping, and fitness options, indicating a quiet residential or industrial area.
DESCRIPTION: This block is characterized by a lack of nightlife, cafes, entertainment, hotels, parks, and transit, with limited options for dining, shopping, and fitness."
143.77,Entire home/apt,4.5,4.0,2.0,2.0,1.0,6.0,False,2.0,1.0,3.0,"NOTES: Above average green space, lack of transit, and scarcity of commercial amenities; this is a quiet residential enclave.
DESCRIPTION: This block stands out for its abundant green space and notable lack of subway access, dining, and retail options."
508.0,Private room,4.87,2.0,3.0,2.0,2.0,39.0,True,2.0,2.0,4.0,"NOTES: This block lacks dining, entertainment, grocery stores, landmarks, and transit, identifying it as a quiet residential area.
DESCRIPTION: This quiet residential block is characterized by a lack of dining, entertainment, grocery stores, landmarks, and transit options."
432.0,Entire home/apt,4.56,7.0,3.0,2.0,1.0,82.0,False,2.0,1.0,3.0,"NOTES: Lacks entertainment, pharmacies, transit, and essential services; this is a quiet residential area.
DESCRIPTION: This block stands out as a quiet residential area due to its lack of entertainment, pharmacies, and transit options. It also features fewer dining, shopping, and grocery choices than a typical New York block."
247.82,Entire home/apt,5.0,4.0,3.0,2.0,2.0,4.0,False,2.0,2.0,4.0,"NOTES: Lack of museums, galleries, cafes, dining, gyms, sports, landmarks, and nightlife indicates a quiet residential area.
DESCRIPTION: This block is a quiet residential area characterized by a notable absence of museums, galleries, dining, and entertainment options."
145.43,Entire home/apt,4.95,6.0,3.0,2.0,1.0,38.0,True,2.0,1.0,3.0,"NOTES: Lacks cafes, hotels, museums, galleries, and transit; sparse dining, shopping, and entertainment; quiet residential area.

DESCRIPTION: This block is a quiet residential area defined by a lack of cafes, hotels, museums, and transit, with sparse dining, shopping, and entertainment options."
1079.0,Entire home/apt,4.95,9.0,4.0,4.0,2.0,111.0,True,4.0,2.0,6.0,"NOTES: This block lacks entertainment, hotels, and museums, while offering minimal access to transit, dining, and daily services, indicating a secluded residential area.

DESCRIPTION: This quiet residential block is characterized by a notable absence of entertainment venues, hotels, and museums, with limited access to dining, transit, and daily amenities."
210.2,Entire home/apt,4.75,4.0,4.0,3.0,2.0,4.0,False,3.0,2.0,5.0,"NOTES: High concentration of entertainment and green space including Riverside Park, but lacks essential services and dining, indicating a recreational or residential enclave.
DESCRIPTION: This area stands out for its above average entertainment venues and green space, which includes Riverside Park. It is characterized by a lack of pharmacies, grocery stores, and shops, along with limited dining and nightlife options."
119.0,Private room,4.93,2.0,1.0,1.0,1.0,44.0,True,1.0,1.0,2.0,"NOTES: Lack of entertainment, landmarks, nightlife, and retail services indicates a quiet residential area.
DESCRIPTION: This block is a quiet residential area characterized by a notable absence of entertainment, landmarks, nightlife, and retail services."
181.57,Private room,4.0,2.0,1.0,1.0,1.0,6.0,False,1.0,1.0,2.0,"NOTES: This block lacks entertainment, museums, parks, and essential services, indicating a quiet residential or industrial area.

DESCRIPTION: This quiet block stands out for its lack of entertainment, museums, and green space, while offering fewer dining, shopping, and service options than a typical New York location."
265.9,Entire home/apt,4.93,2.0,2.0,1.0,1.0,88.0,True,1.0,1.0,2.0,"NOTES: This area is a quiet residential or industrial zone lacking all major amenities, landmarks, and transit access.
DESCRIPTION: This block is a quiet area that lacks nearby landmarks, transit, and amenities such as shops, dining, and green space."
281.0,Private room,5.0,2.0,2.0,2.0,1.0,6.0,True,2.0,1.0,3.0,"NOTES: This block lacks hotels, museums, galleries, parks, green space, and pharmacies, while offering minimal dining, shopping, and nightlife, indicating a quiet residential area.
DESCRIPTION: This quiet residential area lacks hotels, museums, galleries, parks, and pharmacies while offering minimal dining, shopping, and nightlife options."
49.1,Private room,4.81,1.0,1.0,2.0,1.0,16.0,True,2.0,1.0,3.0,"NOTES: This block lacks hotels, museums, galleries, and transit, while offering minimal dining, nightlife, and amenities, indicating a secluded residential area.

DESCRIPTION: This secluded residential area stands out for its lack of hotels, museums, galleries, and transit access. The block is also characterized by a quiet atmosphere with minimal dining, nightlife, and local amenities."
94.03,Entire home/apt,5.0,3.0,2.0,1.0,1.0,6.0,True,1.0,1.0,2.0,"NOTES: Superior transit access paired with a total absence of nightlife, cafes, and parks characterizes this quiet, residential-leaning area.

DESCRIPTION: This block offers above average subway and transit access while remaining quiet due to a lack of nearby nightlife, cafes, and green space."
477.67,Entire home/apt,4.58,6.0,4.0,3.0,2.0,50.0,False,3.0,2.0,5.0,"NOTES: Lack of entertainment, culture, green space, dining, and retail indicates a quiet residential or industrial area.
DESCRIPTION: This block is a quiet area characterized by a notable absence of entertainment, cultural venues, and green space, alongside limited options for dining, shopping, and daily services."
96.63,Entire home/apt,4.68,8.0,3.0,1.0,1.0,19.0,False,1.0,1.0,2.0,"NOTES: This block features above average green space but lacks cafes, hotels, grocery stores, gyms, and sports, resulting in a quiet residential area.

DESCRIPTION: This quiet residential block stands out for its above average parks and green space while offering very limited access to dining, shopping, transit, and nightlife."
34.33,Private room,4.87,1.0,1.0,1.0,1.0,23.0,False,1.0,1.0,2.0,"NOTES: Absence of cultural, recreational, and commercial amenities; quiet residential area.
DESCRIPTION: This block is a quiet residential area characterized by a lack of shops, dining, and cultural venues."
160.3,Entire home/apt,4.77,2.0,1.0,1.0,1.0,241.0,False,1.0,1.0,2.0,"NOTES: Lacks parks, pharmacies, and transit access, with minimal shops, dining, and entertainment; this is a quiet residential area.
DESCRIPTION: This block is a quiet residential area that stands out for its lack of parks, pharmacies, and transit access, while offering minimal shops, dining, and entertainment."
285.3,Entire home/apt,4.97,3.0,2.0,1.0,1.0,109.0,True,1.0,1.0,2.0,"NOTES: Lack of green space and minimal access to transit, dining, retail, and cultural amenities; this is a quiet residential area.
DESCRIPTION: This block is a quiet residential area characterized by a notable absence of parks and limited access to local shops, dining, and public transit."
514.0,Private room,4.95,6.0,3.0,3.0,1.5,42.0,True,3.0,1.5,4.5,"NOTES: Lacks parks, green space, and essential amenities; this is a quiet, isolated residential area.
DESCRIPTION: This block is a quiet area characterized by a complete lack of parks and green space alongside a scarcity of dining, nightlife, and transit options."
305.5,Private room,4.73,2.0,2.0,2.0,1.5,176.0,False,2.0,1.5,3.5,"NOTES: Lack of museums, galleries, dining, entertainment, and sports, with limited access to daily amenities and green space; this is a quiet residential area.
DESCRIPTION: This block is a quiet residential area characterized by a notable absence of museums, galleries, dining, and entertainment venues. Residents have limited access to daily amenities, green space, and nightlife compared to a typical New York block."
775.0,Entire home/apt,4.94,6.0,8.0,3.0,2.0,196.0,True,3.0,2.0,5.0,"NOTES: This block lacks entertainment, landmarks, museums, and hotels, and has minimal dining, shopping, and nightlife, indicating a quiet residential area.
DESCRIPTION: This quiet residential block stands out for its lack of entertainment, landmarks, and hotels, while offering very limited dining, shopping, and nightlife options."
180.07,Entire home/apt,4.84,6.0,4.0,2.0,1.5,140.0,True,2.0,1.5,3.5,"NOTES: This is a transit-heavy hotel district characterized by a lack of dining, retail, and community amenities.
DESCRIPTION: This block functions primarily as a transit and hotel hub, lacking the typical neighborhood presence of shops, cafes, and dining options."
201.54,Entire home/apt,4.67,10.0,6.0,3.0,1.0,3.0,False,3.0,1.0,4.0,"NOTES: Lack of cafes, hotels, landmarks, museums, transit, and minimal nightlife, entertainment, shops, dining, gyms, and pharmacies indicate a quiet residential area.
DESCRIPTION: This quiet residential block is defined by a lack of cafes, hotels, landmarks, museums, and transit, while offering minimal nightlife, entertainment, shops, dining, gyms, and pharmacies."
84.37,Private room,4.57,2.0,1.0,1.0,1.0,222.0,False,1.0,1.0,2.0,"NOTES: This block is characterized by a lack of nightlife, entertainment, and landmarks, indicating a quiet residential area.
DESCRIPTION: This quiet residential block stands out for its lack of nightlife, entertainment venues, and landmarks."
233.94,Private room,4.93,2.0,2.0,2.0,1.0,129.0,True,2.0,1.0,3.0,"NOTES: This block lacks nightlife, hotels, landmarks, museums, and transit, and features below-average amenities across all other categories; it is a quiet residential area.
DESCRIPTION: This block is a quiet residential area that lacks nightlife, hotels, landmarks, museums, and transit options while offering limited access to dining, shops, and daily services."
54.59,Private room,4.6,2.0,2.0,2.0,1.0,106.0,False,2.0,1.0,3.0,"NOTES: Lacks hotels, transit, and amenities including dining, shops, and nightlife; residential or secluded area.
DESCRIPTION: This block is a secluded residential area that lacks hotels, transit, and typical amenities such as dining, shops, and nightlife."
627.65,Entire home/apt,4.83,7.0,3.0,3.0,1.0,71.0,True,3.0,1.0,4.0,"NOTES: The block lacks museums, galleries, and most amenities, indicating a quiet residential area.
DESCRIPTION: This block is characterized by a lack of museums, galleries, and commercial amenities, resulting in a quiet residential environment."
89.08,Entire home/apt,4.81,4.0,2.0,1.0,1.0,144.0,False,1.0,1.0,2.0,"NOTES: This block is characterized by a complete absence of nightlife, cafes, entertainment, hotels, museums, and parks, combined with very limited access to transit, dining, and shops, indicating a strictly residential or industrial area.

DESCRIPTION: This area is exceptionally quiet due to a lack of nightlife, entertainment, and public amenities. It is defined by its limited access to dining, shopping, and transit options."
141.22,Entire home/apt,4.0,4.0,2.0,2.0,1.0,3.0,False,2.0,1.0,3.0,"NOTES: This block is characterized by a lack of nightlife, gyms, landmarks, museums, and green space, with minimal dining, shopping, and services, indicating a quiet residential area.
DESCRIPTION: This quiet residential block stands out for its lack of nightlife, landmarks, and green space, while offering significantly fewer dining, shopping, and service options than a typical New York street."
195.17,Entire home/apt,4.32,5.0,3.0,2.0,1.0,77.0,False,2.0,1.0,3.0,"NOTES: This is a quiet residential area characterized by a lack of cafes, entertainment, gyms, museums, and landmarks, with limited access to dining, transit, and daily services.
DESCRIPTION: This quiet block lacks cafes, entertainment, and cultural venues while offering limited access to dining, transit, and essential services."
233.82,Entire home/apt,3.0,5.0,3.0,3.0,1.0,1.0,False,3.0,1.0,4.0,"NOTES: Absence of cultural, social, and commercial amenities; quiet residential or industrial area.
DESCRIPTION: This block is a quiet area defined by a lack of museums, galleries, dining, nightlife, and shopping options."
243.07,Private room,4.97,2.0,1.0,1.0,1.0,273.0,True,1.0,1.0,2.0,"NOTES: Lacks nightlife, hotels, landmarks, and museums, with minimal access to dining, transit, and daily amenities; this is a quiet residential area.
DESCRIPTION: This block is a quiet residential area that stands out for its lack of nightlife, landmarks, and hotels. It offers very limited access to dining, shopping, transit, and daily conveniences."
400.0,Entire home/apt,4.88,5.0,2.0,2.0,1.0,100.0,True,2.0,1.0,3.0,"NOTES: Lacks transit, amenities, and cultural venues; this is a quiet residential area.
DESCRIPTION: This block is a quiet residential area that stands out for its lack of transit, shops, dining, and cultural venues."
124.87,Entire home/apt,5.0,4.0,2.0,2.0,1.0,1.0,False,2.0,1.0,3.0,"NOTES: Lack of transit, landmarks, and amenities; quiet residential area.
DESCRIPTION: This block is a quiet residential area characterized by a notable absence of transit, landmarks, and local amenities."
176.17,Entire home/apt,4.78,2.0,1.0,1.0,1.0,54.0,False,1.0,1.0,2.0,"NOTES: Absence of transit, retail, and dining; residential or secluded area.
DESCRIPTION: This block is a quiet, secluded area characterized by a lack of transit, dining, and retail options."
155.97,Entire home/apt,4.88,4.0,1.0,1.0,1.0,113.0,False,1.0,1.0,2.0,"NOTES: This area is exceptionally quiet, lacking typical urban amenities and services, and is best characterized as a secluded residential or institutional zone.
DESCRIPTION: This quiet block near The Metropolitan Museum of Art lacks typical dining, entertainment, and shopping options."
130.65,Entire home/apt,5.0,7.0,3.0,2.0,1.0,4.0,False,2.0,1.0,3.0,"NOTES: Absence of hotels, transit, and amenities; quiet residential area.
DESCRIPTION: This block is a quiet residential area characterized by a lack of hotels, transit, and local amenities."
391.88,Private room,4.97,5.0,3.0,2.0,1.0,106.0,True,2.0,1.0,3.0,"NOTES: Lack of nightlife, entertainment, hotels, landmarks, and museums, combined with limited transit, shopping, and services, indicates a quiet residential area.
DESCRIPTION: This block is a quiet residential area characterized by a lack of nightlife, entertainment, and landmarks, with limited access to dining, shopping, and transit."
115.12,Entire home/apt,4.74,3.0,1.0,1.0,1.0,59.0,False,1.0,1.0,2.0,"NOTES: Absence of transit, limited dining, shopping, and recreation; quiet residential area.
DESCRIPTION: This quiet area lacks transit access and offers very limited options for dining, shopping, and recreation, though it is located near The Metropolitan Museum of Art."
96.6,Private room,4.8,2.0,1.0,1.0,1.0,119.0,False,1.0,1.0,2.0,"NOTES: Lack of amenities, entertainment, and landmarks; quiet residential or industrial area.
DESCRIPTION: This block is defined by a lack of nearby shops, dining, and entertainment, creating a quiet environment devoid of landmarks or hotels."
359.33,Entire home/apt,4.73,7.0,4.0,3.0,1.0,33.0,False,3.0,1.0,4.0,"NOTES: The block lacks amenities, transit, and social venues, indicating a quiet residential or industrial area.
DESCRIPTION: This block is characterized by a lack of transit, landmarks, and green space, with dining and entertainment options remaining well below average."
87.21,Entire home/apt,5.0,1.0,1.0,1.0,1.0,1.0,True,1.0,1.0,2.0,"NOTES: Absence of transit, amenities, and landmarks; quiet residential area.
DESCRIPTION: This block is characterized by a lack of transit, landmarks, and local amenities, resulting in a quiet residential environment."
131.47,Entire home/apt,5.0,4.0,3.0,3.0,1.0,1.0,True,3.0,1.0,4.0,"NOTES: This block lacks bars, cafes, entertainment, landmarks, museums, and parks, while offering limited access to dining, shopping, transit, and fitness, indicating a quiet residential or industrial area.
DESCRIPTION: This block is characterized by a lack of nightlife, entertainment, and green space, with limited access to dining, shopping, and transit."
126.37,Entire home/apt,4.81,5.0,5.0,2.0,1.0,74.0,True,2.0,1.0,3.0,"NOTES: Abundant green space, lack of cultural and commercial amenities, and limited transit access suggest a quiet residential or park-adjacent area.
DESCRIPTION: This block stands out for its above average parks and green space, including proximity to Central Park and Coney Island, while remaining quiet due to a lack of museums, nightlife, dining, and shops."
352.0,Entire home/apt,5.0,6.0,3.0,2.0,1.0,10.0,True,2.0,1.0,3.0,"NOTES: This block is a quiet residential area lacking nightlife, landmarks, museums, parks, pharmacies, and essential amenities.
DESCRIPTION: This quiet residential block is characterized by a notable absence of nightlife, landmarks, and green spaces, with limited access to dining, shopping, and daily services."
562.13,Entire home/apt,4.92,4.0,2.0,2.0,1.0,25.0,True,2.0,1.0,3.0,"NOTES: Absence of landmarks, museums, parks, and amenities; this is a quiet residential area.
DESCRIPTION: This block is a quiet area characterized by a lack of landmarks, parks, and local amenities."
251.24,Entire home/apt,4.71,6.0,3.0,3.0,1.0,17.0,False,3.0,1.0,4.0,"NOTES: The block lacks all entertainment, transit, and green space, and features very limited dining and retail, indicating a quiet residential area.
DESCRIPTION: This block is a quiet residential area that lacks nearby transit, entertainment, and green space while offering very limited dining and retail options."
39.83,Shared room,5.0,1.0,1.0,1.0,2.0,1.0,True,1.0,2.0,3.0,"NOTES: Lack of entertainment, landmarks, and amenities; quiet residential area.
DESCRIPTION: This block is a quiet residential area that stands out for its lack of entertainment, landmarks, and local amenities."
166.66,Entire home/apt,4.88,6.0,3.0,3.0,1.0,17.0,False,3.0,1.0,4.0,"NOTES: The area is a quiet residential enclave characterized by a complete absence of nightlife and hotels, with significantly limited access to dining, cafes, shopping, and public amenities.
DESCRIPTION: This quiet residential area stands out for its lack of nightlife and hotels, offering very limited access to dining, cafes, and local shops."
160.0,Private room,5.0,2.0,1.0,1.0,1.0,1.0,True,1.0,1.0,2.0,"NOTES: This block lacks nightlife, hotels, museums, and entertainment, indicating a quiet residential area with minimal amenities and limited transit access.
DESCRIPTION: This quiet residential area lacks nightlife, hotels, and entertainment venues while offering limited access to dining, shopping, and transit."
214.97,Private room,4.6,2.0,4.0,3.0,2.0,72.0,False,3.0,2.0,5.0,"NOTES: This is a quiet residential area characterized by a lack of cafes, hotels, landmarks, parks, and green space, alongside limited options for dining, grocery stores, nightlife, gyms, and shops.
DESCRIPTION: This quiet residential area lacks cafes, hotels, landmarks, and green space, while offering limited options for dining, shopping, and nightlife."
485.0,Shared room,4.85,8.0,4.0,4.0,1.0,71.0,True,4.0,1.0,5.0,"NOTES: Lacks cafes, entertainment, museums, parks, dining, and nightlife; this is a quiet residential area.
DESCRIPTION: This block is a quiet residential area that stands out for its lack of cafes, entertainment, museums, parks, dining, and nightlife."
87.75,Entire home/apt,4.89,2.0,1.0,1.0,1.0,111.0,True,1.0,1.0,2.0,"NOTES: This block lacks transit, parks, nightlife, and recreation, indicating a quiet residential area.
DESCRIPTION: This quiet residential area stands out for its lack of transit, parks, nightlife, and recreation."
127.23,Entire home/apt,4.92,4.0,3.0,2.0,1.0,51.0,False,2.0,1.0,3.0,"NOTES: This block lacks hotels, museums, galleries, parks, transit, and major amenities, indicating a quiet residential area.
DESCRIPTION: This quiet residential block is characterized by a lack of hotels, museums, parks, and transit options, with minimal dining, nightlife, and shopping nearby."
171.06,Entire home/apt,4.76,2.0,1.0,1.0,1.0,34.0,False,1.0,1.0,2.0,"NOTES: This block lacks nightlife, parks, and green space, while dining, entertainment, pharmacies, and shops are sparse, indicating a quiet residential or industrial area.

DESCRIPTION: This quiet block stands out for its lack of nightlife and green space, alongside limited access to dining, entertainment, pharmacies, and shops."
170.9,Entire home/apt,4.83,5.0,3.0,2.0,1.0,30.0,False,2.0,1.0,3.0,"NOTES: High density of pharmacies; absence of landmarks, museums, parks, and transit; quiet area with minimal dining, cafes, and entertainment.
DESCRIPTION: This quiet block is defined by an abundance of pharmacies and a notable lack of landmarks, museums, parks, transit, and dining options."
200.03,Private room,4.46,2.0,4.0,3.0,1.5,28.0,True,3.0,1.5,4.5,"NOTES: Absence of transit, landmarks, and amenities indicates a quiet residential area.
DESCRIPTION: This block is a quiet residential area characterized by a lack of transit, landmarks, and local amenities."
123.74,Private room,4.82,5.0,5.0,2.0,1.0,11.0,False,2.0,1.0,3.0,"NOTES: This block lacks cafes, museums, galleries, and transit, while offering minimal amenities, shops, and green space, indicating a secluded residential area.
DESCRIPTION: This secluded residential area stands out for its lack of cafes, museums, galleries, and transit access. The block also features minimal shops, dining, and green space compared to typical city blocks."
115.6,Entire home/apt,4.86,2.0,1.0,1.0,1.0,7.0,False,1.0,1.0,2.0,"NOTES: Lack of transit, amenities, and entertainment; quiet residential area.
DESCRIPTION: This block is a quiet residential area defined by a notable absence of transit, shops, and entertainment venues."
256.0,Entire home/apt,4.97,2.0,2.0,2.0,1.0,251.0,True,2.0,1.0,3.0,"NOTES: Absence of hotels, landmarks, and nightlife, with minimal dining, shopping, and green space; this is a quiet residential area.
DESCRIPTION: This block is a quiet residential area characterized by a lack of hotels, landmarks, and nightlife, alongside limited options for dining, shopping, and recreation."
159.8,Private room,4.4,7.0,4.0,3.0,2.0,10.0,False,3.0,2.0,5.0,"NOTES: The block lacks museums, galleries, parks, and green space, and features well below average dining, entertainment, and landmarks, indicating a quiet residential or industrial area.

DESCRIPTION: This block is a quiet area characterized by a lack of museums, galleries, parks, and green space, while also offering well below average dining, entertainment, and landmarks."
85.67,Private room,4.53,2.0,1.0,1.0,1.0,15.0,False,1.0,1.0,2.0,"NOTES: Absence of transit, amenities, and entertainment; quiet residential area.
DESCRIPTION: This block is a quiet residential area characterized by a lack of transit, entertainment, and essential amenities."
71.93,Entire home/apt,4.88,1.0,1.0,1.0,1.0,220.0,True,1.0,1.0,2.0,"NOTES: This block is exceptionally quiet and isolated, featuring a near-total absence of commercial, social, and transit amenities, indicating a secluded residential or industrial area.
DESCRIPTION: This block is exceptionally quiet, characterized by a near-total absence of commercial, social, and transit amenities."
67.66,Entire home/apt,4.74,2.0,1.0,1.0,1.0,19.0,False,1.0,1.0,2.0,"NOTES: Lacks parks, pharmacies, cafes, dining, entertainment, and landmarks; area type: isolated residential.
DESCRIPTION: This block is characterized by a lack of parks, pharmacies, cafes, dining, and entertainment venues. It serves as an isolated residential area with limited access to shops, transit, and services."
666.46,Entire home/apt,4.6,9.0,5.0,4.0,1.0,30.0,False,4.0,1.0,5.0,"NOTES: This is a quiet residential or industrial area characterized by a complete absence of nightlife, cafes, museums, parks, and retail or recreational amenities.
DESCRIPTION: This block is a quiet area defined by a lack of nightlife, cafes, museums, and green spaces, while dining, entertainment, fitness, and shopping options are well below average."
375.45,Private room,4.83,8.0,4.0,3.0,1.0,317.0,True,3.0,1.0,4.0,"NOTES: This is a quiet residential area characterized by a lack of hotels, museums, galleries, and transit, with minimal access to cafes, entertainment, landmarks, pharmacies, shops, dining, grocery stores, gyms, and parks.
DESCRIPTION: This quiet residential area lacks hotels, museums, galleries, and transit while offering minimal access to cafes, entertainment, landmarks, pharmacies, shops, dining, grocery stores, gyms, and parks."
162.8,Entire home/apt,5.0,3.0,1.0,1.0,1.0,1.0,False,1.0,1.0,2.0,"NOTES: This is a quiet residential area characterized by a lack of commercial amenities, entertainment, transit, and public spaces compared to a typical New York block.
DESCRIPTION: This block is a quiet area that stands out for its limited access to dining, shopping, transit, and public amenities."
125.74,Private room,4.79,2.0,1.0,1.0,1.0,140.0,False,1.0,1.0,2.0,"NOTES: Lacks hotels, parks, transit, and essential services; area type is a quiet residential or industrial enclave.
DESCRIPTION: This block is a quiet area characterized by a lack of hotels, parks, and transit options, with dining, shopping, and essential services being well below average."
40.93,Shared room,5.0,1.0,1.0,1.0,2.0,1.0,True,1.0,2.0,3.0,"NOTES: Lack of transit, entertainment, and amenities indicates a quiet residential area.
DESCRIPTION: This block is a quiet residential area characterized by a lack of transit, entertainment, and local amenities."
204.63,Entire home/apt,4.74,5.0,2.0,2.0,1.0,61.0,True,2.0,1.0,3.0,"NOTES: Lack of entertainment, cultural institutions, nightlife, dining, and essential services; quiet residential area.
DESCRIPTION: This block is a quiet residential area characterized by a notable absence of entertainment, nightlife, dining, and essential local services."
97.0,Entire home/apt,4.88,4.0,2.0,2.0,1.0,33.0,False,2.0,1.0,3.0,"NOTES: Lack of nightlife, hotels, museums, galleries, and limited dining, shopping, and services; this is a quiet residential area.
DESCRIPTION: This block is a quiet residential area characterized by a notable absence of nightlife, hotels, and cultural institutions, along with limited dining and shopping options."
142.62,Entire home/apt,5.0,6.0,3.0,2.0,1.5,1.0,False,2.0,1.5,3.5,"NOTES: Absence of transit, retail, dining, and cultural amenities indicates a secluded residential area.
DESCRIPTION: This secluded residential block is defined by a lack of transit, retail, dining, and cultural amenities."
84.6,Entire home/apt,4.88,2.0,1.0,1.0,1.0,105.0,False,1.0,1.0,2.0,"NOTES: Lacks amenities, services, and transit; quiet residential or industrial area.
DESCRIPTION: This block is characterized by a lack of transit, shops, and services, resulting in a quiet environment with minimal nightlife or entertainment options."
143.2,Entire home/apt,4.86,2.0,1.0,1.0,1.0,295.0,True,1.0,1.0,2.0,"NOTES: This block lacks typical urban amenities and transit access, indicating a quiet residential area.
DESCRIPTION: This block is characterized by a quiet residential atmosphere with very limited access to dining, nightlife, shopping, and public transit."
83.33,Private room,4.62,2.0,1.0,1.0,1.0,394.0,False,1.0,1.0,2.0,"NOTES: High concentration of hotels; lacks essential services, dining, and recreation; area type: tourist-focused or commercial lodging district.
DESCRIPTION: This block stands out for its high concentration of hotels while lacking essential services, dining, and recreational amenities."
134.03,Entire home/apt,4.97,2.0,2.0,2.0,2.0,39.0,False,2.0,2.0,4.0,"NOTES: This block lacks typical urban amenities and transit access, indicating a quiet residential area.
DESCRIPTION: This block is a quiet residential area that stands out for having limited access to dining, shops, transit, and recreational facilities."
446.67,Entire home/apt,4.97,5.0,3.0,3.0,1.0,115.0,True,3.0,1.0,4.0,"NOTES: Absence of hotels, landmarks, parks, and transit, combined with below average dining, shops, and entertainment, indicates a quiet residential area.
DESCRIPTION: This block is a quiet residential area characterized by a lack of hotels, landmarks, parks, and transit options. It also features significantly limited access to dining, shopping, and entertainment venues."
138.79,Entire home/apt,4.64,6.0,4.0,3.0,1.0,14.0,False,3.0,1.0,4.0,"NOTES: Lack of amenities, transit, and entertainment defines this as a quiet residential or industrial area.
DESCRIPTION: This block is characterized by a notable absence of transit, dining, and entertainment options, resulting in a quiet environment."
207.69,Entire home/apt,4.87,2.0,1.0,1.0,1.0,114.0,True,1.0,1.0,2.0,"NOTES: Lacks amenities, entertainment, and transit; this is a quiet residential area.
DESCRIPTION: This quiet residential block is characterized by a lack of nearby amenities, entertainment, and transit options."
79.3,Private room,5.0,2.0,1.0,1.0,1.0,2.0,True,1.0,1.0,2.0,"NOTES: The block lacks entertainment, hotels, and transit access, while dining, nightlife, cafes, groceries, gyms, landmarks, museums, pharmacies, and shops are all sparse, indicating a quiet residential area.
DESCRIPTION: This quiet residential block is defined by a lack of entertainment, hotels, and transit, with limited options for dining, shopping, and daily services."
371.0,Private room,4.94,8.0,4.0,4.0,1.0,84.0,True,4.0,1.0,5.0,"NOTES: Lack of commercial activity, dining, nightlife, and public amenities; this is a quiet residential area.
DESCRIPTION: This quiet residential block is defined by a notable absence of shops, dining, nightlife, and public amenities."
199.64,Entire home/apt,4.83,7.0,3.0,3.0,1.5,176.0,True,3.0,1.5,4.5,"NOTES: Lacks entertainment, parks, transit, and essential services; quiet residential area.
DESCRIPTION: This block is a quiet residential area that stands out for its lack of entertainment, parks, and transit options. Essential services and amenities are also notably scarce in the immediate vicinity."
121.8,Entire home/apt,4.7,4.0,2.0,1.0,1.0,142.0,False,1.0,1.0,2.0,"NOTES: Lack of transit, landmarks, and amenities; quiet residential area.
DESCRIPTION: This block is a quiet residential area that stands out for its lack of transit, landmarks, and nearby amenities."
78.64,Private room,5.0,2.0,2.0,1.0,1.0,3.0,False,1.0,1.0,2.0,"NOTES: Lack of transit, amenities, and entertainment indicates a quiet residential area.
DESCRIPTION: This quiet residential block stands out for its lack of transit, entertainment, and local amenities."
106.1,Entire home/apt,4.84,5.0,4.0,3.0,1.0,92.0,False,3.0,1.0,4.0,"NOTES: This area is a quiet residential enclave characterized by a lack of commercial activity, transit, and public attractions.

DESCRIPTION: This quiet block stands out for its lack of transit, landmarks, and commercial amenities, offering few options for dining, shopping, or entertainment."
191.37,Entire home/apt,4.68,6.0,3.0,2.0,1.0,25.0,False,2.0,1.0,3.0,"NOTES: Lack of cultural, commercial, and recreational amenities; quiet residential area.
DESCRIPTION: This block is characterized by a notable absence of museums, galleries, and entertainment options, resulting in a quiet environment with minimal dining, shopping, and recreational facilities."
400.0,Entire home/apt,4.95,4.0,2.0,2.0,1.0,117.0,True,2.0,1.0,3.0,"NOTES: This block lacks all common urban amenities and transit access, indicating a quiet residential or isolated area.
DESCRIPTION: This block is characterized by a lack of dining, cafes, and entertainment, resulting in a quiet environment with no nearby transit or landmarks."
130.36,Entire home/apt,4.92,4.0,2.0,1.0,1.0,477.0,False,1.0,1.0,2.0,"NOTES: The block lacks parks, pharmacies, cafes, dining, entertainment, gyms, and landmarks, indicating a quiet residential or industrial area.
DESCRIPTION: This block is a quiet area characterized by a lack of parks, pharmacies, dining, and entertainment options."
387.83,Private room,4.0,2.0,1.0,1.0,1.0,7.0,False,1.0,1.0,2.0,"NOTES: Lack of entertainment, landmarks, museums, and minimal access to retail, dining, and green space; area type: isolated residential.

DESCRIPTION: This block is characterized by a notable absence of entertainment, landmarks, and museums, while offering limited access to shops, dining, and green space."
108.59,Entire home/apt,4.78,3.0,2.0,1.0,1.0,261.0,True,1.0,1.0,2.0,"NOTES: This block is characterized by a lack of cafes, hotels, landmarks, museums, and galleries, with below average dining, grocery, shopping, transit, and green space, indicating a quiet residential area.
DESCRIPTION: This quiet residential block stands out for its lack of cafes, hotels, and cultural landmarks, while offering limited access to dining, shopping, and transit."
180.01,Entire home/apt,4.98,4.0,2.0,2.0,1.0,54.0,False,2.0,1.0,3.0,"NOTES: This is a quiet residential area characterized by a complete lack of cafes, entertainment, museums, parks, and transit, alongside limited dining, shopping, and nightlife options.

DESCRIPTION: This quiet block stands out for its lack of cafes, entertainment, museums, parks, and transit, while offering limited dining, shopping, and nightlife options."
147.93,Entire home/apt,5.0,2.0,1.0,1.0,1.0,1.0,True,1.0,1.0,2.0,"NOTES: The block lacks entertainment, transit, and essential services, indicating a quiet residential area.
DESCRIPTION: This quiet residential area lacks nearby entertainment, transit, and retail options."
213.89,Entire home/apt,4.0,2.0,1.0,1.0,1.0,6.0,False,1.0,1.0,2.0,"NOTES: Lack of nightlife, entertainment, hotels, and green space; limited dining, shopping, cafes, groceries, gyms, and landmarks; residential or industrial area.
DESCRIPTION: This block is characterized by a lack of nightlife, entertainment, hotels, and green space, with limited access to dining, shopping, and other amenities."
170.07,Entire home/apt,4.84,3.0,3.0,3.0,3.0,44.0,False,3.0,3.0,6.0,"NOTES: This block is characterized by a lack of commercial, recreational, and transit amenities, indicating a quiet residential area.
DESCRIPTION: This quiet residential block stands out for its limited access to dining, shopping, entertainment, and public transit options."
92.2,Private room,4.72,2.0,1.0,1.0,1.0,135.0,False,1.0,1.0,2.0,"NOTES: Above average transit access with a lack of dining, shops, and leisure amenities; this is a quiet residential or industrial transit hub.
DESCRIPTION: This block features above average transit access but remains quiet due to a lack of dining, shops, and entertainment options."
77.12,Entire home/apt,4.86,2.0,1.0,1.0,1.0,7.0,True,1.0,1.0,2.0,"NOTES: Lack of nightlife, culture, transit, and commercial amenities; residential area.
DESCRIPTION: This residential block stands out for its lack of nightlife, cultural venues, and transit access, while offering significantly fewer dining, shopping, and fitness options than a typical New York block."
73.83,Entire home/apt,4.25,2.0,2.0,1.0,1.0,40.0,False,1.0,1.0,2.0,"NOTES: This is a quiet residential area characterized by a lack of commercial amenities, nightlife, and public transit access.

DESCRIPTION: This quiet block stands out for its lack of nightlife, dining, and transit options compared to a typical New York location."
221.24,Entire home/apt,4.56,8.0,5.0,3.0,1.0,25.0,True,3.0,1.0,4.0,"NOTES: This block is characterized by a complete absence of nightlife, museums, parks, and landmarks, alongside a significant scarcity of daily amenities and dining options, indicating a secluded residential or industrial area.
DESCRIPTION: This block stands out for its lack of nightlife, cultural attractions, and green space, while offering very limited access to dining, shopping, and essential services."
133.16,Entire home/apt,4.65,4.0,2.0,1.0,1.0,26.0,True,1.0,1.0,2.0,"NOTES: Lack of transit, hotels, and essential services; quiet residential area.
DESCRIPTION: This block is a quiet residential area defined by a notable absence of transit, hotels, and essential services."
127.6,Entire home/apt,5.0,2.0,2.0,2.0,1.0,4.0,True,2.0,1.0,3.0,"NOTES: Lacks amenities, cultural sites, and commercial activity; this is a quiet residential area.
DESCRIPTION: This block is a quiet residential area that stands out for its lack of hotels, museums, parks, and typical commercial amenities."
91.8,Entire home/apt,4.54,4.0,2.0,1.0,1.0,56.0,False,1.0,1.0,2.0,"NOTES: Lacks transit, landmarks, and essential services; quiet residential or industrial area.
DESCRIPTION: This block is a quiet area characterized by a lack of transit, landmarks, and essential services. Dining, hotels, and nightlife options are also notably limited."
228.43,Entire home/apt,5.0,4.0,2.0,2.0,1.0,15.0,False,2.0,1.0,3.0,"NOTES: Absence of entertainment, sports, landmarks, museums, parks, and minimal access to dining, shops, and services; this is a quiet residential or industrial area.
DESCRIPTION: This block is characterized by a lack of entertainment, cultural, and recreational amenities, with minimal access to dining and retail services."
122.42,Entire home/apt,4.76,6.0,2.0,2.0,1.0,37.0,False,2.0,1.0,3.0,"NOTES: Lack of transit, amenities, and entertainment; isolated residential area.
DESCRIPTION: This block stands out for its lack of transit, shops, and entertainment options. It is an isolated area with minimal access to dining or nightlife."
129.07,Entire home/apt,4.76,2.0,1.0,1.0,1.0,17.0,False,1.0,1.0,2.0,"NOTES: This block is characterized by a complete lack of nightlife, gyms, landmarks, museums, parks, and transit, alongside very limited dining, shopping, and cafe options, indicating a quiet residential or industrial area.
DESCRIPTION: This block is notably quiet and isolated, lacking access to transit, recreational facilities, and cultural landmarks while offering very limited options for dining and shopping."
67.66,Private room,4.78,2.0,1.0,1.0,1.0,387.0,False,1.0,1.0,2.0,"NOTES: Lack of cultural, recreational, and essential amenities; quiet residential area.
DESCRIPTION: This block is a quiet residential area characterized by a notable absence of museums, parks, shops, and essential services."
90.82,Entire home/apt,5.0,2.0,1.0,1.0,1.0,3.0,False,1.0,1.0,2.0,"NOTES: The area is a quiet residential enclave characterized by a lack of commercial, cultural, and transit amenities.
DESCRIPTION: This quiet residential area stands out for its lack of entertainment, dining, and transit options."
64.1,Private room,5.0,1.0,1.0,1.0,1.0,2.0,True,1.0,1.0,2.0,"NOTES: Lacks hotels, landmarks, parks, and significant amenities or transit, indicating a quiet residential area.
DESCRIPTION: This block is a quiet residential area that lacks hotels, landmarks, and parks while offering minimal access to transit, dining, and shops."
357.76,Entire home/apt,5.0,4.0,2.0,2.0,2.5,7.0,False,2.0,2.5,4.5,"NOTES: Lacks entertainment, landmarks, transit, and essential services; this is a quiet residential area.
DESCRIPTION: This block is a quiet residential area that lacks entertainment, landmarks, and transit options while offering very limited access to shops, dining, and green space."
237.0,Hotel room,1.0,4.0,2.0,1.0,1.0,1.0,False,1.0,1.0,2.0,"NOTES: Lacks museums, galleries, pharmacies, and essential amenities; area type is a quiet residential or industrial enclave.
DESCRIPTION: This block is a quiet area defined by a lack of museums, galleries, pharmacies, and essential dining or transit options."
237.0,Hotel room,4.0,4.0,2.0,1.0,1.0,1.0,False,1.0,1.0,2.0,"NOTES: Lack of amenities and transit, quiet residential area.
DESCRIPTION: This block is a quiet residential area characterized by a notable absence of museums, galleries, pharmacies, and essential services."
461.0,Hotel room,4.57,2.0,1.0,1.0,1.0,21.0,False,1.0,1.0,2.0,"NOTES: Absence of museums, galleries, pharmacies, and limited access to dining, transit, and amenities; this is a quiet residential area.
DESCRIPTION: This quiet residential block is characterized by a lack of museums, galleries, and pharmacies, alongside limited dining, shopping, and transit options."
117.06,Entire home/apt,4.34,4.0,1.0,1.0,1.0,33.0,False,1.0,1.0,2.0,"NOTES: This block is characterized by a lack of entertainment, transit, green space, and essential services, indicating a quiet residential or isolated area.

DESCRIPTION: This quiet block stands out for its lack of entertainment, transit, and green space, while offering minimal access to dining, shops, and essential services."
213.56,Entire home/apt,4.91,8.0,4.0,3.0,1.0,23.0,True,3.0,1.0,4.0,"NOTES: The block lacks bars, cafes, museums, galleries, and parks, while dining, gyms, landmarks, pharmacies, and shops are well below average; this is a quiet residential or industrial area.
DESCRIPTION: This block is a quiet area characterized by a lack of bars, cafes, museums, and parks, with limited access to dining, shops, and essential services."
286.44,Entire home/apt,4.91,2.0,2.0,1.0,1.0,143.0,True,1.0,1.0,2.0,"NOTES: This is a quiet residential area characterized by a lack of commercial amenities, transit options, and cultural attractions.

DESCRIPTION: This block is a quiet area that stands out for its lack of dining, shopping, transit, and cultural attractions."
144.3,Entire home/apt,4.81,8.0,4.0,2.0,1.0,155.0,False,2.0,1.0,3.0,"NOTES: Lack of cafes, parks, dining, and entertainment; area type: isolated residential or industrial.
DESCRIPTION: This block is characterized by a notable absence of cafes, parks, and dining options, resulting in a quiet environment with limited access to entertainment and transit."
42.07,Private room,4.55,1.0,1.0,1.0,1.0,11.0,True,1.0,1.0,2.0,"NOTES: Absence of cultural, social, and commercial amenities; quiet residential area.
DESCRIPTION: This block is a quiet residential area defined by a lack of nearby dining, nightlife, shops, and cultural attractions."
388.67,Entire home/apt,4.09,8.0,5.0,4.0,2.0,11.0,False,4.0,2.0,6.0,"NOTES: This is a quiet, isolated residential area defined by a complete lack of nightlife, cafes, gyms, landmarks, museums, parks, and pharmacies, alongside limited access to dining, groceries, entertainment, hotels, shops, and transit.

DESCRIPTION: This quiet area is characterized by a complete absence of nightlife, cafes, gyms, landmarks, museums, parks, and pharmacies. Residents also experience limited access to dining, groceries, entertainment, hotels, shops, and transit."
252.73,Entire home/apt,4.92,4.0,3.0,3.0,1.0,12.0,False,3.0,1.0,4.0,"NOTES: This is a quiet residential area characterized by a complete absence of commercial, cultural, and recreational amenities.
DESCRIPTION: This quiet residential block lacks nearby shops, dining, transit, and entertainment options."
183.44,Entire home/apt,5.0,4.0,4.0,3.0,1.0,21.0,True,3.0,1.0,4.0,"NOTES: Lacks entertainment, parks, transit, and essential services; quiet residential or industrial area.
DESCRIPTION: This block is a quiet area characterized by a lack of transit, green space, and entertainment venues, with limited access to dining, shopping, and essential services."
90.0,Entire home/apt,5.0,2.0,2.0,1.0,1.0,1.0,False,1.0,1.0,2.0,"NOTES: This is a quiet, isolated residential area characterized by a complete absence of nightlife, entertainment, hotels, parks, pharmacies, and transit, alongside limited access to dining, groceries, and services.

DESCRIPTION: This quiet, isolated block lacks nightlife, entertainment, hotels, parks, and transit, while offering limited access to dining, groceries, and local services."
851.77,Entire home/apt,5.0,10.0,5.0,5.0,3.0,4.0,True,5.0,3.0,8.0,"NOTES: The block lacks museums, galleries, and essential services, characterizing it as a quiet residential or industrial area.
DESCRIPTION: This block is a quiet area that lacks museums, galleries, and essential amenities."
186.23,Entire home/apt,4.97,2.0,1.0,1.0,1.0,107.0,False,1.0,1.0,2.0,"NOTES: Lacks entertainment, museums, transit, and basic amenities like cafes, dining, and shops; this is a quiet residential area.
DESCRIPTION: This block is a quiet residential area that lacks entertainment, transit, and common amenities such as cafes, dining, and shops."
47.83,Private room,4.54,1.0,1.0,1.0,1.0,26.0,False,1.0,1.0,2.0,"NOTES: Lack of amenities, dining, and entertainment; residential or industrial area.
DESCRIPTION: This block is characterized by a notable absence of cafes, hotels, museums, and green spaces, with limited options for dining, shopping, and nightlife."
407.0,Private room,4.92,2.0,2.0,2.0,1.0,141.0,False,2.0,1.0,3.0,"NOTES: This block is characterized by a complete absence of museums, parks, and transit, alongside a significant lack of dining, shops, and essential services, indicating a strictly residential or isolated area.

DESCRIPTION: This block stands out as a quiet area due to the absence of transit, parks, and museums, while also lacking the typical density of shops, dining, and entertainment venues found in New York."
501.0,Private room,4.96,2.0,2.0,1.0,1.0,67.0,False,1.0,1.0,2.0,"NOTES: Absence of transit, dining, retail, and services; quiet residential or institutional area.
DESCRIPTION: This block is defined by a lack of nearby transit, dining, shops, and services, though it is located near The Metropolitan Museum of Art."
129.79,Entire home/apt,5.0,3.0,2.0,1.0,1.0,1.0,True,1.0,1.0,2.0,"NOTES: This block lacks essential services like cafes, hotels, and pharmacies, while dining, grocery, and transit options are minimal, indicating a quiet residential or industrial area.
DESCRIPTION: This block is characterized by a lack of cafes, hotels, and pharmacies, with limited access to dining, grocery stores, and transit."
155.06,Entire home/apt,5.0,4.0,2.0,2.0,1.0,2.0,True,2.0,1.0,3.0,"NOTES: This block is characterized by a lack of cafes, entertainment, gyms, landmarks, museums, and parks, indicating a quiet residential area.
DESCRIPTION: This quiet residential area lacks cafes, entertainment venues, gyms, landmarks, museums, and parks."
656.33,Entire home/apt,5.0,5.0,2.0,2.0,2.0,17.0,False,2.0,2.0,4.0,"NOTES: This is a quiet residential area characterized by a lack of transit, nightlife, dining, and essential services.
DESCRIPTION: This quiet residential block stands out for its lack of transit, nightlife, dining, and essential services."
231.99,Private room,4.9,6.0,3.0,3.0,4.0,39.0,False,3.0,4.0,7.0,"NOTES: Lacks hotels, landmarks, parks, and basic amenities; quiet residential area.
DESCRIPTION: This block is a quiet residential area that lacks hotels, landmarks, parks, and most common amenities."
167.67,Private room,4.79,2.0,2.0,2.0,1.0,129.0,True,2.0,1.0,3.0,"NOTES: The block lacks cafes, entertainment, hotels, museums, parks, pharmacies, and transit, while offering minimal access to shops, dining, and services; this is a quiet residential area.
DESCRIPTION: This quiet residential block is defined by a lack of cafes, entertainment, and transit, with very limited access to shops and dining."
93.01,Entire home/apt,4.83,4.0,2.0,1.0,1.0,6.0,True,1.0,1.0,2.0,"NOTES: This block lacks entertainment, museums, galleries, and essential services, indicating a quiet residential area.
DESCRIPTION: This block is a quiet residential area characterized by a notable absence of entertainment, museums, galleries, and essential services."
254.42,Entire home/apt,4.94,7.0,5.0,3.0,2.0,31.0,False,3.0,2.0,5.0,"NOTES: Lacks essential services, transit, and cultural amenities; this is a quiet, isolated residential area.
DESCRIPTION: This block is characterized by a lack of transit, shops, and cultural venues, resulting in a quiet environment with minimal local services."
102.97,Entire home/apt,4.67,1.0,1.0,1.0,1.0,6.0,True,1.0,1.0,2.0,"NOTES: The area lacks transit, amenities, and entertainment, indicating a quiet residential or institutional enclave near The Metropolitan Museum of Art.
DESCRIPTION: This quiet block near The Metropolitan Museum of Art is defined by a lack of transit, dining, nightlife, and retail options."
741.0,Private room,4.46,2.0,3.0,3.0,2.0,46.0,False,3.0,2.0,5.0,"NOTES: Lack of nightlife, dining, and commercial amenities characterizes this isolated residential area.
DESCRIPTION: This block is defined by a lack of nightlife, dining, and commercial amenities, resulting in a quiet residential environment."
247.5,Private room,4.8,2.0,3.0,2.0,1.0,35.0,False,2.0,1.0,3.0,"NOTES: Lacks all typical urban amenities, attractions, and transit access; this is a quiet residential or industrial area.
DESCRIPTION: This block is characterized by a lack of dining, nightlife, entertainment, and transit options, resulting in a quiet environment devoid of typical New York City amenities."
46.82,Private room,4.41,2.0,3.0,1.0,1.5,22.0,False,1.0,1.5,2.5,"NOTES: Above average green space, lack of commercial amenities, and limited transit access indicate a quiet residential area.
DESCRIPTION: This block stands out for its abundant green space and notable lack of cafes, dining, and transit access."
111.91,Entire home/apt,5.0,3.0,1.0,1.0,1.0,10.0,True,1.0,1.0,2.0,"NOTES: This area is a quiet residential enclave characterized by a complete absence of transit, landmarks, and commercial amenities.
DESCRIPTION: This quiet block lacks transit, landmarks, and commercial activity, offering very limited access to dining, shopping, and green space."
232.3,Entire home/apt,4.86,4.0,2.0,2.0,1.0,7.0,True,2.0,1.0,3.0,"NOTES: Above average green space, quiet residential area.
DESCRIPTION: This block is defined by its above average access to Prospect Park and a quiet atmosphere lacking in commercial amenities."
304.2,Entire home/apt,4.83,8.0,4.0,2.0,1.0,71.0,False,2.0,1.0,3.0,"NOTES: This block is characterized by a lack of transit, dining, shopping, and entertainment, indicating a quiet residential or isolated area.
DESCRIPTION: This block is a quiet area defined by a notable absence of transit, dining, shopping, and entertainment options."
219.03,Entire home/apt,4.96,5.0,2.0,2.0,1.0,26.0,False,2.0,1.0,3.0,"NOTES: Lacks amenities, dining, transit, and entertainment; isolated residential area.
DESCRIPTION: This block is characterized by a lack of transit, dining, and entertainment options, resulting in a quiet and isolated residential environment."
189.89,Entire home/apt,1.0,2.0,1.0,1.0,1.0,1.0,False,1.0,1.0,2.0,"NOTES: Absence of transit, green space, and amenities; residential or industrial isolation.
DESCRIPTION: This block is characterized by a lack of transit options, green space, and nearby amenities. It offers a quiet environment with minimal dining, shopping, and entertainment options."
455.0,Entire home/apt,4.91,6.0,1.0,2.0,1.0,75.0,True,2.0,1.0,3.0,"NOTES: This block lacks nightlife, entertainment, landmarks, and transit, while offering very limited dining, shopping, and services, indicating a quiet residential area.
DESCRIPTION: This block is a quiet residential area that lacks nightlife, entertainment, landmarks, and transit options. It also features very limited dining, shopping, and essential services."
206.0,Entire home/apt,4.81,4.0,2.0,2.0,1.0,26.0,False,2.0,1.0,3.0,"NOTES: Absence of transit, cultural venues, and commercial activity; residential enclave.
DESCRIPTION: This block is a quiet residential enclave characterized by a complete lack of transit, cultural venues, and commercial activity."
323.53,Entire home/apt,4.95,6.0,3.0,2.0,1.0,38.0,True,2.0,1.0,3.0,"NOTES: Lacks entertainment, landmarks, museums, parks, and transit access; quiet residential or industrial area.
DESCRIPTION: This block is a quiet area that lacks entertainment, landmarks, museums, parks, and transit access."
307.0,Private room,4.94,2.0,2.0,2.0,1.0,272.0,True,2.0,1.0,3.0,"NOTES: Absence of nightlife, cafes, hotels, museums, and parks combined with limited access to dining, shops, and services indicates a secluded residential or industrial area.
DESCRIPTION: This block is a quiet area characterized by a lack of nightlife, cultural attractions, and green space, with limited access to dining and shops."
54.53,Private room,4.67,2.0,1.0,1.0,1.0,3.0,False,1.0,1.0,2.0,"NOTES: Lacks nightlife, dining, transit, and amenities; this is a quiet residential area.
DESCRIPTION: This block is a quiet residential area that lacks nightlife, dining, transit, and local amenities."
417.58,Entire home/apt,4.84,2.0,1.0,1.0,1.0,37.0,False,1.0,1.0,2.0,"NOTES: This block lacks nightlife, cafes, entertainment, museums, and parks, while offering minimal dining, shopping, and transit access, indicating a quiet residential or industrial area.
DESCRIPTION: This quiet block stands out for its lack of nightlife, entertainment, and green space, alongside limited access to dining, shopping, and transit."
970.0,Entire home/apt,5.0,8.0,8.0,4.0,2.0,44.0,True,4.0,2.0,6.0,"NOTES: This block lacks nightlife, entertainment, transit, and essential services, indicating a secluded residential area.
DESCRIPTION: This secluded residential area is characterized by a lack of nightlife, entertainment, and transit options, with limited access to dining, shops, and green space."
636.32,Entire home/apt,4.76,4.0,2.0,2.0,2.5,255.0,True,2.0,2.5,4.5,"NOTES: Absence of amenities and transit, residential or isolated area.
DESCRIPTION: This block is characterized by a lack of entertainment, dining, and transit options, creating a quiet and isolated environment."
211.09,Entire home/apt,4.89,8.0,4.0,2.0,2.0,63.0,False,2.0,2.0,4.0,"NOTES: This block lacks entertainment, gyms, hotels, landmarks, museums, and transit, while offering minimal access to retail, dining, and green space; it is a quiet residential area.
DESCRIPTION: This quiet residential block is characterized by a lack of entertainment, transit, and landmarks, with very limited options for shopping and dining."
284.51,Entire home/apt,4.83,14.0,8.0,6.0,2.0,12.0,True,6.0,2.0,8.0,"NOTES: Absence of nightlife, cafes, hotels, museums, and parks combined with limited access to dining, shops, and services indicates a secluded residential or industrial area.
DESCRIPTION: This block is characterized by a lack of nightlife, cultural attractions, and green space, offering limited access to dining, shopping, and essential services."
201.42,Entire home/apt,4.5,4.0,1.0,1.0,1.0,2.0,False,1.0,1.0,2.0,"NOTES: Quiet residential area with a significant lack of commercial, transit, and leisure amenities.
DESCRIPTION: This block is a quiet residential area that stands out for its lack of dining, shopping, transit, and entertainment options."
128.46,Entire home/apt,4.33,6.0,2.0,2.0,1.0,3.0,True,2.0,1.0,3.0,"NOTES: This block is characterized by a lack of entertainment, parks, and green space, alongside limited access to dining, shops, and essential services, indicating a quiet residential or industrial area.

DESCRIPTION: This block is a quiet area defined by a lack of entertainment venues and parks, with limited access to dining, shops, and essential services."
131.37,Entire home/apt,5.0,3.0,1.0,1.0,1.0,1.0,False,1.0,1.0,2.0,"NOTES: Lack of amenities, dining, transit, and shops; quiet residential area.
DESCRIPTION: This block is a quiet residential area characterized by a notable absence of dining, shopping, transit, and local amenities."
187.82,Entire home/apt,4.9,4.0,2.0,1.0,1.0,10.0,True,1.0,1.0,2.0,"NOTES: Absence of commercial, cultural, and transit amenities; residential or industrial area.
DESCRIPTION: This block is characterized by a lack of shops, dining, and transit options, creating a quiet environment devoid of typical New York cultural and commercial activity."
127.23,Entire home/apt,5.0,3.0,2.0,2.0,1.0,5.0,True,2.0,1.0,3.0,"NOTES: This block is characterized by a complete lack of transit, hotels, and sports facilities, alongside very limited dining, shopping, and entertainment, indicating a quiet residential area.
DESCRIPTION: This quiet residential block stands out for its lack of transit, hotels, and sports facilities while offering very limited options for dining, shopping, and entertainment."
128.79,Entire home/apt,4.89,5.0,2.0,2.0,1.0,72.0,False,2.0,1.0,3.0,"NOTES: Lack of nightlife, entertainment, museums, pharmacies, and transit, combined with sparse dining, shopping, and green space, indicates a quiet residential area.

DESCRIPTION: This block is a quiet residential area characterized by a notable absence of nightlife, entertainment, and transit options, alongside limited access to dining, shopping, and parks."
211.68,Entire home/apt,4.89,8.0,3.0,3.0,2.0,9.0,True,3.0,2.0,5.0,"NOTES: Lack of nightlife, dining, shops, and green space indicates a quiet residential or industrial area.
DESCRIPTION: This block is a quiet area characterized by a notable absence of nightlife, dining, shops, and green space."
199.78,Entire home/apt,4.0,9.0,7.0,2.0,1.0,1.0,False,2.0,1.0,3.0,"NOTES: This is a quiet residential area characterized by a complete lack of transit, parks, museums, and hotels, alongside very limited dining, shopping, and nightlife options.

DESCRIPTION: This quiet area lacks transit, parks, museums, and hotels while offering very limited options for dining, shopping, and nightlife."
65.15,Entire home/apt,4.87,2.0,1.0,1.0,1.0,126.0,True,1.0,1.0,2.0,"NOTES: This block is characterized by a complete absence of nightlife, cafes, entertainment, hotels, museums, and green space, alongside limited dining, shopping, and fitness options, indicating a quiet residential or industrial area.
DESCRIPTION: This block is exceptionally quiet, lacking all nightlife, entertainment, cultural venues, and green space while offering minimal access to dining, shopping, and exercise facilities."
326.0,Private room,4.96,1.0,1.0,1.0,1.0,82.0,True,1.0,1.0,2.0,"NOTES: Abundant green space and a lack of commercial amenities define this quiet residential area near Prospect Park.
DESCRIPTION: This quiet area near Prospect Park is defined by an abundance of green space and a notable absence of bars, shops, and dining options."
151.18,Entire home/apt,5.0,2.0,1.0,1.0,1.0,1.0,False,1.0,1.0,2.0,"NOTES: Lacks transit, nightlife, gyms, parks, and pharmacies; characterized as a quiet residential or industrial area.
DESCRIPTION: This block is defined by a lack of transit, nightlife, gyms, parks, and pharmacies, resulting in a quiet environment with limited dining and shopping options."
225.0,Private room,4.59,3.0,2.0,1.0,1.0,75.0,False,1.0,1.0,2.0,"NOTES: This area is a quiet residential enclave characterized by a significant lack of retail, dining, nightlife, and transit options.
DESCRIPTION: This block is a quiet residential area that stands out for its limited access to dining, shopping, entertainment, and public transit."
168.17,Entire home/apt,4.53,7.0,13.0,3.0,2.0,157.0,False,3.0,2.0,5.0,"NOTES: Above average subway and transit access; quiet for dining, nightlife, gyms, shops, and pharmacies; residential or transit-focused area.
DESCRIPTION: This block features above average subway and transit access but remains quiet regarding dining, nightlife, gyms, shops, and pharmacies."
172.56,Entire home/apt,4.5,3.0,2.0,1.0,1.0,4.0,False,1.0,1.0,2.0,"NOTES: This block is characterized by a lack of entertainment, parks, and green space, alongside a significant scarcity of dining, shopping, and essential services, indicating a quiet residential or industrial area.

DESCRIPTION: This block is notably quiet, lacking entertainment venues and green space while offering very limited options for dining, shopping, and daily services."
355.67,Entire home/apt,4.76,2.0,3.0,2.0,2.0,208.0,True,2.0,2.0,4.0,"NOTES: This block lacks landmarks, transit, nightlife, dining, shops, and green space, indicating a quiet residential area.
DESCRIPTION: This block is characterized by a lack of nearby landmarks, transit, dining, and entertainment, resulting in a quiet residential environment."
307.89,Entire home/apt,5.0,6.0,4.0,3.0,2.0,14.0,False,3.0,2.0,5.0,"NOTES: This block is characterized by a lack of amenities, transit, and landmarks, indicating a quiet residential or isolated area.
DESCRIPTION: This quiet area lacks nearby transit, landmarks, and essential amenities such as cafes, parks, or grocery stores."
136.06,Entire home/apt,4.86,4.0,3.0,3.0,1.5,14.0,True,3.0,1.5,4.5,"NOTES: Lack of commercial activity, dining, and nightlife; residential area.
DESCRIPTION: This block is a quiet residential area defined by a notable absence of shops, dining, and nightlife options."
303.13,Private room,4.92,2.0,2.0,2.0,1.0,151.0,True,2.0,1.0,3.0,"NOTES: Lacking landmarks, transit, nightlife, dining, shops, and green space, this is a secluded residential area.
DESCRIPTION: This secluded residential area stands out for its lack of landmarks, transit, nightlife, dining, and shops."
183.23,Entire home/apt,4.64,2.0,2.0,1.0,1.0,28.0,False,1.0,1.0,2.0,"NOTES: The block lacks nightlife, cafes, hotels, museums, parks, and essential services, indicating a quiet residential or industrial area.
DESCRIPTION: This block is characterized by a lack of nightlife, cafes, hotels, museums, and green space, with limited access to dining, shopping, and essential services."
224.64,Entire home/apt,4.62,6.0,1.0,1.0,1.0,55.0,False,1.0,1.0,2.0,"NOTES: Lacks transit, retail, dining, and nightlife; this is a quiet, residential area.
DESCRIPTION: This quiet area near The Metropolitan Museum of Art lacks transit, retail, dining, and nightlife options."
196.1,Entire home/apt,5.0,5.0,2.0,1.0,1.0,6.0,False,1.0,1.0,2.0,"NOTES: Lacks all typical urban amenities including transit, nightlife, and green space, indicating a remote or purely residential area.
DESCRIPTION: This block is an exceptionally quiet area that lacks transit, nightlife, and green space while offering very limited access to dining, shopping, and daily necessities."
77.89,Entire home/apt,5.0,2.0,1.0,1.0,1.0,2.0,False,1.0,1.0,2.0,"NOTES: The block lacks cafes, entertainment, gyms, parks, and transit, while dining, nightlife, grocery, shops, and landmarks are all below average; this indicates a remote residential area.

DESCRIPTION: This remote residential area lacks cafes, entertainment, gyms, parks, and transit, while dining, nightlife, grocery, shops, and landmarks are all below average."
96.13,Entire home/apt,4.88,4.0,2.0,1.0,1.0,8.0,False,1.0,1.0,2.0,"NOTES: Lacks all typical urban amenities including transit, parks, and entertainment, indicating a remote or strictly residential area.
DESCRIPTION: This block is characterized by a complete absence of transit, parks, and entertainment venues, with limited options for dining, shopping, and nightlife."
143.55,Private room,4.94,2.0,2.0,2.0,1.0,161.0,True,2.0,1.0,3.0,"NOTES: Lacks cafes, hotels, museums, galleries, parks, and green space; dining, entertainment, groceries, gyms, sights, and shops are well below average; pharmacies and nightlife are below average; this is a quiet residential area.
DESCRIPTION: This quiet residential block stands out for its lack of cafes, hotels, museums, galleries, and green space. It also features well below average access to dining, entertainment, groceries, gyms, sights, and shops."
137.46,Entire home/apt,5.0,4.0,2.0,1.0,1.0,1.0,False,1.0,1.0,2.0,"NOTES: Lacks all amenities, transit, and entertainment; this is a remote residential area.
DESCRIPTION: This block is a remote residential area that lacks all local amenities, transit options, and entertainment venues."
720.0,Entire home/apt,4.78,7.0,4.0,3.0,1.5,83.0,False,3.0,1.5,4.5,"NOTES: Lack of amenities, transit, and entertainment; isolated residential area.
DESCRIPTION: This block is characterized by a lack of transit, dining, and entertainment options, resulting in an isolated residential environment."
131.67,Entire home/apt,4.95,5.0,2.0,2.0,1.0,170.0,True,2.0,1.0,3.0,"NOTES: This block is characterized by a lack of amenities, nightlife, and transit access, suggesting a quiet residential or isolated area.
DESCRIPTION: This block stands out for its lack of entertainment, dining, and transit options. It is a quiet area with very few shops or services nearby."
55.0,Private room,4.67,1.0,1.0,1.0,2.5,3.0,False,1.0,2.5,3.5,"NOTES: Lack of cultural, commercial, and transit amenities indicates a quiet residential area.
DESCRIPTION: This block is a quiet residential area characterized by a notable absence of museums, nightlife, dining, and transit options."
223.47,Entire home/apt,4.45,4.0,1.0,1.0,1.0,56.0,False,1.0,1.0,2.0,"NOTES: This block is characterized by a lack of entertainment, dining, retail, and transit options, indicating a very quiet residential or isolated area.
DESCRIPTION: This block is exceptionally quiet due to a lack of dining, shopping, transit, and entertainment options."
46.3,Private room,4.77,1.0,1.0,3.0,1.0,13.0,True,3.0,1.0,4.0,"NOTES: This block lacks transit, entertainment, landmarks, and essential services, indicating a quiet residential or isolated area.
DESCRIPTION: This block is a quiet area characterized by a lack of transit, entertainment, landmarks, and essential services."
89.23,Entire home/apt,4.76,2.0,2.0,1.0,1.0,25.0,False,1.0,1.0,2.0,"NOTES: The block lacks essential amenities and transit access, suggesting a quiet residential area.
DESCRIPTION: This quiet residential area lacks nearby cafes, hotels, landmarks, museums, pharmacies, and green space, while offering limited access to dining, transit, and shops."
83.61,Entire home/apt,5.0,3.0,2.0,1.0,1.0,33.0,True,1.0,1.0,2.0,"NOTES: This block lacks all common amenities and services, indicating an isolated residential or industrial area.
DESCRIPTION: This block stands out for its lack of nightlife, cafes, hotels, museums, parks, and pharmacies, while dining, gyms, landmarks, and shops are well below average."
574.5,Private room,4.94,6.0,4.0,3.0,2.0,121.0,True,3.0,2.0,5.0,"NOTES: The block lacks cafes, entertainment, hotels, museums, parks, and transit, while offering minimal dining, shopping, and nightlife, indicating a secluded residential area.
DESCRIPTION: This block is a quiet residential area that stands out for its lack of cafes, entertainment, and transit options. It offers very limited access to dining, shopping, and nightlife."
77.43,Private room,4.0,1.0,1.0,1.0,2.5,1.0,False,1.0,2.5,3.5,"NOTES: This block is characterized by a lack of entertainment, hotels, museums, parks, and pharmacies, with below-average options for dining, shopping, and nightlife, indicating a quiet residential or industrial area.
DESCRIPTION: This block is a quiet area defined by a lack of entertainment, cultural, and retail amenities."
89.23,Entire home/apt,5.0,2.0,2.0,1.0,1.0,2.0,False,1.0,1.0,2.0,"NOTES: Lacks cafes, hotels, landmarks, museums, parks, and grocery stores; dining, transit, and amenities are sparse; this is a quiet residential or industrial area.
DESCRIPTION: This block is a quiet area characterized by a lack of cafes, hotels, landmarks, museums, and green spaces. It offers very limited dining, shopping, transit, and essential amenities."
89.6,Private room,3.0,2.0,1.0,1.0,1.0,2.0,False,1.0,1.0,2.0,"NOTES: Above average transit access with a lack of local amenities, dining, and entertainment, indicating a purely residential or industrial transit-oriented area.
DESCRIPTION: This block offers above average transit access but remains quiet due to a lack of nearby dining, shops, entertainment, and green space."
194.0,Private room,5.0,2.0,1.0,1.0,1.0,2.0,True,1.0,1.0,2.0,"NOTES: This block is characterized by a complete absence of public amenities, transit, and cultural attractions, making it a quiet residential or industrial area.
DESCRIPTION: This block is a quiet area defined by a lack of dining, shops, and transit options."
103.8,Entire home/apt,4.89,2.0,1.0,1.0,1.0,19.0,True,1.0,1.0,2.0,"NOTES: This block is characterized by a complete absence of nightlife, cafes, entertainment, and transit, with significantly limited access to dining, groceries, gyms, pharmacies, and shops, indicating a strictly residential or isolated area.

DESCRIPTION: This quiet block stands out for its lack of nightlife, cafes, entertainment, and transit options, while also offering very limited access to essential services and dining."
255.4,Entire home/apt,5.0,2.0,2.0,2.0,1.0,2.0,False,2.0,1.0,3.0,"NOTES: Lack of cafes, entertainment, hotels, parks, and transit; limited dining, grocery, and gym access; quiet residential area.
DESCRIPTION: This block is a quiet residential area characterized by a lack of cafes, entertainment, parks, and transit options, with limited access to dining, grocery stores, and gyms."
46.19,Private room,5.0,2.0,1.0,1.0,1.0,2.0,True,1.0,1.0,2.0,"NOTES: High density of pharmacies; lack of nightlife, transit, dining, and retail; quiet residential area.
DESCRIPTION: This block is characterized by an abundance of pharmacies and a notable absence of nightlife, transit, dining, and retail options."
120.72,Entire home/apt,4.96,4.0,2.0,2.0,1.0,27.0,True,2.0,1.0,3.0,"NOTES: This block lacks nightlife, cafes, entertainment, landmarks, museums, and parks, while offering very limited access to dining, groceries, gyms, pharmacies, and shops, indicating a quiet residential or industrial area.
DESCRIPTION: This quiet block stands out for its lack of nightlife, entertainment, and cultural attractions, while offering very limited access to daily necessities like dining, grocery stores, and shops."
305.13,Private room,4.83,4.0,2.0,2.0,1.0,42.0,False,2.0,1.0,3.0,"NOTES: The area is a quiet residential enclave characterized by a complete lack of commercial amenities, transit, and entertainment options.
DESCRIPTION: This block is a quiet area defined by a lack of dining, nightlife, shops, and transit options."
77.37,Private room,4.93,2.0,1.0,2.0,2.0,58.0,False,2.0,2.0,4.0,"NOTES: Lack of cafes, parks, transit, and amenities indicates a remote residential or industrial area.
DESCRIPTION: This block is characterized by a notable absence of cafes, parks, and transit options, with dining, nightlife, and essential services falling well below typical levels."
200.0,Entire home/apt,4.77,4.0,5.0,2.0,1.0,271.0,True,2.0,1.0,3.0,"NOTES: The area is characterized by a complete absence of nightlife, hotels, museums, parks, and pharmacies, with limited access to dining, shops, and services, indicating a quiet residential or industrial enclave.

DESCRIPTION: This block is a quiet area defined by a lack of nightlife, cultural attractions, and green spaces. Residents have limited access to dining, shopping, and everyday services."
141.8,Entire home/apt,4.96,4.0,2.0,2.0,1.0,23.0,True,2.0,1.0,3.0,"NOTES: Absence of cafes, hotels, landmarks, museums, parks, and transit, combined with limited retail, dining, and nightlife, indicates a quiet residential area.
DESCRIPTION: This quiet residential block lacks cafes, hotels, landmarks, museums, parks, and transit, while offering limited options for dining, nightlife, and shopping."
99.56,Private room,4.83,4.0,2.0,2.0,1.0,6.0,False,2.0,1.0,3.0,"NOTES: The block is characterized by a complete absence of entertainment, landmarks, museums, parks, and transit, with significantly limited access to dining, shopping, and services, indicating a remote residential or industrial area.
DESCRIPTION: This block stands out for its lack of entertainment, landmarks, museums, parks, and transit, while offering very limited options for dining, shopping, and daily services."
91.0,Entire home/apt,1.0,2.0,1.0,1.0,1.0,1.0,False,1.0,1.0,2.0,"NOTES: This is a quiet residential area characterized by a complete lack of nightlife, hotels, museums, parks, and transit, alongside very limited dining, shopping, and services.
DESCRIPTION: This quiet block stands out for its lack of nightlife, transit, and public spaces, offering very limited access to dining, shopping, and essential services."
74.41,Entire home/apt,3.67,3.0,1.0,1.0,1.0,3.0,False,1.0,1.0,2.0,"NOTES: This block lacks entertainment, dining, retail, and services, indicating a strictly residential area.
DESCRIPTION: This block is characterized by a complete absence of commercial activity, dining options, and public attractions, marking it as a quiet residential area."
139.97,Private room,4.17,6.0,2.0,2.0,1.0,23.0,False,2.0,1.0,3.0,"NOTES: Lacks cafes, entertainment, hotels, landmarks, parks, and transit; dining, nightlife, grocery, gym, museum, pharmacy, and shop access are significantly limited. This is a secluded residential area.

DESCRIPTION: This block is a secluded residential area characterized by a complete absence of cafes, entertainment, hotels, landmarks, parks, and transit. Access to dining, nightlife, grocery stores, gyms, museums, pharmacies, and shops is also significantly limited."
134.75,Entire home/apt,4.72,2.0,1.0,1.0,1.0,130.0,False,1.0,1.0,2.0,"NOTES: Lacks all amenities and transit, indicating a remote or isolated residential area.
DESCRIPTION: This block is characterized by a complete absence of transit, green space, and cultural venues, with significantly limited access to dining, shopping, and nightlife."
311.83,Entire home/apt,4.5,2.0,2.0,2.0,1.0,2.0,True,2.0,1.0,3.0,"NOTES: Lack of transit, amenities, and entertainment; quiet residential area.
DESCRIPTION: This block is a quiet residential area characterized by a notable absence of transit, entertainment, and essential amenities."
94.77,Entire home/apt,4.63,11.0,8.0,3.0,1.0,62.0,False,3.0,1.0,4.0,"NOTES: This block is characterized by a lack of transit, amenities, and public spaces, indicating a quiet residential or industrial area.
DESCRIPTION: This quiet area lacks transit, entertainment, and essential services, offering very few dining, shopping, or recreational options."
268.25,Shared room,4.85,2.0,3.0,2.0,1.0,74.0,False,2.0,1.0,3.0,"NOTES: This area is a quiet residential or industrial zone characterized by a complete absence of transit, hospitality, and dining options.
DESCRIPTION: This block is a quiet area defined by a lack of transit, dining, shops, and nightlife options."
558.63,Entire home/apt,4.94,9.0,7.0,4.0,2.5,79.0,False,4.0,2.5,6.5,"NOTES: Lack of transit, amenities, and commercial activity; residential enclave.
DESCRIPTION: This block is a quiet residential enclave defined by a complete absence of transit, entertainment, and retail options."
47.75,Private room,5.0,1.0,2.0,2.0,1.0,1.0,False,2.0,1.0,3.0,"NOTES: This block is characterized by a lack of entertainment, transit, groceries, and amenities, indicating a quiet residential or isolated area.
DESCRIPTION: This block stands out as a quiet area with almost no grocery stores, entertainment venues, or transit options, and very limited dining, shopping, and nightlife."
247.33,Private room,4.9,2.0,1.0,1.0,1.0,245.0,True,1.0,1.0,2.0,"NOTES: The block lacks hotels, museums, galleries, and pharmacies, and features significantly reduced dining, nightlife, retail, and recreational options, indicating a purely residential area.

DESCRIPTION: This block is a quiet residential area that lacks hotels, museums, galleries, and pharmacies while offering very limited options for dining, nightlife, shopping, and recreation."
512.0,Private room,4.9,4.0,4.0,3.0,2.0,125.0,True,3.0,2.0,5.0,"NOTES: Lacks all typical urban amenities including transit, parks, and nightlife; this is a quiet, isolated residential area.
DESCRIPTION: This block is a quiet area that lacks transit, parks, and nightlife, while offering very limited access to dining, shops, and essential services."
390.5,Private room,4.98,2.0,3.0,2.0,1.0,171.0,True,2.0,1.0,3.0,"NOTES: This block is characterized by a complete absence of hotels, museums, galleries, and pharmacies, alongside limited access to dining, shops, transit, and recreation, indicating a quiet residential or industrial area.

DESCRIPTION: This block is a quiet area defined by a lack of hotels, museums, galleries, and pharmacies, while dining, shops, transit, and recreational options are also limited."
241.59,Entire home/apt,4.91,8.0,4.0,3.0,2.0,11.0,False,3.0,2.0,5.0,"NOTES: Lacks amenities, transit, and attractions; residential or industrial area.
DESCRIPTION: This block is characterized by a lack of transit, landmarks, and amenities, resulting in a quiet environment with limited dining, shopping, and nightlife options."
319.53,Entire home/apt,4.85,2.0,1.0,1.0,1.0,182.0,True,1.0,1.0,2.0,"NOTES: Lacks transit, pharmacies, and significant amenities; quiet residential area.
DESCRIPTION: This block is a quiet area characterized by a lack of transit, pharmacies, and dining options, situated near The Metropolitan Museum of Art."
83.93,Entire home/apt,4.48,2.0,1.0,1.0,1.0,29.0,False,1.0,1.0,2.0,"NOTES: Lacking cafes, hotels, landmarks, museums, parks, and essential services, this is a quiet residential area.
DESCRIPTION: This quiet residential block is characterized by a lack of cafes, hotels, landmarks, and green spaces, while dining, shopping, and essential services are notably scarce."
184.8,Entire home/apt,4.82,2.0,1.0,1.0,1.0,44.0,True,1.0,1.0,2.0,"NOTES: This is a quiet residential area characterized by a lack of commercial amenities, nightlife, transit, and public spaces.
DESCRIPTION: This quiet residential area stands out for its lack of dining, shops, and transit options."
405.17,Entire home/apt,5.0,6.0,4.0,3.0,2.0,2.0,False,3.0,2.0,5.0,"NOTES: Lacks essential amenities, transit, and social venues; this is a remote residential area.
DESCRIPTION: This block is a remote residential area characterized by a lack of nearby transit, shops, and essential services. Dining, nightlife, and entertainment options are also significantly limited compared to a typical New York block."
187.11,Entire home/apt,5.0,2.0,1.0,1.0,1.0,1.0,True,1.0,1.0,2.0,"NOTES: This block is characterized by a complete absence of nightlife, cafes, hotels, landmarks, museums, parks, and transit, while dining, entertainment, grocery, and gym options are well below average; it is a quiet, isolated residential area.

DESCRIPTION: This block is a quiet area defined by a lack of nightlife, transit, and public amenities, with dining, shopping, and entertainment options being well below average."
214.8,Entire home/apt,4.9,2.0,3.0,2.0,1.0,88.0,False,2.0,1.0,3.0,"NOTES: Lack of amenities, dining, and entertainment; quiet residential or industrial area.
DESCRIPTION: This block is characterized by a notable absence of entertainment, cultural, and retail amenities, resulting in a quiet environment."
111.2,Entire home/apt,4.85,2.0,2.0,1.0,1.0,62.0,False,1.0,1.0,2.0,"NOTES: This block lacks cafes, hotels, landmarks, museums, and transit, and features minimal dining, entertainment, shopping, and green space, indicating a quiet residential or industrial area.
DESCRIPTION: This quiet block lacks cafes, hotels, landmarks, museums, and transit while offering very limited options for dining, entertainment, shopping, and recreation."
89.31,Entire home/apt,4.92,2.0,1.0,1.0,1.0,63.0,False,1.0,1.0,2.0,"NOTES: Lack of amenities, transit, and attractions; quiet residential or industrial area.
DESCRIPTION: This block is characterized by a lack of transit, landmarks, and essential services, resulting in a quiet environment with minimal dining or shopping options."
123.94,Entire home/apt,5.0,2.0,2.0,1.0,1.0,2.0,False,1.0,1.0,2.0,"NOTES: Lacks cafes, parks, transit, and amenities; this is a quiet residential area.
DESCRIPTION: This block is a quiet residential area that lacks nearby cafes, parks, and transit options. It features well below average access to dining, nightlife, shopping, and essential services."
188.49,Entire home/apt,4.88,6.0,4.0,2.0,1.0,64.0,True,2.0,1.0,3.0,"NOTES: This block lacks nightlife, hotels, landmarks, museums, parks, and pharmacies, while dining, shops, cafes, gyms, and transit are limited, suggesting a quiet residential area.
DESCRIPTION: This quiet residential block is defined by a lack of nightlife, landmarks, and public amenities, with limited options for dining, shopping, and transit."
50.33,Private room,4.2,1.0,1.0,1.0,2.5,5.0,False,1.0,2.5,3.5,"NOTES: Lacks nightlife, entertainment, hotels, museums, parks, and pharmacies; features very limited dining, shopping, and services; area type: isolated residential enclave.
DESCRIPTION: This block is defined by a complete absence of nightlife, entertainment, and public amenities. The area offers very limited access to dining, shopping, and essential services."
119.82,Private room,4.75,2.0,4.0,1.0,1.0,16.0,False,1.0,1.0,2.0,"NOTES: The block lacks all typical urban amenities and transit access, indicating a remote or purely residential area.
DESCRIPTION: This block stands out for its complete lack of cafes, entertainment, gyms, landmarks, museums, parks, and transit access, while offering minimal options for dining, shopping, and nightlife."
424.14,Entire home/apt,5.0,5.0,3.0,2.0,1.0,61.0,True,2.0,1.0,3.0,"NOTES: Lacks amenities, dining, transit, and green space; residential isolation.
DESCRIPTION: This block is characterized by a notable absence of dining, shopping, and transit options, resulting in a quiet and isolated residential environment."
165.37,Entire home/apt,4.48,8.0,2.0,2.0,1.0,21.0,False,2.0,1.0,3.0,"NOTES: Absence of amenities and transit, limited retail and services; residential or isolated area.
DESCRIPTION: This block is characterized by a notable lack of transit, landmarks, and public amenities. The area offers minimal access to dining, shopping, and essential services."
105.65,Entire home/apt,5.0,3.0,1.0,1.0,1.0,12.0,True,1.0,1.0,2.0,"NOTES: This block is quiet, isolated, and lacks essential services, indicating a remote residential or industrial area.
DESCRIPTION: This quiet block is isolated from transit, amenities, and entertainment, with limited access to dining, shopping, and essential services."
177.2,Entire home/apt,4.65,6.0,4.0,2.0,1.0,166.0,False,2.0,1.0,3.0,"NOTES: This block is characterized by a complete absence of nightlife, cafes, entertainment, landmarks, museums, parks, and transit, alongside limited dining, shopping, and services, indicating an isolated residential or industrial area.
DESCRIPTION: This block stands out for its lack of nightlife, entertainment, and public transit, while offering very limited options for dining, shopping, and daily services."
667.33,Entire home/apt,4.33,16.0,8.0,5.0,3.5,3.0,False,5.0,3.5,8.5,"NOTES: Lacks cafes, parks, transit, dining, and essential services; this is a secluded residential area.
DESCRIPTION: This secluded residential area lacks cafes, parks, transit, and dining options."
167.0,Entire home/apt,4.86,4.0,2.0,2.0,1.0,50.0,True,2.0,1.0,3.0,"NOTES: This area is a quiet residential or industrial zone characterized by a total lack of transit, landmarks, and amenities.

DESCRIPTION: This block is a quiet area defined by the absence of transit, landmarks, and essential services."
256.63,Entire home/apt,4.5,5.0,2.0,1.0,1.0,28.0,False,1.0,1.0,2.0,"NOTES: This block lacks entertainment, hotels, museums, galleries, and pharmacies, and features minimal dining, shopping, transit, and social amenities, indicating a quiet residential or industrial area.
DESCRIPTION: This block is a quiet area characterized by a lack of entertainment, hotels, and cultural institutions, paired with minimal dining, shopping, and transit options."
249.92,Private room,4.51,4.0,2.0,2.0,1.0,89.0,False,2.0,1.0,3.0,"NOTES: This is a secluded residential area characterized by a complete absence of cafes, entertainment, gyms, hotels, parks, and transit, alongside very limited dining, nightlife, and retail options.
DESCRIPTION: This secluded residential area lacks cafes, entertainment, gyms, hotels, parks, and transit while offering very limited dining, nightlife, and retail options."
114.3,Entire home/apt,4.36,3.0,2.0,1.0,1.0,11.0,False,1.0,1.0,2.0,"NOTES: This block lacks all common amenities, transit, and entertainment, indicating a remote or isolated residential area.
DESCRIPTION: This isolated block is characterized by a complete absence of transit, entertainment, and public amenities."
61.12,Entire home/apt,5.0,2.0,1.0,1.0,1.0,2.0,False,1.0,1.0,2.0,"NOTES: Quiet residential area lacking commercial amenities, dining, nightlife, and transit access.
DESCRIPTION: This quiet block stands out for its lack of cafes, dining, nightlife, and transit access. It is a secluded area with minimal commercial activity and limited access to parks or museums."
259.95,Entire home/apt,4.87,8.0,6.0,3.0,2.0,116.0,True,3.0,2.0,5.0,"NOTES: Lacks entertainment, museums, parks, and essential services; this is a quiet, isolated residential area.
DESCRIPTION: This block is a quiet, isolated area that lacks entertainment, museums, parks, and essential services."
261.8,Entire home/apt,4.76,4.0,2.0,1.0,1.0,21.0,False,1.0,1.0,2.0,"NOTES: Above average subway and transit access; quiet area with a lack of dining, shops, and amenities.
DESCRIPTION: This block offers above average subway and transit access but remains a quiet area lacking dining, shops, and other amenities."
261.07,Private room,4.92,2.0,1.0,1.0,1.0,12.0,False,1.0,1.0,2.0,"NOTES: This block lacks all common amenities, transit, and entertainment, indicating a secluded residential area.

DESCRIPTION: This block is characterized by a complete absence of transit, landmarks, and retail options, resulting in a quiet and isolated environment."
196.51,Private room,4.77,2.0,1.0,1.0,1.0,125.0,False,1.0,1.0,2.0,"NOTES: This block lacks cafes, entertainment, hotels, landmarks, museums, parks, and pharmacies, while dining, nightlife, gyms, shops, and grocery stores are significantly limited, indicating a strictly residential or industrial area.
DESCRIPTION: This block is characterized by a lack of commercial amenities, entertainment, and public spaces, resulting in a quiet environment with minimal dining, shopping, or nightlife options."
152.3,Entire home/apt,4.8,4.0,2.0,2.0,1.0,40.0,False,2.0,1.0,3.0,"NOTES: This block is characterized by a complete absence of transit, hotels, and essential amenities, indicating a quiet residential area.

DESCRIPTION: This quiet residential block lacks transit, hotels, and most commercial amenities."
214.41,Private room,4.75,6.0,5.0,4.0,2.0,4.0,False,4.0,2.0,6.0,"NOTES: This block is characterized by a complete lack of entertainment, fitness, cultural, green, and transit amenities, alongside very limited dining, shopping, and nightlife options, indicating a secluded or isolated residential area.
DESCRIPTION: This isolated block lacks nearby entertainment, transit, and cultural amenities while offering very limited options for dining, shopping, and nightlife."
134.83,Entire home/apt,4.82,2.0,1.0,1.0,1.0,28.0,True,1.0,1.0,2.0,"NOTES: This block lacks all common urban amenities and transit access, indicating a remote or isolated residential area.
DESCRIPTION: This isolated block is characterized by a complete absence of transit, landmarks, and recreational options, with significantly limited access to dining, shopping, and essential services."
170.33,Entire home/apt,4.68,8.0,4.0,3.0,1.0,41.0,True,3.0,1.0,4.0,"NOTES: This block is characterized by a complete absence of public amenities, transit, and entertainment, indicating a quiet residential or isolated area.
DESCRIPTION: This block is a quiet area that lacks nearby transit, landmarks, and entertainment venues while offering minimal access to dining, shopping, and daily services."
227.0,Entire home/apt,4.88,8.0,4.0,3.0,2.0,117.0,True,3.0,2.0,5.0,"NOTES: This block lacks cafes, gyms, hotels, landmarks, parks, and transit, while offering very limited dining, shopping, and nightlife, indicating a secluded residential area.
DESCRIPTION: This secluded residential area stands out for its lack of cafes, gyms, hotels, landmarks, parks, and transit options. Dining, shopping, and nightlife opportunities are also significantly more limited than on a typical New York block."
105.38,Entire home/apt,4.89,4.0,4.0,1.0,1.0,186.0,False,1.0,1.0,2.0,"NOTES: This area is a quiet residential or industrial zone characterized by a complete absence of public amenities, transit, and retail.

DESCRIPTION: This block is a quiet area with no nearby cafes, entertainment, landmarks, museums, parks, or transit. Dining, grocery, gym, pharmacy, and shop access is well below average, while bars and hotels are also limited."
211.5,Private room,4.95,2.0,1.0,1.0,1.0,39.0,True,1.0,1.0,2.0,"NOTES: Lacks cafes, entertainment, hotels, landmarks, museums, and transit; quiet for dining, nightlife, gyms, pharmacies, and shops; residential area.
DESCRIPTION: This block is characterized by a quiet atmosphere that lacks nearby cafes, entertainment, transit, and cultural landmarks. The area offers limited access to dining, nightlife, and essential services."
455.0,Entire home/apt,4.64,2.0,1.0,1.0,1.0,251.0,False,1.0,1.0,2.0,"NOTES: Lack of amenities, transit, and nightlife; this is a quiet residential area.
DESCRIPTION: This quiet block stands out for its lack of nearby transit, shops, and dining options."
249.0,Private room,4.89,2.0,1.0,1.0,1.0,245.0,True,1.0,1.0,2.0,"NOTES: Lack of entertainment, landmarks, museums, pharmacies, transit, and limited access to dining, retail, and green space; this is a quiet, isolated residential area.
DESCRIPTION: This block is a quiet, isolated residential area characterized by a notable absence of entertainment, landmarks, museums, transit, and essential services."
294.27,Entire home/apt,4.54,5.0,2.0,2.0,1.0,13.0,False,2.0,1.0,3.0,"NOTES: This block is characterized by a complete absence of nightlife, transit, and cultural institutions, alongside significantly limited dining, shopping, and essential services, indicating a quiet residential area.

DESCRIPTION: This quiet residential block stands out for its lack of nightlife, transit, and cultural attractions, while offering very limited access to dining, shopping, and daily conveniences."
342.4,Entire home/apt,4.63,6.0,3.0,2.0,1.0,8.0,False,2.0,1.0,3.0,"NOTES: Absence of commercial, transit, and social amenities; residential or industrial area.
DESCRIPTION: This block is characterized by a lack of cafes, shops, and transit options, resulting in a quiet environment with minimal dining and entertainment."
67.91,Entire home/apt,5.0,2.0,1.0,1.0,1.0,3.0,False,1.0,1.0,2.0,"NOTES: Quiet residential or industrial area lacking all commercial, cultural, and transit amenities.
DESCRIPTION: This block is a quiet area that lacks nightlife, entertainment, parks, and transit access while offering very limited options for dining, shopping, and groceries."
555.21,Entire home/apt,4.95,4.0,5.0,4.0,2.0,19.0,False,4.0,2.0,6.0,"NOTES: Quiet residential area lacking commercial amenities, entertainment, and retail services.
DESCRIPTION: This block is a quiet residential area that lacks entertainment venues, retail shops, and dining options."
320.59,Private room,5.0,4.0,2.0,3.0,1.0,8.0,False,3.0,1.0,4.0,"NOTES: The block is exceptionally quiet with a total absence of entertainment, transit, landmarks, and essential services, indicating a strictly residential or isolated area.
DESCRIPTION: This block is exceptionally quiet and isolated, lacking nearby entertainment, transit, landmarks, and essential services."
88.5,Entire home/apt,4.97,2.0,1.0,2.0,1.0,30.0,True,2.0,1.0,3.0,"NOTES: This block is characterized by a complete absence of nightlife, cafes, hotels, museums, parks, and transit, indicating a remote or purely residential area.
DESCRIPTION: This area is exceptionally quiet and isolated, lacking the typical amenities, entertainment, and transit access found throughout New York."
209.1,Entire home/apt,4.85,8.0,4.0,3.0,2.0,52.0,True,3.0,2.0,5.0,"NOTES: Lacks transit, nightlife, dining, and retail; residential or industrial area.
DESCRIPTION: This block stands out for its lack of transit, nightlife, dining, and retail options. It is a quiet area with minimal amenities and services."
175.29,Entire home/apt,4.85,6.0,3.0,2.0,1.0,34.0,False,2.0,1.0,3.0,"NOTES: Above average green space, lack of commercial and social amenities; residential enclave.
DESCRIPTION: This block stands out for its above average green space and notable lack of dining, shopping, and entertainment options."
108.38,Entire home/apt,4.91,4.0,4.0,1.0,1.0,11.0,True,1.0,1.0,2.0,"NOTES: This block is characterized by a complete absence of nightlife, cafes, entertainment, landmarks, and green space, alongside limited access to dining, shopping, and transit, indicating a remote or strictly residential area.
DESCRIPTION: This block is defined by a lack of local amenities and entertainment options, resulting in a quiet environment with limited access to dining, shopping, and transit."
367.68,Entire home/apt,4.82,8.0,4.0,4.0,2.0,62.0,False,4.0,2.0,6.0,"NOTES: This block lacks entertainment, museums, galleries, pharmacies, and essential services, indicating a quiet residential or industrial area.
DESCRIPTION: This quiet block features very limited access to dining, shopping, and nightlife, with no nearby entertainment venues or essential services."
120.97,Entire home/apt,5.0,3.0,2.0,2.0,1.0,7.0,True,2.0,1.0,3.0,"NOTES: This block is characterized by a lack of amenities, dining, and transit access, suggesting a quiet residential or industrial area.
DESCRIPTION: This block is a quiet area with limited access to dining, shops, transit, and recreational amenities."
111.32,Entire home/apt,4.66,2.0,2.0,1.0,1.0,56.0,True,1.0,1.0,2.0,"NOTES: This block is characterized by a complete absence of nightlife, cafes, entertainment, gyms, and hotels, alongside limited dining, shopping, groceries, landmarks, and green space, indicating a quiet residential area.

DESCRIPTION: This block is a quiet residential area defined by a lack of commercial activity, entertainment, and public amenities."
234.1,Entire home/apt,5.0,3.0,2.0,2.0,1.5,3.0,False,2.0,1.5,3.5,"NOTES: This block lacks typical urban amenities like transit, nightlife, and essential services, indicating a quiet residential or isolated area.
DESCRIPTION: This block is characterized by a notable absence of transit, nightlife, and essential services, resulting in a quiet environment with minimal local amenities."
86.9,Entire home/apt,4.85,2.0,1.0,1.0,1.0,60.0,True,1.0,1.0,2.0,"NOTES: This block lacks bars, nightlife, cafes, entertainment, hotels, landmarks, and transit, indicating a secluded residential area.
DESCRIPTION: This secluded residential area lacks bars, nightlife, cafes, entertainment, hotels, landmarks, and transit access."
133.47,Entire home/apt,4.87,2.0,2.0,1.0,1.0,169.0,False,1.0,1.0,2.0,"NOTES: This block is characterized by a complete absence of nightlife, cafes, and transit, alongside a significant lack of dining, entertainment, gyms, shops, and essential services, indicating a strictly residential or isolated area.

DESCRIPTION: This block stands out for its lack of nightlife, cafes, and transit options, while offering very limited access to dining, entertainment, shops, and essential services."
124.02,Entire home/apt,4.86,4.0,2.0,2.0,1.0,37.0,True,2.0,1.0,3.0,"NOTES: This block lacks cafes, landmarks, museums, parks, and pharmacies, and features well below average dining, nightlife, entertainment, grocery, gym, and shop options, indicating a quiet residential or industrial area.
DESCRIPTION: This block is characterized by a lack of cafes, landmarks, museums, parks, and pharmacies, while dining, nightlife, entertainment, grocery, gym, and shop options are well below average."
80.03,Entire home/apt,4.64,7.0,4.0,2.0,1.0,84.0,True,2.0,1.0,3.0,"NOTES: This block lacks entertainment, transit, green space, and essential services, indicating a quiet residential or industrial area.
DESCRIPTION: This quiet block stands out for its lack of transit, entertainment, and essential services."
151.03,Entire home/apt,4.93,4.0,3.0,2.0,1.0,76.0,True,2.0,1.0,3.0,"NOTES: This area is a quiet residential or industrial zone lacking all typical urban amenities and transit access.
DESCRIPTION: This block stands out for its lack of nightlife, entertainment, and landmarks, while dining, shopping, and transit options are well below average."
89.7,Entire home/apt,4.91,2.0,2.0,1.0,1.0,103.0,True,1.0,1.0,2.0,"NOTES: This block is characterized by a lack of commercial, transit, and leisure amenities, indicating a secluded residential area.

DESCRIPTION: This secluded residential area stands out for its lack of shops, dining, and transit options."
79.9,Entire home/apt,4.78,2.0,1.0,1.0,1.0,36.0,True,1.0,1.0,2.0,"NOTES: This block is characterized by a lack of transit, amenities, and public spaces, indicating a secluded residential area.
DESCRIPTION: This secluded residential area lacks transit, shops, and entertainment venues, offering very limited access to dining and daily services."
342.0,Entire home/apt,4.84,2.0,2.0,1.0,1.0,115.0,True,1.0,1.0,2.0,"NOTES: This block is characterized by a total absence of nightlife, cafes, hotels, parks, and transit, alongside a severe lack of essential services and amenities, indicating a remote or isolated residential area.
DESCRIPTION: This isolated area lacks nightlife, dining, transit, and essential services, offering none of the typical amenities found on a standard New York block."
271.5,Private room,4.91,5.0,2.0,2.0,1.0,33.0,True,2.0,1.0,3.0,"NOTES: Absence of commercial, social, and transit amenities; residential isolation.
DESCRIPTION: This block is characterized by a lack of dining, shopping, and transit options, resulting in a quiet residential environment."
173.34,Private room,4.91,2.0,1.0,1.0,1.0,82.0,True,1.0,1.0,2.0,"NOTES: This block lacks bars, nightlife, hotels, and museums, while dining, shopping, and services are minimal, indicating a quiet residential area.
DESCRIPTION: This block is characterized by a lack of nightlife, hotels, and museums, with minimal options for dining, shopping, and daily services."
257.0,Entire home/apt,4.83,3.0,2.0,1.0,1.0,71.0,True,1.0,1.0,2.0,"NOTES: Lack of amenities and entertainment; residential or industrial area.
DESCRIPTION: This block is characterized by a notable absence of cafes, entertainment, and green space, with dining, shopping, and essential services falling well below average."
117.83,Entire home/apt,4.75,4.0,2.0,2.0,1.0,4.0,False,2.0,1.0,3.0,"NOTES: This block lacks nightlife, hotels, landmarks, and parks, while offering minimal access to dining, transit, and essential services, indicating a secluded residential or industrial area.
DESCRIPTION: This block is characterized by a lack of nightlife, landmarks, and green space, with limited access to dining, transit, and daily amenities."
389.03,Entire home/apt,4.0,5.0,3.0,3.0,2.5,1.0,False,3.0,2.5,5.5,"NOTES: This area is a quiet residential or industrial enclave characterized by a complete absence of nightlife, entertainment, transit, and green space, alongside limited access to daily necessities.

DESCRIPTION: This block is a quiet area defined by a lack of transit, entertainment, and public amenities, with very limited options for dining and shopping."
112.1,Entire home/apt,4.91,2.0,2.0,1.0,1.0,146.0,True,1.0,1.0,2.0,"NOTES: This block is characterized by a total absence of nightlife, entertainment, museums, parks, and transit, paired with sparse access to dining, cafes, groceries, gyms, landmarks, and shops, indicating a quiet residential area.
DESCRIPTION: This quiet residential block stands out for its lack of nightlife, entertainment, museums, parks, and transit options. It also features significantly limited access to dining, cafes, grocery stores, gyms, landmarks, and shops."
59.3,Entire home/apt,4.8,2.0,2.0,1.0,1.0,5.0,True,1.0,1.0,2.0,"NOTES: This block lacks all common urban amenities and transit access, indicating a remote or strictly residential area.
DESCRIPTION: This block is characterized by a lack of nightlife, dining, and shops, with limited access to transit and green space."
121.83,Entire home/apt,4.83,2.0,1.0,1.0,1.0,23.0,False,1.0,1.0,2.0,"NOTES: The block is characterized by a complete absence of essential services, transit, and landmarks, indicating a quiet, isolated residential or industrial area.
DESCRIPTION: This block is a quiet area defined by a lack of transit, landmarks, and local amenities."
460.27,Entire home/apt,4.61,6.0,5.0,3.0,2.0,46.0,False,3.0,2.0,5.0,"NOTES: Lack of amenities, transit, and nightlife; residential or isolated area.
DESCRIPTION: This block stands out for its lack of dining, shops, transit, and entertainment options. It is a quiet area with no nearby parks or cultural venues."
337.53,Entire home/apt,4.8,2.0,2.0,1.0,1.0,60.0,False,1.0,1.0,2.0,"NOTES: High hotel density with a complete lack of daily amenities, dining, and transit; this is a quiet, isolated hospitality-focused area.
DESCRIPTION: This block stands out for its high concentration of hotels despite a near total absence of dining, transit, shops, and daily amenities."
176.07,Entire home/apt,5.0,2.0,1.0,1.0,1.0,7.0,False,1.0,1.0,2.0,"NOTES: Lack of transit, amenities, and entertainment; residential area.
DESCRIPTION: This block is a quiet residential area characterized by a notable absence of transit, entertainment, and essential services."
251.23,Entire home/apt,4.95,6.0,3.0,2.0,1.0,40.0,False,2.0,1.0,3.0,"NOTES: The block lacks entertainment, transit, green space, and commercial amenities, indicating a quiet residential or industrial area.
DESCRIPTION: This block is characterized by a lack of transit, parks, and commercial venues, resulting in a quiet environment."
100.91,Entire home/apt,4.75,4.0,2.0,1.0,1.0,16.0,True,1.0,1.0,2.0,"NOTES: This area is a quiet residential or industrial zone characterized by a complete absence of nightlife, cafes, hotels, museums, parks, and pharmacies, with minimal access to dining, entertainment, groceries, gyms, landmarks, and shops.

DESCRIPTION: This block is a quiet area that lacks nightlife, cafes, hotels, museums, parks, and pharmacies while offering only limited access to dining, entertainment, grocery stores, gyms, landmarks, and shops."
348.06,Entire home/apt,4.94,2.0,2.0,2.0,1.0,65.0,False,2.0,1.0,3.0,"NOTES: The area is a quiet residential or industrial zone lacking all amenities, transit, and entertainment.
DESCRIPTION: This block is a quiet area that lacks transit, entertainment, and essential amenities like grocery stores, shops, and dining."
79.25,Private room,4.83,2.0,1.0,1.0,1.0,6.0,False,1.0,1.0,2.0,"NOTES: This is a quiet residential area characterized by a near-total absence of retail, dining, entertainment, and cultural amenities.
DESCRIPTION: This quiet residential block stands out for its lack of shops, dining, and entertainment venues."
253.59,Entire home/apt,4.77,8.0,4.0,4.0,2.0,22.0,False,4.0,2.0,6.0,"NOTES: This is a quiet residential area characterized by a complete lack of transit, entertainment, landmarks, and public spaces, alongside very limited access to daily amenities.
DESCRIPTION: This quiet area lacks transit, entertainment, and public spaces while offering very limited access to dining, shopping, and essential services."
220.35,Entire home/apt,4.9,2.0,1.0,1.0,0.5,21.0,False,1.0,0.5,1.5,"NOTES: This block lacks all common urban amenities and services, indicating a quiet residential or isolated area.
DESCRIPTION: This block is characterized by a lack of shops, dining, and transit, resulting in a quiet environment with minimal local activity."
283.5,Private room,4.94,4.0,2.0,2.0,1.0,68.0,True,2.0,1.0,3.0,"NOTES: The block lacks all typical urban amenities and transit access, indicating a remote or isolated residential area.
DESCRIPTION: This block is characterized by a lack of transit, entertainment, and essential services, resulting in a quiet and isolated environment."
168.17,Private room,4.81,2.0,2.0,2.0,1.0,203.0,False,2.0,1.0,3.0,"NOTES: Absence of nightlife, cafes, transit, and shops; limited dining, entertainment, groceries, fitness, and landmarks; indicates a quiet residential area.
DESCRIPTION: This quiet residential block lacks nightlife, cafes, transit, and shops, while offering limited access to dining, entertainment, groceries, fitness, and landmarks."
695.0,Private room,4.97,5.0,3.0,3.0,1.0,72.0,True,3.0,1.0,4.0,"NOTES: This is a quiet, isolated residential area lacking all commercial, transit, and cultural amenities.
DESCRIPTION: This block is a quiet residential area that lacks transit, shops, and entertainment options."
195.98,Entire home/apt,4.74,2.0,4.0,2.0,1.0,146.0,False,2.0,1.0,3.0,"NOTES: This block is characterized by a lack of transit, amenities, and cultural venues, indicating a remote or purely residential area.
DESCRIPTION: This area is exceptionally quiet and isolated, lacking access to typical city conveniences, transit, and entertainment options."
113.96,Entire home/apt,5.0,4.0,3.0,2.0,1.0,1.0,False,2.0,1.0,3.0,"NOTES: The block lacks cafes, entertainment, museums, parks, and transit, while dining, nightlife, shopping, and services are quiet; this indicates a secluded residential area.
DESCRIPTION: This quiet residential area lacks cafes, entertainment, museums, parks, and transit, with dining, nightlife, shopping, and services being well below average."
134.23,Entire home/apt,4.65,4.0,2.0,2.0,1.0,20.0,False,2.0,1.0,3.0,"NOTES: Absence of essential amenities and transit, limited dining and entertainment, quiet residential area.
DESCRIPTION: This block is characterized by a lack of transit, shops, and nightlife, resulting in a quiet environment with limited local dining and entertainment options."
117.01,Entire home/apt,4.88,2.0,1.0,1.0,1.0,80.0,True,1.0,1.0,2.0,"NOTES: Abundant green space, lack of commercial amenities, and limited transit access indicate a quiet residential enclave.
DESCRIPTION: This block stands out for its above average parks and green space while remaining notably quiet due to the absence of dining, shops, nightlife, and transit access."
241.66,Entire home/apt,4.21,4.0,3.0,3.0,1.0,19.0,False,3.0,1.0,4.0,"NOTES: The block lacks cafes, entertainment, gyms, landmarks, museums, parks, and transit, while offering minimal dining, shopping, and nightlife; this is a remote, purely residential area.
DESCRIPTION: This block is a quiet, remote residential area that lacks cafes, entertainment, landmarks, and transit, with very limited options for dining, shopping, and nightlife."
44.27,Private room,5.0,2.0,1.0,5.0,2.0,3.0,False,5.0,2.0,7.0,"NOTES: This block is characterized by a complete absence of nightlife, hotels, landmarks, parks, and pharmacies, alongside a significant scarcity of shops, dining, transit, and services, indicating a strictly residential or industrial area.
DESCRIPTION: This block stands out for its lack of nightlife, landmarks, and green space, while offering very limited access to dining, shops, and public transit."
304.2,Entire home/apt,4.88,2.0,1.0,1.0,1.0,51.0,False,1.0,1.0,2.0,"NOTES: This block is exceptionally quiet and isolated, lacking all typical urban amenities and transit access, suggesting a secluded residential area.
DESCRIPTION: This block is characterized by a lack of dining, shopping, and entertainment options, making it a quiet and secluded residential environment with limited transit access."
125.37,Private room,5.0,4.0,1.0,1.0,1.0,10.0,False,1.0,1.0,2.0,"NOTES: This block lacks all common urban amenities and transit access, indicating a remote or purely residential area.
DESCRIPTION: This block is characterized by a complete absence of nightlife, transit, and cultural venues, with significantly limited options for dining, shopping, and daily necessities."
116.97,Entire home/apt,4.67,2.0,2.0,1.0,1.0,6.0,False,1.0,1.0,2.0,"NOTES: This block is characterized by a complete absence of cafes, entertainment, gyms, landmarks, museums, and parks, combined with very limited dining, nightlife, shopping, and transit, indicating a remote or purely residential area.
DESCRIPTION: This block stands out for its lack of cafes, entertainment, gyms, landmarks, museums, and parks, while also offering very limited dining, nightlife, shopping, and transit options."
303.3,Entire home/apt,5.0,6.0,3.0,3.0,1.0,17.0,False,3.0,1.0,4.0,"NOTES: Quiet area with no nightlife, entertainment, transit, or hotels, and minimal shops, dining, and services.
DESCRIPTION: This quiet block lacks typical New York nightlife, transit, and entertainment options. It features very limited access to dining, shopping, and essential services."
249.05,Entire home/apt,5.0,4.0,2.0,2.0,1.0,7.0,False,2.0,1.0,3.0,"NOTES: This area is a quiet residential or industrial zone characterized by a complete lack of transit, amenities, and entertainment.
DESCRIPTION: This block is a quiet area defined by a lack of transit, shops, and entertainment venues."
83.36,Private room,5.0,2.0,1.0,1.0,1.0,1.0,False,1.0,1.0,2.0,"NOTES: Lack of commercial, transit, and recreational amenities; residential or secluded area.
DESCRIPTION: This block is a secluded area defined by a significant lack of dining, shopping, transit, and entertainment options."
44.81,Private room,5.0,1.0,1.0,1.0,1.0,1.0,False,1.0,1.0,2.0,"NOTES: This block lacks all amenities and transit, indicating a quiet residential or industrial area.
DESCRIPTION: This quiet block stands out for its lack of transit, shops, and dining options."
51.2,Private room,4.75,1.0,1.0,3.0,1.0,16.0,False,3.0,1.0,4.0,"NOTES: Absence of amenities and services, limited dining and nightlife, isolated residential area.
DESCRIPTION: This block is characterized by a complete lack of transit, parks, and retail services, resulting in a quiet and isolated residential environment."
106.47,Private room,4.67,3.0,2.0,1.0,1.0,269.0,False,1.0,1.0,2.0,"NOTES: This block lacks nightlife, entertainment, dining, and essential services, indicating a quiet residential area.
DESCRIPTION: This block is a quiet residential area characterized by a lack of dining, nightlife, and essential services."
297.93,Entire home/apt,4.91,8.0,6.0,3.0,1.0,99.0,False,3.0,1.0,4.0,"NOTES: Lacks entertainment, hotels, museums, parks, and pharmacies; dining, shopping, transit, and nightlife are significantly limited, suggesting a quiet residential or industrial area.
DESCRIPTION: This block is characterized by a lack of entertainment, cultural, and retail amenities, resulting in a quiet environment with minimal transit access."
120.0,Private room,4.67,2.0,1.0,1.0,1.0,6.0,False,1.0,1.0,2.0,"NOTES: Lacks all typical urban amenities and transit access, indicating a quiet residential or isolated area.
DESCRIPTION: This block is a quiet area characterized by a lack of transit, shops, dining, and entertainment options."
82.74,Entire home/apt,4.71,2.0,1.0,1.0,1.0,7.0,False,1.0,1.0,2.0,"NOTES: Lacks all commercial, transit, and cultural amenities; residential seclusion.
DESCRIPTION: This block is defined by a complete absence of transit, nightlife, and retail options, resulting in a quiet residential environment."
165.5,Private room,4.92,2.0,1.0,1.0,1.5,62.0,True,1.0,1.5,2.5,"NOTES: This block lacks all common amenities and services, indicating an isolated residential or industrial area.
DESCRIPTION: This block is characterized by a complete absence of nightlife, cafes, museums, parks, pharmacies, and transit, with all other services and landmarks falling well below average."
84.26,Entire home/apt,5.0,4.0,2.0,2.0,1.0,4.0,True,2.0,1.0,3.0,"NOTES: This block is characterized by a complete lack of transit, amenities, and entertainment, indicating a quiet residential or isolated area.
DESCRIPTION: This block is a quiet area that lacks nearby transit, dining, shopping, and entertainment options."
103.0,Private room,4.9,2.0,2.0,1.0,1.0,31.0,False,1.0,1.0,2.0,"NOTES: Lacking all amenities, transit, and attractions, this area is a quiet residential enclave.
DESCRIPTION: This block is a quiet residential area that stands out for its lack of transit, landmarks, and commercial amenities."
387.17,Entire home/apt,4.61,6.0,3.0,3.0,2.0,31.0,False,3.0,2.0,5.0,"NOTES: Lack of amenities, dining, and transit; isolated residential area.
DESCRIPTION: This block is an isolated residential area characterized by a complete absence of transit, parks, and daily conveniences. The surrounding neighborhood offers significantly fewer dining, shopping, and entertainment options than a typical New York block."
335.57,Entire home/apt,4.87,8.0,3.0,3.0,2.0,23.0,False,3.0,2.0,5.0,"NOTES: The block lacks cafes, entertainment, gyms, hotels, museums, parks, transit, and pharmacies, while dining, nightlife, grocery stores, landmarks, and shops are quiet; this is a residential or industrial area.
DESCRIPTION: This block is characterized by a lack of commercial and public amenities, remaining quiet across all categories of dining, nightlife, and retail."
63.8,Entire home/apt,5.0,1.0,1.0,1.0,1.0,9.0,True,1.0,1.0,2.0,"NOTES: This block lacks all essential services, transit, and cultural amenities, indicating a remote or strictly residential area.
DESCRIPTION: This block is characterized by a complete absence of transit, shops, and services, resulting in a quiet environment with very limited dining and nightlife options."
446.9,Entire home/apt,5.0,8.0,3.0,2.0,1.0,1.0,False,2.0,1.0,3.0,"NOTES: This block is characterized by a complete absence of commercial, cultural, and transit amenities, indicating a quiet residential area.
DESCRIPTION: This quiet residential block lacks nearby shops, dining, transit, and entertainment options."
153.39,Entire home/apt,4.86,8.0,5.0,2.0,1.0,139.0,False,2.0,1.0,3.0,"NOTES: This block is characterized by a complete absence of commercial, transit, and cultural amenities, indicating a quiet residential area.

DESCRIPTION: This quiet residential block lacks nearby shops, dining, transit, and entertainment venues."
318.0,Private room,5.0,2.0,2.0,2.0,1.5,51.0,True,2.0,1.5,3.5,"NOTES: This block is characterized by a complete absence of nightlife, cafes, entertainment, hotels, museums, parks, and pharmacies, alongside well below average dining, grocery, gym, and shopping options, indicating a very quiet residential or industrial area.
DESCRIPTION: This block is a very quiet area defined by a lack of nightlife, cafes, entertainment, and public amenities, with well below average access to dining, shopping, and fitness facilities."
259.62,Private room,4.74,6.0,4.0,3.0,1.0,199.0,False,3.0,1.0,4.0,"NOTES: This block is characterized by a lack of transit, landmarks, and amenities, indicating a quiet residential or industrial area.
DESCRIPTION: This quiet block stands out for its lack of transit, landmarks, and nearby amenities."
160.0,Private room,4.93,2.0,1.0,3.0,1.5,30.0,True,3.0,1.5,4.5,"NOTES: Superior transit access paired with a total lack of retail, dining, and cultural amenities indicates a quiet residential or industrial transit hub.
DESCRIPTION: This block features above average transit access but remains notably quiet due to the absence of dining, shopping, and entertainment options."
128.76,Entire home/apt,4.51,6.0,2.0,2.0,1.0,288.0,False,2.0,1.0,3.0,"NOTES: This block lacks nightlife, cafes, entertainment, museums, parks, and pharmacies, while offering minimal dining, shopping, and transit access, indicating a quiet residential or industrial area.

DESCRIPTION: This area is characterized by a lack of dining, shopping, and entertainment options, resulting in a quiet environment with limited access to transit and daily amenities."
163.13,Entire home/apt,4.0,5.0,5.0,2.0,1.0,1.0,False,2.0,1.0,3.0,"NOTES: The block lacks cafes, entertainment, hotels, landmarks, museums, and transit, while dining, nightlife, shopping, and fitness options are minimal; this is a quiet residential area.
DESCRIPTION: This block is a quiet residential area characterized by a lack of cafes, entertainment, landmarks, and transit, with very limited options for dining, nightlife, and shopping."
268.5,Entire home/apt,4.9,2.0,2.0,2.0,1.0,84.0,False,2.0,1.0,3.0,"NOTES: This block is characterized by a lack of amenities, dining, and transit access, indicating a quiet residential area.
DESCRIPTION: This quiet residential block lacks nearby cafes, entertainment, landmarks, and shops, with limited access to dining and transit."
150.16,Entire home/apt,4.76,4.0,2.0,2.0,1.0,46.0,False,2.0,1.0,3.0,"NOTES: This is a quiet residential area characterized by a complete lack of nightlife, dining, entertainment, and green space, alongside limited access to daily conveniences and transit.
DESCRIPTION: This quiet block lacks nearby nightlife, dining, and transit options while offering limited access to shops, grocery stores, and essential services."
84.92,Entire home/apt,4.8,2.0,1.0,1.0,1.0,20.0,True,1.0,1.0,2.0,"NOTES: Lack of amenities, dining, and entertainment; quiet residential area.
DESCRIPTION: This block is a quiet residential area characterized by a notable absence of nightlife, entertainment, and local shops."
121.9,Private room,4.0,4.0,2.0,2.0,1.0,5.0,False,2.0,1.0,3.0,"NOTES: Absence of commercial activity, transit, and public amenities; area type: isolated residential enclave.
DESCRIPTION: This block is characterized by a lack of shops, transit, and public amenities. It remains quiet due to the scarcity of dining, nightlife, and entertainment options."
135.93,Entire home/apt,4.83,2.0,2.0,2.0,1.0,23.0,False,2.0,1.0,3.0,"NOTES: The block lacks cafes, entertainment, hotels, museums, galleries, dining, and shops, while offering minimal access to nightlife, groceries, gyms, landmarks, and parks, indicating a purely residential or secluded area.
DESCRIPTION: This block is a quiet residential area that lacks cafes, entertainment, hotels, museums, galleries, dining, and shops. It also offers minimal access to nightlife, groceries, gyms, landmarks, and parks."
187.78,Entire home/apt,4.89,6.0,3.0,3.0,2.0,19.0,False,3.0,2.0,5.0,"NOTES: This block lacks typical urban amenities like transit, nightlife, and retail, indicating a remote or isolated residential area.
DESCRIPTION: This isolated block stands out for its lack of transit, nightlife, and retail options, offering very limited access to dining, grocery stores, and green spaces."
213.4,Private room,4.75,2.0,2.0,2.0,1.0,140.0,True,2.0,1.0,3.0,"NOTES: Lacks amenities, dining, transit, and entertainment; a quiet, isolated residential area.
DESCRIPTION: This block is characterized by a lack of dining, transit, and entertainment options, resulting in a quiet and isolated residential environment."
101.55,Shared room,4.94,2.0,1.0,1.0,1.0,16.0,True,1.0,1.0,2.0,"NOTES: The block lacks nightlife, cafes, entertainment, gyms, hotels, transit, and museums, while dining, shopping, groceries, and parks are sparse, indicating a quiet residential or isolated area.
DESCRIPTION: This block is characterized by a lack of transit, entertainment, and commercial amenities, resulting in a quiet environment with limited access to dining and green space."
265.53,Entire home/apt,4.89,5.0,2.0,2.0,1.0,18.0,False,2.0,1.0,3.0,"NOTES: This block is characterized by a lack of commercial activity, transit access, and amenities, indicating a quiet residential area.
DESCRIPTION: This quiet residential block stands out due to the absence of transit, nightlife, and entertainment, along with minimal shops and limited dining or grocery options."
354.0,Private room,4.95,6.0,3.0,1.0,1.0,122.0,True,1.0,1.0,2.0,"NOTES: This is a quiet, isolated residential area defined by a complete lack of transit, nightlife, entertainment, green space, and essential services.

DESCRIPTION: This quiet, isolated block lacks transit, nightlife, entertainment, and green space while offering very limited access to dining, shops, and essential services."
92.3,Entire home/apt,4.53,3.0,2.0,1.0,1.0,68.0,True,1.0,1.0,2.0,"NOTES: Absence of cafes, hotels, landmarks, parks, pharmacies, and transit; quiet dining, nightlife, entertainment, grocery, gym, and shop scenes; isolated residential area.
DESCRIPTION: This block is an isolated residential area characterized by a complete lack of local amenities, landmarks, and transit access. The neighborhood is exceptionally quiet, offering very limited options for dining, shopping, and entertainment."
159.03,Entire home/apt,5.0,2.0,1.0,1.0,1.0,6.0,True,1.0,1.0,2.0,"NOTES: The area is characterized by a complete lack of nightlife, cafes, entertainment, fitness facilities, landmarks, museums, and transit, making it a very quiet residential or secluded zone.
DESCRIPTION: This block is a quiet area defined by a total absence of nightlife, entertainment, and transit options, with very limited access to dining, shopping, and green space."
318.0,Private room,4.97,2.0,3.0,2.0,1.0,148.0,True,2.0,1.0,3.0,"NOTES: The area is characterized by a lack of transit, retail, dining, and entertainment, indicating a quiet residential enclave.
DESCRIPTION: This block stands out for its lack of transit, shops, and dining options, resulting in a quiet residential atmosphere."
296.77,Private room,4.95,8.0,4.0,3.0,1.0,20.0,False,3.0,1.0,4.0,"NOTES: Lacks all typical urban amenities and services, indicating a remote or purely residential area.
DESCRIPTION: This block stands out for its lack of transit, entertainment, and essential services, creating a quiet environment removed from typical city activity."
157.0,Entire home/apt,4.94,2.0,1.0,1.0,1.0,47.0,True,1.0,1.0,2.0,"NOTES: Lack of transit, amenities, and entertainment indicates a quiet residential area.
DESCRIPTION: This block is a quiet residential area characterized by a notable absence of transit, entertainment, and commercial amenities."
335.87,Entire home/apt,3.0,10.0,3.0,2.0,1.5,2.0,False,2.0,1.5,3.5,"NOTES: Lacks all commercial, transit, and cultural amenities; this is a quiet residential area.
DESCRIPTION: This block is a quiet residential area that lacks grocery stores, pharmacies, transit, and typical commercial or cultural amenities."
72.48,Entire home/apt,4.5,4.0,2.0,1.0,1.0,4.0,False,1.0,1.0,2.0,"NOTES: This is a secluded residential area characterized by a complete absence of nightlife, transit, landmarks, and green space, with minimal access to daily amenities.
DESCRIPTION: This secluded residential area lacks nightlife, transit, landmarks, and green space while offering very limited access to shops, dining, and daily services."
85.4,Entire home/apt,4.46,2.0,1.0,1.0,1.0,70.0,False,1.0,1.0,2.0,"NOTES: This block is characterized by a complete absence of nightlife, entertainment, landmarks, green space, and essential services, indicating a quiet residential area.

DESCRIPTION: This quiet residential area lacks nightlife, entertainment, landmarks, and green space, while offering minimal access to dining, shopping, and transit."
202.8,Entire home/apt,4.73,7.0,4.0,2.0,1.0,48.0,False,2.0,1.0,3.0,"NOTES: The area is a quiet residential enclave characterized by a complete absence of transit, nightlife, entertainment, and essential services.
DESCRIPTION: This quiet residential area lacks transit, nightlife, entertainment, and essential services, offering very limited options for dining, shopping, and exercise."
102.52,Entire home/apt,5.0,2.0,1.0,1.0,1.0,8.0,False,1.0,1.0,2.0,"NOTES: Lacks transit, dining, nightlife, and retail; this is a quiet residential area.
DESCRIPTION: This block is a quiet residential area that lacks transit, dining, nightlife, and retail options."
136.43,Entire home/apt,4.64,2.0,1.0,1.0,1.0,11.0,False,1.0,1.0,2.0,"NOTES: The block lacks all typical urban amenities including transit, nightlife, and green space, indicating a remote or isolated residential area.
DESCRIPTION: This block is characterized by a complete absence of transit, entertainment, and public amenities, resulting in a quiet and isolated environment."
174.22,Entire home/apt,4.97,4.0,3.0,2.0,1.0,30.0,False,2.0,1.0,3.0,"NOTES: This block lacks all common urban amenities and transit access, indicating a remote residential area.
DESCRIPTION: This block is characterized by a complete absence of nightlife, entertainment, and transit options, with limited access to dining, shopping, and green space."
169.8,Entire home/apt,5.0,4.0,2.0,1.0,1.0,26.0,False,1.0,1.0,2.0,"NOTES: Above average green space and a lack of commercial, transit, and entertainment amenities characterize this secluded residential area.
DESCRIPTION: This block stands out for its abundant parks and green space while lacking the typical density of shops, dining, and transit found in New York."
369.86,Private room,4.84,4.0,2.0,2.0,1.0,64.0,True,2.0,1.0,3.0,"NOTES: Lacks essential amenities, dining, transit, and entertainment; this is a remote or purely residential area.
DESCRIPTION: This block is characterized by a lack of dining, shops, transit, and entertainment options."
38.55,Private room,4.6,3.0,3.0,3.0,1.0,5.0,True,3.0,1.0,4.0,"NOTES: This is a quiet residential area characterized by a lack of commercial amenities, transit, and cultural attractions.
DESCRIPTION: This block is a quiet area that lacks nearby transit, nightlife, dining, and cultural landmarks."
140.0,Private room,4.59,2.0,1.0,1.0,1.0,27.0,False,1.0,1.0,2.0,"NOTES: The block lacks all commercial, transit, and recreational amenities, indicating a remote residential area.
DESCRIPTION: This block is characterized by a complete absence of transit, entertainment, and retail options, resulting in a quiet residential environment."
279.5,Private room,4.0,2.0,1.0,1.0,1.0,5.0,False,1.0,1.0,2.0,"NOTES: This block lacks all common urban amenities and transit access, indicating a remote or isolated residential area.
DESCRIPTION: This block is characterized by a lack of transit, entertainment, and essential services, resulting in a quiet and isolated environment."
357.0,Private room,5.0,2.0,2.0,2.0,2.0,107.0,True,2.0,2.0,4.0,"NOTES: This is a quiet residential area characterized by a near total absence of retail, dining, transit, and public amenities.
DESCRIPTION: This quiet residential area lacks local shops, dining, and transit options, offering almost no commercial or public amenities."
385.9,Entire home/apt,4.81,16.0,7.0,3.0,1.5,171.0,False,3.0,1.5,4.5,"NOTES: High transit access and a complete lack of amenities, dining, and entertainment characterize this as a quiet residential or industrial area.
DESCRIPTION: This block features above average transit access but remains notably quiet due to a lack of dining, shops, and nightlife."
249.43,Entire home/apt,4.91,2.0,3.0,2.0,1.0,32.0,False,2.0,1.0,3.0,"NOTES: The block lacks all entertainment, transit, and green space, while dining, shops, and essential services are well below average, indicating a strictly isolated residential or industrial area.
DESCRIPTION: This block is an isolated area characterized by a complete absence of transit, entertainment, and green space, with limited access to dining, shops, and essential services."
172.0,Entire home/apt,4.93,2.0,1.0,1.0,1.0,121.0,True,1.0,1.0,2.0,"NOTES: This block lacks all amenities, transit, and landmarks, indicating a remote or purely residential area.
DESCRIPTION: This block is characterized by a complete absence of transit, landmarks, and essential services, resulting in a quiet environment with minimal dining and shopping options."
90.23,Entire home/apt,4.81,4.0,2.0,1.0,1.0,31.0,False,1.0,1.0,2.0,"NOTES: This block lacks all common urban amenities and transit access, indicating a secluded residential area.
DESCRIPTION: This secluded residential area stands out for its complete lack of nightlife, dining, transit, and public spaces."
457.0,Private room,5.0,6.0,4.0,3.0,1.5,14.0,False,3.0,1.5,4.5,"NOTES: Lacks amenities, transit, and commercial activity; this is a quiet residential area.
DESCRIPTION: This block is a quiet residential area that stands out for its lack of shops, transit, and dining options."
131.67,Entire home/apt,4.85,9.0,7.0,2.0,1.0,34.0,False,2.0,1.0,3.0,"NOTES: This block is characterized by a lack of amenities, entertainment, and transit access, suggesting a secluded residential area.
DESCRIPTION: This block stands out for its lack of nightlife, dining, and shops, creating a quiet environment with limited access to transit and daily services."
58.85,Entire home/apt,5.0,4.0,1.0,2.0,1.0,1.0,False,2.0,1.0,3.0,"NOTES: This block is characterized by a complete lack of cafes, entertainment, gyms, parks, and transit, with minimal access to dining, shopping, and nightlife, indicating a secluded residential or industrial area.
DESCRIPTION: This block is a quiet area with no nearby cafes, entertainment, or transit, and it offers very limited access to dining, shopping, and nightlife."
114.37,Entire home/apt,4.0,6.0,3.0,1.0,1.0,1.0,True,1.0,1.0,2.0,"NOTES: This block lacks typical urban amenities like nightlife, entertainment, parks, and shops, indicating a quiet residential or isolated area.

DESCRIPTION: This quiet block stands out for its lack of nightlife, entertainment, parks, and retail options."
199.43,Private room,4.0,2.0,1.0,1.0,1.0,5.0,False,1.0,1.0,2.0,"NOTES: Superior transit access, lack of local amenities, and quiet residential character; area type: transit-oriented residential enclave.

DESCRIPTION: This block offers exceptional transit access but remains quiet due to a complete absence of local dining, nightlife, and retail options."
385.5,Private room,5.0,2.0,2.0,2.0,2.0,10.0,True,2.0,2.0,4.0,"NOTES: Lacks typical urban amenities, nightlife, transit, and green space; this is a secluded residential area.
DESCRIPTION: This block is a secluded residential area that lacks typical urban amenities, nightlife, transit, and green space."
160.0,Private room,5.0,2.0,1.0,1.0,1.0,32.0,True,1.0,1.0,2.0,"NOTES: The area is characterized by a complete lack of amenities, transit, and entertainment, indicating a remote or purely residential enclave.
DESCRIPTION: This block stands out for its extreme scarcity of dining, shops, and transit options, resulting in a quiet and isolated environment."
189.0,Private room,4.88,2.0,1.0,1.0,1.0,25.0,True,1.0,1.0,2.0,"NOTES: Absence of amenities, services, and transit; isolated residential area.
DESCRIPTION: This block is an isolated residential area characterized by a lack of transit, shops, dining, and public amenities."
108.74,Entire home/apt,4.91,2.0,1.0,1.0,1.0,348.0,False,1.0,1.0,2.0,"NOTES: This block lacks transit, dining, shopping, and entertainment, indicating a secluded residential area.
DESCRIPTION: This secluded residential area stands out for its lack of transit, dining, shopping, and entertainment options."
202.8,Entire home/apt,4.72,7.0,4.0,3.0,1.0,71.0,False,3.0,1.0,4.0,"NOTES: The block lacks amenities, dining, and transit access, indicating a quiet residential or industrial area.
DESCRIPTION: This block is characterized by a lack of dining, shops, and transit options, resulting in a quiet environment with no nearby attractions."
111.22,Entire home/apt,5.0,3.0,3.0,1.0,1.0,6.0,True,1.0,1.0,2.0,"NOTES: Lacks commercial, social, and transit amenities; residential or industrial area.
DESCRIPTION: This block is characterized by a lack of dining, nightlife, and shopping options, while also offering limited access to transit and daily services."
118.36,Entire home/apt,4.52,2.0,1.0,1.0,1.0,33.0,False,1.0,1.0,2.0,"NOTES: Lack of transit, dining, nightlife, and green space indicates a remote residential or industrial area.
DESCRIPTION: This block is a quiet and isolated area characterized by a significant absence of transit, dining, nightlife, and green space."
183.63,Entire home/apt,4.93,2.0,4.0,3.0,1.0,14.0,True,3.0,1.0,4.0,"NOTES: Lack of transit, amenities, and commercial activity; residential or industrial isolation.
DESCRIPTION: This block is characterized by a complete absence of transit, shops, and nightlife, resulting in a quiet and isolated atmosphere with very limited access to daily services."
151.2,Private room,4.0,2.0,3.0,3.0,1.5,1.0,False,3.0,1.5,4.5,"NOTES: The area is a quiet residential enclave characterized by a lack of commercial amenities, transit access, and public attractions.
DESCRIPTION: This quiet block lacks nearby shops, transit, and entertainment, offering very limited access to dining, grocery stores, and green space."
144.29,Entire home/apt,5.0,4.0,2.0,1.0,1.0,30.0,False,1.0,1.0,2.0,"NOTES: This block lacks any nearby amenities, transit, or attractions, indicating a strictly residential or isolated area.
DESCRIPTION: This area is defined by a complete absence of transit, landmarks, and local amenities, resulting in a quiet and isolated residential setting."
152.21,Entire home/apt,5.0,1.0,1.0,1.0,1.0,2.0,False,1.0,1.0,2.0,"NOTES: This block lacks essential amenities and services, indicating a quiet, purely residential or isolated area.
DESCRIPTION: This block is characterized by a lack of cafes, grocery stores, landmarks, and parks, with dining, entertainment, and transit options falling well below typical levels."
174.65,Entire home/apt,5.0,4.0,2.0,2.0,1.0,2.0,True,2.0,1.0,3.0,"NOTES: This block lacks all common urban amenities and transit access, indicating a remote or isolated residential area.
DESCRIPTION: This isolated area lacks shops, transit, and entertainment, offering almost no access to dining, grocery stores, or public spaces."
130.6,Entire home/apt,5.0,3.0,1.0,1.0,1.0,22.0,True,1.0,1.0,2.0,"NOTES: This block is a quiet residential area characterized by a complete absence of nightlife, entertainment, transit, and commercial amenities.

DESCRIPTION: This quiet residential block lacks nightlife, entertainment, and transit options while offering minimal access to dining, shopping, and green space."
255.34,Entire home/apt,4.96,2.0,2.0,2.0,1.0,179.0,True,2.0,1.0,3.0,"NOTES: This block is defined by a total lack of transit, retail, dining, and cultural amenities, indicating a secluded residential or industrial area.
DESCRIPTION: This block stands out for its lack of transit, dining, and retail options, resulting in a quiet environment devoid of typical New York City amenities."
103.0,Private room,5.0,2.0,1.0,1.0,1.0,12.0,True,1.0,1.0,2.0,"NOTES: The block lacks entertainment, transit, landmarks, and essential services, indicating a quiet residential area.
DESCRIPTION: This quiet residential area stands out for its lack of entertainment, transit, and landmarks, while offering minimal shops and services."
87.3,Private room,3.0,2.0,1.0,1.0,1.0,3.0,False,1.0,1.0,2.0,"NOTES: The block lacks cafes, entertainment, gyms, landmarks, museums, transit, and essential retail, indicating a secluded residential area.
DESCRIPTION: This block is a secluded residential area characterized by a lack of commercial amenities, transit options, and entertainment venues."
242.47,Private room,4.36,2.0,3.0,3.0,2.0,14.0,False,3.0,2.0,5.0,"NOTES: This block is characterized by a total absence of nightlife, entertainment, transit, and green space, indicating a remote or strictly residential area.
DESCRIPTION: This block stands out for its lack of transit, nightlife, and parks, resulting in a quiet environment with minimal dining and shopping options."
171.19,Entire home/apt,4.94,3.0,2.0,2.0,1.0,93.0,False,2.0,1.0,3.0,"NOTES: This block is characterized by a complete absence of commercial, social, and recreational amenities, indicating a strictly residential or isolated area.
DESCRIPTION: This block stands out for its lack of bars, cafes, dining, entertainment, grocery stores, museums, pharmacies, and shops, with very limited access to gyms and sports."
222.53,Private room,4.73,2.0,1.0,1.0,1.0,112.0,False,1.0,1.0,2.0,"NOTES: This block lacks all common urban amenities and transit access, indicating a remote or purely residential area.
DESCRIPTION: This block is characterized by a complete absence of nightlife, entertainment, and transit, with significantly limited access to dining, shopping, and green space."
61.73,Private room,4.5,2.0,1.0,2.0,1.0,29.0,False,2.0,1.0,3.0,"NOTES: This is a quiet, isolated residential or industrial area characterized by a complete lack of transit, nightlife, entertainment, and public green space, alongside very limited access to daily conveniences.
DESCRIPTION: This quiet block lacks access to transit, nightlife, and public spaces while offering very limited options for dining, shopping, and daily errands."
265.67,Entire home/apt,5.0,4.0,2.0,2.0,1.0,3.0,True,2.0,1.0,3.0,"NOTES: Absence of commercial, transit, and social amenities; area type is a quiet residential or isolated zone.
DESCRIPTION: This block is a quiet area near Coney Island that lacks nightlife, dining, transit, and shops, with limited access to grocery stores, gyms, and pharmacies."
237.97,Entire home/apt,5.0,6.0,1.0,3.0,2.0,2.0,False,3.0,2.0,5.0,"NOTES: This block lacks typical urban amenities like nightlife, dining, shops, and landmarks, indicating a quiet residential area.
DESCRIPTION: This block is a quiet residential area that lacks typical urban amenities such as nightlife, dining, shops, and landmarks."
120.78,Entire home/apt,4.86,3.0,2.0,1.0,1.0,14.0,False,1.0,1.0,2.0,"NOTES: This is a quiet, isolated residential area lacking all commercial, cultural, and transit amenities.
DESCRIPTION: This quiet block lacks nearby dining, entertainment, and transit options, offering limited access to essential services like grocery stores and pharmacies."
69.62,Private room,4.89,3.0,1.0,1.0,1.0,91.0,True,1.0,1.0,2.0,"NOTES: This block is characterized by a lack of commercial activity, transit, and amenities, indicating a quiet residential area.
DESCRIPTION: This quiet residential area stands out for its lack of nightlife, dining, transit, and retail options."
137.87,Entire home/apt,5.0,2.0,1.0,1.0,1.0,17.0,False,1.0,1.0,2.0,"NOTES: This block lacks all common amenities, shops, and transit, indicating a secluded residential or industrial area.
DESCRIPTION: This block is characterized by a complete absence of cafes, dining, and parks, with minimal access to shops and transit."
326.0,Entire home/apt,4.76,2.0,2.0,2.0,1.0,244.0,True,2.0,1.0,3.0,"NOTES: Lack of commercial, social, and recreational amenities indicates a quiet residential or industrial area.
DESCRIPTION: This block is characterized by a lack of nightlife, dining, and shops, creating a quiet environment devoid of typical city amenities."
124.39,Private room,4.95,2.0,1.0,1.0,1.0,203.0,True,1.0,1.0,2.0,"NOTES: Absence of commercial, transit, and leisure amenities indicates a secluded residential area.
DESCRIPTION: This block is a secluded residential area characterized by a lack of shops, dining, transit, and entertainment options."
84.4,Entire home/apt,5.0,1.0,2.0,1.0,1.0,5.0,False,1.0,1.0,2.0,"NOTES: This block lacks typical urban amenities such as transit, retail, dining, and entertainment, indicating a secluded residential or industrial area.
DESCRIPTION: This block is characterized by a lack of transit, retail, dining, and entertainment options, resulting in a quiet and isolated environment."
128.23,Entire home/apt,5.0,4.0,1.0,2.0,1.0,5.0,False,2.0,1.0,3.0,"NOTES: Lack of transit, dining, shops, and amenities; isolated residential area.
DESCRIPTION: This block is characterized by a lack of transit, shops, and dining options, resulting in an isolated residential environment."
375.0,Entire home/apt,4.83,2.0,2.0,2.0,1.0,109.0,True,2.0,1.0,3.0,"NOTES: The block lacks all typical urban amenities and transit access, indicating a remote or purely residential area.
DESCRIPTION: This block is characterized by a complete absence of transit, parks, and essential services, resulting in a quiet environment with minimal commercial activity."
238.0,Private room,4.9,4.0,3.0,2.0,1.0,270.0,True,2.0,1.0,3.0,"NOTES: This block is characterized by a total absence of transit, amenities, and cultural attractions, indicating a remote or strictly residential area.
DESCRIPTION: This area is exceptionally quiet due to a lack of transit, dining, shops, and entertainment options."
245.0,Entire home/apt,4.81,2.0,2.0,1.0,1.0,85.0,True,1.0,1.0,2.0,"NOTES: Lack of commercial, social, and recreational amenities; residential area.
DESCRIPTION: This block is a quiet residential area characterized by a notable absence of dining, nightlife, entertainment, and public amenities."
274.5,Entire home/apt,4.8,2.0,3.0,2.0,1.0,230.0,True,2.0,1.0,3.0,"NOTES: This block lacks all common amenities, transit access, and commercial activity, indicating a strictly residential or isolated area.
DESCRIPTION: This block is characterized by a complete absence of transit, shops, and entertainment, resulting in a quiet environment with minimal dining or nightlife options."
239.19,Entire home/apt,4.8,8.0,3.0,3.0,1.5,82.0,False,3.0,1.5,4.5,"NOTES: This block lacks all common urban amenities and transit access, indicating a remote or isolated residential area.
DESCRIPTION: This isolated block is characterized by a complete absence of entertainment, transit, and essential services."
213.87,Entire home/apt,4.89,4.0,2.0,2.0,1.0,35.0,False,2.0,1.0,3.0,"NOTES: This block lacks all common amenities, transit, and entertainment, indicating a secluded residential or industrial area.
DESCRIPTION: This block is exceptionally quiet, featuring almost no dining, shops, or pharmacies and a complete absence of transit, entertainment, or green space."
135.13,Entire home/apt,4.89,4.0,2.0,2.0,1.0,9.0,False,2.0,1.0,3.0,"NOTES: This is a quiet residential area characterized by a complete lack of dining, nightlife, shopping, and public amenities.
DESCRIPTION: This quiet block lacks dining, nightlife, and shopping options while offering limited access to transit and entertainment."
111.43,Entire home/apt,4.0,2.0,1.0,2.0,1.0,1.0,True,2.0,1.0,3.0,"NOTES: Lacks all typical urban amenities, services, and transit access; isolated residential area.
DESCRIPTION: This block is characterized by a complete absence of dining, nightlife, transit, and cultural attractions, resulting in an isolated environment with minimal access to shops or recreational facilities."
73.8,Entire home/apt,4.92,2.0,1.0,1.0,1.0,156.0,False,1.0,1.0,2.0,"NOTES: Quiet, isolated residential area lacking all commercial, transit, and cultural amenities.
DESCRIPTION: This isolated block is a quiet residential area that lacks transit, dining, shops, and all other typical urban amenities."
147.12,Entire home/apt,4.82,4.0,2.0,2.0,1.0,11.0,False,2.0,1.0,3.0,"NOTES: This area is a quiet residential or industrial zone characterized by a complete absence of transit, retail, dining, and entertainment options.

DESCRIPTION: This block stands out for its lack of transit, shops, dining, and entertainment venues. The area is quiet with almost no grocery stores or services nearby."
203.77,Entire home/apt,5.0,4.0,3.0,2.0,1.0,3.0,False,2.0,1.0,3.0,"NOTES: This block is defined by a total lack of amenities, services, and transit access, indicating a strictly residential or isolated area.
DESCRIPTION: This block is characterized by a lack of cafes, entertainment, and green space, with dining, shops, and transit options being significantly limited."
164.18,Entire home/apt,4.43,5.0,2.0,2.0,1.0,40.0,False,2.0,1.0,3.0,"NOTES: Quiet residential area with a significant lack of transit, retail, dining, and entertainment options.
DESCRIPTION: This block is a quiet residential area characterized by a notable absence of transit, dining, retail, and entertainment options."
157.5,Private room,5.0,2.0,2.0,2.0,1.0,12.0,False,2.0,1.0,3.0,"NOTES: Absence of transit, amenities, and commercial activity; residential or isolated area.
DESCRIPTION: This block is characterized by a lack of transit, dining, and shops, creating an isolated residential environment."
508.0,Entire home/apt,4.71,6.0,3.0,3.0,2.0,35.0,False,3.0,2.0,5.0,"NOTES: Lacks all typical urban amenities, transit, and entertainment, indicating a remote or strictly residential area.
DESCRIPTION: This block is characterized by a complete absence of transit, entertainment, and essential services, resulting in a quiet environment that lacks typical urban conveniences."
112.47,Entire home/apt,4.0,4.0,2.0,2.0,1.0,3.0,False,2.0,1.0,3.0,"NOTES: This area is a quiet residential or industrial zone characterized by a complete lack of commercial, cultural, and transit amenities.

DESCRIPTION: This block is defined by a total absence of nightlife, entertainment, and public green spaces, with minimal access to dining, pharmacies, and transit options."
314.19,Entire home/apt,4.64,14.0,7.0,7.0,4.0,22.0,False,7.0,4.0,11.0,"NOTES: Lack of amenities, dining, and transit; isolated residential area.
DESCRIPTION: This block stands out for its lack of dining, shops, and transit options. It is an isolated residential area with no nearby nightlife, landmarks, or green space."
83.72,Entire home/apt,1.0,2.0,1.0,1.0,1.0,1.0,False,1.0,1.0,2.0,"NOTES: This block is characterized by a complete absence of amenities, transit, and social venues, indicating a secluded residential or industrial area.
DESCRIPTION: This block is a quiet, isolated area that lacks access to transit, dining, shops, and entertainment venues."
127.96,Entire home/apt,5.0,2.0,1.0,1.0,1.0,2.0,False,1.0,1.0,2.0,"NOTES: This block is characterized by a complete absence of nightlife, dining, entertainment, and recreational facilities, indicating a quiet residential or industrial area.
DESCRIPTION: This block is a quiet area defined by a lack of dining, nightlife, and entertainment options, with minimal access to shops and grocery stores."
201.5,Entire home/apt,4.96,2.0,1.0,1.0,1.0,257.0,True,1.0,1.0,2.0,"NOTES: The block lacks all commercial, transit, and cultural amenities, indicating a remote residential area.
DESCRIPTION: This block is characterized by a complete absence of nightlife, dining, transit, and cultural venues, resulting in a quiet residential environment."
184.39,Entire home/apt,4.67,4.0,2.0,2.0,1.0,6.0,False,2.0,1.0,3.0,"NOTES: Lacks amenities, transit, and entertainment; quiet residential area.
DESCRIPTION: This block is a quiet residential area that stands out for its lack of transit, entertainment, and local amenities. Dining and shopping options are well below average, with almost no grocery stores nearby."
357.04,Entire home/apt,5.0,10.0,6.0,3.0,2.0,3.0,True,3.0,2.0,5.0,"NOTES: This area is a quiet residential or industrial zone characterized by an absence of retail, dining, entertainment, and transit options.
DESCRIPTION: This block is a quiet area that lacks shops, dining, and entertainment venues while offering below average transit access."
138.3,Entire home/apt,5.0,3.0,2.0,2.0,1.0,2.0,True,2.0,1.0,3.0,"NOTES: This block is characterized by a complete lack of commercial, cultural, and transit amenities, indicating a secluded residential or industrial area.

DESCRIPTION: This quiet block lacks bars, cafes, entertainment, landmarks, museums, parks, pharmacies, and shops, with minimal access to dining, grocery stores, gyms, and transit."
96.51,Entire home/apt,4.92,4.0,2.0,1.0,1.0,183.0,False,1.0,1.0,2.0,"NOTES: This block is exceptionally isolated with no amenities, transit, or attractions, indicating a remote residential or industrial area.
DESCRIPTION: This block is exceptionally isolated, featuring no nearby amenities, transit, or attractions."
243.25,Entire home/apt,4.84,4.0,2.0,2.0,1.0,93.0,False,2.0,1.0,3.0,"NOTES: The block lacks essential amenities, transit, and entertainment, indicating a secluded residential or industrial area.
DESCRIPTION: This block is a quiet area characterized by a lack of dining, shops, and transit options."
187.17,Entire home/apt,4.77,4.0,2.0,2.0,1.0,52.0,False,2.0,1.0,3.0,"NOTES: This block is characterized by a complete absence of commercial, transit, and recreational amenities, indicating a secluded or purely residential area.

DESCRIPTION: This block stands out for its lack of dining, shops, transit, and entertainment options, creating a quiet environment devoid of typical city amenities."
205.5,Private room,5.0,4.0,1.0,2.0,1.0,1.0,False,2.0,1.0,3.0,"NOTES: This block lacks all common urban amenities and transit access, indicating a remote or purely residential area.

DESCRIPTION: This block stands out for having almost no dining, grocery stores, shops, or transit access, and it is entirely devoid of nightlife, entertainment, landmarks, and green space."
380.5,Private room,4.69,7.0,3.0,3.0,2.0,16.0,False,3.0,2.0,5.0,"NOTES: Lacks nightlife, dining, transit, and amenities; this is a secluded residential area.
DESCRIPTION: This block is a secluded residential area that lacks nightlife, dining, transit, and local amenities."
54.94,Entire home/apt,4.86,6.0,3.0,3.0,1.0,36.0,False,3.0,1.0,4.0,"NOTES: This block is characterized by a complete lack of amenities, services, and transit, indicating a remote or purely residential area.
DESCRIPTION: This area is defined by a lack of dining, shopping, transit, and entertainment options, resulting in a quiet environment devoid of typical city services."
95.32,Entire home/apt,5.0,3.0,2.0,2.0,1.0,9.0,True,2.0,1.0,3.0,"NOTES: Lacks all typical amenities, transit, and entertainment; this is an isolated or strictly residential area.
DESCRIPTION: This block is characterized by a complete absence of transit, entertainment, and essential services. The area is quiet with minimal dining, shopping, and fitness options."
238.24,Entire home/apt,4.5,4.0,2.0,2.0,1.0,4.0,False,2.0,1.0,3.0,"NOTES: The block lacks all typical urban amenities including transit, services, and entertainment, indicating a remote or purely residential area.
DESCRIPTION: This block stands out for its lack of transit, dining, shops, and entertainment venues. It is a quiet area with almost no services or public spaces nearby."
232.5,Private room,5.0,2.0,2.0,2.0,1.0,1.0,False,2.0,1.0,3.0,"NOTES: This block is characterized by a complete absence of public amenities, transit, and social venues, indicating a remote or purely residential area.
DESCRIPTION: This block is defined by a lack of dining, shops, and transit options, resulting in a quiet environment devoid of typical urban amenities."
1036.5,Entire home/apt,4.91,6.0,3.0,2.0,1.0,44.0,False,2.0,1.0,3.0,"NOTES: Lack of commercial, transit, and social amenities; residential or secluded area.
DESCRIPTION: This block is a quiet residential or secluded area characterized by a complete absence of transit, dining, shops, and entertainment options."
362.5,Private room,4.89,6.0,3.0,3.0,2.0,9.0,False,3.0,2.0,5.0,"NOTES: This block lacks all common urban amenities including transit, nightlife, dining, and retail, indicating a remote or purely residential area.

DESCRIPTION: This block is characterized by a complete absence of nightlife, transit, dining, and shops. It functions as a quiet area with minimal access to services or recreational facilities."
192.5,Entire home/apt,4.79,4.0,2.0,1.0,1.0,34.0,False,1.0,1.0,2.0,"NOTES: Absence of amenities, services, and transit; quiet residential or industrial area.
DESCRIPTION: This block is characterized by a complete lack of nearby amenities, transit, and services, resulting in a very quiet environment."
656.5,Entire home/apt,4.87,5.0,3.0,2.0,1.0,30.0,False,2.0,1.0,3.0,"NOTES: This block is characterized by a total absence of nightlife, entertainment, transit, and green space, indicating a secluded residential or industrial area.
DESCRIPTION: This block is a quiet area with almost no dining, shops, or grocery stores and a complete lack of transit, entertainment, and parks."
252.21,Private room,4.74,2.0,1.0,1.0,1.0,87.0,False,1.0,1.0,2.0,"NOTES: Absence of amenities, services, and transit; isolated residential area.
DESCRIPTION: This block is characterized by a lack of dining, shopping, transit, and recreational options. It functions as an isolated residential area with minimal commercial activity."
285.3,Entire home/apt,4.94,2.0,3.0,2.0,1.0,114.0,True,2.0,1.0,3.0,"NOTES: The block lacks all typical urban amenities including transit, dining, and green space, indicating a remote or isolated residential area.
DESCRIPTION: This isolated area is characterized by a complete absence of transit, dining, and entertainment options, with minimal access to shops or grocery stores."
116.84,Entire home/apt,5.0,5.0,3.0,2.0,1.5,2.0,False,2.0,1.5,3.5,"NOTES: The block lacks all typical urban amenities, transit, and entertainment, indicating a remote or isolated residential area.
DESCRIPTION: This block is characterized by a complete absence of dining, nightlife, transit, and essential services, resulting in a quiet and isolated environment."
189.0,Private room,4.74,5.0,3.0,3.0,1.5,39.0,False,3.0,1.5,4.5,"NOTES: The block lacks all commercial, transit, and recreational amenities, indicating a strictly residential or isolated area.
DESCRIPTION: This block is characterized by a complete absence of transit, shops, and entertainment, resulting in a quiet environment with minimal dining and services."
72.06,Private room,4.84,2.0,1.0,1.0,1.0,116.0,True,1.0,1.0,2.0,"NOTES: This block is exceptionally quiet and isolated, lacking all typical urban amenities and transit access, suggesting a remote residential or industrial area.
DESCRIPTION: This block is characterized by a complete absence of dining, shopping, transit, and nightlife options. It is a quiet area with minimal access to entertainment, fitness facilities, and cultural institutions."
404.91,Entire home/apt,4.95,6.0,4.0,4.0,2.0,78.0,False,4.0,2.0,6.0,"NOTES: This block is characterized by a complete lack of amenities, transit, and entertainment, indicating a remote or purely residential area.
DESCRIPTION: This remote area lacks transit, entertainment, and essential services, offering a quiet environment with almost no dining or shops."
61.47,Private room,5.0,1.0,2.0,2.0,1.0,2.0,False,2.0,1.0,3.0,"NOTES: The block lacks all typical urban amenities, transit, and social venues, indicating a remote or isolated residential area.
DESCRIPTION: This block is characterized by a complete absence of transit, shops, dining, and community amenities, resulting in an isolated residential environment."
102.47,Entire home/apt,4.8,2.0,2.0,1.0,1.0,60.0,False,1.0,1.0,2.0,"NOTES: This block is characterized by a complete absence of commercial, social, and recreational amenities, indicating a strictly isolated or residential area.
DESCRIPTION: This block stands out for having almost no shops and lacking all forms of dining, nightlife, entertainment, and green space."
328.17,Entire home/apt,4.83,6.0,12.0,6.0,3.5,29.0,False,6.0,3.5,9.5,"NOTES: This block lacks all commercial, transit, and cultural amenities, indicating a remote residential area.
DESCRIPTION: This block is characterized by a complete absence of transit, dining, shops, and entertainment options."
277.65,Entire home/apt,4.75,6.0,1.0,1.0,1.0,4.0,True,1.0,1.0,2.0,"NOTES: This block is isolated from transit, amenities, and entertainment, indicating a remote residential area.
DESCRIPTION: This remote residential area lacks transit, shops, and dining, though it is located near Coney Island."
142.53,Entire home/apt,4.85,6.0,4.0,2.0,1.0,27.0,False,2.0,1.0,3.0,"NOTES: Lack of transit, retail, dining, and public amenities indicates a remote residential or industrial area.
DESCRIPTION: This block is characterized by a complete absence of transit, shops, dining, and public amenities, suggesting a secluded and quiet environment."
290.41,Entire home/apt,4.6,6.0,3.0,3.0,2.0,84.0,False,3.0,2.0,5.0,"NOTES: This block is characterized by a complete lack of commercial, transit, and cultural amenities, indicating a remote or purely residential area.
DESCRIPTION: This block is a quiet area with no nearby shops, transit, or nightlife."
143.57,Entire home/apt,5.0,1.0,2.0,1.0,1.0,10.0,False,1.0,1.0,2.0,"NOTES: This area is exceptionally quiet and isolated, lacking all typical urban amenities, transit, and commercial activity.
DESCRIPTION: This block is characterized by a complete absence of dining, transit, shops, and nightlife, resulting in a notably quiet environment."
143.0,Private room,4.82,2.0,1.0,1.0,1.0,74.0,True,1.0,1.0,2.0,"NOTES: The block lacks all typical urban amenities, transit, and commercial activity, indicating a remote or purely residential area.
DESCRIPTION: This block is characterized by a complete absence of transit, dining, shopping, and entertainment options."
288.0,Private room,4.96,2.0,1.0,1.0,1.0,24.0,False,1.0,1.0,2.0,"NOTES: This area is exceptionally isolated, lacking all typical urban amenities, transit, and public spaces, indicating a remote or purely residential enclave.

DESCRIPTION: This block stands out for its complete lack of transit, entertainment, shops, and dining options. It is a quiet area with no nearby landmarks or public spaces."
196.57,Private room,4.87,2.0,4.0,3.0,1.0,31.0,False,3.0,1.0,4.0,"NOTES: This block lacks all commercial, transit, and recreational amenities, indicating a remote or purely residential area.
DESCRIPTION: This block is characterized by a complete absence of transit, dining, and retail options. It is a quiet area with very limited access to sports facilities or landmarks."
130.9,Entire home/apt,5.0,5.0,4.0,3.0,1.5,6.0,False,3.0,1.5,4.5,"NOTES: This block lacks all common urban amenities and transit access, indicating a remote residential or industrial area.
DESCRIPTION: This block is characterized by a complete absence of nightlife, dining, and transit options, with very limited access to shops, grocery stores, and gyms."
317.99,Entire home/apt,4.89,16.0,4.0,2.0,1.0,18.0,False,2.0,1.0,3.0,"NOTES: This block is characterized by a complete absence of amenities, services, and transit, indicating a remote or purely residential area.
DESCRIPTION: This block stands out for its lack of dining, nightlife, transit, and essential services. The area is exceptionally quiet with almost no shops or entertainment venues nearby."
192.86,Private room,5.0,4.0,3.0,2.0,1.0,17.0,False,2.0,1.0,3.0,"NOTES: The block lacks all typical urban amenities, transit, and commercial activity, indicating a remote or isolated residential area.
DESCRIPTION: This block stands out for its lack of dining, shops, and transit options, creating an environment devoid of typical urban amenities."
549.0,Entire home/apt,4.95,6.0,3.0,3.0,2.0,120.0,True,3.0,2.0,5.0,"NOTES: This block is characterized by a total absence of commercial amenities, transit, and cultural attractions, indicating a strictly residential or isolated area.
DESCRIPTION: This block stands out for its lack of cafes, dining, entertainment, shops, and transit, creating a quiet environment with minimal access to local services."
253.91,Entire home/apt,4.85,2.0,2.0,1.0,1.0,148.0,True,1.0,1.0,2.0,"NOTES: This block is quiet due to the absence of transit, dining, nightlife, and essential services, suggesting a remote residential area.
DESCRIPTION: This quiet area near Coney Island lacks transit, dining, nightlife, and essential services."
211.56,Entire home/apt,5.0,6.0,6.0,3.0,2.0,2.0,False,3.0,2.0,5.0,"NOTES: The block lacks all typical urban amenities including shops, dining, transit, and entertainment, indicating a secluded residential or industrial area.
DESCRIPTION: This block is characterized by a complete absence of shops, dining, transit, and entertainment options."
294.0,Entire home/apt,4.7,7.0,3.0,3.0,2.0,53.0,False,3.0,2.0,5.0,"NOTES: This is a residential or secluded area characterized by a complete absence of commercial, transit, and cultural amenities.

DESCRIPTION: This block is a quiet area defined by a lack of dining, nightlife, transit, and shopping options."
223.01,Entire home/apt,4.74,4.0,3.0,2.0,1.0,19.0,False,2.0,1.0,3.0,"NOTES: This block lacks all common urban amenities including transit, shops, dining, and green space, indicating a remote or purely residential area.
DESCRIPTION: This block is characterized by a complete absence of transit, dining, shops, and entertainment options. It is a quiet area with very limited access to gyms and sports facilities."
166.51,Private room,4.92,7.0,2.0,3.0,1.0,12.0,False,3.0,1.0,4.0,"NOTES: This block is characterized by a complete lack of amenities, services, and transit, indicating a remote residential or industrial area.
DESCRIPTION: This block is exceptionally quiet due to the absence of dining, entertainment, transit, and green space, with only minimal shopping and grocery options available."
149.0,Private room,4.92,2.0,2.0,2.0,1.0,220.0,True,2.0,1.0,3.0,"NOTES: The area is extremely isolated with no commercial, transit, or cultural amenities, indicating a remote residential or industrial zone.
DESCRIPTION: This block is characterized by a complete absence of nightlife, dining, transit, and retail options. The area also features limited access to green space and sports facilities."
159.76,Entire home/apt,4.81,3.0,1.0,1.0,1.0,16.0,True,1.0,1.0,2.0,"NOTES: This block is characterized by a complete absence of typical urban amenities and transit access, indicating a remote or isolated residential area.
DESCRIPTION: This isolated area lacks typical urban amenities and transit access, with Coney Island serving as the only nearby landmark."
61.66,Private room,2.0,1.0,1.0,1.0,1.0,1.0,False,1.0,1.0,2.0,"NOTES: This is a quiet, isolated residential area lacking all typical urban amenities, transit, and commercial activity.
DESCRIPTION: This block is a quiet area that lacks all typical urban amenities, transit, and commercial activity."
104.6,Entire home/apt,5.0,2.0,1.0,1.0,1.0,3.0,False,1.0,1.0,2.0,"NOTES: This block lacks all common urban amenities including transit, dining, and green space, indicating a remote or purely residential area.
DESCRIPTION: This block is characterized by a complete absence of transit, dining, and entertainment options. The area is defined by a lack of shops and minimal access to gyms or hotels."
67.85,Entire home/apt,4.66,4.0,2.0,1.0,1.0,242.0,True,1.0,1.0,2.0,"NOTES: Absence of commercial, transit, and social amenities; quiet residential area.
DESCRIPTION: This block is a quiet residential area characterized by a complete lack of shops, transit, and entertainment options."
294.0,Entire home/apt,4.38,4.0,3.0,2.0,1.0,61.0,False,2.0,1.0,3.0,"NOTES: This block is characterized by a complete absence of amenities, transit, and entertainment, indicating a remote or isolated residential area.
DESCRIPTION: This block stands out for its lack of transit, shops, dining, and local amenities, resulting in an exceptionally quiet and isolated environment."
352.59,Entire home/apt,4.95,10.0,5.0,5.0,3.0,20.0,True,5.0,3.0,8.0,"NOTES: This block is characterized by a complete absence of commercial, transit, and recreational amenities, indicating a remote or strictly residential area.
DESCRIPTION: This block stands out for its lack of dining, nightlife, transit, and essential services, defining it as a quiet and isolated area."
135.83,Entire home/apt,3.25,1.0,1.0,1.0,1.0,4.0,False,1.0,1.0,2.0,"NOTES: This block is characterized by a complete absence of commercial, cultural, and transit amenities, indicating a remote or purely residential area.

DESCRIPTION: This block is a quiet area that lacks all typical New York amenities, including shops, dining, transit, and green space."
213.96,Entire home/apt,4.9,6.0,6.0,3.0,2.5,105.0,False,3.0,2.5,5.5,"NOTES: The block lacks all typical urban amenities, transit, and commercial activity, indicating a remote or strictly residential area.
DESCRIPTION: This block is characterized by a complete absence of transit, shops, dining, and public amenities."
278.51,Entire home/apt,4.33,12.0,7.0,3.0,1.0,6.0,True,3.0,1.0,4.0,"NOTES: This block is quiet due to the complete absence of amenities, transit, and attractions, indicating a remote or purely residential area.
DESCRIPTION: The block is a quiet area characterized by a lack of dining, nightlife, shops, and transit options."
162.15,Entire home/apt,4.64,5.0,3.0,2.0,1.0,14.0,False,2.0,1.0,3.0,"NOTES: This block is characterized by a complete absence of commercial activity, transit, and amenities, indicating a remote or purely residential area.
DESCRIPTION: This block stands out for having no nearby shops, dining, transit, or entertainment, resulting in a quiet and isolated environment."
99.56,Entire home/apt,4.87,2.0,2.0,1.0,1.0,339.0,False,1.0,1.0,2.0,"NOTES: This block lacks all common urban amenities and transit access, indicating a remote or isolated residential area.
DESCRIPTION: This block is characterized by a complete absence of dining, nightlife, transit, and retail options, resulting in a quiet and isolated environment."
171.11,Entire home/apt,3.0,3.0,1.0,1.0,1.0,2.0,False,1.0,1.0,2.0,"NOTES: This block is characterized by a complete absence of commercial, transit, and social amenities, indicating a secluded residential or industrial area.
DESCRIPTION: This block is exceptionally quiet, lacking all typical city amenities such as dining, shopping, transit, and entertainment venues."
218.67,Entire home/apt,5.0,2.0,1.0,1.0,1.0,1.0,False,1.0,1.0,2.0,"NOTES: The block lacks all typical urban amenities including transit, services, and entertainment, indicating a secluded residential or industrial area.
DESCRIPTION: This block is characterized by a complete absence of transit, dining, shops, and entertainment options, resulting in an exceptionally quiet and isolated environment."
375.45,Entire home/apt,4.86,5.0,3.0,3.0,2.0,138.0,True,3.0,2.0,5.0,"NOTES: This block is characterized by a complete absence of commercial, transit, and recreational amenities, indicating a remote or purely residential area.
DESCRIPTION: This block stands out for its lack of shops, dining, transit, and public spaces, resulting in a quiet environment devoid of typical urban activity."
108.52,Entire home/apt,4.81,6.0,3.0,1.0,1.0,94.0,True,1.0,1.0,2.0,"NOTES: This block is characterized by a complete absence of commercial, transit, and recreational amenities, indicating a secluded residential or industrial area.
DESCRIPTION: This block stands out for its lack of dining, nightlife, transit, and green space, resulting in a quiet environment with almost no shops or fitness facilities."
105.3,Entire home/apt,4.72,2.0,1.0,1.0,1.0,47.0,False,1.0,1.0,2.0,"NOTES: This block is characterized by a complete lack of amenities, transit, and social activity, indicating a remote or purely residential area.
DESCRIPTION: This block is a quiet area with almost no shops and an absence of dining, transit, and entertainment options."
100.7,Entire home/apt,5.0,2.0,2.0,1.0,1.0,8.0,True,1.0,1.0,2.0,"NOTES: The block lacks all typical urban amenities, transit, and entertainment, indicating an isolated industrial or desolate area.
DESCRIPTION: This block is characterized by a complete absence of transit, shops, dining, and recreational spaces, resulting in a quiet and isolated environment."
73.19,Entire home/apt,5.0,4.0,1.0,1.0,1.0,2.0,False,1.0,1.0,2.0,"NOTES: This area lacks all typical urban amenities, transit access, and commercial activity, indicating a strictly isolated residential or industrial zone.
DESCRIPTION: This block stands out for its complete lack of nightlife, dining, transit, and essential services, resulting in a quiet and isolated environment."
144.88,Entire home/apt,4.51,5.0,2.0,2.0,1.0,37.0,False,2.0,1.0,3.0,"NOTES: The block lacks all commercial, transit, and recreational amenities, indicating a remote or purely residential area.
DESCRIPTION: This block stands out for its complete absence of dining, transit, shops, and entertainment, resulting in a quiet and isolated environment."
120.2,Entire home/apt,4.33,4.0,2.0,2.0,1.0,6.0,False,2.0,1.0,3.0,"NOTES: The block lacks all typical urban amenities and transit access, indicating a remote residential area.
DESCRIPTION: This block is characterized by a complete absence of commercial, transit, and entertainment options, resulting in a quiet residential environment with limited access to green space."
289.85,Entire home/apt,4.38,4.0,2.0,2.0,2.0,13.0,False,2.0,2.0,4.0,"NOTES: The block lacks all typical urban amenities including transit, dining, and green space, indicating a remote residential area.
DESCRIPTION: This block is a quiet residential area that lacks all typical urban amenities, transit, and commercial activity."
317.0,Entire home/apt,4.0,4.0,2.0,2.0,1.0,3.0,False,2.0,1.0,3.0,"NOTES: This block is characterized by a complete absence of commercial, transit, and cultural amenities, indicating a secluded residential or industrial area.

DESCRIPTION: This block stands out for having no nearby dining, nightlife, transit, or retail options and features very limited access to fitness facilities."
476.5,Entire home/apt,4.95,8.0,5.0,3.0,2.0,104.0,True,3.0,2.0,5.0,"NOTES: This block is characterized by a complete absence of commercial, transit, and social amenities, indicating a remote or purely residential area.

DESCRIPTION: This block is a quiet area that lacks bars, dining, entertainment, shops, and transit options."
365.5,Entire home/apt,4.76,4.0,3.0,3.0,2.0,131.0,False,3.0,2.0,5.0,"NOTES: This is a quiet residential area characterized by a complete absence of commercial, transit, and cultural amenities.
DESCRIPTION: This quiet area lacks all typical urban amenities, including dining, transit, and entertainment options, with almost no grocery stores available."
248.9,Entire home/apt,4.65,6.0,3.0,3.0,2.0,48.0,False,3.0,2.0,5.0,"NOTES: This is a quiet residential area characterized by a complete absence of commercial, transit, and cultural amenities.
DESCRIPTION: This block is a quiet area that lacks shops, dining, transit, and all other typical New York amenities."
96.71,Entire home/apt,4.94,2.0,2.0,1.0,1.0,121.0,False,1.0,1.0,2.0,"NOTES: Lacks all typical urban amenities and transit access, indicating a remote or strictly residential area.
DESCRIPTION: This block stands out for its complete lack of dining, shopping, transit, and entertainment options."
98.53,Entire home/apt,4.74,2.0,1.0,1.0,1.0,23.0,False,1.0,1.0,2.0,"NOTES: This block is characterized by a complete absence of commercial, transit, and social amenities, suggesting a secluded residential or industrial area.
DESCRIPTION: This block is exceptionally quiet and isolated, lacking all typical city amenities such as dining, transit, shops, and green space."
204.84,Entire home/apt,4.85,14.0,5.0,3.0,2.0,13.0,False,3.0,2.0,5.0,"NOTES: This block lacks all common urban amenities and transit access, indicating a remote or purely residential area.
DESCRIPTION: This block is characterized by a complete absence of cafes, dining, entertainment, grocery stores, gyms, hotels, landmarks, museums, parks, pharmacies, shops, and transit, with nightlife well below average."
