price,room_type,ratings,guests,beds,bedrooms,bathrooms,property_number_of_reviews,is_superhost,num_bedrooms,num_baths,num_rooms,surroundings_summary
6081.33,Entire home/apt,4.98,8.0,4.0,4.0,3.5,50.0,True,4.0,3.5,7.5,"This area contains a high concentration of cafes, entertainment venues, hotels, landmarks, parks, and shops, as well as an increased number of bars, restaurants, grocery stores, gyms, museums, and transit options. Nearby locations include Intrepid Sea, Air & Space Museum, Central Park, Empire State Building, Bryant Park, Times Square, and Rockefeller Center."
350.0,Hotel room,5.0,4.0,2.0,1.0,1.0,1.0,False,1.0,1.0,2.0,"This area contains more cafes, entertainment venues, hotels, shops, bars, nightlife, dining, grocery stores, gyms, sports facilities, landmarks, museums, galleries, parks, transit options, and pharmacies than a typical New York block. It is located near Central Park, Intrepid Sea, Air & Space Museum, Bryant Park, Empire State Building, and Times Square."
308.0,Hotel room,5.0,2.0,1.0,1.0,1.0,1.0,False,1.0,1.0,2.0,"This area contains more cafes, entertainment venues, hotels, shops, bars, nightlife, dining, grocery stores, gyms, sports, landmarks, museums, galleries, parks, transit, and pharmacies than a typical New York block. Nearby locations include Central Park, Intrepid Sea, Air & Space Museum, Bryant Park, Empire State Building, and Times Square."
296.0,Entire home/apt,4.91,4.0,2.0,1.0,1.0,11.0,True,1.0,1.0,2.0,"This area features an unusually high number of cafes, parks, shops, bars, nightlife, dining, entertainment venues, grocery stores, gyms, hotels, landmarks, museums, and transit options. Nearby locations include Intrepid Sea, Air & Space Museum, Central Park, One Vanderbilt, and Summit One Vanderbilt."
595.0,Entire home/apt,4.8,3.0,1.0,1.0,1.0,59.0,False,1.0,1.0,2.0,"This area contains an unusually high number of cafes, entertainment venues, hotels, landmarks, sights, shops, parks, and green spaces. It is located near Bryant Park, Empire State Building, Times Square, Central Park, and Intrepid Sea, Air & Space Museum."
411.0,Private room,4.79,2.0,1.0,1.0,1.0,39.0,False,1.0,1.0,2.0,"This area contains an unusually high number of cafes, hotels, parks, shops, bars, restaurants, entertainment venues, grocery stores, gyms, landmarks, museums, and transit options. Nearby locations include Central Park, Intrepid Sea, Air & Space Museum, Bryant Park, One Vanderbilt, and Summit One Vanderbilt."
283.53,Entire home/apt,4.16,2.0,1.0,1.0,1.0,45.0,False,1.0,1.0,2.0,"This area contains more bars, nightlife, cafes, dining, entertainment venues, grocery stores, gyms, sports, hotels, shops, and subway transit than a typical New York block. It also features more landmarks, sights, museums, galleries, and pharmacies than average, including the Empire State Building."
367.05,Entire home/apt,4.08,6.0,3.0,1.0,1.0,60.0,False,1.0,1.0,2.0,"This area has an unusually high concentration of bars, nightlife, cafes, dining, entertainment venues, grocery stores, gyms, hotels, landmarks, shops, transit, museums, galleries, and pharmacies. The Empire State Building is located in this area."
278.0,Entire home/apt,4.71,4.0,2.0,2.0,1.0,41.0,False,2.0,1.0,3.0,"This is a commercial and tourist area with an unusually high concentration of cafes, gyms, sports facilities, hotels, and shops. It is located near Central Park, Bryant Park, Intrepid Sea, Air & Space Museum, One Vanderbilt, Summit One Vanderbilt, and Times Square."
765.0,Private room,5.0,2.0,1.0,1.0,1.0,1.0,False,1.0,1.0,2.0,"This is a commercial and tourist area that features an unusually high number of cafes, entertainment venues, hotels, landmarks, parks, and shops. It is located near the Empire State Building, Bryant Park, Times Square, Intrepid Sea, Air & Space Museum, and Central Park."
284.1,Entire home/apt,4.91,3.0,2.0,1.0,1.0,11.0,False,1.0,1.0,2.0,"This area contains an unusually high number of bars, cafes, dining options, grocery stores, gyms, hotels, pharmacies, shops, entertainment venues, museums, parks, and transit options. It is located near Central Park, Empire State Building, Bryant Park, and Battery Park."
868.5,Private room,4.33,4.0,2.0,2.0,1.0,3.0,False,2.0,1.0,3.0,"This area contains an unusually high number of entertainment venues, hotels, landmarks, parks, shops, bars, cafes, dining options, grocery stores, gyms, museums, and transit access. Well-known places nearby include the Empire State Building, Times Square, Intrepid Sea, Air & Space Museum, Bryant Park, Rockefeller Center, and Central Park."
387.75,Entire home/apt,4.36,4.0,2.0,1.0,1.0,66.0,False,1.0,1.0,2.0,"This block is located in a dense area with an unusually high concentration of bars, nightlife, dining, entertainment, shops, grocery stores, gyms, hotels, transit, and landmarks, including the Empire State Building. The area also features more museums, galleries, and pharmacies than a typical New York block."
399.0,Entire home/apt,5.0,9.0,4.0,1.0,1.0,4.0,False,1.0,1.0,2.0,"This area has more bars, nightlife, dining, entertainment venues, grocery stores, gyms, sports, hotels, landmarks, sights, shops, subway and transit options, cafes, museums, galleries, and pharmacies than a typical New York block. The Empire State Building is nearby."
444.0,Entire home/apt,4.81,4.0,2.0,2.0,1.0,43.0,False,2.0,1.0,3.0,"This area contains more cafes, parks, green spaces, shops, and transit options than a typical New York block. It is located near Central Park, One Vanderbilt, Intrepid Sea, Air & Space Museum, Summit One Vanderbilt, and Grand Central Terminal."
201.0,Entire home/apt,4.0,4.0,2.0,1.0,1.0,3.0,False,1.0,1.0,2.0,"This area contains more bars, nightlife, dining, entertainment venues, grocery stores, gyms, sports facilities, hotels, landmarks, shops, and transit options than a typical New York block. It also features more cafes, museums, galleries, and pharmacies than average, with the Empire State Building located nearby."
408.45,Entire home/apt,4.26,6.0,3.0,1.0,1.0,35.0,False,1.0,1.0,2.0,"This area contains more bars, nightlife, dining, entertainment venues, grocery stores, gyms, sports facilities, hotels, shops, and transit options than a typical New York block, along with a higher concentration of cafes, landmarks, museums, galleries, and pharmacies. The Empire State Building is located nearby."
555.0,Entire home/apt,4.85,3.0,1.0,1.0,1.0,124.0,False,1.0,1.0,2.0,"This area contains an unusually high number of cafes, entertainment venues, hotels, landmarks, sights, shops, parks, and green spaces. It is located near Bryant Park, Empire State Building, Times Square, Central Park, and Intrepid Sea, Air & Space Museum."
179.0,Private room,5.0,8.0,2.0,1.0,1.0,4.0,False,1.0,1.0,2.0,"This area contains more bars, nightlife, dining, entertainment venues, grocery stores, gyms, sports facilities, hotels, landmarks, shops, and transit options than a typical New York block. It also features a higher concentration of cafes, museums, galleries, and pharmacies, and includes the Empire State Building."
233.85,Entire home/apt,5.0,2.0,1.0,1.0,1.0,1.0,False,1.0,1.0,2.0,"This is a high-density urban area with an unusually high concentration of bars, nightlife, cafes, dining, entertainment venues, grocery stores, gyms, hotels, shops, and transit options. It also features more landmarks, museums, pharmacies, and green space than a typical block, including proximity to the Empire State Building and Central Park."
397.03,Private room,5.0,4.0,2.0,1.0,1.0,4.0,False,1.0,1.0,2.0,"This is a commercial and transit-heavy area with an unusually high density of bars, nightlife, cafes, dining, entertainment venues, grocery stores, gyms, hotels, shops, subway access, landmarks, museums, galleries, and pharmacies. The Empire State Building is located nearby."
297.16,Entire home/apt,5.0,2.0,1.0,1.0,1.0,1.0,True,1.0,1.0,2.0,"This area has more bars, nightlife, cafes, dining, entertainment venues, grocery stores, gyms, sports facilities, hotels, shops, and subway transit than a typical New York block, along with more landmarks, sights, museums, galleries, pharmacies, and green space. The Empire State Building is located nearby."
273.23,Entire home/apt,5.0,2.0,1.0,1.0,1.0,1.0,True,1.0,1.0,2.0,"This is a commercial and transit-heavy area with an unusually high concentration of bars, nightlife, cafes, dining, entertainment venues, grocery stores, gyms, hotels, shops, and transit options, as well as more landmarks, museums, galleries, pharmacies, and green space than typical. The Empire State Building is located nearby."
295.55,Entire home/apt,5.0,2.0,1.0,1.0,1.0,5.0,True,1.0,1.0,2.0,"This area has more bars, nightlife, cafes, dining, entertainment venues, grocery stores, gyms, sports facilities, hotels, shops, and transit options than a typical New York block, along with more landmarks, sights, museums, galleries, pharmacies, and green space. The Empire State Building is located nearby."
320.55,Entire home/apt,5.0,2.0,1.0,1.0,1.0,1.0,True,1.0,1.0,2.0,"This area contains more bars, nightlife, cafes, dining, entertainment venues, grocery stores, gyms, sports facilities, hotels, shops, and transit options than a typical New York block. It also features more landmarks, sights, museums, galleries, pharmacies, and green space than usual, with the Empire State Building located nearby."
256.04,Entire home/apt,5.0,2.0,1.0,1.0,1.0,2.0,True,1.0,1.0,2.0,"This area contains more bars, nightlife, cafes, dining, entertainment venues, grocery stores, gyms, sports facilities, hotels, shops, and transit options than a typical New York block, alongside an above-average number of landmarks, sights, museums, galleries, pharmacies, and parks. The Empire State Building is located nearby."
179.0,Entire home/apt,4.17,4.0,2.0,1.0,1.0,6.0,False,1.0,1.0,2.0,"This area has more bars, nightlife, cafes, dining, entertainment venues, grocery stores, gyms, sports facilities, hotels, shops, and subway transit than a typical New York block. It also features more landmarks, sights, museums, galleries, and pharmacies than average, with the Empire State Building located nearby."
323.33,Private room,4.74,1.0,1.0,2.0,1.0,43.0,False,2.0,1.0,3.0,"This area contains an unusually high number of cafes, dining, grocery stores, gyms, sports facilities, hotels, pharmacies, shops, bars, nightlife, entertainment venues, landmarks, museums, galleries, parks, and transit options. Well-known places nearby include Central Park, Bryant Park, Battery Park, Empire State Building, and Times Square."
666.0,Private room,4.83,2.0,1.0,1.0,1.0,48.0,False,1.0,1.0,2.0,"This area contains more bars, nightlife, cafes, dining, grocery stores, gyms, sports facilities, hotels, shops, and transit options than a typical New York block. It also features more entertainment venues, landmarks, museums, galleries, pharmacies, and green space, including Central Park, Battery Park, Empire State Building, and Bryant Park."
712.0,Private room,4.0,8.0,4.0,2.0,2.0,1.0,False,2.0,2.0,4.0,"This area contains more bars, nightlife, cafes, dining, entertainment venues, grocery stores, gyms, hotels, shops, and transit options than a typical New York block. It also features more landmarks, museums, pharmacies, and parks, with Empire State Building, Central Park, and Battery Park nearby."
431.5,Entire home/apt,4.28,7.0,4.0,2.0,1.0,195.0,False,2.0,1.0,3.0,"This area has more bars, nightlife, cafes, dining, entertainment venues, grocery stores, gyms, sports facilities, hotels, shops, and transit options than a typical New York block. It also features more landmarks, museums, galleries, parks, and pharmacies than average, with Empire State Building, Central Park, and Battery Park located nearby."
284.25,Entire home/apt,4.11,5.0,3.0,1.0,1.0,79.0,False,1.0,1.0,2.0,"This area has more bars, nightlife, cafes, dining, grocery stores, gyms, sports facilities, hotels, shops, and transit options than a typical New York block. It also features more entertainment venues, landmarks, museums, galleries, pharmacies, and green space than average, with Empire State Building, Central Park, and Battery Park nearby."
249.0,Private room,4.61,6.0,2.0,1.0,1.0,137.0,False,1.0,1.0,2.0,"This is a commercial and transit-heavy area with an unusually high concentration of bars, nightlife, cafes, dining, entertainment venues, grocery stores, gyms, hotels, shops, and transit options. It also features more landmarks, museums, galleries, pharmacies, and green space than a typical block, with Empire State Building, Central Park, and Battery Park nearby."
291.0,Private room,4.5,2.0,1.0,1.0,1.0,10.0,False,1.0,1.0,2.0,"This is a commercial and tourist area that contains an unusually high number of entertainment venues, hotels, parks, shops, bars, cafes, dining options, grocery stores, gyms, landmarks, museums, transit options, and pharmacies. Nearby locations include the Empire State Building, Times Square, Bryant Park, Intrepid Sea, Air & Space Museum, Washington Square Park, and Central Park."
447.68,Entire home/apt,4.5,3.0,1.0,1.0,1.0,2.0,False,1.0,1.0,2.0,"This is a commercial and transit-oriented area that contains an unusually high number of bars, nightlife, cafes, dining, entertainment venues, grocery stores, gyms, hotels, shops, subway and transit options, landmarks, museums, galleries, and pharmacies."
102.44,Private room,3.67,1.0,1.0,1.0,1.0,3.0,False,1.0,1.0,2.0,"This is a high-density urban area with an unusually high concentration of bars, nightlife, cafes, dining, entertainment venues, grocery stores, gyms, hotels, landmarks, shops, museums, galleries, transit, and pharmacies."
887.89,Entire home/apt,5.0,5.0,2.0,2.0,2.0,46.0,False,2.0,2.0,4.0,"This area contains a higher concentration of bars, nightlife, cafes, dining, grocery stores, gyms, sports facilities, hotels, shops, entertainment venues, landmarks, museums, galleries, pharmacies, transit options, and green space than a typical New York block. The Empire State Building is located in this area."
742.56,Private room,4.54,4.0,2.0,1.0,1.0,173.0,False,1.0,1.0,2.0,"This area contains more entertainment venues, hotels, shops, bars, nightlife, cafes, dining, grocery stores, gyms, sports facilities, landmarks, sights, parks, green space, museums, galleries, and transit options than a typical New York block. Nearby locations include Times Square, Empire State Building, Washington Square Park, and Bryant Park."
223.78,Private room,4.43,1.0,1.0,1.0,1.0,7.0,False,1.0,1.0,2.0,"This area contains an unusually high number of entertainment venues, grocery stores, gyms, hotels, landmarks, shops, bars, cafes, dining options, museums, galleries, transit stations, and pharmacies. The Flatiron Building and Manhattan Bridge are located nearby."
273.3,Private room,4.46,2.0,1.0,1.0,1.0,48.0,False,1.0,1.0,2.0,"This area contains more bars, nightlife, cafes, dining, gyms, sports, hotels, and shops than a typical New York block, along with an above-average number of entertainment venues, grocery stores, landmarks, museums, galleries, parks, pharmacies, and transit options. Nearby places include Battery Park, Central Park, Empire State Building, and Bryant Park."
732.0,Private room,4.34,4.0,2.0,1.0,1.0,80.0,False,1.0,1.0,2.0,"This area contains more entertainment venues, hotels, shops, bars, nightlife, cafes, dining, grocery stores, gyms, sports facilities, landmarks, sights, parks, green space, museums, galleries, and transit options than a typical New York block. Well-known places nearby include Times Square, Empire State Building, Washington Square Park, and Bryant Park."
202.0,Private room,4.22,2.0,1.0,1.0,1.0,113.0,False,1.0,1.0,2.0,"This area contains a higher concentration of bars, nightlife, cafes, dining, grocery stores, gyms, sports, hotels, shops, entertainment venues, landmarks, sights, museums, galleries, pharmacies, and transit options than a typical New York block. It also features more parks and green space than most blocks."
171.83,Private room,4.0,1.0,1.0,5.0,1.0,1.0,False,5.0,1.0,6.0,"This area is a commercial and transit hub with a higher concentration of dining, entertainment, grocery stores, gyms, hotels, landmarks, shops, bars, cafes, museums, galleries, transit, and pharmacies than a typical New York block."
1199.0,Entire home/apt,5.0,5.0,3.0,2.0,1.0,21.0,True,2.0,1.0,3.0,"This is a mixed-use area with a high concentration of bars, nightlife, dining, grocery stores, gyms, sports facilities, hotels, and shops. It also features a high density of cafes, entertainment venues, landmarks, sights, museums, galleries, parks, green spaces, transit options, and pharmacies."
720.0,Entire home/apt,4.71,5.0,2.0,2.0,1.5,89.0,True,2.0,1.5,3.5,"This is a commercial and tourist area that contains an unusually high concentration of entertainment venues, hotels, shops, bars, nightlife, cafes, dining, grocery stores, gyms, sports facilities, landmarks, museums, galleries, parks, and transit options. Nearby locations include Times Square, Empire State Building, Washington Square Park, and Bryant Park."
241.6,Private room,4.04,2.0,1.0,1.0,1.0,73.0,False,1.0,1.0,2.0,"This area contains more entertainment venues, hotels, shops, bars, nightlife, cafes, dining, grocery stores, landmarks, sights, parks, and green space than a typical New York block. It is located near Times Square, Washington Square Park, Empire State Building, Top of the Rock, and Rockefeller Center."
240.0,Private room,4.19,2.0,1.0,1.0,1.0,537.0,False,1.0,1.0,2.0,"This area contains more entertainment venues, hotels, shops, bars, nightlife, cafes, dining, grocery stores, landmarks, sights, parks, and green space than a typical New York block. It is located near Times Square, Washington Square Park, Empire State Building, Top of the Rock, and Rockefeller Center."
156.97,Private room,4.71,2.0,1.0,1.0,1.0,1669.0,False,1.0,1.0,2.0,"This area contains more cafes, entertainment venues, gyms, hotels, shops, and transit options than a typical New York block. It also features a higher density of bars, restaurants, grocery stores, museums, and landmarks than is common."
485.1,Private room,5.0,4.0,2.0,1.0,1.0,1.0,False,1.0,1.0,2.0,"This area has more entertainment venues, hotels, shops, bars, nightlife, cafes, dining, grocery stores, landmarks, sights, parks, green space, transit, gyms, sports, museums, galleries, and pharmacies than a typical New York block. It is located near Times Square, Washington Square Park, Top of the Rock, Rockefeller Center, and the Empire State Building."
529.0,Private room,5.0,2.0,1.0,1.0,1.0,1.0,False,1.0,1.0,2.0,"This area contains more entertainment venues, hotels, shops, bars, nightlife, cafes, dining, grocery stores, landmarks, sights, parks, green space, transit, gyms, sports, museums, galleries, and pharmacies than a typical New York block. Well-known places nearby include Times Square, Washington Square Park, Top of the Rock, Rockefeller Center, and Empire State Building."
354.03,Private room,4.21,4.0,2.0,1.0,1.0,14.0,True,1.0,1.0,2.0,"This is a commercial and transit-oriented area with an unusually high concentration of dining, entertainment venues, grocery stores, gyms, sports facilities, hotels, landmarks, sights, and shops. It also features more bars, nightlife, cafes, museums, galleries, subway transit, and pharmacies than a typical New York block."
385.32,Entire home/apt,5.0,3.0,2.0,1.0,1.0,1.0,False,1.0,1.0,2.0,"This area contains more entertainment venues, hotels, shops, bars, nightlife, cafes, dining, grocery stores, landmarks, sights, parks, green space, transit, gyms, sports, museums, galleries, and pharmacies than a typical New York block. It is located near Times Square, Top of the Rock, Rockefeller Center, and Washington Square Park."
369.0,Private room,4.74,2.0,1.0,1.0,1.0,390.0,True,1.0,1.0,2.0,"This is a commercial and transit-oriented area with unusually high concentrations of cafes, entertainment venues, gyms, hotels, shops, and transit access. It also features more bars, dining options, grocery stores, landmarks, museums, and pharmacies than a typical New York block."
401.5,Entire home/apt,4.88,4.0,2.0,1.0,1.0,16.0,True,1.0,1.0,2.0,"This is a commercial and tourist-oriented area with an unusually high concentration of cafes, gyms, hotels, and shops. It is located near Central Park, Bryant Park, One Vanderbilt, Summit One Vanderbilt, and the Intrepid Sea, Air & Space Museum."
1025.0,Private room,5.0,4.0,2.0,1.0,1.0,1.0,True,1.0,1.0,2.0,"This area contains more bars, nightlife, dining, grocery stores, gyms, sports facilities, hotels, and shops than a typical New York block. It also features a higher than average number of cafes, entertainment venues, landmarks, sights, museums, galleries, parks, green spaces, transit options, and pharmacies."
179.03,Entire home/apt,5.0,1.0,1.0,1.0,1.0,1.0,True,1.0,1.0,2.0,"This is a commercial and transit-heavy area with unusually many cafes, entertainment venues, gyms, hotels, shops, and subway stations. It is located near Times Square and Washington Square Park."
588.0,Entire home/apt,4.0,2.0,1.0,1.0,1.0,5.0,False,1.0,1.0,2.0,"This area features an unusually high number of cafes, entertainment venues, hotels, parks, green spaces, and shops. It is located near Bryant Park, Empire State Building, Times Square, and Washington Square Park."
452.0,Private room,4.6,2.0,1.0,1.0,1.0,45.0,False,1.0,1.0,2.0,"This is a commercial and transit-oriented area that features an unusually high concentration of cafes, gyms, hotels, pharmacies, and shops. It is located near Battery Park, Bryant Park, and Central Park."
778.24,Entire home/apt,4.0,4.0,2.0,2.0,1.0,1.0,False,2.0,1.0,3.0,"This is a commercial and cultural area with an unusually high concentration of cafes, museums, galleries, shops, bars, nightlife, dining, entertainment venues, gyms, sports facilities, hotels, landmarks, sights, grocery stores, and transit options. It has fewer parks and green spaces than a typical New York block."
588.49,Entire home/apt,4.55,10.0,8.0,3.0,1.5,71.0,False,3.0,1.5,4.5,"This area has more bars, nightlife, dining, grocery stores, gyms, sports facilities, hotels, and shops than a typical New York block. It also has more cafes, entertainment venues, landmarks, sights, museums, galleries, parks, green space, transit options, and pharmacies than average."
352.0,Private room,4.43,2.0,1.0,1.0,1.0,7.0,False,1.0,1.0,2.0,"This area has more dining, grocery stores, gyms, hotels, shops, bars, nightlife, cafes, entertainment venues, landmarks, museums, galleries, parks, transit, and pharmacies than a typical New York block."
71.71,Private room,3.5,1.0,1.0,1.0,1.0,2.0,False,1.0,1.0,2.0,"This area contains more entertainment venues, gyms, sports facilities, hotels, shops, and transit options than a typical New York block. It also features a higher density of bars, nightlife, cafes, dining, grocery stores, museums, galleries, and pharmacies than most blocks."
2237.5,Entire home/apt,4.71,8.0,4.0,4.0,2.0,94.0,False,4.0,2.0,6.0,"This area has more cafes, entertainment venues, gyms and sports facilities, hotels, shops, and transit options than a typical New York block. It also features a higher concentration of bars, nightlife, dining, grocery stores, museums, galleries, and landmarks than most blocks."
478.0,Private room,2.0,2.0,1.0,1.0,2.0,1.0,True,1.0,2.0,3.0,"This area has an unusually high number of dining options, grocery stores, gyms, landmarks, shops, bars, cafes, entertainment venues, hotels, museums, and transit access compared to a typical New York block. Nearby well-known places include the Flatiron Building, Manhattan Bridge, and Madison Square Park."
225.0,Hotel room,5.0,2.0,1.0,1.0,1.0,4.0,False,1.0,1.0,2.0,"This area contains more entertainment venues, gyms, sports facilities, hotels, shops, and transit options than a typical New York block. It also features a higher concentration of bars, nightlife, cafes, dining, grocery stores, museums, galleries, landmarks, and pharmacies than most blocks."
315.27,Entire home/apt,4.81,2.0,1.0,1.0,1.0,83.0,False,1.0,1.0,2.0,"This area contains more cafes, museums, galleries, pharmacies, and shops than a typical New York block, and it is near the New Museum. It also features more bars, nightlife, dining, entertainment venues, grocery stores, gyms, sports facilities, hotels, landmarks, and transit options, but fewer parks and green spaces."
276.57,Private room,4.0,3.0,1.0,1.0,1.0,1.0,False,1.0,1.0,2.0,"This is a commercial and transit-oriented area that contains more entertainment venues, gyms, sports facilities, shops, and subway access than a typical New York block. It also features a higher concentration of bars, nightlife, cafes, dining, grocery stores, hotels, museums, galleries, and landmarks than most other blocks."
285.27,Entire home/apt,5.0,6.0,3.0,2.0,1.0,3.0,False,2.0,1.0,3.0,"This area has an unusually high concentration of gyms, sports facilities, landmarks, sights, and shops, as well as more bars, nightlife, cafes, dining, entertainment venues, grocery stores, hotels, museums, galleries, and transit options than a typical block. It has fewer parks and green spaces than most blocks and is located near the Manhattan Bridge and the Flatiron Building."
124.0,Private room,4.5,2.0,2.0,1.0,1.0,20.0,False,1.0,1.0,2.0,"This is a commercial and tourist area that contains more dining, gyms, sports facilities, landmarks, sights, and shops than a typical New York block. It is located near the Flatiron Building, Manhattan Bridge, and Madison Square Park."
102.1,Private room,4.22,1.0,1.0,2.0,2.0,9.0,False,2.0,2.0,4.0,"This area contains more entertainment venues, gyms, sports facilities, shops, and transit options than a typical New York block. It also features a higher concentration of bars, nightlife, cafes, dining, grocery stores, hotels, museums, galleries, landmarks, and pharmacies than most blocks."
657.0,Private room,4.77,2.0,1.0,1.0,1.0,133.0,True,1.0,1.0,2.0,"This is a commercial and urban area with an unusually high density of cafes, gyms, museums, pharmacies, shops, bars, restaurants, entertainment venues, grocery stores, hotels, landmarks, and transit options. It has fewer parks and green spaces than a typical New York block."
199.13,Entire home/apt,4.7,4.0,2.0,2.0,1.0,20.0,False,2.0,1.0,3.0,"This is a commercial and transit-heavy area with an unusually high concentration of cafes, dining, grocery stores, museums, galleries, pharmacies, shops, bars, nightlife, entertainment venues, gyms, sports facilities, hotels, and transit options. It also features a higher than average number of landmarks and sights."
650.0,Private room,5.0,3.0,2.0,1.0,1.0,1.0,False,1.0,1.0,2.0,"This is a commercial and tourist area that contains more entertainment venues, hotels, and shops than a typical New York block. It is located near Times Square, Empire State Building, Washington Square Park, and Bryant Park."
678.0,Entire home/apt,4.96,6.0,3.0,3.0,1.0,197.0,True,3.0,1.0,4.0,"This is a commercial and cultural area with a high concentration of cafes, dining, grocery stores, museums, galleries, pharmacies, and shops. It also features a high density of bars, nightlife, entertainment venues, gyms, sports facilities, hotels, landmarks, and transit options."
247.0,Private room,4.52,2.0,1.0,1.0,1.0,21.0,False,1.0,1.0,2.0,"This area contains an unusually high number of cafes, gyms, sports facilities, museums, galleries, pharmacies, and shops. It also has a higher than average concentration of bars, nightlife, dining, entertainment venues, grocery stores, hotels, landmarks, sights, and transit options, but lacks nearby parks or green space."
266.0,Private room,4.4,2.0,1.0,1.0,1.0,15.0,False,1.0,1.0,2.0,"This area has an unusually high concentration of cafes, gyms, sports facilities, museums, galleries, pharmacies, and shops. It also features more bars, nightlife, dining, entertainment venues, grocery stores, hotels, landmarks, and transit options than a typical block, while lacking nearby parks and green space."
790.0,Entire home/apt,4.86,2.0,1.0,1.0,1.0,57.0,True,1.0,1.0,2.0,"This area contains more bars, nightlife, dining, entertainment venues, hotels, shops, and transit options than a typical New York block. It also features more cafes, grocery stores, gyms, museums, galleries, landmarks, and parks, including Washington Square Park and Times Square."
243.6,Entire home/apt,4.23,6.0,3.0,3.0,1.0,13.0,False,3.0,1.0,4.0,"This area contains more dining, grocery stores, gyms and sports, hotels, and shops than a typical New York block. It also features a higher than average number of bars and nightlife, cafes, entertainment venues, landmarks and sights, museums and galleries, parks and green space, and subway and transit options."
84.89,Private room,4.81,2.0,1.0,1.0,1.0,16.0,False,1.0,1.0,2.0,"This area contains more entertainment venues, gyms, sports facilities, hotels, shops, and transit options than a typical New York block. It also features a higher concentration of bars, nightlife, cafes, dining, grocery stores, museums, galleries, landmarks, and pharmacies than most blocks."
272.0,Private room,4.61,2.0,1.0,1.0,1.0,921.0,False,1.0,1.0,2.0,"This is a highly developed area with an unusually high number of entertainment venues, hotels, shops, bars, nightlife, cafes, dining, landmarks, museums, galleries, parks, grocery stores, gyms, pharmacies, and transit options. Well-known places nearby include Times Square, Empire State Building, Washington Square Park, and Bryant Park."
855.0,Entire home/apt,4.95,8.0,6.0,4.0,2.0,174.0,True,4.0,2.0,6.0,"This area contains a higher concentration of cafes, dining, grocery stores, museums, galleries, pharmacies, and shops than a typical New York block. It also features more bars, nightlife, entertainment venues, gyms, sports facilities, hotels, transit options, and landmarks than most blocks."
159.5,Entire home/apt,4.75,4.0,2.0,1.0,1.0,61.0,False,1.0,1.0,2.0,"This is a commercial and urban area with more cafes, entertainment venues, gyms, sports facilities, and shops than a typical New York block. It also has more bars, nightlife, dining, grocery stores, hotels, museums, galleries, parks, transit options, and landmarks than average."
922.0,Private room,4.85,4.0,2.0,1.0,1.0,121.0,True,1.0,1.0,2.0,"This area contains more gyms, sports facilities, museums, galleries, and shops than a typical New York block. It also features a higher concentration of bars, nightlife, cafes, dining, entertainment venues, hotels, landmarks, pharmacies, transit options, and grocery stores than average."
270.0,Private room,4.83,2.0,2.0,1.0,1.0,6.0,False,1.0,1.0,2.0,"This area contains more gyms, sports facilities, landmarks, sights, and shops than a typical New York block. It also features an above-average number of bars, nightlife, cafes, dining, entertainment venues, grocery stores, hotels, museums, galleries, and pharmacies, with Manhattan Bridge and Flatiron Building located nearby."
134.27,Entire home/apt,5.0,2.0,1.0,1.0,1.0,3.0,True,1.0,1.0,2.0,"This area has an unusually high concentration of entertainment venues, gyms, sports facilities, shops, and transit options. It also features more bars, nightlife, cafes, dining, grocery stores, hotels, landmarks, and museums than a typical New York block."
368.0,Entire home/apt,5.0,8.0,4.0,1.0,1.0,10.0,False,1.0,1.0,2.0,"This is an area with unusually many gyms, sports facilities, museums, galleries, shops, bars, nightlife, cafes, dining, entertainment venues, hotels, landmarks, sights, pharmacies, subway and transit options, and grocery stores."
688.67,Entire home/apt,4.78,5.0,3.0,2.0,1.0,50.0,True,2.0,1.0,3.0,"This area has more cafes, grocery stores, museums and galleries, pharmacies, and shops than a typical New York block. It also features a higher than average concentration of bars, nightlife, dining, entertainment venues, gyms, sports facilities, hotels, landmarks, and transit options."
226.0,Hotel room,4.29,4.0,2.0,1.0,1.0,7.0,False,1.0,1.0,2.0,"This area has more entertainment venues, gyms, sports facilities, and shops than a typical New York block. It also features an above-average number of cafes, dining options, grocery stores, hotels, museums, galleries, transit access, nightlife, and green space."
342.93,Entire home/apt,4.0,6.0,3.0,3.0,1.0,1.0,False,3.0,1.0,4.0,"This area has more cafes, dining, grocery stores, museums, galleries, and pharmacies than a typical New York block. It also features more bars, nightlife, entertainment venues, gyms, sports facilities, hotels, shops, landmarks, sights, parks, green space, and transit options than most blocks."
1307.0,Entire home/apt,4.81,3.0,2.0,1.0,1.0,279.0,False,1.0,1.0,2.0,"This area has more cafes, dining, grocery stores, museums, galleries, and pharmacies than a typical New York block. It also features more bars, nightlife, entertainment venues, gyms, sports facilities, hotels, shops, landmarks, and transit options than most blocks."
146.2,Entire home/apt,5.0,2.0,1.0,1.0,1.0,9.0,False,1.0,1.0,2.0,"This area contains a high concentration of cafes, entertainment venues, gyms, sports facilities, shops, bars, nightlife, dining, grocery stores, hotels, museums, galleries, transit options, landmarks, and pharmacies."
384.0,Private room,3.86,4.0,2.0,1.0,1.0,21.0,False,1.0,1.0,2.0,"This area has more gyms, sports facilities, and shops than a typical New York block, along with an above-average number of bars, nightlife, cafes, dining, entertainment venues, grocery stores, hotels, landmarks, museums, galleries, pharmacies, and transit options. It has fewer parks and green spaces than a typical block."
194.0,Private room,4.25,4.0,2.0,1.0,1.0,12.0,False,1.0,1.0,2.0,"This area has more gyms, sports facilities, and shops than a typical New York block, along with an above-average number of bars, cafes, dining, entertainment venues, grocery stores, hotels, landmarks, museums, galleries, pharmacies, and transit options. It has fewer parks and green spaces than most blocks."
133.52,Entire home/apt,5.0,4.0,4.0,1.0,1.0,4.0,True,1.0,1.0,2.0,"This area has an unusually high concentration of cafes, grocery stores, museums, galleries, pharmacies, shops, bars, nightlife, dining, entertainment venues, gyms, sports, hotels, landmarks, parks, and transit options. The New Museum is located in this area."
418.0,Private room,4.91,2.0,1.0,1.0,1.0,128.0,True,1.0,1.0,2.0,"This is an area with unusually many bars, nightlife, dining, grocery stores, museums, galleries, cafes, entertainment venues, gyms, sports, hotels, shops, subway and transit options, and pharmacies. The New Museum is located nearby."
811.0,Entire home/apt,4.53,4.0,2.0,1.0,1.0,59.0,False,1.0,1.0,2.0,"This block is located in an area with a high concentration of dining, grocery stores, gyms, sports facilities, and hotels. It also features more bars, nightlife, cafes, entertainment venues, landmarks, museums, galleries, shops, and transit options than a typical New York block."
221.0,Private room,4.88,2.0,1.0,1.0,1.0,1262.0,True,1.0,1.0,2.0,"This area contains significantly more bars, nightlife, cafes, dining, museums, galleries, and pharmacies than a typical New York block. It also features an above-average number of entertainment venues, grocery stores, gyms, hotels, shops, transit options, and landmarks, including the New Museum."
446.17,Entire home/apt,4.95,2.0,1.0,1.0,1.0,20.0,False,1.0,1.0,2.0,"This is a commercial and transit-heavy area with an unusually high concentration of cafes, dining, grocery stores, museums, galleries, and pharmacies. The block also features more bars, nightlife, entertainment venues, gyms, sports facilities, hotels, shops, subway access, landmarks, and green space than is typical for New York."
180.7,Entire home/apt,4.25,4.0,4.0,2.0,1.0,16.0,False,2.0,1.0,3.0,"This is a commercial and tourist-oriented area with an unusually high number of gyms, hotels, pharmacies, and shops. It is located near Battery Park and features an above-average concentration of dining, nightlife, entertainment, cultural, and transit options."
551.0,Private room,4.36,2.0,1.0,1.0,1.0,50.0,False,1.0,1.0,2.0,"This is a commercial and transit-oriented area with an unusually high concentration of cafes, gyms, museums, galleries, pharmacies, and shops. It also features more bars, dining options, entertainment venues, grocery stores, hotels, landmarks, and transit access than a typical New York block."
319.53,Entire home/apt,4.76,2.0,1.0,1.0,1.0,71.0,False,1.0,1.0,2.0,"This area contains a higher concentration of bars, nightlife, cafes, dining, grocery stores, museums, galleries, and pharmacies than a typical New York block. The location is near the New Museum and features more entertainment venues, hotels, shops, transit options, gyms, and parks than most blocks."
439.0,Private room,4.6,2.0,1.0,1.0,1.0,5.0,True,1.0,1.0,2.0,"This is a commercial and urban area with more dining, grocery stores, gyms, bars, nightlife, cafes, entertainment venues, hotels, landmarks, museums, galleries, shops, pharmacies, and transit options than a typical New York block."
406.01,Entire home/apt,4.84,4.0,2.0,2.0,1.0,200.0,False,2.0,1.0,3.0,"This area has an unusually high concentration of bars, nightlife, cafes, dining, grocery stores, museums, galleries, pharmacies, entertainment venues, gyms, sports facilities, hotels, shops, subway transit, and parks. The New Museum is located nearby."
285.77,Entire home/apt,5.0,2.0,1.0,1.0,1.0,2.0,False,1.0,1.0,2.0,"This is a commercial and residential area with an unusually high concentration of cafes, dining, grocery stores, museums and galleries, pharmacies, and transit options. It also features more bars, nightlife, entertainment venues, hotels, shops, gyms, and parks than a typical New York block."
455.0,Private room,5.0,2.0,3.0,1.0,1.0,3.0,False,1.0,1.0,2.0,"This area contains an unusually high number of cafes, dining, grocery stores, museums, galleries, pharmacies, bars, nightlife, entertainment venues, hotels, shops, and transit options. New Museum is located nearby."
454.78,Entire home/apt,4.33,6.0,3.0,3.0,1.0,3.0,False,3.0,1.0,4.0,"This is a commercial and transit-oriented area with an unusually high concentration of entertainment venues, gyms, shops, and subway access. It also features more bars, cafes, dining options, grocery stores, hotels, landmarks, and museums than a typical New York block."
454.78,Entire home/apt,5.0,6.0,3.0,3.0,1.0,1.0,False,3.0,1.0,4.0,"This area contains an unusually high number of entertainment venues, gyms, sports facilities, shops, and transit options. It also has a higher concentration of bars, nightlife, cafes, dining, grocery stores, hotels, landmarks, and museums than a typical New York block."
426.83,Entire home/apt,4.52,6.0,1.0,1.0,1.0,73.0,False,1.0,1.0,2.0,"This area has a high concentration of cafes, museums, galleries, pharmacies, and shops, including the New Museum. It also features more bars, nightlife, dining, entertainment venues, grocery stores, gyms, sports facilities, hotels, landmarks, and transit options than a typical New York block."
149.07,Entire home/apt,4.67,2.0,1.0,1.0,1.0,15.0,False,1.0,1.0,2.0,"This area contains a high concentration of bars, nightlife, cafes, museums, galleries, and pharmacies. It also features an increased number of dining, entertainment, grocery, gym, hotel, shop, transit, landmark, and park options near the New Museum."
342.4,Entire home/apt,4.73,2.0,1.0,1.0,1.0,74.0,False,1.0,1.0,2.0,"This area contains more bars, nightlife, cafes, grocery stores, museums, galleries, and pharmacies than a typical New York block. It also features a high concentration of dining, entertainment venues, gyms, sports facilities, hotels, shops, and transit options, including the New Museum."
319.6,Entire home/apt,4.66,2.0,1.0,1.0,1.0,56.0,False,1.0,1.0,2.0,"This area contains more bars, nightlife, cafes, dining, grocery stores, museums, galleries, and pharmacies than a typical New York block. It also features more entertainment venues, gyms, sports facilities, hotels, shops, and transit options than average, near the New Museum."
325.0,Private room,4.46,2.0,1.0,1.0,1.0,61.0,False,1.0,1.0,2.0,"This area contains an unusually high number of cafes, dining, grocery stores, museums, galleries, pharmacies, bars, nightlife, entertainment venues, hotels, shops, subway and transit options, gyms, sports facilities, and parks. The New Museum is located nearby."
405.0,Private room,5.0,2.0,3.0,1.0,1.0,3.0,False,1.0,1.0,2.0,"This area has an unusually high concentration of cafes, dining, grocery stores, museums, galleries, pharmacies, bars, nightlife, entertainment venues, hotels, shops, transit, gyms, and parks. New Museum is located in this area."
255.0,Private room,4.72,2.0,1.0,1.0,1.0,116.0,False,1.0,1.0,2.0,"This area contains more cafes, dining, grocery stores, museums, galleries, pharmacies, bars, nightlife, entertainment venues, hotels, shops, subway and transit, gyms, sports, and parks than a typical New York block. The New Museum is located nearby."
405.0,Private room,5.0,2.0,2.0,1.0,1.0,1.0,False,1.0,1.0,2.0,"This area contains an unusually high number of cafes, dining options, grocery stores, museums, galleries, pharmacies, bars, nightlife, entertainment venues, hotels, shops, transit, gyms, and parks. The New Museum is located in this area."
225.0,Private room,4.64,2.0,1.0,1.0,1.0,45.0,False,1.0,1.0,2.0,"This area contains an unusually high number of cafes, dining options, grocery stores, museums, galleries, pharmacies, bars, nightlife, entertainment venues, hotels, shops, transit, gyms, and parks. The New Museum is located in this area."
252.0,Private room,4.9,2.0,1.0,1.0,1.0,224.0,True,1.0,1.0,2.0,"This area contains a higher concentration of bars, nightlife, cafes, museums, galleries, and pharmacies than a typical New York block. It also features more dining, entertainment venues, grocery stores, gyms, sports facilities, hotels, shops, transit options, landmarks, and green space, and is located near the New Museum."
470.42,Entire home/apt,4.92,4.0,2.0,2.0,2.0,24.0,False,2.0,2.0,4.0,"This area contains more bars, nightlife, cafes, grocery stores, museums, galleries, and pharmacies than a typical New York block. It is also home to the New Museum."
199.11,Entire home/apt,1.0,2.0,4.0,1.0,1.0,1.0,False,1.0,1.0,2.0,"This area contains more grocery stores, gyms, and sports facilities than a typical New York block. It also features a higher density of bars, nightlife, cafes, dining, entertainment venues, hotels, landmarks, museums, galleries, shops, parks, pharmacies, and transit options."
161.8,Entire home/apt,4.5,4.0,2.0,1.0,1.0,16.0,False,1.0,1.0,2.0,"This area has an unusually high concentration of bars, nightlife, cafes, museums, galleries, and pharmacies. It is located near the New Museum."
230.8,Entire home/apt,5.0,2.0,1.0,1.0,1.0,5.0,True,1.0,1.0,2.0,"This area has an unusually high concentration of cafes, museums, galleries, pharmacies, bars, dining, entertainment venues, grocery stores, gyms, hotels, shops, transit, landmarks, and parks. The New Museum is located in this area."
227.27,Entire home/apt,5.0,2.0,1.0,1.0,1.0,7.0,True,1.0,1.0,2.0,"This area has an unusually high density of cafes, museums, galleries, pharmacies, bars, nightlife, dining, entertainment venues, grocery stores, gyms, sports facilities, hotels, shops, transit options, landmarks, and parks. The New Museum is located in this area."
256.8,Entire home/apt,4.78,2.0,1.0,1.0,1.0,68.0,False,1.0,1.0,2.0,"This area has an unusually high number of cafes, dining, grocery stores, museums, galleries, pharmacies, bars, nightlife, entertainment venues, hotels, shops, and transit options. It also features more gyms, sports facilities, and green space than a typical New York block."
199.13,Entire home/apt,4.78,2.0,1.0,1.0,1.0,9.0,False,1.0,1.0,2.0,"This area contains a higher concentration of dining, grocery stores, museums and galleries, pharmacies, and subway and transit options than a typical New York block. It also features more bars and nightlife, cafes, entertainment venues, hotels, shops, gyms and sports facilities, and parks and green space than most blocks."
155.03,Entire home/apt,5.0,3.0,2.0,1.0,1.0,1.0,False,1.0,1.0,2.0,"This area has more bars, nightlife, grocery stores, museums, galleries, and pharmacies than a typical New York block. It is located near the New Museum."
272.13,Entire home/apt,4.72,5.0,3.0,2.0,1.0,65.0,False,2.0,1.0,3.0,"This is a commercial and cultural area with an unusually high concentration of museums, galleries, shops, bars, nightlife, cafes, dining, entertainment venues, grocery stores, gyms, sports facilities, landmarks, parks, green space, hotels, and transit options."
400.67,Private room,4.75,6.0,3.0,3.0,1.0,8.0,False,3.0,1.0,4.0,"This area has more cafes, dining, grocery stores, museums, galleries, and pharmacies than a typical New York block. It also features a higher concentration of bars, nightlife, entertainment venues, gyms, sports facilities, hotels, shops, landmarks, and transit options than most blocks."
148.0,Private room,4.69,5.0,1.0,1.0,1.0,45.0,False,1.0,1.0,2.0,"This is a commercial and residential area with an unusually high density of cafes, gyms, sports facilities, museums, galleries, and pharmacies. The block also features more bars, nightlife, dining, entertainment venues, grocery stores, hotels, shops, and transit options than a typical New York block."
109.51,Private room,4.67,3.0,2.0,1.0,1.0,3.0,False,1.0,1.0,2.0,"This is a mixed-use area with an unusually high concentration of bars, nightlife, cafes, dining, entertainment venues, grocery stores, gyms, sports facilities, hotels, landmarks, museums, galleries, shops, pharmacies, and transit options."
708.0,Entire home/apt,4.99,2.0,1.0,1.0,1.0,119.0,False,1.0,1.0,2.0,"This area contains an unusually high number of gyms, sports facilities, and pharmacies compared to a typical New York block. It is located near the American Museum of Natural History and features a high concentration of cafes, dining, entertainment venues, grocery stores, hotels, landmarks, museums, galleries, parks, shops, transit, and nightlife."
257.63,Entire home/apt,4.44,6.0,3.0,3.0,1.0,9.0,False,3.0,1.0,4.0,"This area has a high concentration of bars, nightlife, cafes, museums, galleries, dining, entertainment venues, gyms, sports facilities, hotels, shops, and transit options. It also features more grocery stores, landmarks, and green space than a typical block, including the New Museum."
663.65,Private room,5.0,4.0,2.0,1.0,1.0,20.0,True,1.0,1.0,2.0,"This is a commercial and transit-oriented area with an unusually high number of grocery stores, gyms, hotels, bars, cafes, dining options, entertainment venues, landmarks, museums, parks, and shops. It has fewer pharmacies than a typical New York block."
113.76,Private room,4.5,4.0,2.0,1.0,1.0,2.0,False,1.0,1.0,2.0,"This area has an unusually high concentration of bars, nightlife, cafes, dining, entertainment venues, grocery stores, gyms, sports facilities, hotels, landmarks, sights, museums, galleries, parks, green spaces, and shops, as well as more pharmacies and transit options than a typical New York block."
571.0,Entire home/apt,4.28,6.0,3.0,3.0,1.0,58.0,False,3.0,1.0,4.0,"This area has more bars, grocery stores, museums, galleries, pharmacies, and transit options than a typical New York block. It also features a higher density of cafes, dining, entertainment venues, gyms, sports facilities, hotels, parks, and shops than most blocks."
599.0,Entire home/apt,4.5,13.0,5.0,2.0,1.0,8.0,False,2.0,1.0,3.0,"This area contains more bars, nightlife, dining, entertainment venues, and hotels than a typical New York block. It also features more cafes, grocery stores, shops, transit options, and landmarks such as Washington Square Park and Times Square."
322.67,Entire home/apt,3.5,4.0,2.0,2.0,1.0,2.0,False,2.0,1.0,3.0,"This area contains more bars, nightlife, dining, grocery stores, museums, and galleries than a typical New York block. It is located near Washington Square Park."
193.97,Entire home/apt,4.25,4.0,2.0,2.0,1.0,4.0,False,2.0,1.0,3.0,"This area has an unusually high number of bars, nightlife, cafes, dining, entertainment venues, grocery stores, gyms, hotels, landmarks, museums, parks, shops, subway transit, and pharmacies. Nearby locations include Summit One Vanderbilt, One Vanderbilt, Battery Park, Grand Central Terminal, and Central Park."
214.9,Entire home/apt,4.81,2.0,1.0,2.0,1.0,16.0,False,2.0,1.0,3.0,"This area has more dining, bars, nightlife, cafes, entertainment venues, gyms, sports, museums, galleries, parks, green space, shops, grocery stores, hotels, landmarks, sights, and transit than a typical New York block. Washington Square Park is located nearby."
60.1,Private room,5.0,1.0,2.0,2.0,1.0,1.0,False,2.0,1.0,3.0,"This area has more bars, nightlife, grocery stores, and museums and galleries than a typical New York block, and it is near the New Museum. It also has more cafes, dining, entertainment venues, gyms, sports, hotels, shops, and transit options than most blocks."
289.35,Private room,3.68,2.0,1.0,1.0,1.0,31.0,False,1.0,1.0,2.0,"This area contains more bars, nightlife, dining, entertainment venues, and hotels than a typical New York block. It also features more cafes, grocery stores, shops, transit options, and landmarks such as Washington Square Park and Times Square."
783.37,Entire home/apt,4.94,8.0,3.0,3.0,1.0,64.0,True,3.0,1.0,4.0,"This is an area with an unusually high concentration of cafes, grocery stores, museums, galleries, and pharmacies. It also features more bars, nightlife, dining, entertainment venues, gyms, sports facilities, hotels, shops, landmarks, parks, and transit options than a typical New York block."
161.92,Entire home/apt,4.7,3.0,2.0,1.0,1.0,218.0,True,1.0,1.0,2.0,"This area contains more bars, nightlife, dining, grocery stores, museums, galleries, cafes, entertainment venues, hotels, shops, subway and transit options, gyms, sports facilities, and landmarks than a typical New York block. The New Museum is located nearby."
245.8,Entire home/apt,5.0,3.0,2.0,1.0,2.0,2.0,False,1.0,2.0,3.0,"This area contains more grocery stores, museums, galleries, pharmacies, and transit options than a typical New York block. It also features a higher concentration of bars, nightlife, cafes, dining, entertainment venues, gyms, sports facilities, hotels, shops, and green space."
336.65,Entire home/apt,4.98,3.0,1.0,1.0,1.5,47.0,False,1.0,1.5,2.5,"This area has more bars, nightlife, dining, entertainment venues, hotels, and subway and transit options than a typical New York block. It also features more cafes, grocery stores, shops, gyms, sports facilities, museums, galleries, and pharmacies, with Washington Square Park, Times Square, and the Empire State Building nearby."
1825.0,Private room,5.0,4.0,2.0,1.0,1.0,15.0,True,1.0,1.0,2.0,"This area contains more museums, galleries, parks, and green spaces than a typical New York block. It also features an above-average number of cafes, dining, entertainment venues, hotels, landmarks, shops, bars, nightlife, grocery stores, gyms, pharmacies, and transit options near Central Park, Museum of Modern Art, Rockefeller Center, and Top of the Rock."
695.0,Private room,4.97,4.0,2.0,1.0,1.0,110.0,True,1.0,1.0,2.0,"This is a commercial and transit-oriented area that contains an unusually high concentration of entertainment venues, subway and transit options, bars, nightlife, cafes, dining, grocery stores, gyms, sports facilities, hotels, museums, galleries, and shops. The area also features more landmarks, sights, and green spaces than a typical New York block."
215.47,Entire home/apt,4.77,2.0,1.0,1.0,1.0,166.0,True,1.0,1.0,2.0,"This area contains more dining, bars, nightlife, cafes, entertainment venues, grocery stores, museums, galleries, parks, green space, and shops than a typical New York block. It also features more gyms, sports facilities, hotels, landmarks, sights, and transit options than most blocks."
119.5,Entire home/apt,5.0,2.0,2.0,1.0,1.0,2.0,False,1.0,1.0,2.0,"This area contains more bars, nightlife, grocery stores, and museums and galleries than a typical New York block. It is located near Washington Square Park."
287.0,Private room,4.84,2.0,1.0,1.0,1.0,104.0,True,1.0,1.0,2.0,"This area has an unusually high concentration of bars, nightlife, museums, galleries, cafes, dining, entertainment venues, gyms, sports, hotels, landmarks, sights, shops, and transit options. New Museum and Riverside Park are located nearby."
372.12,Entire home/apt,4.6,2.0,1.0,1.0,1.0,48.0,True,1.0,1.0,2.0,"This area contains more bars, nightlife, grocery stores, and museums and galleries than a typical New York block. It is located near Washington Square Park."
388.43,Entire home/apt,5.0,2.0,2.0,2.0,1.0,1.0,False,2.0,1.0,3.0,"This area contains more bars, nightlife, dining, and grocery stores than a typical New York block, along with an increased presence of cafes, entertainment venues, gyms, sports facilities, museums, galleries, parks, shops, hotels, and landmarks. Tompkins Square Park and Riverside Park are located nearby."
969.0,Hotel room,5.0,2.0,1.0,1.0,1.0,1.0,False,1.0,1.0,2.0,"This area contains more hotels, landmarks, sights, museums, galleries, cafes, dining, entertainment venues, gyms, sports, parks, green space, shops, subway and transit, bars, nightlife, grocery stores, and pharmacies than a typical New York block. Nearby locations include Museum of Modern Art, Central Park, Top of the Rock, and Rockefeller Center."
210.18,Private room,4.37,4.0,2.0,1.0,1.0,19.0,True,1.0,1.0,2.0,"This is a densely developed urban area with an unusually high concentration of grocery stores, museums, galleries, pharmacies, and transit options. It also features a higher than typical number of bars, cafes, dining establishments, gyms, shops, hotels, entertainment venues, and green spaces."
173.48,Private room,4.49,4.0,2.0,1.0,1.0,108.0,False,1.0,1.0,2.0,"This area contains more grocery stores, museums, galleries, pharmacies, and transit options than a typical New York block. It also features a higher concentration of bars, nightlife, cafes, dining, entertainment venues, hotels, shops, gyms, and parks than most blocks."
206.0,Private room,4.54,2.0,1.0,1.0,1.0,337.0,False,1.0,1.0,2.0,"This is a commercial and transit-oriented area that contains more gyms, sports facilities, museums, galleries, and pharmacies than a typical New York block. It also features a higher concentration of bars, nightlife, cafes, dining, entertainment venues, hotels, landmarks, shops, transit, grocery stores, and green space than most blocks."
265.02,Entire home/apt,4.61,2.0,1.0,1.0,1.0,18.0,False,1.0,1.0,2.0,"This area has unusually many subway and transit options, cafes, dining, entertainment venues, gyms and sports facilities, hotels, landmarks, museums, galleries, parks, pharmacies, and shops, as well as more bars, nightlife, and grocery stores than a typical block. Central Park and the American Museum of Natural History are located nearby."
173.0,Private room,4.37,2.0,1.0,1.0,1.0,283.0,False,1.0,1.0,2.0,"This area has an unusually high concentration of bars, nightlife, museums, galleries, cafes, dining, entertainment venues, grocery stores, hotels, shops, and transit options. It is located near the New Museum and Riverside Park."
541.31,Entire home/apt,5.0,2.0,1.0,1.0,1.0,13.0,True,1.0,1.0,2.0,"This area contains more bars, nightlife, dining, cafes, entertainment venues, grocery stores, gyms, sports facilities, landmarks, museums, galleries, parks, green spaces, and shops than a typical New York block. Washington Square Park is located nearby."
230.5,Entire home/apt,5.0,2.0,2.0,2.0,1.0,12.0,True,2.0,1.0,3.0,"This is a commercial and transit-oriented area that features an unusually high concentration of entertainment venues, gyms, sports facilities, bars, nightlife, cafes, grocery stores, hotels, museums, galleries, shops, and transit options. It also has a higher than typical density of dining establishments, landmarks, and green space."
206.95,Entire home/apt,4.53,3.0,2.0,1.0,1.0,74.0,False,1.0,1.0,2.0,"This area contains more bars, nightlife, dining, cafes, entertainment venues, grocery stores, gyms, sports facilities, museums, galleries, parks, green space, shops, and transit options than a typical New York block. It also features more landmarks, sights, and pharmacies than usual, with Washington Square Park located nearby."
177.71,Entire home/apt,5.0,2.0,1.0,1.0,1.0,5.0,False,1.0,1.0,2.0,"This area contains more hotels, landmarks, sights, bars, nightlife, cafes, dining, entertainment venues, museums, galleries, parks, green space, shops, and subway transit than a typical New York block. It is located near Museum of Modern Art, Top of the Rock, Rockefeller Center, and Central Park."
224.03,Entire home/apt,4.75,2.0,1.0,1.0,1.0,4.0,False,1.0,1.0,2.0,"This area has more museums, galleries, shops, bars, nightlife, cafes, dining, entertainment venues, gyms, sports, hotels, parks, green space, transit, grocery stores, and landmarks than a typical New York block. It has fewer pharmacies than a typical New York block."
1224.78,Entire home/apt,4.89,10.0,4.0,4.0,3.0,9.0,True,4.0,3.0,7.0,"This is a commercial and cultural area with more bars, nightlife, dining, cafes, entertainment venues, gyms, sports, landmarks, museums, galleries, shops, grocery stores, pharmacies, and transit options than a typical New York block. Washington Square Park is located nearby."
5706.0,Private room,5.0,6.0,2.0,2.0,3.0,1.0,False,2.0,3.0,5.0,"This area contains more hotels, museums, galleries, cafes, dining, entertainment venues, gyms, sports, landmarks, sights, shops, and transit options than a typical New York block. Central Park and Museum of Modern Art are located nearby."
896.0,Private room,5.0,2.0,1.0,1.0,1.0,29.0,False,1.0,1.0,2.0,"This area contains more landmarks, museums, galleries, parks, green space, cafes, dining, entertainment venues, gyms, sports facilities, hotels, shops, and transit options than a typical New York block. It is located near the Museum of Modern Art and Central Park."
836.15,Entire home/apt,5.0,4.0,2.0,2.0,2.0,3.0,True,2.0,2.0,4.0,"This area contains an unusually high number of bars, dining options, cafes, entertainment venues, gyms, landmarks, museums, shops, grocery stores, pharmacies, and transit options compared to a typical New York block. Washington Square Park is located nearby."
204.88,Entire home/apt,4.38,2.0,1.0,1.0,1.0,326.0,False,1.0,1.0,2.0,"This is a commercial and recreational area with unusually many gyms, sports facilities, museums, galleries, and shops. It also has more bars, nightlife, cafes, entertainment venues, landmarks, parks, and transit options than a typical New York block."
248.32,Entire home/apt,5.0,2.0,1.0,1.0,1.0,2.0,False,1.0,1.0,2.0,"This area has an unusually high concentration of bars, nightlife, cafes, dining, entertainment venues, landmarks, sights, museums, galleries, and shops compared to a typical New York block. It also features more grocery stores, gyms, sports facilities, hotels, parks, green space, and transit options than average."
846.37,Entire home/apt,4.66,6.0,3.0,3.0,1.0,68.0,True,3.0,1.0,4.0,"This area contains more bars, nightlife, grocery stores, museums, and galleries than a typical New York block. It is located near Washington Square Park."
802.25,Entire home/apt,4.45,7.0,3.0,3.0,2.0,44.0,True,3.0,2.0,5.0,"This area contains more bars, nightlife, dining, grocery stores, museums, and galleries than a typical New York block, and it also features above-average levels of cafes, entertainment venues, gyms, sports facilities, hotels, parks, shops, transit, landmarks, and pharmacies. Washington Square Park is located nearby."
1825.0,Private room,5.0,4.0,2.0,1.0,1.0,41.0,True,1.0,1.0,2.0,"This area contains more landmarks, museums, galleries, parks, green space, cafes, dining, entertainment venues, hotels, shops, and transit options than a typical New York block. Central Park and Museum of Modern Art are located nearby."
327.12,Entire home/apt,4.6,2.0,1.0,1.0,1.0,20.0,False,1.0,1.0,2.0,"This area has an unusually high concentration of bars, nightlife, dining, entertainment venues, cafes, grocery stores, gyms, hotels, landmarks, pharmacies, shops, transit, museums, and parks. The block is located near Washington Square Park and Times Square."
236.27,Entire home/apt,3.0,3.0,2.0,2.0,1.5,2.0,False,2.0,1.5,3.5,"This area contains more bars, nightlife, dining, cafes, entertainment venues, grocery stores, gyms, sports facilities, museums, galleries, and shops than a typical New York block. It also features more hotels, landmarks, sights, and pharmacies than average, with Tompkins Square Park located nearby."
344.0,Entire home/apt,4.57,3.0,2.0,2.0,1.0,74.0,False,2.0,1.0,3.0,"This area contains more grocery stores, museums, galleries, pharmacies, and transit options than a typical New York block. It also features a higher concentration of bars, nightlife, cafes, dining, entertainment venues, hotels, parks, green space, shops, and gyms than most blocks."
238.2,Entire home/apt,4.8,4.0,1.0,1.0,1.0,36.0,False,1.0,1.0,2.0,"This is an area with unusually many bars, nightlife, museums, galleries, cafes, dining, entertainment venues, gyms, sports, hotels, landmarks, sights, shops, transit, grocery stores, and parks. Well-known places nearby include Riverside Park and New Museum."
202.11,Entire home/apt,4.5,2.0,1.0,1.0,1.0,4.0,False,1.0,1.0,2.0,"This area has more bars, nightlife, dining, and grocery stores than a typical New York block, as well as an above-average concentration of cafes, entertainment venues, gyms, sports facilities, museums, galleries, shops, hotels, landmarks, pharmacies, and transit options. Tompkins Square Park is located nearby."
203.73,Entire home/apt,4.45,3.0,3.0,3.0,1.0,11.0,True,3.0,1.0,4.0,"This area contains an unusually high number of grocery stores, museums, galleries, pharmacies, and transit options. Washington Square Park is located nearby."
1597.0,Private room,4.0,4.0,2.0,1.0,2.0,1.0,False,1.0,2.0,3.0,"This area contains more hotels, museums, galleries, parks, and green space than a typical New York block, along with an increased concentration of cafes, dining, entertainment venues, landmarks, pharmacies, shops, transit, bars, grocery stores, and gyms. Nearby locations include Central Park and Museum of Modern Art."
297.42,Entire home/apt,4.0,4.0,2.0,2.0,2.0,4.0,False,2.0,2.0,4.0,"This area contains more bars, nightlife, dining, grocery stores, and museums and galleries than a typical New York block. It also features more cafes, entertainment venues, gyms, sports facilities, hotels, parks, shops, transit options, landmarks, and pharmacies than most blocks."
451.71,Entire home/apt,4.55,4.0,2.0,2.0,1.0,55.0,False,2.0,1.0,3.0,"This area contains a high concentration of dining options, pharmacies, bars, nightlife, cafes, grocery stores, gyms, hotels, shops, entertainment venues, and transit access, as well as numerous landmarks, sights, museums, and galleries. Nearby locations include the American Museum of Natural History and Central Park."
199.27,Entire home/apt,4.9,4.0,2.0,2.0,1.0,10.0,False,2.0,1.0,3.0,"This area contains more entertainment venues, subway and transit options, bars, nightlife, cafes, dining, grocery stores, gyms, sports facilities, hotels, museums, galleries, parks, green space, shops, and landmarks than a typical New York block. It is located near Washington Square Park and Times Square."
176.99,Private room,4.92,2.0,1.0,1.0,1.0,61.0,False,1.0,1.0,2.0,"This area has more bars, nightlife, dining, cafes, entertainment venues, grocery stores, gyms, sports facilities, museums, galleries, parks, green space, shops, hotels, landmarks, sights, and transit options than a typical New York block."
276.93,Entire home/apt,4.0,3.0,3.0,2.0,1.0,2.0,False,2.0,1.0,3.0,"This is a commercial and transit-oriented area that contains more gyms, sports facilities, museums, galleries, and pharmacies than a typical New York block. It also features a higher concentration of bars, nightlife, cafes, dining, entertainment venues, hotels, landmarks, shops, transit options, grocery stores, and green spaces than most blocks."
870.72,Entire home/apt,4.81,4.0,2.0,2.0,2.0,54.0,True,2.0,2.0,4.0,"This area has an unusually high concentration of cafes, dining, grocery stores, gyms, hotels, landmarks, museums, parks, pharmacies, shops, and transit options, as well as an above-average number of bars and entertainment venues. Nearby locations include Summit One Vanderbilt, One Vanderbilt, Grand Central Terminal, Battery Park, Chrysler Building, and Central Park."
1341.0,Entire home/apt,4.99,4.0,2.0,2.0,2.0,80.0,True,2.0,2.0,4.0,"This area contains an unusually high number of entertainment venues, hotels, bars, nightlife, cafes, dining, landmarks, shops, and transit options. It is located near Times Square and Washington Square Park."
114.0,Private room,5.0,1.0,1.0,1.0,1.0,2.0,True,1.0,1.0,2.0,"This is a dense urban area with an unusually high concentration of hotels, landmarks, sights, bars, nightlife, cafes, dining, entertainment venues, grocery stores, gyms, sports, museums, galleries, shops, and transit options, as well as more parks, green space, and pharmacies than typical. Carnegie Hall, Museum of Modern Art, and Central Park are located nearby."
551.0,Hotel room,4.5,2.0,2.0,1.0,1.0,2.0,False,1.0,1.0,2.0,"This area contains more entertainment venues, hotels, landmarks, bars, nightlife, cafes, dining, grocery stores, parks, shops, and transit options than a typical New York block. It is located near Times Square and Top of the Rock."
551.0,Private room,4.0,2.0,1.0,1.0,1.0,4.0,False,1.0,1.0,2.0,"This area contains more entertainment venues, hotels, landmarks, bars, nightlife, cafes, dining, grocery stores, parks, shops, and transit options than a typical New York block. It is located near Times Square and Top of the Rock."
204.59,Private room,5.0,2.0,1.0,1.0,1.0,1.0,True,1.0,1.0,2.0,"This is a high-density urban area with an unusually high concentration of grocery stores, museums, galleries, pharmacies, and transit options. It is located near Central Park and features an abundance of dining, nightlife, retail, and recreational facilities."
387.0,Private room,4.21,2.0,1.0,1.0,1.0,138.0,False,1.0,1.0,2.0,"This area contains more entertainment venues, hotels, landmarks, parks, and transit options than a typical New York block. It also features a higher concentration of dining, nightlife, retail, and fitness facilities, with Carnegie Hall and Central Park located nearby."
193.13,Private room,5.0,1.0,1.0,2.0,1.0,8.0,False,2.0,1.0,3.0,"This area contains more hotels, landmarks, museums, galleries, bars, nightlife, cafes, dining, entertainment venues, gyms, sports, parks, shops, transit, and grocery stores than a typical New York block. It is located near the Museum of Modern Art, Central Park, and Carnegie Hall."
387.0,Private room,4.29,2.0,1.0,1.0,1.0,51.0,False,1.0,1.0,2.0,"This area contains an unusually high number of entertainment venues, hotels, landmarks, parks, and transit options. It also features a high density of bars, cafes, dining, grocery stores, gyms, museums, shops, and pharmacies near Carnegie Hall and Central Park."
387.0,Private room,4.25,2.0,1.0,1.0,1.0,186.0,False,1.0,1.0,2.0,"This area contains more entertainment venues, hotels, landmarks, parks, and transit options than a typical New York block. It also features a higher concentration of dining, nightlife, retail, and fitness facilities, with Carnegie Hall and Central Park located nearby."
618.7,Entire home/apt,5.0,5.0,3.0,2.0,2.0,1.0,False,2.0,2.0,4.0,"This area has more gyms, sports facilities, museums, and galleries than a typical New York block. It also features a higher concentration of bars, nightlife, cafes, dining, entertainment venues, hotels, landmarks, pharmacies, shops, transit options, and green space than most blocks."
408.92,Entire home/apt,5.0,3.0,2.0,1.0,1.0,3.0,False,1.0,1.0,2.0,"This is a commercial and cultural area with an unusually high density of dining, entertainment venues, hotels, landmarks, transit, nightlife, cafes, grocery stores, gyms, shops, museums, and parks. Central Park and Carnegie Hall are located in this area."
647.0,Private room,4.67,4.0,2.0,1.0,2.0,3.0,True,1.0,2.0,3.0,"This area contains more entertainment venues, hotels, landmarks, bars, nightlife, cafes, dining, grocery stores, gyms, sports, museums, galleries, parks, green space, shops, transit, and pharmacies than a typical New York block. Carnegie Hall and Central Park are located here."
656.33,Entire home/apt,4.88,5.0,4.0,2.0,1.0,110.0,True,2.0,1.0,3.0,"This is a commercial and historic area that contains an unusually high number of cafes, grocery stores, landmarks, and parks. Federal Hall and Wall Street are located in this area."
330.12,Private room,5.0,2.0,1.0,1.0,1.0,5.0,False,1.0,1.0,2.0,"This area contains more entertainment venues, hotels, landmarks, bars, nightlife, cafes, dining, grocery stores, gyms, sports, museums, galleries, parks, green space, shops, transit, and pharmacies than a typical New York block. Carnegie Hall and Central Park are located nearby."
209.1,Entire home/apt,5.0,6.0,3.0,1.0,1.0,2.0,False,1.0,1.0,2.0,"This area has more bars, nightlife, dining, entertainment venues, grocery stores, hotels, landmarks, pharmacies, shops, and transit options than a typical New York block. It also features more cafes, gyms, sports facilities, museums, galleries, and parks, including Washington Square Park."
179.47,Entire home/apt,4.83,4.0,1.0,2.0,1.0,12.0,False,2.0,1.0,3.0,"This is a commercial and recreational area that has more bars, nightlife, dining, and entertainment venues than a typical New York block. It also features more cafes, grocery stores, gyms, hotels, parks, landmarks, museums, pharmacies, shops, and transit options near Washington Square Park."
397.7,Entire home/apt,4.62,4.0,1.0,1.0,1.0,81.0,False,1.0,1.0,2.0,"This is a highly active urban area with an unusually high concentration of gyms, sports facilities, bars, nightlife, cafes, dining, grocery stores, hotels, landmarks, museums, galleries, parks, shops, entertainment venues, and transit options."
173.45,Entire home/apt,5.0,2.0,1.0,1.0,1.0,5.0,True,1.0,1.0,2.0,"This is a highly commercial and transit-oriented area that features an unusually high number of gyms, cafes, entertainment venues, grocery stores, hotels, landmarks, museums, galleries, and shops. It has fewer parks and green spaces than a typical New York block."
851.93,Entire home/apt,5.0,4.0,2.0,2.0,2.0,1.0,False,2.0,2.0,4.0,"This area has more bars, nightlife, grocery stores, and museums and galleries than a typical New York block, and it is located near Washington Square Park. It also features more cafes, dining, entertainment venues, hotels, shops, gyms, sports facilities, and transit options than usual."
181.67,Entire home/apt,4.67,4.0,2.0,1.0,1.0,9.0,False,1.0,1.0,2.0,"This is a commercial and residential area with an unusually high concentration of bars, nightlife, dining, entertainment venues, cafes, grocery stores, gyms, hotels, parks, pharmacies, and transit options. Washington Square Park is located in this area."
219.39,Entire home/apt,5.0,5.0,2.0,2.0,1.0,1.0,False,2.0,1.0,3.0,"This is a highly developed urban area with an unusually high concentration of entertainment venues, landmarks, sights, and transit options. The block is located near Central Park, Carnegie Hall, and Columbus Circle."
405.0,Entire home/apt,4.69,4.0,2.0,2.0,1.0,105.0,False,2.0,1.0,3.0,"This area contains more bars, nightlife, dining, cafes, entertainment venues, grocery stores, gyms, sports facilities, museums, galleries, shops, and transit options than a typical New York block. It also features more landmarks, sights, and green space, including Washington Square Park."
112.43,Private room,5.0,3.0,2.0,1.0,1.0,2.0,False,1.0,1.0,2.0,"This area has more bars, nightlife, cafes, dining, grocery stores, gyms, sports facilities, hotels, landmarks, sights, museums, galleries, and shops than a typical New York block. It also has more entertainment venues, pharmacies, and subway and transit options than average."
207.97,Entire home/apt,5.0,2.0,1.0,1.0,1.0,2.0,False,1.0,1.0,2.0,"This is a commercial and transit-oriented area with an unusually high concentration of bars, dining, cafes, entertainment venues, grocery stores, gyms, shops, and transit options. It also features more museums, galleries, landmarks, and green spaces than a typical New York block."
289.47,Entire home/apt,4.45,4.0,2.0,1.0,1.0,11.0,False,1.0,1.0,2.0,"This area has more bars, nightlife, dining, and entertainment venues than a typical New York block, as well as an above-average number of cafes, grocery stores, gyms, sports facilities, hotels, parks, green spaces, landmarks, museums, galleries, pharmacies, shops, and transit options. Washington Square Park is located nearby."
254.0,Private room,4.64,4.0,2.0,1.0,1.0,261.0,True,1.0,1.0,2.0,"This area contains an unusually high concentration of entertainment venues, hotels, landmarks, parks, and transit options. Well-known places nearby include Carnegie Hall, Central Park, and Columbus Circle."
195.43,Entire home/apt,4.64,2.0,1.0,1.0,1.0,28.0,False,1.0,1.0,2.0,"This is a dense urban area with an unusually high concentration of dining, bars, nightlife, cafes, entertainment venues, grocery stores, gyms, sports facilities, museums, galleries, shops, and transit options. It also features more landmarks, sights, and green spaces than a typical New York block."
2158.52,Entire home/apt,5.0,7.0,6.0,4.0,2.0,1.0,False,4.0,2.0,6.0,"This area has more bars, nightlife, dining, and grocery stores than a typical New York block. It also features more cafes, entertainment venues, gyms, sports facilities, museums, galleries, parks, shops, hotels, and landmarks than usual, including Riverside Park."
508.87,Entire home/apt,4.5,5.0,3.0,3.0,2.0,6.0,False,3.0,2.0,5.0,"This area has an unusually high number of cafes, dining, grocery stores, gyms, sports, hotels, landmarks, sights, museums, galleries, parks, green space, pharmacies, shops, and transit options. It is located near Battery Park and Summit One Vanderbilt."
997.14,Entire home/apt,4.29,3.0,1.0,1.0,1.0,7.0,False,1.0,1.0,2.0,"This area contains more landmarks, museums, galleries, parks, green spaces, cafes, dining, entertainment venues, hotels, shops, and transit options than a typical New York block. Central Park and Museum of Modern Art are located nearby."
509.5,Entire home/apt,4.89,4.0,2.0,1.0,1.0,46.0,True,1.0,1.0,2.0,"This is a commercial and residential area with an unusually high density of dining, entertainment venues, bars, nightlife, cafes, grocery stores, gyms, hotels, parks, pharmacies, and transit options. Washington Square Park is located in this area."
969.0,Private room,4.43,2.0,1.0,1.0,1.0,7.0,False,1.0,1.0,2.0,"This is a commercial and cultural area with more hotels, landmarks, museums, galleries, parks, and green spaces than a typical New York block. It also features more bars, nightlife, cafes, dining, entertainment venues, gyms, sports, shops, transit, and grocery stores than average, near Museum of Modern Art, Central Park, and Carnegie Hall."
172.93,Entire home/apt,4.85,1.0,1.0,1.0,1.0,180.0,False,1.0,1.0,2.0,"This area has more bars, nightlife, grocery stores, and museums and galleries than a typical New York block. Washington Square Park is located nearby."
554.2,Private room,4.64,2.0,2.0,1.0,1.0,306.0,False,1.0,1.0,2.0,"This area has an unusually high concentration of gyms, sports facilities, bars, nightlife, cafes, dining, entertainment venues, grocery stores, hotels, landmarks, museums, galleries, pharmacies, shops, and transit options. There is a lack of parks and green space in the immediate vicinity."
1370.0,Entire home/apt,5.0,5.0,3.0,1.0,2.0,9.0,False,1.0,2.0,3.0,"This area has an unusually high number of hotels, landmarks, parks, transit options, bars, cafes, dining, entertainment venues, grocery stores, gyms, museums, shops, and pharmacies. It is located near Carnegie Hall, Central Park, and Columbus Circle."
296.1,Entire home/apt,4.73,3.0,3.0,2.0,1.0,124.0,False,2.0,1.0,3.0,"This is a commercial and residential area with an unusually high density of grocery stores, pharmacies, cafes, dining, entertainment venues, hotels, museums, galleries, parks, green space, shops, and transit access. The block also features more bars, nightlife, gyms, sports facilities, and landmarks than is typical."
89.52,Private room,4.68,1.0,1.0,1.0,1.0,4502.0,False,1.0,1.0,2.0,"This is a commercial and transit-heavy area that contains more gyms, nightlife, cafes, entertainment venues, grocery stores, hotels, museums, galleries, shops, and transit options than a typical New York block. The area is located near Chelsea Market and features more dining, landmarks, and pharmacies than average."
702.0,Entire home/apt,4.98,2.0,1.0,1.0,1.0,50.0,True,1.0,1.0,2.0,"This area contains more bars, nightlife, dining, entertainment venues, grocery stores, hotels, pharmacies, and transit options than a typical New York block. It is located near Washington Square Park."
253.4,Entire home/apt,4.85,2.0,2.0,2.0,2.0,33.0,True,2.0,2.0,4.0,"This is an area with unusually many bars, nightlife, gyms, sports, cafes, dining, entertainment venues, landmarks, sights, museums, galleries, shops, subway, transit, grocery stores, hotels, and pharmacies. The area is near Tompkins Square Park and Riverside Park."
264.95,Entire home/apt,5.0,2.0,1.0,1.0,1.0,7.0,False,1.0,1.0,2.0,"This area contains an unusually high concentration of grocery stores, museums, galleries, pharmacies, and transit options. Washington Square Park is located nearby."
221.27,Entire home/apt,4.89,4.0,1.0,2.0,1.0,9.0,False,2.0,1.0,3.0,"This is an area with unusually many gyms, sports facilities, cafes, dining options, grocery stores, hotels, landmarks, museums, galleries, pharmacies, shops, and transit access. It is located near the American Museum of Natural History."
163.0,Entire home/apt,5.0,2.0,1.0,1.0,1.0,16.0,True,1.0,1.0,2.0,"This area has an unusually high number of cafes, dining, grocery stores, gyms, sports, hotels, landmarks, sights, museums, galleries, parks, green space, pharmacies, shops, and subway and transit options. The American Museum of Natural History is located here."
283.85,Entire home/apt,5.0,5.0,2.0,2.0,1.0,2.0,True,2.0,1.0,3.0,"This area contains more bars, dining, grocery stores, museums, and galleries than a typical New York block. Riverside Park is located nearby."
198.4,Entire home/apt,4.95,2.0,1.0,1.0,1.0,37.0,True,1.0,1.0,2.0,"This area contains more dining, bars, nightlife, cafes, entertainment venues, gyms, sports, parks, green space, shops, grocery stores, hotels, landmarks, sights, museums, galleries, pharmacies, and transit options than a typical New York block. Washington Square Park is located here."
249.04,Entire home/apt,4.94,3.0,2.0,1.0,1.5,34.0,True,1.0,1.5,2.5,"This is a high-density urban area with more gyms and sports facilities than a typical New York block. It features an above-average number of bars, cafes, dining, entertainment venues, landmarks, museums, galleries, shops, transit options, grocery stores, hotels, and green spaces, including Riverside Park and Tompkins Square Park."
546.47,Entire home/apt,4.0,2.0,1.0,2.0,1.0,3.0,False,2.0,1.0,3.0,"This area has more bars, nightlife, grocery stores, and museums and galleries than a typical New York block. It is located near Riverside Park."
175.28,Entire home/apt,4.9,3.0,2.0,1.0,1.5,20.0,True,1.0,1.5,2.5,"This area has an unusually high number of cafes, dining, gyms, hotels, landmarks, museums, parks, pharmacies, shops, and transit options. The American Museum of Natural History is located nearby."
59.11,Entire home/apt,5.0,1.0,1.0,1.0,1.0,1.0,True,1.0,1.0,2.0,"This area contains an unusually high number of entertainment venues, transit options, bars, cafes, dining, grocery stores, gyms, hotels, and parks. It also features more landmarks, museums, pharmacies, and shops than a typical New York block, including Washington Square Park."
480.0,Entire home/apt,4.71,3.0,2.0,1.0,1.0,87.0,False,1.0,1.0,2.0,"This area has unusually many bars, nightlife, cafes, dining, grocery stores, gyms, sports, hotels, landmarks, sights, museums, galleries, parks, green space, shops, entertainment venues, and subway and transit options compared to a typical New York block."
313.01,Entire home/apt,4.75,1.0,1.0,1.0,1.0,4.0,False,1.0,1.0,2.0,"This area has more dining, bars, nightlife, cafes, entertainment venues, grocery stores, landmarks, sights, museums, galleries, shops, and subway and transit options than a typical New York block. It also features more gyms, sports facilities, and hotels than average."
190.63,Entire home/apt,5.0,2.0,1.0,1.0,1.0,3.0,True,1.0,1.0,2.0,"This is an area with unusually many bars, nightlife, entertainment venues, transit options, cafes, dining, grocery stores, gyms, hotels, museums, galleries, parks, shops, landmarks, and pharmacies. Washington Square Park is located nearby."
59.11,Entire home/apt,4.6,1.0,1.0,1.0,1.0,5.0,True,1.0,1.0,2.0,"This area has more bars, nightlife, entertainment venues, and subway transit than a typical New York block, along with an increased presence of cafes, dining, grocery stores, gyms, hotels, parks, landmarks, museums, pharmacies, and shops. Washington Square Park is located nearby."
718.92,Entire home/apt,5.0,4.0,2.0,2.0,2.0,1.0,False,2.0,2.0,4.0,"This block is a commercial and cultural area with an unusually high concentration of bars, nightlife, dining, cafes, entertainment venues, grocery stores, museums, galleries, shops, gyms, sports facilities, and landmarks."
59.11,Entire home/apt,5.0,1.0,1.0,1.0,1.0,5.0,True,1.0,1.0,2.0,"This is a high-density urban area with an unusually high concentration of bars, nightlife, entertainment venues, and transit options. It also features more cafes, dining, grocery stores, gyms, hotels, and green space than a typical New York block, near Washington Square Park."
76.55,Entire home/apt,4.4,1.0,1.0,1.0,1.0,5.0,True,1.0,1.0,2.0,"This area has more bars, nightlife, entertainment venues, and subway transit than a typical New York block, along with an increased presence of cafes, dining, grocery stores, gyms, hotels, parks, landmarks, museums, pharmacies, and shops. Washington Square Park is located nearby."
76.55,Entire home/apt,4.67,1.0,1.0,1.0,1.0,3.0,True,1.0,1.0,2.0,"This area has more bars, nightlife, entertainment venues, and subway transit than a typical New York block, along with an increased presence of cafes, dining, grocery stores, gyms, hotels, parks, landmarks, museums, pharmacies, and shops. Washington Square Park is located nearby."
59.11,Entire home/apt,5.0,1.0,1.0,1.0,1.0,2.0,True,1.0,1.0,2.0,"This area has an unusually high density of bars, nightlife, entertainment venues, subway and transit options, cafes, dining, grocery stores, gyms, sports facilities, hotels, and parks. It is located near Washington Square Park."
390.99,Private room,5.0,2.0,1.0,1.0,1.0,1.0,False,1.0,1.0,2.0,"This area contains more hotels, landmarks, parks, and transit options than a typical New York block, along with a higher concentration of dining, entertainment, retail, and services. Nearby locations include Central Park, Carnegie Hall, Columbus Circle, and American Museum of Natural History."
219.39,Entire home/apt,4.0,4.0,2.0,2.0,1.0,5.0,False,2.0,1.0,3.0,"This area contains an unusually high number of landmarks, parks, transit options, dining, entertainment, and retail establishments. Nearby locations include Central Park, Carnegie Hall, Columbus Circle, and American Museum of Natural History."
486.0,Private room,2.33,4.0,2.0,1.0,1.0,3.0,False,1.0,1.0,2.0,"This area contains more hotels, landmarks, parks, and transit options than a typical New York block, alongside an increased presence of dining, entertainment, retail, and fitness facilities. Nearby locations include Central Park, Carnegie Hall, Columbus Circle, and American Museum of Natural History."
1435.6,Entire home/apt,4.78,6.0,5.0,3.0,2.0,9.0,False,3.0,2.0,5.0,"This area near Union Square contains more gyms, sports facilities, bars, nightlife, cafes, dining, entertainment venues, grocery stores, hotels, landmarks, sights, museums, galleries, parks, green space, shops, transit options, and pharmacies than a typical New York block."
349.19,Private room,4.24,2.0,1.0,1.0,1.0,103.0,False,1.0,1.0,2.0,"This is a commercial and cultural area with an unusually high concentration of hotels, landmarks, parks, dining, entertainment, and transit options. Well-known places nearby include Central Park, Museum of Modern Art, and Carnegie Hall."
1461.27,Entire home/apt,5.0,6.0,3.0,3.0,2.5,1.0,True,3.0,2.5,5.5,"This area near Union Square has more gyms and sports facilities than a typical New York block. It also features a higher concentration of bars, nightlife, cafes, dining, entertainment venues, grocery stores, hotels, landmarks, museums, galleries, and shops than most blocks."
273.43,Entire home/apt,4.67,2.0,6.0,1.0,1.0,6.0,True,1.0,1.0,2.0,"This area contains more gyms, sports facilities, museums, galleries, and pharmacies than a typical New York block. It also features a higher concentration of bars, nightlife, cafes, entertainment venues, hotels, landmarks, shops, transit options, dining, and green space than average."
59.11,Entire home/apt,5.0,1.0,1.0,1.0,1.0,1.0,True,1.0,1.0,2.0,"This is a mixed-use area that has more bars, nightlife, entertainment venues, and subway transit than a typical New York block. It also has more cafes, dining, grocery stores, gyms, hotels, parks, landmarks, museums, pharmacies, and shops near Washington Square Park."
131.78,Entire home/apt,5.0,2.0,2.0,2.0,1.0,2.0,True,2.0,1.0,3.0,"This is a high-density urban area with an unusually high concentration of bars, nightlife, entertainment venues, and transit options. It also features more cafes, dining, grocery stores, gyms, hotels, and green spaces than a typical New York block, near Washington Square Park."
59.11,Entire home/apt,5.0,1.0,1.0,1.0,1.0,3.0,True,1.0,1.0,2.0,"This is a high-density urban area with an unusually high concentration of bars, nightlife, entertainment venues, and transit options. It also features more cafes, dining, grocery stores, gyms, hotels, and green spaces than a typical block, located near Washington Square Park."
186.97,Entire home/apt,4.9,4.0,2.0,1.0,1.0,20.0,True,1.0,1.0,2.0,"This area has more gyms and sports facilities than a typical New York block, along with a high concentration of cafes, dining, hotels, landmarks, museums, galleries, parks, pharmacies, shops, transit, bars, nightlife, entertainment venues, and grocery stores. The American Museum of Natural History is located nearby."
210.0,Private room,4.42,2.0,1.0,1.0,1.0,1235.0,False,1.0,1.0,2.0,"This is an area with an unusually high number of bars, nightlife, museums, galleries, cafes, dining, entertainment venues, grocery stores, gyms, sports, hotels, shops, landmarks, sights, parks, and transit options. Nearby locations include Riverside Park and New Museum."
653.0,Private room,4.76,2.0,1.0,1.0,1.0,399.0,False,1.0,1.0,2.0,"This area has more hotels, landmarks, parks, and green space than a typical New York block, along with a high concentration of dining, nightlife, entertainment, shopping, and transit options. Well-known places nearby include Carnegie Hall, Central Park, and Columbus Circle."
426.33,Entire home/apt,4.78,2.0,1.0,1.0,1.0,98.0,False,1.0,1.0,2.0,"This area contains more bars, nightlife, dining, and entertainment venues than a typical New York block. It also features more grocery stores, hotels, pharmacies, cafes, gyms, sports facilities, landmarks, museums, galleries, parks, shops, and transit options than average."
715.0,Entire home/apt,5.0,11.0,4.0,2.0,1.0,3.0,False,2.0,1.0,3.0,"This area has more bars, nightlife, entertainment venues, cafes, dining, grocery stores, gyms, sports, hotels, landmarks, sights, parks, green space, and transit than a typical New York block, as well as more museums, galleries, and shops. Washington Square Park is located nearby."
449.27,Entire home/apt,5.0,2.0,1.0,1.0,1.0,1.0,False,1.0,1.0,2.0,"This area has more dining, bars, nightlife, cafes, entertainment venues, grocery stores, gyms, sports facilities, museums, galleries, and shops than a typical New York block. It also has a higher concentration of hotels, landmarks, sights, and transit options than most blocks."
453.53,Entire home/apt,5.0,3.0,2.0,1.0,1.0,4.0,False,1.0,1.0,2.0,"This area has an unusually high number of bars, nightlife, cafes, dining, grocery stores, landmarks, sights, shops, and subway and transit options compared to a typical New York block. It also features more entertainment venues, gyms, sports facilities, hotels, museums, galleries, and pharmacies than average."
1008.21,Entire home/apt,5.0,6.0,3.0,3.0,3.0,1.0,True,3.0,3.0,6.0,"This area contains more gyms, sports facilities, landmarks, sights, museums, and galleries than a typical New York block. It also has more cafes, entertainment venues, hotels, pharmacies, shops, transit options, bars, nightlife, dining, and green space than average."
689.0,Private room,1.0,4.0,2.0,1.0,1.0,1.0,False,1.0,1.0,2.0,"This area contains more landmarks, museums, galleries, parks, green space, cafes, entertainment venues, hotels, shops, and transit options than a typical New York block. Central Park, Museum of Modern Art, and Carnegie Hall are nearby."
595.0,Entire home/apt,5.0,4.0,1.0,1.0,1.0,3.0,True,1.0,1.0,2.0,"This area contains an unusually high number of cafes, grocery stores, landmarks, and transit options. Nearby locations include Manhattan Bridge, Federal Hall, Battery Park, and 9/11 Memorial & Museum."
466.02,Entire home/apt,5.0,4.0,2.0,1.0,1.0,12.0,True,1.0,1.0,2.0,"This area contains more hotels, landmarks, sights, and parks than a typical New York block, along with a high concentration of dining, nightlife, entertainment, shopping, and transit options. Carnegie Hall and Central Park are located nearby."
326.93,Entire home/apt,5.0,4.0,1.0,1.0,1.0,12.0,True,1.0,1.0,2.0,"This area contains more cafes, grocery stores, landmarks, and transit options than a typical New York block. It is located near Manhattan Bridge, Federal Hall, Battery Park, and 9/11 Memorial & Museum."
286.3,Entire home/apt,4.77,5.0,1.0,1.0,1.0,99.0,True,1.0,1.0,2.0,"This area has an unusually high density of bars, nightlife, cafes, dining, grocery stores, landmarks, sights, pharmacies, shops, and subway transit options. It also features a higher than typical concentration of entertainment venues, gyms, sports facilities, hotels, museums, galleries, and green spaces."
426.8,Entire home/apt,4.69,3.0,1.0,1.0,1.0,62.0,False,1.0,1.0,2.0,"This area has more hotels, landmarks, parks, and transit options than a typical New York block, along with a higher concentration of dining, nightlife, entertainment, and retail establishments. It is located near Carnegie Hall, Central Park, and Columbus Circle."
334.0,Private room,5.0,2.0,1.0,1.0,1.0,1.0,False,1.0,1.0,2.0,"This area contains more grocery stores, landmarks, transit options, cafes, dining, entertainment venues, gyms, hotels, museums, parks, pharmacies, and shops than a typical New York block. Well-known places nearby include Manhattan Bridge, Federal Hall, Battery Park, and 9/11 Memorial & Museum."
219.39,Entire home/apt,4.67,5.0,2.0,2.0,1.0,3.0,False,2.0,1.0,3.0,"This is a dense urban area with more landmarks, parks, transit, nightlife, cafes, dining, entertainment, grocery stores, gyms, hotels, museums, and shops than a typical New York block. It is located near Central Park, Carnegie Hall, Columbus Circle, and the American Museum of Natural History."
1172.49,Entire home/apt,5.0,7.0,3.0,3.0,3.0,1.0,True,3.0,3.0,6.0,"This is a commercial and residential area with an unusually high concentration of bars, nightlife, cafes, dining, grocery stores, gyms, sports facilities, hotels, landmarks, sights, museums, galleries, parks, green space, shops, and entertainment venues."
163.0,Private room,3.67,4.0,2.0,1.0,1.0,6.0,False,1.0,1.0,2.0,"This area contains more landmarks, transit options, nightlife, dining, entertainment, grocery stores, gyms, hotels, museums, parks, pharmacies, and shops than a typical New York block. Well-known places nearby include Manhattan Bridge, Federal Hall, Battery Park, and 9/11 Memorial & Museum."
183.23,Entire home/apt,5.0,2.0,1.0,1.0,1.0,2.0,False,1.0,1.0,2.0,"This area contains an unusually high number of cafes, landmarks, sights, parks, green spaces, and transit options compared to a typical New York block. It also features a high concentration of bars, dining, entertainment venues, grocery stores, gyms, hotels, museums, galleries, and shops near Federal Hall and Wall Street."
321.0,Entire home/apt,4.8,2.0,1.0,1.0,1.0,133.0,True,1.0,1.0,2.0,"This is a dense urban area with more landmarks, transit, nightlife, cafes, dining, entertainment, grocery stores, gyms, hotels, museums, parks, pharmacies, and shops than a typical New York block. Nearby locations include Manhattan Bridge, Battery Park, Federal Hall, 9/11 Memorial & Museum, and Central Park."
452.0,Entire home/apt,4.98,2.0,1.0,1.0,1.0,48.0,True,1.0,1.0,2.0,"This is a commercial and tourist-heavy area with more landmarks, transit, nightlife, dining, entertainment, services, and green space than a typical New York block. It is located near Manhattan Bridge, Battery Park, Federal Hall, 9/11 Memorial & Museum, and Central Park."
184.07,Entire home/apt,5.0,2.0,1.0,1.0,1.0,4.0,False,1.0,1.0,2.0,"This area features more bars, nightlife, cafes, dining, entertainment venues, grocery stores, gyms, shops, and landmarks than a typical New York block. It is located near Tompkins Square Park and Union Square."
188.84,Entire home/apt,4.75,2.0,1.0,1.0,1.0,16.0,True,1.0,1.0,2.0,"This area has an unusually high concentration of pharmacies, cafes, dining, grocery stores, hotels, museums, galleries, and shops. It also features more bars, nightlife, entertainment venues, gyms, sports facilities, landmarks, sights, parks, green space, and transit options than a typical New York block."
291.03,Entire home/apt,5.0,5.0,3.0,3.0,1.0,2.0,False,3.0,1.0,4.0,"This area has more pharmacies than a typical New York block and features a high concentration of bars, nightlife, cafes, dining, gyms, hotels, landmarks, museums, galleries, shops, entertainment venues, grocery stores, parks, and transit options. Nearby locations include the American Museum of Natural History and Central Park."
391.0,Private room,4.83,4.0,2.0,1.0,1.0,12.0,True,1.0,1.0,2.0,"This area contains more landmarks, parks, transit options, dining, nightlife, entertainment, grocery stores, gyms, hotels, museums, and shops than a typical New York block. It is located near Central Park, Carnegie Hall, Columbus Circle, and the American Museum of Natural History."
302.0,Private room,4.81,4.0,2.0,1.0,2.0,31.0,True,1.0,2.0,3.0,"This area contains an unusually high number of landmarks, parks, bars, cafes, dining, entertainment venues, grocery stores, gyms, hotels, museums, shops, and transit options compared to a typical New York block. Nearby well-known places include South Street Seaport, Wall Street, and Federal Hall."
177.0,Entire home/apt,4.44,4.0,2.0,2.0,1.0,179.0,False,2.0,1.0,3.0,"This is a commercial and residential area with more bars, nightlife, dining, entertainment venues, grocery stores, and hotels than a typical New York block. It also features more cafes, gyms, landmarks, museums, parks, pharmacies, shops, and transit options than most blocks."
289.72,Entire home/apt,5.0,4.0,2.0,2.0,1.5,2.0,False,2.0,1.5,3.5,"This area has more landmarks, nightlife, cafes, dining, entertainment venues, grocery stores, gyms, hotels, museums, pharmacies, shops, parks, and transit options than a typical New York block. It is located near Federal Hall, South Street Seaport, and Wall Street."
331.87,Entire home/apt,5.0,3.0,2.0,1.0,1.0,3.0,False,1.0,1.0,2.0,"This is a dense urban area with unusually many cafes, bars, nightlife, dining, grocery stores, hotels, landmarks, sights, parks, green space, pharmacies, shops, and transit options. Central Park and the Chrysler Building are located nearby."
769.0,Private room,5.0,4.0,2.0,1.0,1.0,3.0,False,1.0,1.0,2.0,"This area has more hotels, landmarks, parks, bars, cafes, dining, entertainment venues, gyms, museums, shops, transit, and grocery stores than a typical New York block. Well-known places nearby include Carnegie Hall, Central Park, and Museum of Modern Art."
424.42,Entire home/apt,5.0,3.0,1.0,1.0,1.0,2.0,False,1.0,1.0,2.0,"This area near Union Square has more gyms, sports facilities, bars, nightlife, cafes, dining, entertainment venues, grocery stores, hotels, landmarks, sights, museums, galleries, shops, and transit options than a typical New York block. It also features more parks, green space, and pharmacies than most blocks."
174.55,Entire home/apt,5.0,2.0,1.0,1.0,1.0,1.0,False,1.0,1.0,2.0,"This area contains more cafes, pharmacies, bars, nightlife, dining, grocery stores, gyms, sports, hotels, landmarks, sights, museums, galleries, shops, entertainment venues, parks, green space, and subway transit than a typical New York block. Central Park is located nearby."
173.33,Private room,4.17,1.0,3.0,2.0,1.0,6.0,False,2.0,1.0,3.0,"This is an area with unusually many bars, nightlife, cafes, dining, landmarks, sights, shops, and subway and transit options. It also has an above-average number of entertainment venues, grocery stores, gyms, sports facilities, hotels, museums, and galleries."
383.87,Entire home/apt,5.0,2.0,1.0,1.0,1.0,6.0,False,1.0,1.0,2.0,"This area has more bars, nightlife, cafes, dining, entertainment venues, grocery stores, gyms, sports, landmarks, museums, galleries, shops, and transit options than a typical New York block. It is located near Union Square and Tompkins Square Park."
741.77,Entire home/apt,4.92,8.0,4.0,3.0,2.0,62.0,True,3.0,2.0,5.0,"This area contains more pharmacies, cafes, dining, grocery stores, museums, galleries, parks, green space, and shops than a typical New York block. It also features more bars, nightlife, entertainment venues, gyms, sports facilities, hotels, and transit access than average."
937.0,Entire home/apt,5.0,6.0,3.0,2.0,2.0,1.0,True,2.0,2.0,4.0,"This area contains more cafes, landmarks, and sights than a typical New York block, along with a high concentration of dining, nightlife, entertainment, retail, transit, and services. It is located near Federal Hall, Manhattan Bridge, South Street Seaport, and Wall Street."
187.57,Entire home/apt,4.88,2.0,1.0,1.0,1.0,16.0,True,1.0,1.0,2.0,"This is a commercial and recreational area with unusually many bars, nightlife, cafes, dining, gyms, sports, hotels, landmarks, sights, museums, galleries, pharmacies, shops, entertainment venues, grocery stores, parks, green space, and transit options."
234.35,Entire home/apt,4.7,4.0,2.0,2.0,1.5,10.0,False,2.0,1.5,3.5,"This area contains more landmarks, transit options, nightlife, dining, entertainment, grocery stores, gyms, hotels, museums, parks, pharmacies, and shops than a typical New York block. Well-known places nearby include Manhattan Bridge, Battery Park, Central Park, Federal Hall, and 9/11 Memorial & Museum."
259.0,Private room,4.66,2.0,1.0,1.0,1.0,101.0,True,1.0,1.0,2.0,"This area has an unusually high density of bars, nightlife, cafes, dining, entertainment venues, grocery stores, gyms, hotels, landmarks, pharmacies, shops, transit, museums, and parks. It is located near Central Park, Columbus Circle, and American Museum of Natural History."
279.65,Entire home/apt,4.5,2.0,2.0,2.0,2.5,4.0,False,2.0,2.5,4.5,"This is a high-density commercial and entertainment area with an unusually high concentration of bars, nightlife, cafes, dining, entertainment venues, landmarks, sights, and shops. It also features a higher than typical number of grocery stores, gyms, hotels, museums, galleries, pharmacies, and transit options."
492.0,Entire home/apt,5.0,4.0,2.0,1.0,2.0,2.0,False,1.0,2.0,3.0,"This is a commercial and residential area with more landmarks, sights, bars, nightlife, cafes, dining, entertainment venues, grocery stores, gyms, sports facilities, hotels, museums, galleries, parks, green space, shops, transit options, and pharmacies than a typical New York block. Well-known places nearby include South Street Seaport, Wall Street, and Federal Hall."
338.0,Entire home/apt,4.65,4.0,2.0,1.0,1.0,17.0,False,1.0,1.0,2.0,"This area features an unusually high number of landmarks, sights, bars, nightlife, cafes, dining, entertainment venues, grocery stores, gyms, sports, hotels, museums, galleries, parks, green space, shops, subway, transit, and pharmacies. Well-known places nearby include South Street Seaport, Wall Street, and Federal Hall."
1141.18,Private room,5.0,13.0,6.0,5.0,2.0,5.0,True,5.0,2.0,7.0,"This area contains an unusually high number of cafes, landmarks, sights, bars, nightlife, dining, entertainment venues, grocery stores, gyms, sports, hotels, museums, galleries, and shops, with additional access to parks, green space, pharmacies, and transit. Well-known places nearby include South Street Seaport, Federal Hall, and Wall Street."
1124.63,Entire home/apt,4.72,8.0,4.0,4.0,2.0,43.0,True,4.0,2.0,6.0,"This is a high-density urban area with an unusually high concentration of bars, nightlife, cafes, dining, entertainment venues, grocery stores, gyms, hotels, landmarks, pharmacies, and transit options, as well as an above-average number of museums, galleries, and shops. Central Park is located nearby."
1381.33,Entire home/apt,4.59,8.0,5.0,4.0,5.5,54.0,False,4.0,5.5,9.5,"This area has an unusually high concentration of bars, nightlife, cafes, dining, grocery stores, gyms, sports facilities, hotels, landmarks, sights, museums, galleries, pharmacies, shops, entertainment venues, and transit options. It is located near Central Park and the American Museum of Natural History."
59.11,Entire home/apt,5.0,1.0,1.0,1.0,1.0,2.0,True,1.0,1.0,2.0,"This area has more entertainment venues, bars, nightlife, cafes, dining, grocery stores, gyms, sports, hotels, landmarks, sights, and parks than a typical New York block. It also has more museums, galleries, shops, and transit options than average."
287.63,Entire home/apt,5.0,3.0,2.0,1.0,1.0,2.0,False,1.0,1.0,2.0,"This area has unusually many pharmacies, transit options, cafes, dining, grocery stores, gyms, hotels, landmarks, museums, parks, and shops. It is located near the Chrysler Building, Grand Central Terminal, and Summit One Vanderbilt."
256.37,Entire home/apt,4.91,2.0,1.0,1.0,1.0,11.0,True,1.0,1.0,2.0,"This area contains more hotels, landmarks, parks, bars, cafes, dining, entertainment venues, gyms, museums, shops, and transit options than a typical New York block. It is located near Carnegie Hall, Central Park, and Museum of Modern Art."
455.4,Entire home/apt,5.0,3.0,2.0,2.0,1.0,1.0,True,2.0,1.0,3.0,"This area has an unusually high concentration of bars, nightlife, cafes, dining, grocery stores, hotels, landmarks, sights, parks, green space, pharmacies, and subway transit, as well as an above-average number of entertainment venues, gyms, sports facilities, museums, galleries, and shops. Central Park is located nearby."
376.0,Entire home/apt,4.83,2.0,1.0,1.0,1.0,6.0,True,1.0,1.0,2.0,"This area contains more landmarks, transit options, cafes, dining, entertainment venues, grocery stores, gyms, hotels, parks, pharmacies, and shops than a typical New York block. Well-known places nearby include Battery Park, Manhattan Bridge, and Central Park."
433.27,Entire home/apt,4.33,4.0,2.0,2.0,1.0,6.0,True,2.0,1.0,3.0,"This is a commercial and tourist area with an unusually high density of cafes, pharmacies, bars, dining, grocery stores, hotels, landmarks, museums, parks, shops, and transit options. Nearby landmarks include the Chrysler Building and Grand Central Terminal."
160.23,Entire home/apt,4.83,2.0,2.0,1.0,1.0,506.0,False,1.0,1.0,2.0,"This is a residential and commercial area that features an unusually high number of bars, nightlife, parks, green space, cafes, dining, entertainment venues, grocery stores, landmarks, sights, museums, and galleries. Riverside Park is located nearby."
147.93,Entire home/apt,4.74,2.0,1.0,1.0,1.0,23.0,False,1.0,1.0,2.0,"This area has an unusually high concentration of bars, nightlife, cafes, dining, museums, galleries, and shops compared to a typical New York block. It also features an above-average number of entertainment venues, grocery stores, gyms, sports facilities, hotels, landmarks, and transit options."
213.63,Entire home/apt,4.75,3.0,1.0,1.0,1.0,4.0,False,1.0,1.0,2.0,"This area has an unusually high concentration of grocery stores, bars, nightlife, cafes, dining, entertainment venues, museums, galleries, shops, parks, green space, gyms, sports, hotels, landmarks, sights, and transit access. Washington Square Park is located in this area."
226.36,Entire home/apt,4.33,3.0,1.0,1.0,1.0,3.0,False,1.0,1.0,2.0,"This area has more grocery stores, bars, nightlife, cafes, dining, entertainment venues, museums, galleries, parks, green space, shops, gyms, sports, hotels, landmarks, sights, and transit than a typical New York block. Washington Square Park is located nearby."
129.89,Entire home/apt,5.0,3.0,1.0,1.0,1.0,1.0,False,1.0,1.0,2.0,"This area has more grocery stores, bars, nightlife, cafes, dining, entertainment venues, museums, galleries, parks, green space, and shops than a typical New York block. It also has more gyms, sports facilities, hotels, landmarks, sights, and transit options near Washington Square Park."
227.72,Entire home/apt,4.67,3.0,1.0,1.0,1.0,3.0,False,1.0,1.0,2.0,"This area has more grocery stores, bars, nightlife, cafes, dining, entertainment venues, museums, galleries, parks, green space, and shops than a typical New York block. It also has more gyms, sports facilities, hotels, landmarks, sights, and transit options near Washington Square Park."
268.17,Entire home/apt,4.79,2.0,2.0,2.0,1.0,14.0,True,2.0,1.0,3.0,"This area near The High Line and Hudson Yards has more gyms, cafes, entertainment venues, grocery stores, hotels, museums, galleries, shops, and transit options than a typical New York block. It also features more bars, dining, landmarks, and green space than most blocks."
157.27,Entire home/apt,4.53,2.0,2.0,1.0,1.0,60.0,False,1.0,1.0,2.0,"This block is located in an area with an unusually high number of pharmacies, grocery stores, gyms, landmarks, museums, parks, shops, and transit options. It also features more bars, cafes, dining, entertainment venues, and hotels than a typical New York block."
4599.0,Entire home/apt,4.85,4.0,3.0,2.0,2.0,13.0,False,2.0,2.0,4.0,"This area has more bars, nightlife, dining, entertainment venues, grocery stores, and hotels than a typical New York block. It also features more cafes, gyms, sports facilities, landmarks, museums, galleries, parks, pharmacies, shops, and transit options than average."
145.67,Private room,5.0,2.0,1.0,1.0,1.0,2.0,True,1.0,1.0,2.0,"This area contains more landmarks, parks, transit options, dining, nightlife, entertainment, grocery stores, gyms, hotels, museums, shops, and pharmacies than a typical New York block. It is located near Central Park, Columbus Circle, American Museum of Natural History, and Carnegie Hall."
462.5,Entire home/apt,5.0,4.0,2.0,1.0,1.0,5.0,False,1.0,1.0,2.0,"This is a commercial and residential area with an unusually high number of cafes, bars, nightlife, dining, grocery stores, hotels, landmarks, parks, pharmacies, shops, and transit options. Central Park and the Chrysler Building are located nearby."
344.77,Entire home/apt,5.0,6.0,3.0,2.0,2.0,2.0,False,2.0,2.0,4.0,"This area has more bars, nightlife, dining, entertainment venues, grocery stores, gyms, sports, hotels, and subway and transit options than a typical New York block. It also features more cafes, landmarks, sights, museums, galleries, parks, green space, pharmacies, and shops than average."
622.0,Entire home/apt,5.0,6.0,3.0,2.0,2.0,8.0,True,2.0,2.0,4.0,"This area contains more landmarks, transit options, cafes, dining, entertainment venues, grocery stores, gyms, hotels, parks, pharmacies, and shops than a typical New York block, along with an increased number of bars and museums. Nearby locations include Battery Park, Central Park, and Manhattan Bridge."
63.84,Entire home/apt,4.5,1.0,1.0,1.0,1.0,2.0,True,1.0,1.0,2.0,"This area has more gyms, sports facilities, cafes, entertainment venues, landmarks, sights, museums, galleries, and shops than a typical New York block. It also has more dining, grocery stores, hotels, pharmacies, and transit options, but fewer parks and green spaces."
828.0,Private room,4.55,3.0,2.0,1.0,1.0,29.0,True,1.0,1.0,2.0,"This area contains an unusually high number of landmarks, transit options, cafes, grocery stores, gyms, hotels, museums, parks, and shops, with additional concentrations of bars, dining, entertainment venues, and pharmacies. Nearby locations include Manhattan Bridge, 9/11 Memorial & Museum, Battery Park, Federal Hall, and One World Observatory."
249.52,Entire home/apt,5.0,4.0,2.0,1.0,1.0,1.0,False,1.0,1.0,2.0,"This area has an unusually high concentration of gyms, sports facilities, hotels, landmarks, sights, museums, galleries, pharmacies, shops, and transit options. It also features more bars, nightlife, cafes, dining, and grocery stores than a typical New York block."
2054.12,Entire home/apt,4.81,6.0,4.0,2.0,2.0,37.0,True,2.0,2.0,4.0,"This area has an unusually high number of gyms, sports facilities, landmarks, sights, museums, galleries, bars, nightlife, cafes, entertainment venues, hotels, parks, green space, shops, dining, grocery stores, pharmacies, and transit options. Central Park is located nearby."
674.0,Entire home/apt,4.66,4.0,2.0,2.0,1.5,238.0,False,2.0,1.5,3.5,"This area contains more entertainment venues, bars, nightlife, dining, grocery stores, hotels, and parks than a typical New York block. It also has an above-average number of cafes, gyms, sports facilities, landmarks, museums, galleries, shops, and transit options."
274.0,Entire home/apt,4.59,2.0,1.0,1.0,1.0,249.0,False,1.0,1.0,2.0,"This area contains more entertainment venues, bars, nightlife, dining, grocery stores, hotels, and parks than a typical New York block. It also features a higher concentration of cafes, gyms, sports facilities, landmarks, museums, galleries, shops, and transit options than most blocks."
1131.43,Entire home/apt,3.33,3.0,1.0,1.0,1.0,3.0,False,1.0,1.0,2.0,"This area contains more landmarks, parks, cafes, entertainment venues, gyms, hotels, museums, shops, and transit options than a typical New York block. It is located near Central Park, Carnegie Hall, and Museum of Modern Art."
312.0,Hotel room,5.0,2.0,2.0,1.0,1.0,2.0,False,1.0,1.0,2.0,"This area has an unusually high number of bars, nightlife, cafes, dining, gyms, sports, hotels, landmarks, sights, museums, galleries, parks, green space, and pharmacies. It also features a high number of entertainment venues, grocery stores, shops, and subway transit options near Central Park."
354.0,Hotel room,5.0,4.0,2.0,1.0,1.0,1.0,False,1.0,1.0,2.0,"This area has an unusually high concentration of bars, nightlife, cafes, dining, gyms, sports facilities, hotels, landmarks, sights, museums, galleries, parks, green space, and pharmacies. Central Park is located nearby."
302.0,Hotel room,5.0,2.0,1.0,1.0,1.0,1.0,False,1.0,1.0,2.0,"This area features an unusually high concentration of bars, nightlife, cafes, dining, gyms, sports facilities, hotels, landmarks, sights, museums, galleries, parks, green space, and pharmacies, with above-average access to entertainment venues, grocery stores, shops, and subway transit. Central Park is located nearby."
267.33,Entire home/apt,4.78,4.0,5.0,4.0,1.0,9.0,False,4.0,1.0,5.0,"This is a dense urban area with an unusually high concentration of museums, galleries, pharmacies, and transit options. It is located near Central Park and features more dining, grocery stores, shops, bars, nightlife, cafes, entertainment venues, gyms, sports facilities, hotels, and landmarks than a typical New York block."
278.07,Entire home/apt,5.0,4.0,2.0,2.0,2.0,1.0,False,2.0,2.0,4.0,"This is a commercial and residential area with more bars, nightlife, dining, entertainment venues, grocery stores, and hotels than a typical New York block. It also features more cafes, gyms, landmarks, museums, parks, pharmacies, shops, and transit options than most blocks."
360.53,Entire home/apt,5.0,4.0,2.0,1.0,1.0,1.0,False,1.0,1.0,2.0,"This is a commercial and cultural area with an unusually high concentration of bars, nightlife, cafes, dining, entertainment venues, landmarks, sights, museums, galleries, and shops, as well as more grocery stores, gyms, sports facilities, hotels, and transit options than a typical New York block."
388.57,Entire home/apt,5.0,3.0,1.0,1.0,1.0,1.0,False,1.0,1.0,2.0,"This area contains an unusually high number of cafes, landmarks, parks, bars, dining options, entertainment venues, grocery stores, gyms, hotels, museums, shops, and transit access. Well-known places nearby include Wall Street, Federal Hall, and South Street Seaport."
231.0,Entire home/apt,4.84,2.0,2.0,2.0,1.0,70.0,True,2.0,1.0,3.0,"This area has an unusually high concentration of gyms, sports facilities, cafes, entertainment venues, grocery stores, hotels, parks, shops, and transit options. It is located near The High Line and Hudson Yards."
186.21,Entire home/apt,5.0,2.0,1.0,1.0,1.0,1.0,False,1.0,1.0,2.0,"This area has more gyms, sports facilities, bars, nightlife, cafes, dining, entertainment venues, grocery stores, hotels, landmarks, sights, museums, galleries, shops, and pharmacies than a typical New York block. It has fewer parks and green spaces than a typical block."
329.67,Entire home/apt,4.93,4.0,2.0,1.0,1.0,197.0,False,1.0,1.0,2.0,"This is a highly active area with an unusually high concentration of bars, nightlife, cafes, dining, entertainment venues, museums, galleries, shops, and transit options. It also features more grocery stores, gyms, hotels, landmarks, and green spaces than a typical New York block."
386.29,Entire home/apt,5.0,2.0,1.0,1.0,1.0,1.0,False,1.0,1.0,2.0,"This area contains more cafes, landmarks, sights, and parks than a typical New York block, and features more bars, dining, grocery stores, gyms, shops, hotels, museums, galleries, and transit options. Nearby locations include Wall Street, Federal Hall, and South Street Seaport."
756.03,Private room,4.18,2.0,1.0,1.0,1.0,11.0,True,1.0,1.0,2.0,"This area is a commercial and transit hub that contains an unusually high number of cafes, landmarks, sights, and subway stations. It also features a high density of grocery stores, gyms, hotels, museums, galleries, parks, shops, bars, nightlife, dining, entertainment venues, and pharmacies, with Federal Hall, Manhattan Bridge, and 9/11 Memorial & Museum located nearby."
206.0,Entire home/apt,4.97,2.0,1.0,1.0,1.0,127.0,False,1.0,1.0,2.0,"This area contains more landmarks, transit options, museums, and commercial or recreational amenities than a typical New York block. Nearby locations include Central Park, Columbus Circle, and American Museum of Natural History."
286.11,Private room,4.32,2.0,1.0,1.0,1.0,37.0,False,1.0,1.0,2.0,"This is a highly developed area with an unusually high concentration of cafes, dining, grocery stores, gyms, sports facilities, hotels, landmarks, parks, pharmacies, shops, and transit options. The Chrysler Building is located nearby."
316.71,Private room,5.0,2.0,2.0,1.0,1.0,3.0,False,1.0,1.0,2.0,"This area has unusually many cafes, dining, grocery stores, gyms, sports, hotels, landmarks, sights, parks, green space, pharmacies, shops, subway, transit, bars, nightlife, entertainment venues, museums, and galleries. The Chrysler Building is located nearby."
1172.49,Entire home/apt,5.0,6.0,3.0,3.0,2.5,5.0,True,3.0,2.5,5.5,"This area has an unusually high density of bars, nightlife, cafes, dining, grocery stores, hotels, landmarks, sights, museums, galleries, parks, green space, shops, entertainment venues, and gyms."
751.17,Entire home/apt,5.0,8.0,3.0,3.0,3.0,2.0,True,3.0,3.0,6.0,"This area has an unusually high number of hotels, landmarks, museums, galleries, pharmacies, shops, and transit options. It also features more cafes, dining, entertainment venues, and gyms than a typical New York block."
788.57,Private room,5.0,3.0,1.0,1.0,1.0,6.0,False,1.0,1.0,2.0,"This area contains more landmarks, parks, cafes, entertainment venues, gyms, hotels, museums, shops, and transit options than a typical New York block. Central Park and Carnegie Hall are located nearby."
512.39,Entire home/apt,4.9,4.0,3.0,2.0,1.0,105.0,True,2.0,1.0,3.0,"This area has unusually many bars, nightlife, cafes, dining, entertainment venues, grocery stores, gyms, sports, hotels, landmarks, sights, museums, galleries, parks, green space, pharmacies, shops, and subway and transit options. Union Square is nearby."
535.97,Entire home/apt,4.68,5.0,3.0,2.0,2.0,76.0,False,2.0,2.0,4.0,"This area contains more pharmacies, dining, grocery stores, museums and galleries, parks and green space, shops, and transit options than a typical New York block. It also features a higher concentration of bars, nightlife, cafes, entertainment venues, gyms, sports facilities, hotels, and landmarks than most blocks."
123.53,Private room,4.88,3.0,1.0,1.0,1.0,85.0,False,1.0,1.0,2.0,"This is a commercial and entertainment area with an unusually high concentration of bars, nightlife, dining, entertainment venues, gyms, sports facilities, hotels, museums, and galleries. It also features a higher than typical number of cafes, grocery stores, landmarks, sights, and pharmacies."
549.0,Hotel room,4.74,2.0,2.0,1.0,1.0,39.0,False,1.0,1.0,2.0,"This is a high-density urban area with an unusually high concentration of gyms, sports facilities, cafes, dining, landmarks, museums, galleries, shops, and transit options. It also features more bars, entertainment venues, grocery stores, hotels, and pharmacies than a typical block, but has less park and green space."
640.13,Entire home/apt,5.0,6.0,4.0,3.0,1.5,1.0,False,3.0,1.5,4.5,"This is a commercial and residential area with an unusually high concentration of bars, nightlife, cafes, dining, grocery stores, gyms, sports facilities, hotels, parks, and green spaces. It also features a higher than typical number of entertainment venues, museums, galleries, and shops."
520.0,Private room,4.54,4.0,2.0,1.0,1.0,13.0,True,1.0,1.0,2.0,"This area has an unusually high number of bars, nightlife, cafes, dining, grocery stores, gyms, sports, hotels, landmarks, sights, parks, green space, pharmacies, shops, transit, entertainment venues, museums, and galleries. Nearby landmarks include the Chrysler Building and Central Park."
387.17,Entire home/apt,4.8,6.0,5.0,4.0,3.0,5.0,False,4.0,3.0,7.0,"This area contains more entertainment venues, bars, nightlife, dining, grocery stores, hotels, landmarks, sights, parks, green space, and transit options than a typical New York block. It also features a higher concentration of cafes, gyms, sports facilities, museums, galleries, and shops than most blocks."
276.57,Entire home/apt,5.0,5.0,3.0,3.0,2.0,2.0,False,3.0,2.0,5.0,"This block is located in an area with an unusually high density of entertainment venues, bars, nightlife, dining, grocery stores, hotels, landmarks, sights, parks, green space, and transit options. It also features a higher concentration of cafes, gyms, sports facilities, museums, galleries, and shops than a typical New York block."
373.06,Entire home/apt,5.0,5.0,5.0,3.0,2.0,9.0,False,3.0,2.0,5.0,"This area has unusually many bars, nightlife, cafes, entertainment venues, hotels, landmarks, sights, museums, galleries, parks, green space, shops, and subway transit options. It has unusually few pharmacies."
257.27,Entire home/apt,3.0,2.0,1.0,1.0,1.0,1.0,False,1.0,1.0,2.0,"This is a commercial and cultural area with an unusually high concentration of grocery stores, bars, nightlife, cafes, dining, entertainment venues, museums, galleries, and shops. Washington Square Park is located nearby."
302.36,Private room,4.57,4.0,2.0,1.0,1.0,251.0,True,1.0,1.0,2.0,"This area has an unusually high number of landmarks, sights, subway and transit options, bars, nightlife, cafes, grocery stores, gyms, sports facilities, hotels, museums, galleries, and shops, along with more dining, entertainment venues, parks, green space, and pharmacies than a typical block. Nearby locations include the 9/11 Memorial & Museum, Manhattan Bridge, Battery Park, and One World Observatory."
272.94,Entire home/apt,2.0,3.0,2.0,1.0,1.0,1.0,True,1.0,1.0,2.0,"This area has an unusually high number of cafes, dining, entertainment venues, gyms, sports, landmarks, sights, museums, galleries, shops, and subway and transit options. It also has an unusually high number of bars, nightlife, grocery stores, hotels, and pharmacies."
296.97,Entire home/apt,5.0,5.0,2.0,2.0,2.0,4.0,False,2.0,2.0,4.0,"This area contains more landmarks, parks, cafes, entertainment venues, gyms, hotels, museums, shops, and transit options than a typical New York block. It is located near Central Park, Carnegie Hall, and Columbus Circle."
713.0,Entire home/apt,4.91,6.0,3.0,2.0,2.0,11.0,False,2.0,2.0,4.0,"This area contains an unusually high number of bars, nightlife, cafes, dining, entertainment venues, gyms, sports, museums, galleries, and parks. It also features more grocery stores, hotels, landmarks, shops, and transit options than a typical New York block, including Washington Square Park."
166.06,Entire home/apt,4.75,4.0,2.0,2.0,2.0,8.0,False,2.0,2.0,4.0,"This area has more gyms, sports facilities, dining, grocery stores, hotels, museums, galleries, and shops than a typical New York block. It also features more bars, nightlife, cafes, entertainment venues, landmarks, and sights, but fewer parks and green spaces."
2282.36,Entire home/apt,4.94,6.0,3.0,3.0,3.0,68.0,True,3.0,3.0,6.0,"This area has an unusually high density of bars, nightlife, cafes, dining, museums, galleries, and shops. It also features an above-average concentration of entertainment venues, grocery stores, gyms, sports facilities, hotels, landmarks, sights, pharmacies, and transit options."
152.13,Entire home/apt,4.2,2.0,1.0,1.0,1.0,5.0,True,1.0,1.0,2.0,"This is a high-density commercial and transit area with an unusually high concentration of gyms, cafes, dining, entertainment venues, landmarks, museums, galleries, shops, and transit options. It also features a higher than average number of bars, grocery stores, hotels, and pharmacies."
312.33,Entire home/apt,4.75,4.0,2.0,2.0,1.0,85.0,True,2.0,1.0,3.0,"This area has an unusually high concentration of bars, nightlife, dining, entertainment venues, grocery stores, and hotels. It also features more cafes, gyms, sports facilities, landmarks, museums, galleries, shops, and transit options than a typical New York block."
552.94,Entire home/apt,5.0,2.0,1.0,1.0,1.0,28.0,True,1.0,1.0,2.0,"This area near Union Square has more bars, nightlife, cafes, dining, entertainment venues, grocery stores, gyms, sports, hotels, landmarks, sights, museums, galleries, parks, green space, subway, transit, pharmacies, and shops than a typical New York block."
655.84,Private room,4.61,2.0,1.0,1.0,1.0,72.0,False,1.0,1.0,2.0,"This area contains more landmarks, parks, cafes, entertainment venues, hotels, museums, galleries, shops, and transit options than a typical New York block. Central Park and Carnegie Hall are located nearby."
374.68,Entire home/apt,4.83,4.0,2.0,1.0,1.0,12.0,True,1.0,1.0,2.0,"This area contains more landmarks, parks, cafes, entertainment venues, gyms, hotels, museums, shops, bars, dining, and transit options than a typical New York block. It is located near Central Park and Carnegie Hall."
1664.0,Entire home/apt,4.85,6.0,3.0,2.0,2.0,47.0,True,2.0,2.0,4.0,"This area contains more landmarks, parks, bars, cafes, grocery stores, gyms, hotels, museums, shops, and transit options than a typical New York block. It is located near Wall Street, South Street Seaport, and Federal Hall."
451.7,Entire home/apt,5.0,2.0,2.0,2.0,1.0,1.0,False,2.0,1.0,3.0,"This area has an unusually high concentration of bars, nightlife, cafes, dining, grocery stores, gyms, sports facilities, hotels, parks, and green spaces. It also features more entertainment venues, museums, galleries, and shops than a typical New York block."
136.8,Entire home/apt,4.67,2.0,3.0,1.0,1.0,3.0,False,1.0,1.0,2.0,"This area has an unusually high concentration of bars, nightlife, dining, entertainment venues, grocery stores, and hotels compared to a typical New York block. It also features a higher than average number of cafes, gyms, sports facilities, landmarks, museums, galleries, parks, and shops."
245.16,Entire home/apt,5.0,4.0,2.0,2.0,1.0,11.0,True,2.0,1.0,3.0,"This area has an unusually high number of cafes, dining, entertainment venues, gyms, sports, landmarks, sights, museums, galleries, shops, and subway and transit options. It also features a higher than typical concentration of bars, nightlife, grocery stores, hotels, and pharmacies."
262.73,Entire home/apt,5.0,2.0,1.0,1.0,1.0,6.0,True,1.0,1.0,2.0,"This is a commercial and transit-oriented area with an unusually high density of cafes, dining, entertainment venues, gyms, sports facilities, landmarks, sights, museums, galleries, shops, and subway transit options. It also features a higher than typical concentration of bars, nightlife, grocery stores, hotels, and pharmacies."
1061.33,Entire home/apt,4.9,4.0,2.0,2.0,1.0,20.0,True,2.0,1.0,3.0,"This area has an unusually high concentration of bars, nightlife, cafes, entertainment venues, hotels, landmarks, sights, museums, galleries, parks, green space, shops, and subway transit, along with an unusually low number of pharmacies."
1223.67,Entire home/apt,4.8,6.0,3.0,3.0,2.0,41.0,True,3.0,2.0,5.0,"This area contains an unusually high number of landmarks, cafes, entertainment venues, grocery stores, gyms, hotels, parks, pharmacies, shops, and transit options. Well-known places nearby include Central Park, Battery Park, Manhattan Bridge, and South Street Seaport."
766.67,Entire home/apt,4.82,4.0,2.0,2.0,2.0,22.0,True,2.0,2.0,4.0,"This area has more landmarks, cafes, gyms, hotels, parks, shops, and transit options than a typical New York block. It is located near the 9/11 Memorial & Museum, Manhattan Bridge, Battery Park, and One World Observatory."
199.63,Entire home/apt,4.67,2.0,1.0,1.0,1.0,87.0,True,1.0,1.0,2.0,"This area has an unusually high concentration of bars, nightlife, cafes, entertainment venues, grocery stores, gyms, sports facilities, hotels, landmarks, sights, museums, galleries, shops, and subway transit options. It also features more dining options and green space than a typical New York block."
206.07,Entire home/apt,5.0,3.0,3.0,1.0,1.0,3.0,True,1.0,1.0,2.0,"This area contains an unusually high number of bars, nightlife, cafes, dining, grocery stores, hotels, landmarks, sights, and parks. It also features a higher than typical concentration of entertainment venues, gyms, sports, museums, galleries, and shops."
336.65,Entire home/apt,4.79,2.0,1.0,1.0,1.0,78.0,True,1.0,1.0,2.0,"This area contains more gyms, sports facilities, entertainment venues, landmarks, museums, galleries, and shops than a typical New York block. It also features a higher density of bars, nightlife, cafes, dining, grocery stores, hotels, pharmacies, and transit options than most blocks."
77.52,Entire home/apt,5.0,1.0,1.0,1.0,1.0,2.0,True,1.0,1.0,2.0,"This area has unusually many cafes, dining, entertainment venues, gyms and sports, landmarks and sights, museums and galleries, shops, subway and transit, bars and nightlife, grocery stores, hotels, and pharmacies."
364.01,Entire home/apt,4.95,2.0,1.0,1.0,1.0,19.0,False,1.0,1.0,2.0,"This area has an unusually high number of cafes, dining, entertainment venues, gyms and sports, landmarks and sights, museums and galleries, shops, and subway and transit options. It also features an unusually high number of bars and nightlife, grocery stores, hotels, and pharmacies."
387.0,Private room,4.83,2.0,1.0,1.0,1.0,6.0,False,1.0,1.0,2.0,"This area contains more landmarks, parks, and transit options than a typical New York block, along with a higher density of dining, nightlife, and retail establishments. Well-known places nearby include Wall Street, Federal Hall, Battery Park, and South Street Seaport."
230.3,Entire home/apt,4.5,3.0,1.0,1.0,1.0,12.0,False,1.0,1.0,2.0,"This area near Central Park has an unusually high concentration of bars, nightlife, dining, entertainment venues, grocery stores, gyms, sports, hotels, landmarks, and pharmacies. It also has more cafes, shops, and transit options than a typical New York block."
299.29,Entire home/apt,4.86,6.0,3.0,2.0,2.0,14.0,False,2.0,2.0,4.0,"This area contains more landmarks, parks, transit options, bars, cafes, grocery stores, gyms, hotels, museums, shops, dining, and entertainment venues than a typical New York block. Well-known places nearby include Wall Street, Federal Hall, and Battery Park."
265.5,Entire home/apt,4.0,4.0,2.0,1.0,1.0,4.0,False,1.0,1.0,2.0,"This area has unusually many cafes, dining, grocery stores, hotels, landmarks, museums, galleries, parks, pharmacies, shops, transit, bars, nightlife, entertainment venues, and gyms. It is located near the Chrysler Building and Grand Central Terminal."
179.46,Entire home/apt,4.5,2.0,1.0,1.0,1.0,8.0,True,1.0,1.0,2.0,"This area has an unusually high concentration of bars, nightlife, dining, entertainment venues, grocery stores, hotels, and landmarks. It also features more cafes, gyms, sports facilities, museums, galleries, shops, and transit options than a typical New York block."
514.5,Entire home/apt,4.67,6.0,2.0,2.0,2.0,3.0,False,2.0,2.0,4.0,"This area contains unusually many landmarks, parks, transit options, cafes, grocery stores, hotels, museums, galleries, and shops, alongside fewer pharmacies than a typical block. Well-known places nearby include Federal Hall, Manhattan Bridge, 9/11 Memorial & Museum, and Battery Park."
932.0,Hotel room,5.0,2.0,1.0,1.0,1.0,3.0,False,1.0,1.0,2.0,"This area has more museums, galleries, parks, green space, hotels, landmarks, sights, shops, transit, cafes, dining, and entertainment venues than a typical New York block, but fewer grocery stores. Central Park and Central Park Zoo are nearby."
272.94,Entire home/apt,4.79,6.0,3.0,2.0,1.0,85.0,True,2.0,1.0,3.0,"This block is located in an area with an unusually high number of pharmacies, dining options, hotels, landmarks and sights, museums and galleries, and shops. It also features a greater than typical concentration of bars and nightlife, cafes, entertainment venues, grocery stores, gyms and sports facilities, parks and green space, and subway and transit access."
166.6,Entire home/apt,4.9,2.0,2.0,1.0,1.0,331.0,False,1.0,1.0,2.0,"This is a high-density urban area with an unusually high concentration of bars, nightlife, parks, green space, cafes, dining, grocery stores, landmarks, sights, museums, and galleries, but fewer transit options than a typical New York block."
336.0,Private room,4.96,2.0,1.0,1.0,1.0,48.0,False,1.0,1.0,2.0,"This area has more parks, green space, cafes, dining, gyms, sports, hotels, landmarks, sights, pharmacies, and subway transit than a typical New York block. It is located near the Chrysler Building and also contains more bars, nightlife, entertainment venues, grocery stores, museums, galleries, and shops than average."
70.25,Private room,4.54,2.0,1.0,1.0,1.0,194.0,False,1.0,1.0,2.0,"This area has an unusually high concentration of grocery stores, museums, galleries, pharmacies, shops, and transit options. Washington Square Park and Central Park are located nearby."
267.0,Entire home/apt,4.43,2.0,2.0,1.0,1.0,166.0,False,1.0,1.0,2.0,"This area has an unusually high number of bars, nightlife, dining, entertainment venues, grocery stores, gyms, sports, hotels, landmarks, sights, parks, green space, shops, and subway transit options. It is located near Union Square."
212.0,Entire home/apt,4.7,2.0,3.0,1.0,1.0,47.0,False,1.0,1.0,2.0,"This area has an unusually high density of bars, nightlife, dining, entertainment venues, grocery stores, gyms, sports, hotels, landmarks, sights, parks, green space, shops, and subway transit, with an above-average number of cafes and museums and galleries. Union Square is located nearby."
217.0,Entire home/apt,4.45,2.0,2.0,1.0,1.0,131.0,False,1.0,1.0,2.0,"This is a highly active area with an unusually high concentration of bars, nightlife, dining, entertainment venues, grocery stores, gyms, sports facilities, hotels, landmarks, parks, shops, and transit options. Union Square is located in this area."
234.88,Entire home/apt,4.94,4.0,1.0,1.0,1.0,18.0,False,1.0,1.0,2.0,"This area has more parks, green space, cafes, dining, gyms, sports, hotels, landmarks, sights, pharmacies, and subway transit than a typical New York block. It is located near the Chrysler Building and also features more bars, nightlife, entertainment venues, grocery stores, museums, galleries, and shops than average."
270.0,Entire home/apt,4.64,3.0,2.0,1.0,1.0,148.0,False,1.0,1.0,2.0,"This area has an unusually high number of bars, nightlife, dining, entertainment venues, grocery stores, gyms, sports, hotels, landmarks, sights, parks, green space, shops, and subway transit options. It is located near Union Square."
66.78,Shared room,4.68,1.0,1.0,1.0,1.0,264.0,False,1.0,1.0,2.0,"This area has unusually many gyms, sports facilities, cafes, dining options, landmarks, sights, pharmacies, and shops. It also has more bars, nightlife, grocery stores, hotels, museums, galleries, and transit access than a typical block, but lacks nearby parks and green space."
185.92,Entire home/apt,4.69,2.0,1.0,1.0,1.0,13.0,True,1.0,1.0,2.0,"This area has an unusually high concentration of gyms, sports facilities, landmarks, sights, museums, galleries, pharmacies, and shops. It also features a higher than typical number of bars, nightlife venues, cafes, dining options, grocery stores, hotels, parks, green spaces, and transit access."
156.73,Entire home/apt,4.5,2.0,1.0,1.0,1.0,6.0,False,1.0,1.0,2.0,"This area has an unusually high concentration of bars, nightlife, dining, entertainment venues, grocery stores, gyms, sports facilities, landmarks, and pharmacies. It is located near Central Park."
135.18,Entire home/apt,4.95,2.0,1.0,1.0,1.0,20.0,True,1.0,1.0,2.0,"This area has an unusually high concentration of gyms, sports facilities, landmarks, sights, museums, galleries, pharmacies, and shops. It also features a higher than typical number of bars, nightlife venues, cafes, dining options, grocery stores, hotels, parks, green spaces, and transit access."
404.68,Entire home/apt,4.95,3.0,2.0,1.0,1.0,139.0,True,1.0,1.0,2.0,"This area has an unusually high concentration of bars, nightlife, dining, gyms, sports, hotels, museums, galleries, pharmacies, and shops. It also features more cafes, entertainment venues, grocery stores, landmarks, sights, and transit options than a typical New York block."
199.13,Entire home/apt,4.0,2.0,1.0,1.0,1.0,9.0,False,1.0,1.0,2.0,"This area has unusually many bars, nightlife, dining, entertainment venues, grocery stores, gyms, sports, landmarks, sights, pharmacies, and subway transit options. It also has more cafes, hotels, museums, galleries, and shops than a typical New York block."
319.77,Entire home/apt,4.0,3.0,1.0,1.0,1.0,2.0,False,1.0,1.0,2.0,"This area has an unusually high density of bars, nightlife, dining, gyms, sports, museums, galleries, pharmacies, and shops. It also features a higher than typical concentration of cafes, entertainment venues, grocery stores, hotels, landmarks, sights, and subway and transit options."
298.7,Entire home/apt,4.67,3.0,1.0,1.0,1.0,3.0,False,1.0,1.0,2.0,"This is a high-density commercial and transit area with an unusually high concentration of bars, nightlife, entertainment venues, hotels, landmarks, and transit options, as well as more cafes, dining, grocery stores, gyms, museums, and shops than a typical block. It has fewer pharmacies than a typical New York block."
1523.5,Entire home/apt,4.95,2.0,4.0,3.0,3.0,59.0,True,3.0,3.0,6.0,"This is a highly developed urban area with an unusually high concentration of bars, nightlife, dining, entertainment venues, and grocery stores. The area also features more cafes, gyms, hotels, landmarks, museums, parks, pharmacies, shops, and transit options than a typical New York block."
189.76,Entire home/apt,4.92,2.0,1.0,1.0,1.0,12.0,False,1.0,1.0,2.0,"This area has an unusually high concentration of bars, nightlife, dining, entertainment venues, grocery stores, and hotels compared to a typical New York block. It also features a higher than average number of cafes, gyms, sports facilities, landmarks, museums, galleries, parks, and shops."
371.49,Entire home/apt,5.0,4.0,1.0,1.0,2.0,2.0,True,1.0,2.0,3.0,"This is a commercial and transit-heavy area with an unusually high concentration of hotels, landmarks, museums, galleries, pharmacies, shops, and transit options. It also features more cafes, dining, entertainment venues, gyms, and green spaces than a typical New York block."
634.18,Entire home/apt,5.0,4.0,2.0,2.0,1.0,3.0,False,2.0,1.0,3.0,"This area has an unusually high concentration of cafes, dining, entertainment venues, gyms, sports, museums, galleries, and parks, including Washington Square Park. It also features more bars, nightlife, grocery stores, hotels, landmarks, sights, pharmacies, shops, and transit options than a typical New York block."
88.31,Entire home/apt,4.87,2.0,2.0,1.0,1.0,180.0,True,1.0,1.0,2.0,"This area has more pharmacies, dining, grocery stores, shops, bars and nightlife, entertainment venues, hotels, and subway and transit options than a typical New York block. It has fewer parks and green spaces than a typical block."
165.93,Entire home/apt,4.5,2.0,1.0,1.0,1.0,6.0,False,1.0,1.0,2.0,"This area has more bars, nightlife, dining, entertainment venues, grocery stores, and subway and transit options than a typical New York block. It also features a higher concentration of cafes, gyms, sports facilities, hotels, landmarks, sights, museums, galleries, parks, green spaces, pharmacies, and shops."
656.18,Entire home/apt,4.95,3.0,2.0,1.0,1.5,177.0,True,1.0,1.5,2.5,"This area contains more parks, green space, cafes, entertainment venues, gyms, sports facilities, hotels, landmarks, sights, museums, and galleries than a typical New York block. It also has more bars, nightlife, dining, grocery stores, pharmacies, shops, and transit access near Central Park, Carnegie Hall, and Columbus Circle."
363.2,Entire home/apt,5.0,3.0,2.0,1.0,1.0,1.0,False,1.0,1.0,2.0,"This is a dense urban area with an unusually high number of bars, nightlife, dining, gyms, sports, landmarks, sights, museums, galleries, pharmacies, and shops. It also features a higher than average concentration of cafes, entertainment venues, grocery stores, hotels, and subway and transit options."
248.37,Entire home/apt,4.0,4.0,2.0,2.0,1.0,1.0,True,2.0,1.0,3.0,"This area has more parks, green space, bars, nightlife, cafes, grocery stores, hotels, landmarks, sights, and transit options than a typical New York block. It is located near South Street Seaport, Wall Street, and Federal Hall."
764.59,Entire home/apt,4.76,5.0,3.0,2.0,1.0,117.0,True,2.0,1.0,3.0,"This area has an unusually high concentration of cafes, dining, grocery stores, hotels, landmarks and sights, museums and galleries, parks and green space, and pharmacies. It is located near the Chrysler Building."
287.63,Entire home/apt,4.5,3.0,2.0,1.0,1.0,4.0,False,1.0,1.0,2.0,"This area contains more landmarks, cafes, dining, grocery stores, hotels, museums, galleries, parks, green space, and pharmacies than a typical New York block. The Chrysler Building is located in this area."
295.0,Entire home/apt,5.0,4.0,4.0,2.0,1.0,1.0,False,2.0,1.0,3.0,"This is a commercial and recreational area with unusually many bars, nightlife, cafes, gyms, sports, shops, dining, entertainment venues, museums, and galleries. It has unusually few pharmacies."
234.98,Entire home/apt,4.53,3.0,1.0,1.0,1.0,15.0,False,1.0,1.0,2.0,"This area near Union Square has an unusually high concentration of bars, nightlife, dining, cafes, entertainment venues, grocery stores, gyms, hotels, landmarks, museums, galleries, parks, pharmacies, shops, and transit options."
224.57,Entire home/apt,4.89,4.0,2.0,1.0,1.0,9.0,False,1.0,1.0,2.0,"This area has an unusually high concentration of bars, nightlife, dining, entertainment venues, grocery stores, hotels, and landmarks. It also features more cafes, gyms, sports facilities, museums, galleries, shops, and transit options than a typical New York block."
331.87,Entire home/apt,4.71,6.0,4.0,4.0,3.0,7.0,False,4.0,3.0,7.0,"This area has an unusually high concentration of bars, nightlife, dining, entertainment venues, grocery stores, hotels, and landmarks. It also features a higher than typical number of cafes, gyms, sports facilities, museums, galleries, shops, and transit options."
217.35,Entire home/apt,4.67,2.0,1.0,1.0,1.0,6.0,False,1.0,1.0,2.0,"This area has an unusually high concentration of hotels, landmarks, museums, galleries, pharmacies, shops, and transit options compared to a typical New York block. Central Park is located nearby."
1255.29,Entire home/apt,4.76,8.0,4.0,3.0,1.5,29.0,True,3.0,1.5,4.5,"This area has an unusually high concentration of bars, nightlife, dining, and grocery stores compared to a typical New York block. It also features more cafes, entertainment venues, gyms, hotels, landmarks, museums, parks, pharmacies, shops, and transit options than average."
468.0,Entire home/apt,4.91,2.0,1.0,1.0,1.0,92.0,False,1.0,1.0,2.0,"This area features more bars, nightlife, cafes, museums, galleries, and shops than a typical New York block. It also contains more dining, entertainment venues, gyms, sports facilities, hotels, landmarks, sights, and transit options than average."
218.0,Private room,4.74,2.0,2.0,1.0,1.0,93.0,False,1.0,1.0,2.0,"This area has an unusually high concentration of bars, nightlife, cafes, dining, and shops, along with more entertainment venues, grocery stores, gyms, sports facilities, museums, and galleries than a typical New York block. There are no parks or green spaces nearby and fewer pharmacies than average."
1077.63,Entire home/apt,5.0,6.0,3.0,3.0,2.5,2.0,True,3.0,2.5,5.5,"This area has an unusually high density of dining, gyms, hotels, landmarks, and museums compared to a typical New York block. It also features a higher concentration of bars, cafes, entertainment venues, grocery stores, pharmacies, and shops."
421.0,Private room,4.38,2.0,1.0,1.0,1.0,21.0,False,1.0,1.0,2.0,"This area has an unusually high concentration of bars, nightlife, dining, grocery stores, landmarks, sights, parks, green space, and pharmacies. It also features more cafes, entertainment venues, gyms, sports facilities, hotels, museums, galleries, shops, and transit options than a typical New York block."
238.05,Entire home/apt,5.0,4.0,2.0,2.0,1.0,2.0,False,2.0,1.0,3.0,"This is a commercial and residential area with an unusually high concentration of bars, nightlife, dining, entertainment venues, and grocery stores. The block also features more cafes, gyms, sports facilities, hotels, landmarks, museums, galleries, parks, and shops than a typical New York block."
194.7,Entire home/apt,5.0,3.0,1.0,1.0,1.0,4.0,False,1.0,1.0,2.0,"This is a commercial and entertainment area with an unusually high concentration of bars, nightlife, dining, entertainment venues, hotels, and landmarks. It also features more cafes, grocery stores, gyms, museums, galleries, shops, and transit options than a typical New York block."
232.3,Entire home/apt,5.0,4.0,2.0,2.0,1.0,2.0,False,2.0,1.0,3.0,"This is a commercial and tourist-oriented area with an unusually high concentration of bars, nightlife, dining, entertainment venues, hotels, and landmarks. The block also features more cafes, grocery stores, gyms, museums, galleries, shops, and transit options than a typical New York block."
331.87,Entire home/apt,5.0,8.0,4.0,4.0,3.0,2.0,False,4.0,3.0,7.0,"This is a high-density urban area with an unusually high concentration of bars, nightlife, dining, entertainment venues, hotels, and landmarks. The area also features more cafes, grocery stores, gyms, museums, galleries, shops, and transit options than a typical New York block."
286.9,Entire home/apt,5.0,3.0,1.0,1.0,1.0,1.0,False,1.0,1.0,2.0,"This area has more bars, nightlife, dining, entertainment venues, and grocery stores than a typical New York block. It also contains more cafes, gyms, sports facilities, hotels, landmarks, sights, museums, galleries, parks, green spaces, and shops than average."
465.0,Private room,4.93,2.0,1.0,1.0,1.0,14.0,True,1.0,1.0,2.0,"This area has unusually many cafes, dining options, hotels, landmarks, sights, and parks, including Central Park. It also features a higher than typical concentration of bars, nightlife, entertainment venues, grocery stores, gyms, sports facilities, museums, galleries, pharmacies, shops, and transit access."
159.48,Entire home/apt,4.9,2.0,1.0,1.0,1.0,31.0,True,1.0,1.0,2.0,"This area has an unusually high concentration of bars, nightlife, cafes, gyms, sports facilities, and shops, with more dining, entertainment venues, grocery stores, and museums and galleries than typical. The block has fewer parks and green spaces than a typical New York block."
236.19,Private room,4.86,1.0,1.0,1.0,1.0,152.0,True,1.0,1.0,2.0,"This is a commercial and cultural area with an unusually high concentration of dining, grocery stores, gyms, sports facilities, landmarks, sights, museums, and galleries. It also features a higher than typical number of bars, nightlife options, cafes, entertainment venues, hotels, pharmacies, and shops."
265.5,Entire home/apt,4.71,3.0,3.0,1.0,1.0,7.0,False,1.0,1.0,2.0,"This area contains more landmarks, cafes, dining, grocery stores, hotels, museums, galleries, parks, green space, and pharmacies than a typical New York block. The Chrysler Building is located in this area."
213.4,Entire home/apt,4.8,3.0,2.0,2.0,1.0,153.0,True,2.0,1.0,3.0,"This area has more bars, nightlife, cafes, shops, dining, entertainment venues, gyms, sports, museums, galleries, and subway transit than a typical New York block. It has fewer parks and green spaces than a typical New York block."
3235.5,Entire home/apt,5.0,12.0,6.0,5.0,5.5,2.0,True,5.0,5.5,10.5,"This area contains a high concentration of pharmacies, cafes, grocery stores, hotels, landmarks, parks, and transit options, as well as an increased number of bars, restaurants, entertainment venues, gyms, museums, and shops. The Chrysler Building is located nearby."
136.43,Entire home/apt,5.0,2.0,2.0,2.0,1.0,8.0,True,2.0,1.0,3.0,"This area features an unusually high concentration of bars, nightlife, grocery stores, museums, galleries, and parks compared to a typical New York block."
224.9,Entire home/apt,4.25,2.0,1.0,1.0,1.0,4.0,False,1.0,1.0,2.0,"This area has unusually many dining options, gyms, sports facilities, and pharmacies, but unusually few parks and green spaces."
326.58,Entire home/apt,5.0,2.0,1.0,1.0,1.0,5.0,True,1.0,1.0,2.0,"This area has more landmarks, parks, cafes, hotels, museums, galleries, shops, and transit options than a typical New York block. It is located near the 9/11 Memorial & Museum, Manhattan Bridge, and One World Observatory."
167.05,Entire home/apt,5.0,2.0,1.0,1.0,1.0,1.0,False,1.0,1.0,2.0,"This area has a high concentration of bars, nightlife, cafes, gyms, sports facilities, and shops, with a higher than typical number of dining, entertainment, and museum or gallery options. The block has fewer pharmacies and subway or transit access than a typical New York block."
152.13,Entire home/apt,5.0,2.0,1.0,1.0,1.0,6.0,True,1.0,1.0,2.0,"This area has an unusually high density of cafes, grocery stores, hotels, landmarks and sights, museums and galleries, parks and green space, and pharmacies. It is located near the Chrysler Building and features more bars, nightlife, dining, entertainment venues, gyms, sports, shops, and transit options than a typical New York block."
298.7,Entire home/apt,5.0,5.0,2.0,2.0,1.0,1.0,False,2.0,1.0,3.0,"This area has an unusually high number of cafes, gyms, sports facilities, museums, galleries, and shops. It also has an above-average concentration of bars, nightlife, dining, hotels, landmarks, sights, and pharmacies, as well as subway and transit options."
759.67,Entire home/apt,5.0,6.0,3.0,2.0,2.0,1.0,False,2.0,2.0,4.0,"This area contains an unusually high number of landmarks, parks, museums, galleries, hotels, cafes, and transit options. Nearby locations include 9/11 Memorial & Museum, Manhattan Bridge, Battery Park, and Federal Hall."
61.05,Entire home/apt,5.0,1.0,1.0,1.0,1.0,1.0,True,1.0,1.0,2.0,"This area has an unusually high concentration of cafes, entertainment venues, gyms, sports facilities, hotels, shops, and transit options, as well as more bars, restaurants, grocery stores, landmarks, and museums than a typical block. It has fewer parks and green spaces than average and is located near Chelsea Market."
211.76,Entire home/apt,5.0,3.0,2.0,1.0,1.0,2.0,False,1.0,1.0,2.0,"This area contains an unusually high number of hotels, landmarks, sights, museums, galleries, and pharmacies. It also features a higher than average number of bars, nightlife, cafes, dining, entertainment venues, grocery stores, gyms, sports, parks, green space, and shops."
1095.5,Entire home/apt,4.59,6.0,3.0,3.0,2.0,69.0,False,3.0,2.0,5.0,"This is a highly commercial and transit-oriented area with an unusually high concentration of pharmacies, gyms, landmarks, museums, galleries, parks, shops, and transit options. It also features more bars, cafes, dining, and entertainment venues than a typical New York block."
912.94,Entire home/apt,4.9,8.0,4.0,3.0,2.0,49.0,True,3.0,2.0,5.0,"This area has unusually many grocery stores, museums, galleries, and shops. It is located near Washington Square Park."
259.21,Entire home/apt,5.0,2.0,1.0,1.0,1.0,4.0,False,1.0,1.0,2.0,"This area contains more parks, green space, cafes, hotels, landmarks, and pharmacies than a typical New York block. It is located near the Chrysler Building and features an above-average concentration of dining, nightlife, entertainment, grocery stores, gyms, museums, shops, and transit options."
449.71,Entire home/apt,5.0,2.0,1.0,1.0,1.0,1.0,False,1.0,1.0,2.0,"This area has a high concentration of dining, gyms, sports facilities, pharmacies, bars, nightlife, cafes, grocery stores, museums, galleries, shops, and transit options. It has fewer parks and green spaces than a typical New York block."
169.44,Entire home/apt,4.49,2.0,1.0,1.0,1.0,246.0,True,1.0,1.0,2.0,"This area has an unusually high concentration of bars, nightlife, dining, cafes, entertainment venues, grocery stores, gyms, hotels, landmarks, parks, pharmacies, shops, and transit options. Union Square is located in this area."
190.57,Entire home/apt,5.0,1.0,1.0,1.0,1.0,1.0,False,1.0,1.0,2.0,"This area near Wall Street, Battery Park, and South Street Seaport contains more landmarks, parks, and transit options than a typical New York block. It also features more cafes, hotels, bars, dining, entertainment venues, grocery stores, gyms, museums, and shops, but fewer pharmacies."
231.6,Entire home/apt,4.5,4.0,2.0,2.0,1.0,6.0,False,2.0,1.0,3.0,"This area contains more bars, nightlife, entertainment venues, cafes, dining, grocery stores, hotels, landmarks, sights, museums, galleries, and shops than a typical New York block."
304.27,Entire home/apt,5.0,3.0,1.0,1.0,1.0,1.0,False,1.0,1.0,2.0,"This is a commercial and recreational area with unusually many pharmacies, gyms, sports facilities, landmarks, sights, museums, galleries, parks, green spaces, shops, and transit options. It also features a high concentration of bars, nightlife, cafes, dining, and entertainment venues."
1433.75,Entire home/apt,5.0,4.0,2.0,2.0,2.0,20.0,True,2.0,2.0,4.0,"This area contains more museums, galleries, landmarks, parks, bars, cafes, entertainment venues, grocery stores, hotels, and shops than a typical New York block. It is located near The High Line, Central Park, Hudson Yards, Whitney Museum of American Art, Chelsea Market, and the Empire State Building."
121.07,Private room,4.69,2.0,1.0,1.0,1.0,139.0,False,1.0,1.0,2.0,"This area has more pharmacies, dining, gyms and sports, bars and nightlife, cafes, entertainment venues, grocery stores, landmarks and sights, museums and galleries, shops, and subway and transit than a typical New York block. There are no parks and green space nearby."
184.37,Entire home/apt,4.78,2.0,2.0,1.0,1.0,45.0,True,1.0,1.0,2.0,"This area contains more parks, entertainment venues, gyms, landmarks, shops, transit, bars, cafes, dining, hotels, and pharmacies than a typical New York block. Well-known places nearby include Central Park, The Dakota, and Lincoln Center."
126.99,Entire home/apt,4.36,2.0,2.0,1.0,1.0,11.0,False,1.0,1.0,2.0,"This area has a high concentration of bars, nightlife, cafes, gyms, sports facilities, and shops, with a higher than average number of dining, entertainment, museum, and gallery options. The block has fewer pharmacies and less access to subway and transit than a typical New York block."
237.83,Entire home/apt,5.0,4.0,2.0,1.0,1.0,2.0,True,1.0,1.0,2.0,"This area has an unusually high concentration of entertainment venues, gyms, sports facilities, landmarks, and parks. It is located near the Waldorf Astoria and Central Park."
63.95,Entire home/apt,4.86,1.0,1.0,1.0,1.0,7.0,True,1.0,1.0,2.0,"This area has an unusually high number of cafes, entertainment venues, hotels, shops, and subway and transit options, as well as more bars, nightlife, dining, gyms, sports, museums, and galleries than a typical block. It is located near Chelsea Market and The High Line."
498.5,Entire home/apt,4.89,4.0,2.0,1.0,1.0,54.0,True,1.0,1.0,2.0,"This area contains more parks and green space, bars, nightlife, cafes, hotels, and landmarks than a typical New York block. It is located near South Street Seaport and Wall Street."
1392.13,Entire home/apt,4.76,7.0,4.0,4.0,2.5,34.0,False,4.0,2.5,6.5,"This area has an unusually high concentration of bars, nightlife, cafes, museums, galleries, and parks. It has fewer pharmacies than a typical New York block."
521.01,Entire home/apt,5.0,6.0,2.0,1.0,1.5,1.0,False,1.0,1.5,2.5,"This area has unusually many bars, nightlife, dining, grocery stores, landmarks, and sights compared to a typical New York block. It also features an above-average number of cafes, entertainment venues, gyms, sports facilities, hotels, museums, galleries, parks, green spaces, pharmacies, and shops."
322.83,Entire home/apt,5.0,2.0,1.0,1.0,1.0,1.0,False,1.0,1.0,2.0,"This area has an unusually high concentration of gyms, sports facilities, museums, galleries, pharmacies, shops, and transit options. It also features more bars, nightlife, cafes, dining, grocery stores, and landmarks than a typical New York block."
169.98,Entire home/apt,4.78,2.0,2.0,1.0,1.0,18.0,False,1.0,1.0,2.0,"This area has more bars, nightlife, cafes, dining, entertainment venues, gyms, sports, museums, galleries, and shops than a typical New York block. It has fewer subway and transit options than a typical New York block."
70.07,Private room,4.55,2.0,2.0,1.0,1.0,174.0,False,1.0,1.0,2.0,"This is a commercial and entertainment area with an unusually high concentration of bars, nightlife, cafes, shops, dining, entertainment venues, gyms, sports facilities, museums, and galleries. The block has an unusually low amount of parks and green space."
143.8,Entire home/apt,4.81,6.0,3.0,2.0,1.0,67.0,True,2.0,1.0,3.0,"This area has more pharmacies, dining, shops, bars and nightlife, grocery stores, hotels, and subway and transit options than a typical New York block, but fewer parks and green spaces."
752.78,Entire home/apt,5.0,4.0,2.0,2.0,2.0,1.0,True,2.0,2.0,4.0,"This block is located in an area with a higher concentration of bars, nightlife, shops, cafes, dining, entertainment venues, gyms, sports facilities, hotels, parks, green space, and transit options than is typical for New York."
309.89,Entire home/apt,4.79,3.0,1.0,1.0,1.0,28.0,False,1.0,1.0,2.0,"This area has an unusually high number of cafes, parks, green spaces, and shops, and an unusually low number of pharmacies."
398.96,Entire home/apt,4.95,3.0,1.0,1.0,1.0,122.0,False,1.0,1.0,2.0,"This is an area with unusually many bars, nightlife, dining, entertainment venues, and grocery stores. It also has more gyms, sports facilities, hotels, landmarks, sights, museums, galleries, parks, green spaces, shops, and transit options than a typical New York block."
730.0,Entire home/apt,4.96,2.0,4.0,1.0,1.0,94.0,True,1.0,1.0,2.0,"This area has unusually many entertainment venues, hotels, landmarks, sights, and transit options compared to a typical New York block. It is located near Central Park, Columbus Circle, and the American Museum of Natural History."
233.21,Entire home/apt,4.93,2.0,1.0,1.0,1.0,14.0,False,1.0,1.0,2.0,"This area has an unusually high concentration of bars, nightlife, entertainment venues, and grocery stores compared to a typical New York block. It also features a higher than average number of cafes, dining options, hotels, landmarks, sights, museums, galleries, and shops."
413.0,Private room,4.96,2.0,1.0,1.0,1.0,173.0,True,1.0,1.0,2.0,"This area has an unusually high concentration of bars, nightlife, shops, cafes, dining, entertainment venues, gyms, sports facilities, hotels, parks, green space, and transit options compared to a typical New York block."
233.5,Entire home/apt,5.0,4.0,2.0,1.0,1.0,1.0,True,1.0,1.0,2.0,"This area contains an unusually high number of gyms, sports facilities, landmarks, sights, parks, green spaces, and shops. It is located near The Dakota, Central Park, and Waldorf Astoria."
136.8,Entire home/apt,4.67,2.0,1.0,1.0,1.0,12.0,False,1.0,1.0,2.0,"This area has an unusually high concentration of gyms, sports facilities, and pharmacies. It lacks nearby parks and green space."
193.6,Entire home/apt,4.92,4.0,3.0,2.0,2.0,136.0,False,2.0,2.0,4.0,"This area has an unusually high concentration of bars, nightlife, dining, cafes, entertainment venues, grocery stores, gyms, sports facilities, landmarks, sights, museums, galleries, parks, green space, pharmacies, shops, and subway transit options."
255.79,Entire home/apt,4.67,6.0,3.0,2.0,2.0,3.0,False,2.0,2.0,4.0,"This area has a high concentration of bars, nightlife, cafes, gyms, sports facilities, and shops, with a higher than typical number of dining, entertainment, museum, and gallery options. The block has fewer pharmacies and less access to subway and transit than typical New York blocks."
387.0,Entire home/apt,4.67,3.0,1.0,1.0,1.0,27.0,False,1.0,1.0,2.0,"This area has an unusually high number of gyms, sports facilities, shops, and transit options compared to a typical New York block. It also features a higher than average concentration of bars, nightlife, cafes, dining, entertainment venues, grocery stores, hotels, landmarks, and pharmacies."
218.5,Private room,4.68,2.0,1.0,1.0,1.0,34.0,False,1.0,1.0,2.0,"This area has an unusually high number of grocery stores, gyms, sports facilities, bars, nightlife, cafes, dining, entertainment venues, hotels, landmarks, sights, museums, galleries, pharmacies, and shops. It has an unusually low number of parks, green spaces, and subway transit options."
188.05,Entire home/apt,5.0,2.0,1.0,1.0,1.0,15.0,True,1.0,1.0,2.0,"This area is a commercial and cultural hub with an unusually high concentration of bars, hotels, landmarks, museums, and parks. Central Park is located nearby."
741.0,Private room,4.87,2.0,3.0,2.0,1.0,140.0,True,2.0,1.0,3.0,"This area has more parks, green space, bars, nightlife, cafes, museums, and galleries than a typical New York block, along with a higher concentration of dining, entertainment venues, grocery stores, gyms, sports, landmarks, sights, and shops. It has fewer pharmacies and no nearby subway or transit access."
571.43,Entire home/apt,4.63,8.0,3.0,3.0,1.0,46.0,False,3.0,1.0,4.0,"This is a dense urban area with an unusually high concentration of bars, nightlife, dining, grocery stores, landmarks, sights, parks, and green space. It also features a higher than typical number of pharmacies, cafes, entertainment venues, gyms, sports facilities, hotels, museums, galleries, shops, and transit options."
684.25,Entire home/apt,4.7,9.0,4.0,3.0,2.0,172.0,True,3.0,2.0,5.0,"This area has an unusually high number of grocery stores, hotels, landmarks and sights, museums and galleries, and pharmacies. It also has a higher than average number of bars and nightlife, cafes, dining, entertainment venues, gyms and sports, and shops."
376.87,Entire home/apt,4.6,6.0,4.0,2.0,1.0,5.0,False,2.0,1.0,3.0,"This area has more museums, galleries, parks, and green space than a typical New York block, and it is near The High Line, Empire State Building, Central Park, and Whitney Museum of American Art. It also has more bars, nightlife, cafes, entertainment venues, hotels, and landmarks than usual, but no nearby subway or transit."
233.14,Entire home/apt,5.0,2.0,1.0,1.0,1.0,1.0,False,1.0,1.0,2.0,"This is a commercial and residential area with an unusually high number of pharmacies, grocery stores, gyms, and sports facilities. It has fewer parks and green spaces than a typical New York block."
323.5,Private room,4.49,2.0,1.0,1.0,1.0,35.0,False,1.0,1.0,2.0,"This area has an unusually high concentration of grocery stores, gyms, sports facilities, landmarks, and sights. It has fewer parks, green spaces, and transit options than a typical New York block."
186.33,Entire home/apt,4.33,4.0,2.0,2.0,1.0,3.0,False,2.0,1.0,3.0,"This area has an unusually high density of bars, nightlife, shops, cafes, dining, gyms, sports, and hotels. It has fewer parks and green spaces than a typical New York block."
783.57,Entire home/apt,5.0,6.0,4.0,3.0,2.0,2.0,True,3.0,2.0,5.0,"This area has an unusually high number of bars, nightlife, cafes, gyms, sports, and shops, but fewer pharmacies than a typical New York block. It also has limited access to subway and transit options."
195.1,Entire home/apt,4.93,4.0,2.0,1.0,1.0,46.0,False,1.0,1.0,2.0,"This area has unusually many cafes, entertainment venues, hotels, shops, and transit options. It is located near Chelsea Market and The High Line."
165.2,Entire home/apt,4.73,2.0,1.0,2.0,1.0,11.0,False,2.0,1.0,3.0,"This area features an unusually high number of pharmacies compared to a typical New York block. It also has more shops, bars, nightlife, cafes, dining, entertainment venues, grocery stores, gyms, sports facilities, landmarks, museums, galleries, and transit options than average, but no parks or green space nearby."
237.83,Entire home/apt,4.5,4.0,2.0,2.0,1.0,2.0,False,2.0,1.0,3.0,"This area has an unusually high concentration of bars, nightlife, dining, entertainment venues, and grocery stores. It also features more cafes, gyms, sports facilities, hotels, landmarks, museums, galleries, shops, and transit options than a typical New York block."
539.01,Private room,4.67,2.0,1.0,1.0,1.0,3.0,False,1.0,1.0,2.0,"This area contains an unusually high number of cafes, hotels, landmarks and sights, and parks and green space. It also features a higher than average number of bars and nightlife, dining, entertainment venues, gyms and sports, museums and galleries, pharmacies, shops, and subway and transit options."
188.07,Entire home/apt,4.5,3.0,2.0,2.0,1.0,2.0,False,2.0,1.0,3.0,"This area has unusually many bars, nightlife, dining, entertainment venues, grocery stores, gyms, sports, hotels, landmarks, sights, museums, galleries, shops, and transit options."
161.44,Entire home/apt,4.29,2.0,1.0,1.0,1.0,7.0,False,1.0,1.0,2.0,"This area has more bars, nightlife, cafes, gyms, sports, dining, entertainment venues, museums, galleries, and shops than a typical New York block. It has fewer pharmacies and no nearby subway or transit."
250.75,Entire home/apt,4.33,3.0,1.0,1.0,1.0,3.0,False,1.0,1.0,2.0,"This is a commercial and transit-oriented area with an unusually high density of pharmacies, shops, nightlife, cafes, dining, entertainment venues, grocery stores, gyms, landmarks, museums, and transit options. It has a lack of nearby parks and green space."
468.61,Entire home/apt,4.47,6.0,3.0,3.0,1.0,15.0,False,3.0,1.0,4.0,"This area has more pharmacies, shops, bars and nightlife, cafes, dining, entertainment venues, grocery stores, gyms and sports, landmarks and sights, museums and galleries, and subway and transit options than a typical New York block. It has no parks and green space nearby."
403.53,Entire home/apt,5.0,4.0,3.0,2.0,2.0,2.0,False,2.0,2.0,4.0,"This area has an unusually high number of entertainment venues, landmarks, sights, and transit options. It is located near Central Park, Columbus Circle, and the American Museum of Natural History."
334.63,Entire home/apt,4.67,1.0,2.0,2.0,1.0,3.0,False,2.0,1.0,3.0,"This area has more parks, green space, entertainment venues, gyms, sports facilities, landmarks, sights, shops, and transit options than a typical New York block. Central Park and The Dakota are located nearby."
366.0,Entire home/apt,4.77,3.0,1.0,1.0,1.0,313.0,True,1.0,1.0,2.0,"This area has more parks and green space than a typical New York block. It also features a higher concentration of cafes, hotels, landmarks, bars, nightlife, dining, entertainment venues, gyms, sports, museums, galleries, pharmacies, shops, and transit options."
362.5,Entire home/apt,4.81,3.0,1.0,1.0,1.0,63.0,True,1.0,1.0,2.0,"This area has an above-average number of pharmacies, bars, nightlife, cafes, dining, entertainment venues, grocery stores, gyms, sports, landmarks, sights, museums, galleries, shops, and transit options. There are no parks or green spaces nearby."
564.5,Entire home/apt,4.71,2.0,2.0,2.0,1.0,111.0,False,2.0,1.0,3.0,"This area has an unusually high concentration of landmarks, museums, galleries, bars, nightlife, cafes, dining, entertainment venues, grocery stores, gyms, sports, hotels, pharmacies, and shops."
331.87,Entire home/apt,4.83,2.0,1.0,1.0,1.0,171.0,False,1.0,1.0,2.0,"This area has more parks, green space, bars, nightlife, landmarks, sights, museums, and galleries than a typical New York block. It also features more cafes, dining, entertainment venues, grocery stores, and gyms, but has less subway and transit access."
592.73,Entire home/apt,4.83,1.0,1.0,1.0,1.0,6.0,False,1.0,1.0,2.0,"This area has an unusually high density of bars, nightlife, hotels, landmarks, sights, and parks compared to a typical New York block. It also features a higher than average concentration of cafes, dining, entertainment venues, museums, galleries, shops, and transit options."
85.43,Private room,4.17,2.0,1.0,1.0,1.0,18.0,True,1.0,1.0,2.0,"This area has more bars, nightlife, dining, entertainment venues, grocery stores, gyms, sports facilities, hotels, landmarks, sights, museums, galleries, pharmacies, shops, and transit options than a typical New York block."
1490.0,Entire home/apt,4.9,10.0,5.0,4.0,3.0,125.0,True,4.0,3.0,7.0,"This area has more parks and green space than a typical New York block. It also features an above-average number of cafes, hotels, landmarks and sights, bars and nightlife, dining, entertainment venues, gyms and sports, museums and galleries, pharmacies, shops, and transit options."
987.33,Entire home/apt,4.66,6.0,3.0,3.0,2.0,41.0,False,3.0,2.0,5.0,"This is a commercial and cultural area with an unusually high density of pharmacies, gyms, sports facilities, landmarks, museums, galleries, parks, green spaces, shops, and transit options. It also features a higher than typical concentration of bars, nightlife, cafes, dining, and entertainment venues."
171.13,Entire home/apt,4.0,3.0,2.0,1.0,1.0,1.0,False,1.0,1.0,2.0,"This is a residential and commercial area that contains more pharmacies, grocery stores, gyms, and sports facilities than a typical New York block. It also features a higher concentration of landmarks, sights, bars, nightlife, cafes, dining, entertainment venues, museums, galleries, shops, and transit options than most blocks."
389.71,Entire home/apt,5.0,2.0,1.0,1.0,1.0,12.0,False,1.0,1.0,2.0,"This area has an unusually high number of gyms, sports facilities, museums, galleries, and pharmacies compared to a typical New York block."
754.5,Entire home/apt,4.89,10.0,6.0,3.0,2.0,9.0,True,3.0,2.0,5.0,"This is a dense urban area with an unusually high concentration of parks, green space, shops, bars, nightlife, cafes, dining, entertainment venues, gyms, sports facilities, landmarks, sights, museums, galleries, and transit access."
410.34,Entire home/apt,5.0,6.0,3.0,3.0,2.0,1.0,False,3.0,2.0,5.0,This area has more pharmacies than a typical New York block and lacks nearby parks or green space.
69.7,Private room,4.5,1.0,1.0,1.0,4.0,10.0,False,1.0,4.0,5.0,"This area has more bars, nightlife, dining, cafes, entertainment venues, grocery stores, gyms, sports, hotels, landmarks, sights, shops, and transit options than a typical New York block."
284.87,Entire home/apt,4.6,4.0,1.0,1.0,1.0,15.0,False,1.0,1.0,2.0,"This area has unusually many gyms, sports facilities, landmarks, sights, bars, nightlife, cafes, dining, grocery stores, pharmacies, shops, and transit options compared to a typical New York block."
167.8,Entire home/apt,5.0,3.0,2.0,1.0,1.0,1.0,False,1.0,1.0,2.0,"This area has an unusually high concentration of gyms, sports facilities, landmarks, sights, and pharmacies compared to a typical New York block. It also features a higher than average number of bars, nightlife venues, cafes, dining options, grocery stores, shops, museums, galleries, and transit access."
212.03,Entire home/apt,4.76,4.0,4.0,2.0,1.0,37.0,False,2.0,1.0,3.0,"This area has more parks, green space, gyms, sports facilities, landmarks, shops, transit options, cafes, dining, entertainment venues, hotels, and pharmacies than a typical New York block. Central Park and The Dakota are located nearby."
229.79,Entire home/apt,4.74,5.0,3.0,2.0,1.0,34.0,False,2.0,1.0,3.0,"This area has an unusually high concentration of gyms, sports facilities, and pharmacies. It also features more bars, nightlife, cafes, dining, grocery stores, shops, museums, galleries, and transit options than a typical New York block, while lacking nearby parks and green space."
277.61,Entire home/apt,5.0,5.0,2.0,2.0,1.0,1.0,False,2.0,1.0,3.0,"This area has unusually many museums, galleries, pharmacies, shops, bars, nightlife, cafes, dining, gyms, sports, landmarks, sights, and transit options compared to a typical New York block."
160.85,Entire home/apt,5.0,2.0,1.0,1.0,1.0,1.0,False,1.0,1.0,2.0,"This area has an unusually high concentration of hotels, landmarks, museums, galleries, and parks compared to a typical New York block. Central Park is located nearby."
137.33,Entire home/apt,4.56,2.0,1.0,1.0,1.0,16.0,False,1.0,1.0,2.0,"This area has an above-average concentration of gyms, sports facilities, pharmacies, bars, nightlife, dining, grocery stores, landmarks, museums, galleries, and shops. It has no nearby parks or green space."
236.23,Entire home/apt,4.83,2.0,1.0,1.0,1.0,12.0,True,1.0,1.0,2.0,"This area contains an unusually high concentration of museums, galleries, hotels, and parks, and features The High Line. It lacks nearby subway and transit access."
659.87,Entire home/apt,4.5,6.0,4.0,3.0,2.5,2.0,False,3.0,2.5,5.5,"This area has an unusually high concentration of gyms, sports facilities, landmarks, sights, pharmacies, and shops. It also features a higher than average number of bars, nightlife venues, cafes, dining options, grocery stores, museums, galleries, and transit access compared to a typical New York block."
258.74,Entire home/apt,4.85,2.0,1.0,1.0,1.0,59.0,True,1.0,1.0,2.0,"This area has an unusually high number of landmarks, sights, pharmacies, bars, nightlife, cafes, dining, entertainment venues, grocery stores, gyms, sports, hotels, museums, galleries, parks, green space, and shops."
210.2,Entire home/apt,4.67,4.0,2.0,2.0,1.0,3.0,False,2.0,1.0,3.0,"This area has an unusually high concentration of bars, nightlife, entertainment venues, landmarks, sights, cafes, dining, grocery stores, gyms, sports, hotels, parks, green space, shops, and transit options. It has an unusually low number of pharmacies."
182.53,Entire home/apt,4.53,6.0,2.0,1.0,1.0,168.0,False,1.0,1.0,2.0,"This area has more parks and green space, bars, nightlife, museums, galleries, cafes, dining, entertainment venues, grocery stores, gyms, sports facilities, and landmarks than a typical New York block. It has fewer subway and transit options than a typical New York block."
256.27,Entire home/apt,4.5,3.0,1.0,1.0,1.0,6.0,False,1.0,1.0,2.0,"This area has more pharmacies, gyms, sports facilities, bars, nightlife, dining, grocery stores, shops, museums, and galleries than a typical New York block. It has fewer parks and green spaces than a typical New York block."
206.13,Entire home/apt,4.93,2.0,1.0,1.0,1.0,61.0,False,1.0,1.0,2.0,"This area features more parks, green space, gyms, sports facilities, landmarks, transit options, cafes, dining, entertainment venues, hotels, pharmacies, and shops than a typical New York block. Central Park and The Dakota are located here."
243.37,Entire home/apt,5.0,4.0,2.0,2.0,2.0,3.0,False,2.0,2.0,4.0,"This area has an unusually high number of bars, nightlife, dining, and grocery stores compared to a typical New York block. It also features more entertainment venues, gyms, sports facilities, hotels, landmarks, sights, museums, galleries, and shops than average."
206.97,Entire home/apt,4.98,3.0,2.0,2.0,1.0,42.0,True,2.0,1.0,3.0,"This area has unusually many landmarks, parks, pharmacies, bars, nightlife, cafes, dining, entertainment venues, grocery stores, gyms, sports, hotels, and shops. Riverside Park is located nearby."
360.08,Entire home/apt,4.88,4.0,2.0,1.0,1.0,43.0,True,1.0,1.0,2.0,"This is an urban area with an unusually high density of pharmacies, gyms, sports facilities, landmarks, sights, museums, galleries, and parks. It also features a higher than average number of bars, nightlife venues, cafes, dining establishments, grocery stores, hotels, shops, and transit options."
272.94,Entire home/apt,4.99,3.0,3.0,1.0,1.0,74.0,True,1.0,1.0,2.0,"This is a commercial and tourist-oriented area with an unusually high density of grocery stores, hotels, landmarks, museums, galleries, and pharmacies. The block also features more bars, nightlife, cafes, dining, entertainment venues, gyms, sports facilities, parks, green spaces, and shops than a typical New York block."
528.56,Entire home/apt,4.8,4.0,2.0,1.0,1.0,169.0,True,1.0,1.0,2.0,"This area features an unusually high concentration of pharmacies, gyms, sports facilities, landmarks, sights, museums, galleries, and parks. It also contains more bars, nightlife, cafes, dining options, grocery stores, hotels, shops, and transit access than a typical New York block."
405.43,Entire home/apt,5.0,2.0,1.0,1.0,1.0,7.0,False,1.0,1.0,2.0,"This is a commercial and residential area with an unusually high number of bars, nightlife, grocery stores, pharmacies, landmarks, and sights. It also contains more cafes, dining options, entertainment venues, gyms, sports facilities, hotels, museums, galleries, and shops than a typical New York block."
240.74,Entire home/apt,4.91,3.0,2.0,2.0,1.0,23.0,True,2.0,1.0,3.0,"This area has an unusually high concentration of gyms, sports facilities, museums, galleries, and parks, while having fewer pharmacies than a typical New York block. Battery Park is located in this area."
281.15,Entire home/apt,4.33,4.0,1.0,1.0,1.0,3.0,False,1.0,1.0,2.0,"This area contains more museums, galleries, landmarks, parks, bars, cafes, entertainment venues, grocery stores, hotels, and shops than a typical New York block. Well-known places nearby include Hudson Yards, The High Line, Central Park, and Chelsea Market."
59.11,Entire home/apt,4.75,1.0,1.0,1.0,1.0,4.0,True,1.0,1.0,2.0,"This area has an unusually high concentration of entertainment venues, hotels, and transit options. It is located near Chelsea Market and The High Line."
59.11,Entire home/apt,5.0,1.0,1.0,1.0,1.0,4.0,True,1.0,1.0,2.0,"This area contains an unusually high number of entertainment venues, hotels, and transit options compared to a typical New York block. It is located near Chelsea Market and The High Line."
58.12,Entire home/apt,5.0,1.0,1.0,1.0,1.0,5.0,True,1.0,1.0,2.0,"This area contains an unusually high number of entertainment venues, hotels, and transit options. It is located near Chelsea Market and The High Line."
642.9,Entire home/apt,5.0,2.0,1.0,1.0,1.0,13.0,False,1.0,1.0,2.0,"This area has unusually many bars, nightlife, shops, cafes, dining, entertainment venues, gyms, sports, hotels, and parks compared to a typical New York block. It has unusually few pharmacies."
1042.48,Entire home/apt,4.6,8.0,3.0,3.0,2.0,109.0,True,3.0,2.0,5.0,"This area contains an unusually high number of gyms, sports facilities, landmarks, sights, museums, galleries, parks, green spaces, and pharmacies. It also features a higher than average number of bars, nightlife venues, cafes, dining options, grocery stores, hotels, shops, and transit access points."
160.75,Entire home/apt,4.0,3.0,1.0,1.0,1.0,1.0,False,1.0,1.0,2.0,"This area has more bars, nightlife, grocery stores, dining, entertainment venues, hotels, landmarks, sights, museums, galleries, parks, green space, and shops than a typical New York block."
1028.0,Private room,4.89,6.0,2.0,3.0,2.0,160.0,True,3.0,2.0,5.0,"This area contains an unusually high number of hotels, museums, galleries, parks, green spaces, and transit options compared to a typical New York block. It also features a higher concentration of bars, nightlife, cafes, dining, entertainment venues, gyms, sports facilities, landmarks, sights, and shops than is standard."
348.0,Entire home/apt,4.81,6.0,2.0,2.0,1.0,279.0,True,2.0,1.0,3.0,"This area has an unusually high concentration of hotels, landmarks, parks, and pharmacies. The Chrysler Building is located nearby."
193.6,Entire home/apt,4.5,3.0,1.0,1.0,1.0,8.0,False,1.0,1.0,2.0,"This area has unusually many bars, nightlife, dining, entertainment venues, grocery stores, gyms, sports, hotels, landmarks, sights, museums, galleries, pharmacies, and shops compared to a typical New York block."
250.63,Entire home/apt,4.91,3.0,2.0,1.0,1.0,23.0,True,1.0,1.0,2.0,"This area has an unusually high density of parks, green space, bars, nightlife, cafes, dining, entertainment venues, grocery stores, gyms, sports facilities, hotels, pharmacies, shops, and transit options. Central Park is located nearby."
206.5,Entire home/apt,4.0,2.0,1.0,1.0,1.0,1.0,False,1.0,1.0,2.0,"This area contains an unusually high number of parks, green spaces, bars, nightlife, cafes, dining, entertainment venues, grocery stores, gyms, sports facilities, hotels, landmarks, sights, museums, galleries, pharmacies, shops, and transit options. Central Park is located nearby."
208.01,Entire home/apt,4.67,4.0,2.0,1.0,1.0,9.0,False,1.0,1.0,2.0,"This is a commercial and residential area with an unusually high number of bars, nightlife venues, grocery stores, pharmacies, landmarks, and sights. It also features a higher than typical concentration of cafes, dining establishments, hotels, museums, galleries, and shops."
310.87,Private room,5.0,1.0,1.0,2.0,1.5,10.0,False,2.0,1.5,3.5,"This area has more bars, nightlife, cafes, dining, entertainment venues, gyms, sports, museums, galleries, shops, and transit options than a typical New York block. The American Museum of Natural History is located nearby."
209.9,Entire home/apt,4.91,4.0,2.0,1.0,1.0,23.0,True,1.0,1.0,2.0,"This area has an above-average number of pharmacies, bars, nightlife, cafes, dining, gyms, sports, landmarks, sights, museums, galleries, and shops. It has no parks or green space nearby."
210.57,Entire home/apt,5.0,3.0,2.0,2.0,1.0,8.0,True,2.0,1.0,3.0,"This area has an unusually high number of gyms, sports facilities, bars, nightlife, cafes, dining, entertainment venues, museums, galleries, and shops. It has an unusually low number of pharmacies and subway transit options."
190.0,Private room,4.59,2.0,2.0,1.0,1.0,118.0,False,1.0,1.0,2.0,"This area has more entertainment venues, gyms, sports facilities, bars, nightlife, cafes, dining, grocery stores, hotels, parks, green space, pharmacies, shops, and transit options than a typical New York block. Chelsea Market and The High Line are nearby."
174.0,Private room,4.39,2.0,2.0,1.0,1.0,494.0,False,1.0,1.0,2.0,"This area has more entertainment venues, gyms, sports facilities, bars, nightlife, cafes, dining, grocery stores, hotels, parks, green space, pharmacies, shops, and transit options than a typical New York block. Chelsea Market and The High Line are located nearby."
170.0,Private room,4.64,2.0,2.0,1.0,1.0,194.0,False,1.0,1.0,2.0,"This area has more entertainment venues, gyms, sports facilities, bars, nightlife, cafes, dining, grocery stores, hotels, parks, green space, pharmacies, shops, and transit options than a typical New York block. Chelsea Market and The High Line are located nearby."
203.0,Private room,4.54,2.0,2.0,1.0,1.0,454.0,False,1.0,1.0,2.0,"This is an area with unusually many entertainment venues, gyms, sports facilities, bars, nightlife, cafes, dining, grocery stores, hotels, parks, green space, pharmacies, shops, and subway and transit options. Nearby places include Chelsea Market and The High Line."
477.5,Entire home/apt,4.95,2.0,1.0,1.0,1.0,80.0,False,1.0,1.0,2.0,"This area has more museums and galleries than most blocks, as well as more parks, green space, bars, nightlife, cafes, dining, entertainment venues, hotels, landmarks, sights, and shops, but no nearby subway or transit. The High Line is located here."
214.0,Private room,4.45,2.0,2.0,1.0,1.0,219.0,False,1.0,1.0,2.0,"This is a mixed-use area with an unusually high concentration of entertainment venues, gyms, sports facilities, bars, nightlife, cafes, dining, grocery stores, hotels, parks, green space, pharmacies, shops, and subway transit. The area includes Chelsea Market and The High Line."
264.0,Private room,4.72,2.0,2.0,1.0,1.0,111.0,False,1.0,1.0,2.0,"This area has an unusually high number of entertainment venues, gyms and sports facilities, bars and nightlife, cafes, dining, grocery stores, hotels, parks and green space, pharmacies, shops, and subway and transit options. Chelsea Market and The High Line are located nearby."
236.73,Entire home/apt,4.83,4.0,2.0,2.0,1.0,12.0,False,2.0,1.0,3.0,"This area has a higher concentration of pharmacies, landmarks, museums, galleries, parks, bars, cafes, dining, grocery stores, gyms, hotels, shops, and transit options than a typical New York block."
444.7,Entire home/apt,4.93,4.0,3.0,2.0,2.0,14.0,True,2.0,2.0,4.0,"This area has an unusually high number of gyms, sports facilities, landmarks, and sights. It is located near Riverside Park and the Waldorf Astoria."
503.31,Entire home/apt,4.89,2.0,2.0,1.0,1.0,72.0,False,1.0,1.0,2.0,"This area contains more museums, galleries, landmarks, parks, shops, cafes, pharmacies, and transit options than a typical New York block. It is located near Central Park and The Frick Collection."
225.0,Private room,4.62,2.0,3.0,1.0,1.0,63.0,False,1.0,1.0,2.0,"This area has an unusually high number of entertainment venues, gyms, sports facilities, bars, nightlife, cafes, dining, grocery stores, hotels, parks, green space, shops, and subway transit options. The block is located near Chelsea Market and The High Line."
159.76,Private room,4.5,2.0,1.0,1.0,1.0,105.0,False,1.0,1.0,2.0,"This is a commercial and residential area with an unusually high concentration of pharmacies compared to a typical New York block. It also features a higher density of gyms, sports facilities, bars, nightlife, cafes, dining, grocery stores, landmarks, museums, galleries, and shops than most blocks."
674.0,Entire home/apt,5.0,10.0,5.0,2.0,1.0,3.0,False,2.0,1.0,3.0,"This area contains an unusually high number of gyms, landmarks, bars, cafes, dining options, entertainment venues, hotels, museums, galleries, shops, and transit access. Well-known places nearby include Riverside Park and Waldorf Astoria."
111.0,Private room,2.0,1.0,1.0,1.0,1.0,2.0,False,1.0,1.0,2.0,"This area has more parks and green space, bars, nightlife, museums, galleries, cafes, dining, entertainment venues, grocery stores, gyms, sports, and landmarks than a typical New York block. It has fewer subway and transit options than a typical New York block."
211.57,Entire home/apt,4.87,3.0,1.0,1.0,1.0,15.0,True,1.0,1.0,2.0,"This is a commercial and residential area with more pharmacies than a typical New York block. It also has a higher concentration of bars, nightlife, cafes, dining, entertainment venues, grocery stores, gyms, sports facilities, landmarks, museums, galleries, shops, and transit options, but no nearby parks or green space."
362.03,Entire home/apt,5.0,2.0,1.0,1.0,1.0,19.0,False,1.0,1.0,2.0,"This is a commercial and cultural area that contains more museums, galleries, shops, cafes, gyms, sports facilities, landmarks, and green spaces than a typical New York block. The Metropolitan Museum of Art and the Empire State Building are located nearby."
65.89,Entire home/apt,4.0,1.0,1.0,1.0,1.0,1.0,True,1.0,1.0,2.0,"This area features an unusually high concentration of entertainment venues, hotels, parks, green space, and transit options. It is located near Chelsea Market and The High Line."
179.85,Entire home/apt,4.86,2.0,1.0,1.0,1.0,14.0,True,1.0,1.0,2.0,"This is a commercial and recreational area with an unusually high density of gyms, sports facilities, and pharmacies."
307.0,Entire home/apt,4.69,3.0,1.0,1.0,1.0,253.0,True,1.0,1.0,2.0,"This area has an unusually high number of bars, nightlife, grocery stores, dining, entertainment venues, hotels, landmarks, sights, museums, galleries, pharmacies, and shops compared to a typical New York block."
59.11,Entire home/apt,5.0,1.0,1.0,1.0,1.0,1.0,True,1.0,1.0,2.0,"This area features an unusually high concentration of entertainment venues, hotels, parks, green space, and transit options. The High Line and Chelsea Market are located here."
263.08,Entire home/apt,4.5,3.0,1.0,1.0,1.0,4.0,False,1.0,1.0,2.0,"This area has unusually many entertainment venues, gyms, sports facilities, landmarks, sights, parks, and green spaces. It is located near Waldorf Astoria and Riverside Park."
252.0,Private room,4.95,1.0,1.0,1.0,1.0,157.0,True,1.0,1.0,2.0,"This area has unusually many bars, nightlife, cafes, dining, entertainment venues, gyms, sports, hotels, museums, galleries, parks, green space, and shops. It has unusually few pharmacies."
202.43,Entire home/apt,4.91,2.0,1.0,1.0,1.0,266.0,True,1.0,1.0,2.0,"This area has an unusually high number of shops, subway and transit options, dining, entertainment venues, gyms and sports facilities, hotels, landmarks and sights, and pharmacies compared to a typical New York block."
168.61,Entire home/apt,5.0,2.0,1.0,1.0,1.0,4.0,True,1.0,1.0,2.0,"This area has an unusually high concentration of museums, galleries, pharmacies, shops, and transit options. It also features more cafes, gyms, and landmarks than a typical New York block."
282.4,Entire home/apt,4.78,5.0,3.0,2.0,1.0,94.0,False,2.0,1.0,3.0,"This is a residential area with more parks and green space than a typical New York block. It features an above-average number of museums, galleries, bars, nightlife, cafes, dining, entertainment venues, gyms, sports facilities, hotels, landmarks, shops, and transit options, including the American Museum of Natural History and Riverside Park."
516.8,Entire home/apt,5.0,8.0,4.0,4.0,4.5,41.0,True,4.0,4.5,8.5,"This area has an unusually high concentration of bars, nightlife, gyms, sports facilities, cafes, dining, entertainment venues, museums, galleries, and shops compared to a typical New York block."
132.38,Entire home/apt,4.48,4.0,2.0,2.0,1.0,25.0,True,2.0,1.0,3.0,"This area has an unusually high concentration of bars, nightlife, cafes, dining, grocery stores, hotels, museums, galleries, pharmacies, and shops. It also features a high number of landmarks and sights."
237.28,Entire home/apt,2.67,4.0,2.0,2.0,1.0,3.0,False,2.0,1.0,3.0,"This area has an above-average number of cafes, dining, grocery stores, pharmacies, shops, and transit options. It also features a high concentration of gyms, sports facilities, parks, green spaces, and landmarks."
175.2,Entire home/apt,5.0,2.0,1.0,1.0,1.0,5.0,True,1.0,1.0,2.0,"This area has an unusually high density of bars, nightlife, cafes, dining, grocery stores, hotels, museums, galleries, pharmacies, and shops compared to a typical New York block. It also features an above-average number of landmarks and sights."
224.81,Entire home/apt,4.92,2.0,1.0,1.0,1.0,12.0,True,1.0,1.0,2.0,"This area has an unusually high density of bars, nightlife, cafes, dining, grocery stores, hotels, museums, galleries, pharmacies, and shops. It also features an above-average number of landmarks and sights."
1272.78,Entire home/apt,5.0,6.0,4.0,3.0,2.5,5.0,True,3.0,2.5,5.5,"This is a dense urban area with an unusually high concentration of landmarks, entertainment venues, parks, dining, nightlife, cafes, hotels, museums, shops, pharmacies, and transit options. Nearby locations include Columbus Circle, Central Park, American Museum of Natural History, and Lincoln Center."
245.97,Entire home/apt,5.0,2.0,1.0,1.0,1.0,1.0,False,1.0,1.0,2.0,"This area has an unusually high concentration of hotels, bars, nightlife, cafes, dining, entertainment venues, grocery stores, gyms, sports facilities, landmarks, sights, parks, green space, shops, and transit options, but fewer pharmacies than a typical New York block. Hudson Yards and The High Line are located nearby."
182.17,Entire home/apt,5.0,2.0,1.0,1.0,1.0,1.0,False,1.0,1.0,2.0,"This area contains more parks, green space, bars, nightlife, cafes, dining, entertainment venues, grocery stores, gyms, sports facilities, hotels, landmarks, sights, pharmacies, shops, and transit options than a typical New York block. Central Park is located nearby."
133.72,Entire home/apt,2.0,2.0,1.0,1.0,1.0,1.0,False,1.0,1.0,2.0,"This area has an unusually high concentration of gyms, sports facilities, pharmacies, bars, nightlife, cafes, dining, grocery stores, shops, and landmarks."
130.9,Entire home/apt,5.0,2.0,1.0,1.0,1.0,9.0,True,1.0,1.0,2.0,"This area has an unusually high concentration of bars, nightlife, cafes, dining, entertainment venues, gyms, sports, museums, galleries, and shops compared to a typical New York block."
296.67,Private room,4.71,3.0,2.0,2.0,1.0,21.0,False,2.0,1.0,3.0,"This area contains more parks and green space than a typical New York block. It also features an above average number of museums, galleries, bars, nightlife, cafes, dining, entertainment venues, gyms, sports, hotels, landmarks, sights, pharmacies, and shops, including the American Museum of Natural History and Central Park."
375.09,Entire home/apt,5.0,2.0,1.0,1.0,1.0,11.0,False,1.0,1.0,2.0,"This area has more museums, galleries, shops, cafes, landmarks, parks, pharmacies, and transit options than a typical New York block, but fewer grocery stores. The Metropolitan Museum of Art and Central Park are located nearby."
89.15,Entire home/apt,4.8,1.0,1.0,1.0,1.0,5.0,True,1.0,1.0,2.0,"This area has an unusually high concentration of entertainment venues, subway and transit options, bars and nightlife, cafes, dining, grocery stores, gyms and sports, hotels, museums and galleries, parks and green space, and shops. Chelsea Market and The High Line are located here."
59.11,Entire home/apt,4.8,1.0,1.0,1.0,1.0,5.0,True,1.0,1.0,2.0,"This area has an unusually high number of entertainment venues, subway and transit options, bars, cafes, dining, grocery stores, gyms, hotels, museums, galleries, parks, and shops. It is located near Chelsea Market and The High Line."
1627.73,Entire home/apt,5.0,8.0,4.0,4.0,4.5,1.0,True,4.0,4.5,8.5,"This area has more parks, green space, gyms, sports facilities, landmarks, sights, museums, and galleries than a typical New York block. It also has more bars, nightlife, cafes, dining, entertainment venues, hotels, shops, and subway transit, but fewer pharmacies."
249.81,Entire home/apt,3.5,3.0,1.0,1.0,1.0,2.0,False,1.0,1.0,2.0,"This is an area with unusually many entertainment venues, gyms and sports facilities, landmarks and sights, parks and green space, bars and nightlife, cafes, dining, hotels, pharmacies, shops, and transit options. Well-known places nearby include Waldorf Astoria and Riverside Park."
258.14,Entire home/apt,4.4,3.0,1.0,1.0,1.0,5.0,False,1.0,1.0,2.0,"This area contains an unusually high number of entertainment venues, gyms, sports facilities, landmarks, sights, and parks. Waldorf Astoria and Riverside Park are located nearby."
740.0,Entire home/apt,4.93,2.0,1.0,1.0,1.0,42.0,True,1.0,1.0,2.0,"This area has an unusually high concentration of bars, nightlife, grocery stores, dining, entertainment venues, hotels, landmarks, museums, galleries, pharmacies, and shops compared to a typical New York block."
112.28,Entire home/apt,5.0,4.0,2.0,2.0,2.0,1.0,False,2.0,2.0,4.0,"This area has an unusually high concentration of pharmacies, bars, nightlife, cafes, dining, grocery stores, hotels, landmarks, sights, museums, and galleries compared to a typical New York block."
238.83,Entire home/apt,4.7,2.0,2.0,1.0,1.0,40.0,False,1.0,1.0,2.0,"This area has more parks, entertainment venues, gyms, landmarks, cafes, dining, hotels, shops, and transit options than a typical New York block, but fewer grocery stores. Central Park, The Dakota, and Lincoln Center are located nearby."
87.77,Private room,4.94,1.0,1.0,1.0,1.0,17.0,False,1.0,1.0,2.0,"This area has an unusually high number of landmarks, nightlife, cafes, dining, entertainment venues, grocery stores, gyms, hotels, museums, parks, and shops, including South Street Seaport. It has an unusually low number of subway and transit options."
224.77,Entire home/apt,4.5,2.0,1.0,1.0,1.0,2.0,False,1.0,1.0,2.0,"This area has more bars, nightlife, entertainment venues, cafes, dining, grocery stores, hotels, and landmarks than a typical New York block."
585.78,Private room,4.64,3.0,2.0,1.0,1.0,14.0,False,1.0,1.0,2.0,"This area has unusually many gyms, sports facilities, landmarks, sights, and parks. It is located near Riverside Park and the Waldorf Astoria."
181.95,Entire home/apt,5.0,2.0,2.0,1.0,1.0,11.0,False,1.0,1.0,2.0,"This is a commercial and residential area with an unusually high number of gyms, sports facilities, pharmacies, bars, nightlife venues, cafes, dining establishments, grocery stores, shops, and landmarks."
1248.0,Entire home/apt,5.0,5.0,3.0,2.0,2.0,41.0,False,2.0,2.0,4.0,"This area has unusually many entertainment venues, landmarks and sights, bars and nightlife, cafes, dining, grocery stores, gyms and sports, hotels, parks and green space, and subway and transit. It has unusually few pharmacies."
272.87,Entire home/apt,5.0,3.0,1.0,1.0,1.0,2.0,False,1.0,1.0,2.0,"This area has an unusually high density of landmarks, sights, pharmacies, bars, nightlife, cafes, dining, grocery stores, hotels, museums, galleries, and shops."
59.11,Entire home/apt,5.0,1.0,1.0,1.0,1.0,2.0,True,1.0,1.0,2.0,"This area features an unusually high concentration of hotels, parks, green space, and transit options compared to a typical New York block. It also contains more bars, nightlife, cafes, dining, entertainment venues, grocery stores, museums, galleries, and shops than average, with The High Line, Chelsea Market, and Hudson Yards located nearby."
1066.68,Entire home/apt,4.64,6.0,3.0,1.0,1.0,107.0,False,1.0,1.0,2.0,"This is a commercial and residential area with an unusually high density of pharmacies, bars, nightlife, cafes, dining, grocery stores, gyms, sports, landmarks, sights, and shops."
850.0,Entire home/apt,4.81,7.0,3.0,3.0,1.0,75.0,True,3.0,1.0,4.0,"This area has an unusually high concentration of gyms, sports facilities, landmarks, sights, parks, green space, cafes, dining, entertainment venues, hotels, pharmacies, shops, and transit options. It is located near Waldorf Astoria and Riverside Park."
200.26,Entire home/apt,4.44,3.0,2.0,2.0,1.0,9.0,False,2.0,1.0,3.0,"This area has an unusually high number of grocery stores, gyms, sports facilities, landmarks, sights, and pharmacies. It also features more bars, nightlife, cafes, dining, museums, galleries, and shops than a typical New York block."
540.92,Entire home/apt,4.86,4.0,2.0,2.0,1.5,319.0,True,2.0,1.5,3.5,"This area has an unusually high number of museums, galleries, parks, green spaces, bars, nightlife, cafes, dining, entertainment venues, grocery stores, gyms, sports, landmarks, sights, and shops. It is located near Washington Square Park and has fewer subway and transit options than a typical New York block."
240.0,Hotel room,2.0,2.0,1.0,1.0,1.0,2.0,False,1.0,1.0,2.0,"This area has more parks, green space, gyms, sports facilities, and landmarks than a typical New York block, along with more cafes, dining, entertainment venues, hotels, and shops, but fewer grocery stores. Central Park and The Dakota are located nearby."
369.67,Entire home/apt,4.44,4.0,2.0,2.0,1.0,16.0,False,2.0,1.0,3.0,"This area has more gyms, sports facilities, landmarks, sights, museums, galleries, parks, and green spaces than a typical New York block. It also features a higher concentration of dining, hotels, pharmacies, shops, and transit options."
246.77,Entire home/apt,5.0,4.0,2.0,2.0,1.0,1.0,False,2.0,1.0,3.0,"This area features more bars, nightlife, entertainment venues, dining, grocery stores, hotels, landmarks, museums, galleries, and shops than a typical New York block. It has fewer subway and transit options than a typical New York block."
311.0,Entire home/apt,5.0,4.0,2.0,2.0,3.0,8.0,False,2.0,3.0,5.0,"This area has many bars, nightlife, cafes, dining, entertainment venues, gyms, sports, parks, green space, and shops. It has few grocery stores and pharmacies."
328.93,Private room,4.91,2.0,1.0,2.0,1.0,127.0,False,2.0,1.0,3.0,"This area has more bars, nightlife, dining, entertainment venues, grocery stores, hotels, landmarks, sights, museums, galleries, and shops than a typical New York block. It has fewer subway and transit options than a typical New York block."
94.03,Shared room,4.87,1.0,2.0,1.0,1.0,23.0,False,1.0,1.0,2.0,"This area has more entertainment venues, gyms, sports facilities, landmarks, sights, parks, green space, cafes, dining, hotels, pharmacies, shops, and transit options than a typical New York block. Lincoln Center is located nearby."
268.0,Private room,4.43,2.0,1.0,1.0,1.0,23.0,False,1.0,1.0,2.0,"This area has more bars, nightlife, dining, gyms, sports, hotels, museums, galleries, shops, and transit options than a typical New York block. It has less green space than a typical New York block."
868.0,Entire home/apt,5.0,4.0,1.0,1.0,1.0,13.0,True,1.0,1.0,2.0,"This is an area with an unusually high number of parks, green spaces, bars, nightlife, cafes, dining options, grocery stores, hotels, landmarks, sights, pharmacies, and shops."
283.93,Entire home/apt,4.94,6.0,3.0,2.0,1.0,134.0,True,2.0,1.0,3.0,"This area has more bars, nightlife, cafes, dining, gyms, sports, museums, galleries, and shops than a typical New York block. It has less green space than a typical New York block."
3318.53,Entire home/apt,4.75,9.0,3.0,2.0,2.5,8.0,False,2.0,2.5,4.5,"This area has an unusually high concentration of entertainment venues, gyms, sports facilities, landmarks, and parks. The Waldorf Astoria and Riverside Park are located nearby."
188.96,Entire home/apt,2.67,2.0,1.0,1.0,1.0,3.0,False,1.0,1.0,2.0,"This area has more parks and green space than a typical New York block, as well as an above average number of bars, cafes, dining, entertainment venues, grocery stores, gyms, hotels, landmarks, pharmacies, shops, and subway transit options. Central Park is located nearby."
170.38,Entire home/apt,4.83,2.0,1.0,1.0,1.0,12.0,True,1.0,1.0,2.0,"This area has an unusually high concentration of pharmacies, bars, nightlife, cafes, dining, grocery stores, gyms, sports, landmarks, sights, and shops compared to a typical New York block."
100.04,Entire home/apt,4.85,2.0,1.0,1.0,1.0,20.0,False,1.0,1.0,2.0,"This area has a high concentration of gyms, sports facilities, bars, nightlife, cafes, dining, entertainment venues, museums, galleries, and shops. It has fewer pharmacies and subway transit options than a typical New York block."
195.27,Entire home/apt,4.13,4.0,2.0,1.0,1.0,8.0,False,1.0,1.0,2.0,"This is a residential area with an unusually high concentration of gyms, sports facilities, parks, green spaces, bars, nightlife, cafes, dining, grocery stores, landmarks, sights, museums, galleries, pharmacies, and shops."
255.9,Entire home/apt,4.89,2.0,2.0,1.0,1.0,9.0,False,1.0,1.0,2.0,"This area has more parks and green space than a typical New York block, as well as a higher concentration of museums, galleries, cafes, dining, entertainment venues, gyms, sports facilities, hotels, landmarks, sights, and shops, but fewer pharmacies. The American Museum of Natural History is located nearby."
165.93,Entire home/apt,4.95,3.0,2.0,1.0,1.0,19.0,True,1.0,1.0,2.0,"This is a mixed-use area with an above average concentration of bars, nightlife, cafes, dining, grocery stores, hotels, landmarks, parks, pharmacies, and transit options."
173.95,Entire home/apt,4.61,2.0,2.0,1.0,1.0,114.0,True,1.0,1.0,2.0,"This is a mixed-use area with a high concentration of grocery stores, cafes, dining, entertainment venues, gyms, hotels, landmarks, parks, pharmacies, shops, and transit options. Central Park is located nearby."
277.26,Entire home/apt,5.0,2.0,1.0,1.0,1.0,1.0,False,1.0,1.0,2.0,"This area has an above average number of bars, nightlife, cafes, dining, grocery stores, hotels, landmarks, sights, museums, galleries, shops, and transit options. It is located near Hudson Yards and The High Line."
200.0,Private room,4.91,2.0,1.0,1.0,1.0,99.0,True,1.0,1.0,2.0,"This is a residential and commercial area with an unusually high concentration of landmarks, parks, green space, bars, nightlife, cafes, dining, gyms, sports, hotels, museums, galleries, pharmacies, and transit options."
310.26,Entire home/apt,5.0,6.0,3.0,3.0,2.0,1.0,False,3.0,2.0,5.0,"This area has an unusually high number of grocery stores, subway and transit options, cafes, dining, entertainment venues, gyms and sports, hotels, landmarks and sights, pharmacies, and shops."
173.57,Entire home/apt,4.88,2.0,1.0,1.0,1.0,57.0,True,1.0,1.0,2.0,"This is an area with an above average concentration of bars, nightlife, cafes, dining, entertainment venues, gyms, sports, hotels, landmarks, sights, parks, green space, and shops. Riverside Park and Waldorf Astoria are located nearby."
213.5,Entire home/apt,4.75,4.0,2.0,2.0,1.0,12.0,False,2.0,1.0,3.0,"This area has more parks, green space, pharmacies, dining options, gyms, sports facilities, hotels, landmarks, sights, museums, galleries, and shops than a typical New York block."
20.57,Shared room,5.0,1.0,2.0,1.0,1.0,2.0,False,1.0,1.0,2.0,"This is a commercial and nightlife area with more pharmacies, bars, restaurants, hotels, and shops than a typical New York block. It has less park space and transit access than a typical block."
248.9,Entire home/apt,4.75,3.0,1.0,2.0,1.0,8.0,False,2.0,1.0,3.0,"This area contains an unusually high number of entertainment venues, bars, nightlife, dining, grocery stores, hotels, landmarks, sights, museums, and galleries. It has fewer subway and transit options than a typical New York block."
110.8,Entire home/apt,5.0,2.0,1.0,1.0,1.0,1.0,True,1.0,1.0,2.0,"This area has more bars, nightlife, dining, entertainment venues, grocery stores, landmarks, sights, museums, and galleries than a typical New York block."
1600.14,Entire home/apt,5.0,14.0,6.0,6.0,4.5,35.0,True,6.0,4.5,10.5,"This area has more pharmacies, cafes, dining, gyms, sports, landmarks, sights, museums, galleries, shops, and transit options than a typical New York block. It has less green space than a typical block."
248.9,Entire home/apt,5.0,5.0,3.0,3.0,1.0,1.0,False,3.0,1.0,4.0,"This area has an above average number of entertainment venues, bars, nightlife, dining, grocery stores, hotels, landmarks, sights, museums, and galleries. It has fewer subway and transit options than a typical New York block."
492.58,Entire home/apt,4.0,6.0,2.0,2.0,2.0,1.0,False,2.0,2.0,4.0,"This area has an unusually high concentration of landmarks, museums, galleries, bars, nightlife, cafes, dining, hotels, parks, and shops. It has an unusually low amount of subway and transit access."
82.96,Private room,4.83,1.0,1.0,2.0,1.0,6.0,True,2.0,1.0,3.0,"This area has more subway and transit, bars and nightlife, dining, entertainment venues, gyms and sports, pharmacies, and shops than a typical New York block. It has fewer hotels than a typical New York block."
337.4,Entire home/apt,4.5,2.0,2.0,2.0,1.0,2.0,False,2.0,1.0,3.0,"This area contains more landmarks, parks, dining, gyms, hotels, museums, pharmacies, shops, and transit options than a typical New York block."
230.3,Entire home/apt,5.0,2.0,1.0,1.0,1.0,11.0,False,1.0,1.0,2.0,"This area has an unusually high concentration of landmarks, museums, galleries, parks, green space, dining, gyms, sports, hotels, pharmacies, shops, and transit options compared to a typical New York block."
147.5,Entire home/apt,4.55,2.0,1.0,1.0,1.0,20.0,True,1.0,1.0,2.0,"This area has more parks, green space, bars, nightlife, cafes, dining, grocery stores, and pharmacies than a typical New York block."
46.47,Private room,4.0,2.0,1.0,1.0,1.0,1.0,False,1.0,1.0,2.0,"This is a residential and commercial area with an unusually high number of pharmacies, grocery stores, shops, and dining options. There are no museums or galleries nearby."
738.34,Entire home/apt,4.46,7.0,3.0,3.0,2.0,41.0,False,3.0,2.0,5.0,"This is a commercial area with a high concentration of pharmacies, dining, gyms, sports facilities, shops, and landmarks."
344.0,Entire home/apt,5.0,4.0,1.0,1.0,1.0,4.0,True,1.0,1.0,2.0,"This area has unusually many landmarks, parks, bars, dining options, hotels, and museums compared to a typical New York block, but fewer grocery stores. Central Park is located nearby."
470.5,Private room,5.0,6.0,3.0,3.0,1.5,117.0,False,3.0,1.5,4.5,"This is a commercial and nightlife area with an unusually high density of pharmacies, bars, dining, and shops. It has fewer hotels, museums, galleries, landmarks, parks, and transit options than a typical New York block."
128.49,Entire home/apt,4.76,6.0,5.0,2.0,1.5,179.0,True,2.0,1.5,3.5,"This is an area with more pharmacies, grocery stores, bars, nightlife, dining, and shops than a typical New York block. There are no museums or galleries nearby."
73.6,Private room,5.0,2.0,1.0,1.0,2.0,3.0,True,1.0,2.0,3.0,"This area has an unusually high concentration of pharmacies, bars, nightlife, dining, and shops. It has fewer hotels, landmarks, sights, museums, galleries, parks, green spaces, and transit options than a typical New York block."
276.97,Entire home/apt,4.7,3.0,2.0,2.0,1.0,44.0,False,2.0,1.0,3.0,"This is a commercial and transit-heavy area with an above-average concentration of bars, nightlife, cafes, dining, grocery stores, pharmacies, shops, and subway access."
2006.2,Entire home/apt,4.97,6.0,4.0,2.0,2.0,183.0,False,2.0,2.0,4.0,"This area has unusually many entertainment venues, bars and nightlife, cafes, dining, gyms and sports, hotels, landmarks and sights, and subway and transit options. It has unusually few pharmacies."
723.51,Entire home/apt,4.73,8.0,4.0,4.0,1.0,33.0,False,4.0,1.0,5.0,"This area has an unusually high number of grocery stores, landmarks and sights, and pharmacies compared to a typical New York block. It also features more dining, gyms and sports, hotels, shops, and transit options than average."
214.05,Entire home/apt,4.84,2.0,1.0,1.0,1.5,43.0,False,1.0,1.5,2.5,"This area has an unusually high number of landmarks, pharmacies, bars, nightlife, cafes, dining, and parks compared to a typical New York block. It has an unusually low number of subway and transit options."
148.43,Entire home/apt,4.58,2.0,1.0,1.0,1.0,24.0,True,1.0,1.0,2.0,"This area has more bars, nightlife, dining, entertainment venues, gyms, sports, and shops than a typical New York block. It has fewer parks, green spaces, and subway and transit options than a typical New York block."
600.0,Entire home/apt,5.0,2.0,1.0,1.0,1.0,11.0,True,1.0,1.0,2.0,"This area has an unusually high number of landmarks, cafes, dining options, entertainment venues, grocery stores, gyms, sports facilities, hotels, and pharmacies compared to a typical New York block."
82.69,Private room,4.0,1.0,1.0,1.0,1.0,4.0,False,1.0,1.0,2.0,"This area has more pharmacies, dining, grocery stores, gyms, sports, landmarks, sights, shops, and subway and transit options than a typical New York block."
462.77,Entire home/apt,4.9,4.0,2.0,2.0,2.0,10.0,False,2.0,2.0,4.0,This is a residential and commercial area with an unusually high number of grocery stores and parks and green space. Central Park is located nearby.
477.5,Entire home/apt,4.83,6.0,5.0,3.0,2.0,18.0,False,3.0,2.0,5.0,"This block is located in an area with an unusually high density of cafes, dining, entertainment venues, grocery stores, gyms, hotels, pharmacies, shops, and transit options. It also features a higher than typical concentration of landmarks and sights."
145.63,Entire home/apt,5.0,2.0,1.0,1.0,1.0,1.0,False,1.0,1.0,2.0,"This is a commercial and transit-heavy area with an above-average concentration of bars, nightlife, cafes, dining, grocery stores, pharmacies, shops, and transit options. It has fewer parks and green spaces than a typical New York block."
519.0,Entire home/apt,4.22,11.0,5.0,2.0,2.0,9.0,False,2.0,2.0,4.0,"This area has more grocery stores, landmarks, sights, cafes, dining, gyms, sports, hotels, pharmacies, shops, and subway and transit options than a typical New York block."
192.41,Entire home/apt,4.96,2.0,1.0,1.0,1.0,25.0,False,1.0,1.0,2.0,"This area has many entertainment venues, landmarks, sights, parks, green space, cafes, gyms, sports, hotels, museums, galleries, shops, and transit, but few grocery stores and bars. It is located near Lincoln Center and Central Park."
180.7,Entire home/apt,5.0,2.0,1.0,1.0,1.0,1.0,False,1.0,1.0,2.0,"This area has more bars, nightlife, cafes, dining, hotels, pharmacies, shops, and subway and transit options than a typical New York block."
206.0,Private room,5.0,2.0,1.0,1.0,1.0,1.0,False,1.0,1.0,2.0,"This area has an unusually high number of museums, galleries, parks, green spaces, cafes, entertainment venues, landmarks, sights, and shops, but fewer pharmacies than a typical New York block. Hudson Yards and The High Line are located nearby."
336.65,Private room,5.0,2.0,1.0,2.0,1.0,50.0,True,2.0,1.0,3.0,"This area has more bars, nightlife, cafes, dining, grocery stores, pharmacies, shops, and transit options than a typical New York block. It has no nearby parks or green space."
190.41,Entire home/apt,5.0,4.0,3.0,2.0,1.0,6.0,False,2.0,1.0,3.0,"This area has more pharmacies, bars, nightlife, dining, grocery stores, gyms, sports, hotels, landmarks, sights, museums, galleries, and parks than a typical New York block. The High Line is located nearby."
474.0,Entire home/apt,4.55,4.0,2.0,1.0,1.0,31.0,True,1.0,1.0,2.0,"This area has an unusually high number of landmarks, sights, bars, nightlife, cafes, dining, hotels, museums, galleries, and pharmacies compared to a typical New York block."
159.47,Entire home/apt,4.67,2.0,1.0,1.0,1.0,3.0,False,1.0,1.0,2.0,"This area has an above average number of cafes, dining options, gyms and sports facilities, and shops."
1327.43,Entire home/apt,5.0,4.0,3.0,4.0,2.5,1.0,False,4.0,2.5,6.5,"This area has an above average number of cafes, dining, entertainment venues, gyms, sports, hotels, landmarks, sights, parks, green space, and shops, but a below average number of museums and galleries. Riverside Park and Waldorf Astoria are nearby."
191.27,Entire home/apt,4.53,2.0,1.0,1.0,1.0,15.0,False,1.0,1.0,2.0,"This area contains more gyms, sports facilities, landmarks, sights, parks, green spaces, entertainment venues, hotels, and shops than a typical New York block. The Waldorf Astoria and Riverside Park are nearby."
1023.24,Entire home/apt,5.0,7.0,3.0,3.0,3.0,1.0,False,3.0,3.0,6.0,"This area has an unusually high concentration of parks, green space, dining options, gyms, sports facilities, hotels, landmarks, sights, museums, galleries, and pharmacies."
140.87,Entire home/apt,5.0,3.0,2.0,1.0,1.0,7.0,False,1.0,1.0,2.0,"This area has more bars, nightlife, dining, gyms, sports, pharmacies, and subway and transit options than a typical New York block."
208.7,Entire home/apt,5.0,3.0,1.0,1.0,1.0,3.0,False,1.0,1.0,2.0,"This area has an above-average number of pharmacies, bars, restaurants, grocery stores, gyms, landmarks, museums, and parks. The High Line is located in this area."
697.23,Entire home/apt,5.0,4.0,2.0,2.0,1.5,7.0,True,2.0,1.5,3.5,"This area contains more museums, galleries, parks, green space, landmarks, sights, entertainment venues, and shops than a typical New York block, but has fewer grocery stores, bars, nightlife, and dining options, with no pharmacies nearby. The Frick Collection, Central Park Zoo, and Central Park are located in this area."
335.57,Entire home/apt,4.88,2.0,1.0,1.0,1.0,16.0,False,1.0,1.0,2.0,"This area contains more pharmacies, bars, nightlife, dining, grocery stores, gyms, sports, landmarks, sights, museums, and galleries than a typical New York block. The High Line is located nearby."
477.5,Entire home/apt,5.0,4.0,1.0,1.0,1.0,6.0,False,1.0,1.0,2.0,"This area has an above-average concentration of bars, nightlife, cafes, dining, entertainment venues, and subway and transit options, but a below-average number of pharmacies."
262.07,Entire home/apt,5.0,2.0,1.0,1.0,1.0,3.0,True,1.0,1.0,2.0,"This is a residential area with an above average number of cafes, entertainment venues, gyms, sports facilities, parks, green spaces, pharmacies, and shops. The area is located near the Brooklyn Heights Promenade and the Brooklyn Bridge."
160.11,Private room,4.91,2.0,1.0,1.0,1.0,35.0,True,1.0,1.0,2.0,"This area has an above-average number of bars, nightlife, cafes, museums, galleries, parks, green space, pharmacies, and shops compared to a typical New York block."
90.89,Private room,5.0,2.0,1.0,2.0,1.0,3.0,False,2.0,1.0,3.0,"This area has a high concentration of pharmacies, bars, nightlife, dining, and shops. It has fewer hotels, landmarks, sights, and parks than a typical New York block."
584.73,Entire home/apt,5.0,6.0,4.0,2.0,2.5,10.0,True,2.0,2.5,4.5,"This area has an above average concentration of bars, nightlife, dining, entertainment venues, gyms, sports, museums, and galleries compared to a typical New York block."
142.21,Entire home/apt,4.0,6.0,3.0,3.0,1.0,1.0,False,3.0,1.0,4.0,"This area has more pharmacies, grocery stores, transit options, and shops than a typical New York block, but fewer museums and galleries. The Cloisters is located nearby."
340.9,Entire home/apt,4.77,4.0,2.0,2.0,1.0,13.0,False,2.0,1.0,3.0,"This area contains a higher concentration of landmarks, parks, dining, gyms, hotels, museums, and pharmacies than a typical New York block."
561.67,Entire home/apt,4.91,3.0,1.0,1.0,1.0,44.0,True,1.0,1.0,2.0,"This area has more parks, green space, gyms, sports facilities, landmarks, sights, museums, galleries, and shops than a typical New York block, but fewer pharmacies."
562.99,Entire home/apt,5.0,6.0,2.0,2.0,2.0,3.0,True,2.0,2.0,4.0,"This area contains more landmarks, museums, galleries, dining options, hotels, parks, and shops than a typical New York block. It has fewer subway and transit options than a typical New York block."
1212.0,Entire home/apt,4.79,4.0,3.0,2.0,1.0,19.0,False,2.0,1.0,3.0,"This area has an unusually high number of landmarks, parks, bars, cafes, dining options, hotels, and museums, including Central Park. It has an unusually low number of grocery stores."
358.4,Private room,4.93,2.0,3.0,2.0,1.0,27.0,False,2.0,1.0,3.0,"This area has an above average concentration of bars, nightlife, dining, entertainment venues, gyms, sports, and shops. It has below average access to subway and transit."
209.93,Entire home/apt,4.26,5.0,4.0,3.0,1.0,68.0,True,3.0,1.0,4.0,"This area has an unusually high number of museums, galleries, parks, green spaces, pharmacies, cafes, dining options, grocery stores, gyms, sports facilities, and landmarks. The area has an unusually low number of subway and transit options."
206.92,Entire home/apt,4.78,3.0,1.0,1.0,1.0,19.0,True,1.0,1.0,2.0,"This area has an above average number of cafes, entertainment venues, gyms and sports facilities, hotels, landmarks and sights, and parks and green space, but a below average number of grocery stores, museums, and galleries. Nearby well-known places include Riverside Park and Waldorf Astoria."
274.77,Private room,4.35,2.0,1.0,1.0,1.0,65.0,False,1.0,1.0,2.0,"This area has an above average number of bars, nightlife, cafes, dining, entertainment venues, gyms, sports, and hotels. There are no parks or green space nearby."
154.01,Entire home/apt,4.41,4.0,2.0,2.0,1.0,157.0,False,2.0,1.0,3.0,"This area has more bars, nightlife, dining, pharmacies, shops, and subway and transit options than a typical New York block, but fewer hotels."
371.0,Private room,5.0,2.0,1.0,1.0,1.0,3.0,True,1.0,1.0,2.0,"This area has more bars, nightlife, entertainment venues, gyms, sports, museums, galleries, pharmacies, and shops than a typical New York block."
729.0,Hotel room,4.5,4.0,2.0,2.0,1.0,28.0,False,2.0,1.0,3.0,"This area contains an unusually high number of landmarks, parks, bars, cafes, dining options, hotels, and museums compared to a typical New York block, while having fewer grocery stores. Central Park is located nearby."
432.0,Hotel room,3.67,3.0,1.0,1.0,1.0,6.0,False,1.0,1.0,2.0,"This area features an unusually high number of landmarks, parks, bars, cafes, dining options, hotels, and museums, including Central Park. It has an unusually low number of grocery stores compared to a typical New York block."
170.54,Entire home/apt,5.0,4.0,4.0,4.0,1.0,1.0,True,4.0,1.0,5.0,"This area has more grocery stores, pharmacies, shops, and hotels than a typical New York block, as well as higher levels of subway and transit access. There are fewer entertainment venues and no museums or galleries nearby."
159.3,Entire home/apt,5.0,2.0,1.0,1.0,1.0,2.0,False,1.0,1.0,2.0,"This area has an above average number of bars, nightlife, cafes, dining, entertainment venues, and subway and transit options, but a below average number of pharmacies."
205.18,Entire home/apt,4.14,3.0,2.0,1.0,1.0,7.0,False,1.0,1.0,2.0,"This area has unusually many landmarks, parks, bars, dining options, hotels, and museums compared to a typical New York block, but fewer grocery stores. Central Park is located nearby."
489.0,Shared room,4.96,4.0,2.0,2.0,1.0,80.0,True,2.0,1.0,3.0,"This area has a high concentration of pharmacies, bars, nightlife, dining, and shops. It has fewer hotels, landmarks, sights, and parks than a typical New York block."
212.97,Entire home/apt,4.84,4.0,2.0,1.0,1.0,106.0,False,1.0,1.0,2.0,"This area has more cafes, dining, and shops than a typical New York block, but it has fewer pharmacies and no nearby parks or transit."
752.13,Entire home/apt,5.0,4.0,2.0,2.0,2.0,6.0,True,2.0,2.0,4.0,"This area has more museums, galleries, parks, green space, landmarks, sights, entertainment venues, and shops than a typical New York block, but fewer pharmacies, bars, nightlife, grocery stores, and dining options. The Frick Collection is located nearby."
167.96,Entire home/apt,5.0,2.0,1.0,1.0,1.0,35.0,True,1.0,1.0,2.0,"This area has an above-average concentration of bars, nightlife, cafes, dining, gyms, sports, parks, green space, pharmacies, and shops. It has a below-average concentration of hotels, landmarks, sights, and transit."
323.74,Entire home/apt,4.77,3.0,2.0,1.0,1.0,13.0,True,1.0,1.0,2.0,"This area has more grocery stores, gyms, sports facilities, hotels, and shops than a typical New York block."
307.83,Entire home/apt,4.58,4.0,2.0,2.0,1.0,12.0,False,2.0,1.0,3.0,"This is an area with an unusually high density of parks, green space, dining options, gyms, sports facilities, hotels, landmarks, sights, museums, galleries, and pharmacies."
306.79,Entire home/apt,5.0,4.0,2.0,2.0,1.0,2.0,False,2.0,1.0,3.0,"This area has more pharmacies, cafes, dining, and museums and galleries than a typical New York block."
436.5,Private room,5.0,4.0,3.0,2.0,1.5,46.0,True,2.0,1.5,3.5,"This area has more gyms, sports facilities, hotels, pharmacies, and shops than a typical New York block."
198.29,Entire home/apt,4.86,2.0,1.0,1.0,1.0,248.0,False,1.0,1.0,2.0,"This area has more gyms, sports facilities, hotels, landmarks, sights, pharmacies, and shops than a typical New York block."
160.03,Entire home/apt,4.57,2.0,1.0,1.0,1.0,7.0,False,1.0,1.0,2.0,"This area has more bars, nightlife, entertainment venues, grocery stores, landmarks, sights, museums, and galleries than a typical New York block."
485.0,Entire home/apt,4.94,2.0,2.0,1.0,1.0,197.0,True,1.0,1.0,2.0,"This area has more bars, nightlife, grocery stores, pharmacies, and shops than a typical New York block. It has fewer hotels, parks, green spaces, and transit options than a typical block."
114.33,Private room,4.67,2.0,3.0,2.0,1.0,3.0,True,2.0,1.0,3.0,"This area has more bars, nightlife, grocery stores, pharmacies, and shops than a typical New York block. It has fewer hotels, parks, green spaces, and transit options than a typical block."
231.96,Entire home/apt,4.94,4.0,2.0,2.0,1.0,17.0,True,2.0,1.0,3.0,"This area has more parks, cafes, dining, gyms, pharmacies, and shops than a typical New York block, but fewer hotels, landmarks, and transit options. Prospect Park is located nearby."
615.3,Entire home/apt,4.75,11.0,5.0,4.0,2.5,142.0,False,4.0,2.5,6.5,"This area contains more entertainment venues, grocery stores, hotels, landmarks and sights, museums and galleries, and shops than a typical New York block."
166.66,Entire home/apt,4.53,5.0,4.0,2.0,1.0,30.0,True,2.0,1.0,3.0,"This area has more museums, galleries, parks, green space, bars, nightlife, cafes, dining, entertainment venues, grocery stores, landmarks, sights, and pharmacies than a typical New York block. It has fewer subway and transit options than a typical New York block."
221.42,Entire home/apt,4.71,4.0,2.0,2.0,1.0,7.0,False,2.0,1.0,3.0,"This area has more bars, nightlife, dining, entertainment venues, gyms, sports, and hotels than a typical New York block. There are no parks or green spaces nearby."
224.28,Entire home/apt,4.75,4.0,3.0,2.0,1.0,4.0,True,2.0,1.0,3.0,"This area has more bars, dining, entertainment venues, gyms, sports facilities, and hotels than a typical New York block. There are no parks or green spaces nearby."
115.07,Private room,4.82,1.0,1.0,1.0,1.0,38.0,False,1.0,1.0,2.0,"This area has an above average number of bars, dining options, entertainment venues, gyms, sports facilities, and hotels. It has a below average number of pharmacies and subway and transit options."
308.46,Private room,4.95,2.0,1.0,1.0,1.0,98.0,False,1.0,1.0,2.0,"This area has many entertainment venues, landmarks, sights, cafes, hotels, museums, galleries, parks, green spaces, and transit options, but few bars, nightlife, grocery stores, and pharmacies. Nearby locations include Lincoln Center, Central Park, and Columbus Circle."
451.7,Entire home/apt,5.0,4.0,2.0,2.0,2.0,3.0,False,2.0,2.0,4.0,"This area has more gyms, sports facilities, landmarks, sights, museums, galleries, parks, green spaces, pharmacies, and subway and transit options than a typical New York block."
102.9,Private room,4.94,1.0,2.0,2.0,2.0,52.0,True,2.0,2.0,4.0,"This is an area with more bars, nightlife, dining, entertainment venues, parks, green space, and subway and transit access than a typical New York block. It has fewer pharmacies than a typical New York block."
191.52,Entire home/apt,4.79,3.0,1.0,1.0,1.0,34.0,False,1.0,1.0,2.0,"This area has more bars, nightlife, cafes, museums, galleries, pharmacies, and shops than a typical New York block."
219.03,Entire home/apt,5.0,2.0,1.0,1.0,1.0,2.0,False,1.0,1.0,2.0,"This area contains an unusually high number of entertainment venues, hotels, landmarks, sights, gyms, and sports facilities. It is located near Lincoln Center and Columbus Circle."
113.66,Entire home/apt,4.44,2.0,1.0,1.0,1.0,9.0,False,1.0,1.0,2.0,"This area contains an above average number of entertainment venues, grocery stores, hotels, museums, galleries, and shops compared to a typical New York block."
152.75,Private room,4.83,2.0,1.0,1.0,1.0,41.0,True,1.0,1.0,2.0,"This area has an above-average number of entertainment venues, hotels, landmarks, sights, museums, galleries, and shops compared to a typical New York block."
300.53,Entire home/apt,5.0,4.0,2.0,2.0,2.0,2.0,False,2.0,2.0,4.0,"This area has more landmarks, shops, and transit access than a typical New York block and is located near the Brooklyn Academy of Music."
206.86,Entire home/apt,4.96,4.0,2.0,1.0,1.0,28.0,False,1.0,1.0,2.0,This is an area with more cafes and dining options than a typical New York block and no nearby parks or green space.
314.37,Entire home/apt,4.9,4.0,2.0,2.0,1.0,10.0,False,2.0,1.0,3.0,"This area has more parks, green space, dining, gyms, sports, hotels, landmarks, sights, museums, galleries, and pharmacies than a typical New York block."
174.67,Entire home/apt,4.52,4.0,2.0,2.0,1.0,261.0,False,2.0,1.0,3.0,"This area has more pharmacies, gyms and sports facilities, landmarks and sights, museums and galleries, and subway and transit options than a typical New York block."
208.63,Entire home/apt,4.95,3.0,2.0,1.0,1.0,19.0,True,1.0,1.0,2.0,"This area has more landmarks, parks, entertainment venues, gyms, hotels, and transit options than a typical New York block. Riverside Park and Waldorf Astoria are located nearby."
356.27,Entire home/apt,5.0,2.0,1.0,1.0,2.0,10.0,False,1.0,2.0,3.0,"This is an area with an unusually high concentration of museums, galleries, entertainment venues, gyms, sports facilities, parks, green spaces, and shops. The Manhattan Bridge is located nearby."
380.49,Entire home/apt,4.83,4.0,2.0,2.0,2.0,6.0,True,2.0,2.0,4.0,"This is an area with an unusually high density of landmarks, dining, hotels, museums, galleries, parks, and shops. It has an unusually low number of subway and transit options and entertainment venues."
221.27,Entire home/apt,4.81,2.0,2.0,1.0,1.0,333.0,False,1.0,1.0,2.0,"This area has more bars, nightlife, parks, green space, cafes, museums, and galleries than a typical New York block."
283.2,Entire home/apt,4.94,5.0,2.0,2.0,1.0,108.0,True,2.0,1.0,3.0,"This area has more cafes, dining, gyms, sports, and parks than a typical New York block, but fewer hotels and landmarks. Prospect Park is located nearby."
226.77,Entire home/apt,4.71,8.0,6.0,2.0,1.0,9.0,False,2.0,1.0,3.0,"This area has more entertainment venues, grocery stores, hotels, museums, galleries, parks, green space, and shops than a typical New York block."
440.0,Private room,4.53,2.0,1.0,1.0,1.0,40.0,False,1.0,1.0,2.0,"This area has more pharmacies, entertainment venues, hotels, landmarks and sights, museums and galleries, parks and green space, and shops than a typical New York block."
403.0,Private room,2.83,2.0,2.0,1.0,1.0,6.0,False,1.0,1.0,2.0,"This area has more pharmacies, entertainment venues, hotels, landmarks and sights, museums and galleries, parks and green space, and shops than a typical New York block."
116.17,Entire home/apt,4.8,2.0,2.0,2.0,1.0,59.0,False,2.0,1.0,3.0,"This is an area with an above-average concentration of hotels, entertainment venues, grocery stores, museums, galleries, and shops."
165.49,Entire home/apt,5.0,5.0,4.0,2.0,1.0,6.0,False,2.0,1.0,3.0,"This area has an above-average number of pharmacies, gyms and sports facilities, landmarks and sights, museums and galleries, and subway and transit options compared to a typical New York block."
58.43,Private room,4.49,1.0,1.0,2.0,1.0,115.0,False,2.0,1.0,3.0,"This area has more pharmacies, grocery stores, transit options, and shops than a typical New York block, but fewer museums and galleries. The Cloisters is located nearby."
670.2,Entire home/apt,4.94,2.0,4.0,4.0,2.5,17.0,False,4.0,2.5,6.5,"This is a residential area with an above average number of cafes, dining, parks, green space, pharmacies, and shops. It has a below average number of entertainment venues, hotels, landmarks, sights, and subway and transit options."
218.19,Entire home/apt,4.79,4.0,3.0,2.0,1.0,14.0,False,2.0,1.0,3.0,"This area has more gyms, sports facilities, landmarks, sights, parks, green spaces, pharmacies, shops, and transit options than a typical New York block."
197.3,Entire home/apt,4.76,3.0,2.0,1.0,1.0,353.0,True,1.0,1.0,2.0,"This area has more grocery stores, pharmacies, and shops than a typical New York block, but fewer hotels."
144.67,Private room,4.83,2.0,1.0,1.0,1.0,29.0,True,1.0,1.0,2.0,"This area contains more pharmacies, entertainment venues, hotels, landmarks and sights, museums and galleries, parks and green space, and shops than a typical New York block."
718.0,Entire home/apt,4.97,5.0,3.0,3.0,2.0,261.0,True,3.0,2.0,5.0,"This area has more cafes, entertainment venues, gyms, sports facilities, pharmacies, and shops than a typical New York block. It has fewer parks, green spaces, and transit options than a typical New York block."
228.04,Entire home/apt,5.0,4.0,3.0,2.0,1.0,1.0,False,2.0,1.0,3.0,"This is a residential and commercial area with an unusually high number of pharmacies, grocery stores, gyms and sports facilities, landmarks and sights, and subway and transit options."
346.5,Entire home/apt,4.95,2.0,1.0,1.0,1.0,485.0,True,1.0,1.0,2.0,"This area has more cafes and dining options than a typical New York block, but fewer pharmacies and transit options. There are no hotels or landmarks nearby."
53.31,Private room,4.5,1.0,1.0,2.0,1.0,14.0,True,2.0,1.0,3.0,"This is a residential area with an unusually high number of pharmacies, grocery stores, and museums and galleries, but fewer bars, nightlife venues, and parks than a typical New York block. The Metropolitan Museum of Art is located nearby."
411.8,Entire home/apt,4.92,4.0,2.0,2.0,1.0,13.0,False,2.0,1.0,3.0,"This area contains more parks, entertainment venues, gyms, sports facilities, hotels, and landmarks than a typical New York block. This block is located near Waldorf Astoria and Riverside Park."
160.4,Entire home/apt,4.33,2.0,1.0,1.0,1.0,9.0,False,1.0,1.0,2.0,"This area has more bars, nightlife, entertainment venues, landmarks, sights, museums, galleries, and parks than a typical New York block. It has fewer pharmacies than a typical New York block."
600.87,Entire home/apt,5.0,8.0,4.0,4.0,2.5,5.0,False,4.0,2.5,6.5,"This is a residential area with an above average number of dining and gym facilities and fewer transit options than typical, located near Prospect Park."
283.93,Entire home/apt,4.69,4.0,2.0,2.0,1.0,13.0,False,2.0,1.0,3.0,"This area has more parks, green space, dining, gyms, sports, hotels, landmarks, sights, museums, and galleries than a typical New York block."
204.1,Entire home/apt,4.0,2.0,2.0,2.0,1.0,4.0,False,2.0,1.0,3.0,"This area has more entertainment venues, hotels, landmarks, museums, galleries, and shops than a typical New York block. It has fewer subway and transit options than a typical block."
326.0,Private room,4.99,2.0,1.0,1.0,1.0,189.0,True,1.0,1.0,2.0,This area has more cafes and dining options than a typical New York block and lacks nearby parks or green space.
183.61,Entire home/apt,4.98,3.0,2.0,2.0,1.0,42.0,True,2.0,1.0,3.0,This area has more dining and gym and sports facilities than a typical New York block.
495.87,Entire home/apt,5.0,5.0,4.0,3.0,1.5,1.0,False,3.0,1.5,4.5,"This area has more parks, museums, galleries, entertainment venues, gyms, sports facilities, hotels, landmarks, and transit options than a typical New York block, but fewer pharmacies. It is located near the American Museum of Natural History and Central Park."
530.11,Entire home/apt,4.91,5.0,2.0,2.0,1.5,79.0,True,2.0,1.5,3.5,"This area has an unusually high concentration of transit, nightlife, cafes, entertainment venues, hotels, museums, galleries, and green space, but fewer grocery stores and pharmacies than a typical New York block. The American Museum of Natural History and Prospect Park are nearby."
118.07,Entire home/apt,4.65,2.0,1.0,1.0,1.0,43.0,False,1.0,1.0,2.0,"This area has a high concentration of pharmacies, bars, nightlife, dining, grocery stores, and transit options. It lacks nearby parks, green space, entertainment venues, and museums or galleries."
197.36,Entire home/apt,4.92,2.0,2.0,2.0,1.0,202.0,False,2.0,1.0,3.0,"This area has more bars, nightlife, dining, entertainment venues, and subway and transit options than a typical New York block."
63.92,Private room,4.0,2.0,1.0,1.0,2.0,1.0,False,1.0,2.0,3.0,"This area has more parks and green space, dining, pharmacies, and subway and transit options than a typical New York block."
678.95,Entire home/apt,4.95,4.0,3.0,2.0,2.0,21.0,False,2.0,2.0,4.0,"This area has an above-average number of entertainment venues, hotels, landmarks and sights, museums and galleries, and shops. It has fewer pharmacies than a typical New York block and no nearby subway or transit."
216.77,Entire home/apt,4.94,2.0,1.0,1.0,1.0,194.0,True,1.0,1.0,2.0,"This area has more gyms, sports facilities, and shops than a typical New York block, but fewer hotels and no nearby subway or transit options. The Brooklyn Bridge is located nearby."
246.59,Entire home/apt,4.74,6.0,2.0,2.0,1.0,54.0,False,2.0,1.0,3.0,"This area has an above average number of grocery stores, hotels, museums and galleries, parks and green space, and shops compared to a typical New York block."
626.51,Private room,5.0,2.0,1.0,1.0,1.0,1.0,False,1.0,1.0,2.0,"This area has more gyms, sports facilities, landmarks, sights, pharmacies, and transit options than a typical New York block."
324.5,Entire home/apt,5.0,2.0,1.0,1.0,1.0,2.0,False,1.0,1.0,2.0,"This area has more cafes, gyms and sports facilities, parks and green space, and shops than a typical New York block. It has fewer grocery stores and no pharmacies nearby."
238.85,Entire home/apt,4.0,2.0,1.0,1.0,1.0,1.0,False,1.0,1.0,2.0,"This area has more cafes and shops than a typical New York block, but fewer parks, green spaces, museums, and galleries, and less access to subway and transit."
217.2,Entire home/apt,4.99,2.0,1.0,1.0,1.0,72.0,False,1.0,1.0,2.0,"This area has an unusually high number of landmarks, sights, parks, and green spaces compared to a typical New York block. The number of hotels in the area is also higher than average."
170.77,Entire home/apt,4.5,2.0,1.0,1.0,1.0,2.0,False,1.0,1.0,2.0,"This area has more pharmacies, landmarks, and sights, and parks and green space than a typical New York block."
200.25,Entire home/apt,4.0,5.0,3.0,3.0,2.5,1.0,False,3.0,2.5,5.5,"This area has more cafes and dining options than a typical New York block, but fewer pharmacies and landmarks."
361.37,Entire home/apt,5.0,4.0,2.0,2.0,1.0,1.0,False,2.0,1.0,3.0,"This area has an above-average number of pharmacies, grocery stores, gyms, sports facilities, landmarks, and parks. It has fewer subway and transit options than a typical New York block."
231.88,Entire home/apt,5.0,4.0,3.0,2.0,1.0,4.0,False,2.0,1.0,3.0,"This area has an above average number of bars, nightlife, cafes, dining, entertainment venues, and subway and transit options, but a below average number of pharmacies."
198.43,Entire home/apt,4.94,2.0,1.0,1.0,1.0,17.0,False,1.0,1.0,2.0,"This area features an above-average number of parks, entertainment venues, gyms, sports facilities, hotels, and landmarks, including Waldorf Astoria and Riverside Park. It has fewer grocery stores than a typical New York block."
356.93,Entire home/apt,5.0,5.0,3.0,3.0,2.5,3.0,False,3.0,2.5,5.5,"This area has more grocery stores, pharmacies, and shops than a typical New York block. It has less green space than a typical New York block."
267.04,Entire home/apt,4.8,4.0,3.0,2.0,1.0,15.0,True,2.0,1.0,3.0,"This area has more subway and transit access, entertainment venues, gyms, sports facilities, and parks and green space than a typical New York block."
236.76,Entire home/apt,4.5,4.0,2.0,2.0,1.0,2.0,False,2.0,1.0,3.0,"This area has more dining, hotels, parks and green space, pharmacies, and subway and transit options than a typical New York block, but fewer entertainment venues."
169.63,Entire home/apt,4.75,2.0,1.0,1.0,1.0,4.0,False,1.0,1.0,2.0,"This area has more bars, nightlife, gyms, and sports facilities than a typical New York block, as well as more subway and transit access."
143.08,Entire home/apt,5.0,4.0,2.0,2.0,1.0,4.0,False,2.0,1.0,3.0,"This is a commercial area with an unusually high number of pharmacies and shops. It has fewer entertainment venues, hotels, and museums and galleries than a typical New York block."
171.47,Entire home/apt,5.0,2.0,1.0,1.0,1.0,13.0,False,1.0,1.0,2.0,"This area has more parks, entertainment venues, gyms, sports facilities, hotels, and landmarks than a typical New York block. It is located near Waldorf Astoria and Riverside Park."
280.42,Entire home/apt,4.93,3.0,2.0,2.0,2.0,27.0,False,2.0,2.0,4.0,"This area has more dining, entertainment venues, parks and green space, and subway and transit options than a typical New York block. It has fewer grocery stores, pharmacies, and hotels than a typical block."
612.1,Entire home/apt,5.0,8.0,5.0,4.0,2.0,4.0,True,4.0,2.0,6.0,"This area has an above-average number of gyms, sports facilities, landmarks, sights, museums, galleries, pharmacies, and transit options compared to a typical New York block."
58.74,Private room,4.93,2.0,1.0,5.0,4.0,15.0,True,5.0,4.0,9.0,"This area has more pharmacies, grocery stores, and shops than a typical New York block, but fewer entertainment venues, gyms, and sports facilities."
310.28,Entire home/apt,5.0,3.0,1.0,1.0,1.0,6.0,True,1.0,1.0,2.0,"This area has more parks, transit, bars, cafes, entertainment venues, and museums than a typical New York block, but fewer grocery stores and pharmacies. It is located near the American Museum of Natural History and Prospect Park."
419.24,Entire home/apt,4.67,8.0,4.0,3.0,1.5,9.0,False,3.0,1.5,4.5,"This area has more pharmacies, grocery stores, and shops than a typical New York block. It has fewer entertainment venues and parks than a typical New York block."
355.1,Entire home/apt,4.9,10.0,6.0,5.0,2.0,89.0,False,5.0,2.0,7.0,"This is a residential area with an unusually high number of pharmacies, grocery stores, and shops, and an unusually low number of gyms and sports facilities."
455.36,Entire home/apt,5.0,6.0,4.0,3.0,3.0,2.0,False,3.0,3.0,6.0,"This is an area with more bars, nightlife, cafes, gyms, sports facilities, and parks than a typical New York block. It has fewer hotels and subway transit options than a typical block."
218.5,Entire home/apt,4.92,5.0,3.0,2.0,1.0,251.0,False,2.0,1.0,3.0,"This area has more bars, nightlife, and pharmacies than a typical New York block and lacks nearby parks or subway access."
2765.47,Entire home/apt,4.89,7.0,3.0,2.0,2.5,9.0,False,2.0,2.5,4.5,"This area has a high concentration of entertainment venues, landmarks, sights, gyms, sports facilities, hotels, and transit options, while having few pharmacies and no bars or nightlife. Lincoln Center is located in this area."
253.5,Entire home/apt,5.0,5.0,4.0,3.0,3.5,2.0,False,3.0,3.5,6.5,"This area has more bars, nightlife, and grocery stores than a typical New York block, but fewer hotels and less access to subway and transit."
272.87,Entire home/apt,4.54,3.0,1.0,1.0,1.0,13.0,False,1.0,1.0,2.0,"This area has more gyms, sports facilities, landmarks, sights, pharmacies, and transit options than a typical New York block."
200.97,Entire home/apt,5.0,2.0,1.0,1.0,1.0,7.0,False,1.0,1.0,2.0,"This area contains more parks, cafes, hotels, museums, galleries, and transit options than a typical New York block, but it lacks nearby pharmacies. It is located near Ellis Island and Battery Park."
132.96,Entire home/apt,4.81,4.0,2.0,2.0,1.0,21.0,True,2.0,1.0,3.0,"This is a commercial area with an above-average number of grocery stores, pharmacies, and shops."
770.5,Private room,4.85,4.0,2.0,2.0,2.0,193.0,True,2.0,2.0,4.0,"This area has an above average number of dining options and pharmacies, but a below average number of landmarks, sights, parks, and transit options."
130.47,Private room,4.85,2.0,1.0,1.0,1.0,13.0,False,1.0,1.0,2.0,"This area has an above average number of dining options, grocery stores, hotels, parks, pharmacies, and transit access, but fewer entertainment venues than typical. Washington Square Park and Central Park are nearby."
217.57,Entire home/apt,5.0,3.0,2.0,2.0,1.0,4.0,True,2.0,1.0,3.0,"This area has more museums, galleries, and parks than a typical New York block. Central Park is located nearby."
149.7,Entire home/apt,5.0,4.0,2.0,1.0,1.0,32.0,False,1.0,1.0,2.0,"This is an area with an unusually high number of pharmacies, grocery stores, and shops, and an unusually low number of landmarks, sights, entertainment venues, and gyms."
241.7,Private room,4.5,2.0,1.0,1.0,1.0,2.0,False,1.0,1.0,2.0,"This area has more bars, nightlife, entertainment venues, gyms, sports facilities, museums, and galleries than a typical New York block, but fewer pharmacies and no nearby subway or transit options."
357.0,Entire home/apt,4.98,4.0,2.0,2.0,1.0,181.0,True,2.0,1.0,3.0,"This area has more bars, nightlife, dining, pharmacies, and transit access than a typical New York block. It has no nearby parks or green space and fewer hotels, museums, and galleries than average."
169.98,Entire home/apt,4.85,5.0,2.0,2.0,1.0,46.0,False,2.0,1.0,3.0,"This area has more bars, nightlife, entertainment venues, and subway and transit options than a typical New York block, but fewer pharmacies."
506.0,Entire home/apt,4.76,8.0,5.0,4.0,2.0,49.0,False,4.0,2.0,6.0,"This area has more grocery stores, pharmacies, hotels, shops, and subway and transit options than a typical New York block, but fewer museums and galleries."
583.4,Entire home/apt,5.0,4.0,2.0,2.0,2.0,5.0,True,2.0,2.0,4.0,"This area has more entertainment venues, landmarks, and green space than a typical New York block."
471.8,Entire home/apt,4.71,4.0,2.0,2.0,2.0,7.0,True,2.0,2.0,4.0,"This area has an above-average number of grocery stores, hotels, landmarks, parks, pharmacies, and transit options. Central Park is located nearby."
132.25,Entire home/apt,5.0,3.0,1.0,1.0,1.0,7.0,True,1.0,1.0,2.0,"This area has a high concentration of grocery stores, pharmacies, dining, parks, and transit options. It contains fewer entertainment venues, museums, galleries, and hotels than a typical New York block."
510.5,Entire home/apt,4.56,3.0,2.0,1.0,1.0,27.0,False,1.0,1.0,2.0,"This area has more parks, entertainment venues, gyms, sports facilities, museums, galleries, and transit options than a typical New York block. It has fewer grocery stores and no pharmacies nearby."
174.18,Entire home/apt,5.0,5.0,2.0,2.0,1.0,3.0,False,2.0,1.0,3.0,This area has an unusually high number of grocery stores and pharmacies but lacks parks and green space. The Metropolitan Museum of Art is located nearby.
485.92,Entire home/apt,5.0,2.0,1.0,1.0,1.0,2.0,True,1.0,1.0,2.0,"This area has an above-average number of parks, green spaces, entertainment venues, gyms, sports facilities, and transit options. It has a below-average number of pharmacies and grocery stores."
300.33,Entire home/apt,5.0,6.0,2.0,3.0,1.0,1.0,False,3.0,1.0,4.0,"This area has more landmarks, dining options, parks, and pharmacies than a typical New York block."
152.3,Entire home/apt,4.73,2.0,2.0,1.0,1.0,11.0,True,1.0,1.0,2.0,"This area has an unusually high number of museums, galleries, and parks. Central Park is located nearby."
135.51,Entire home/apt,5.0,2.0,2.0,1.0,1.0,1.0,False,1.0,1.0,2.0,This area has more gyms and sports facilities and more landmarks and sights than a typical New York block.
139.3,Entire home/apt,4.71,4.0,2.0,1.0,1.0,14.0,True,1.0,1.0,2.0,"This area has an unusually high number of grocery stores, pharmacies, and subway and transit options compared to a typical New York block. It has an unusually low number of museums and galleries."
103.68,Entire home/apt,4.5,1.0,1.0,1.0,1.0,2.0,True,1.0,1.0,2.0,"This is an area with an above average number of gyms, sports facilities, hotels, and landmarks, and a below average number of pharmacies."
89.07,Entire home/apt,4.7,4.0,3.0,1.0,1.0,105.0,False,1.0,1.0,2.0,"This area has more entertainment venues, grocery stores, and hotels than a typical New York block, and fewer parks and green spaces."
188.07,Entire home/apt,4.5,2.0,1.0,1.0,1.0,2.0,False,1.0,1.0,2.0,"This area has more subway and transit access, cafes, museums, galleries, and parks than a typical New York block. It has fewer grocery stores and pharmacies than a typical block."
140.5,Entire home/apt,4.58,2.0,1.0,1.0,1.0,45.0,True,1.0,1.0,2.0,"This is an area with more pharmacies, grocery stores, and transit access than a typical New York block, but fewer cafes."
87.21,Entire home/apt,4.6,2.0,1.0,1.0,1.0,5.0,True,1.0,1.0,2.0,"This area has more gyms, sports facilities, hotels, and landmarks than a typical New York block, but fewer pharmacies."
78.49,Entire home/apt,4.83,1.0,1.0,1.0,1.0,6.0,True,1.0,1.0,2.0,"This area has more gyms, sports facilities, hotels, and landmarks than a typical New York block, but fewer pharmacies."
294.8,Entire home/apt,5.0,6.0,3.0,3.0,1.0,1.0,False,3.0,1.0,4.0,"This area contains more grocery stores, landmarks, parks, green space, and pharmacies than a typical New York block. Central Park is located nearby."
87.21,Entire home/apt,4.6,1.0,1.0,1.0,1.0,5.0,True,1.0,1.0,2.0,"This area has more gyms, sports facilities, hotels, and landmarks than a typical New York block, but fewer pharmacies."
87.21,Entire home/apt,5.0,1.0,1.0,1.0,1.0,2.0,True,1.0,1.0,2.0,"This area has more gyms, sports facilities, hotels, and landmarks than a typical New York block, but fewer pharmacies."
151.2,Entire home/apt,5.0,4.0,3.0,2.0,1.5,1.0,False,2.0,1.5,3.5,This area contains more pharmacies than a typical New York block and has fewer parks and green spaces.
294.16,Entire home/apt,5.0,6.0,2.0,2.0,2.0,3.0,False,2.0,2.0,4.0,"This area has an above-average number of bars, nightlife, cafes, entertainment venues, hotels, museums, galleries, parks, green space, and transit options, but fewer grocery stores and no nearby pharmacies. The American Museum of Natural History and Prospect Park are nearby."
635.64,Entire home/apt,4.66,9.0,5.0,4.0,2.0,71.0,False,4.0,2.0,6.0,This is a commercial and residential area with more entertainment venues and grocery stores than a typical New York block.
158.17,Entire home/apt,4.64,4.0,1.0,1.0,1.0,443.0,False,1.0,1.0,2.0,"This area has more grocery stores, entertainment venues, and hotels than a typical New York block."
268.27,Private room,4.83,2.0,2.0,2.0,1.0,113.0,False,2.0,1.0,3.0,This area has more cafes and fewer entertainment venues and pharmacies than a typical New York block.
207.8,Entire home/apt,4.75,2.0,1.0,1.0,1.0,52.0,False,1.0,1.0,2.0,"This area has more pharmacies, gyms, sports facilities, landmarks, sights, and parks than a typical New York block, but fewer subway and transit options. The High Line is located nearby."
116.17,Entire home/apt,4.92,2.0,2.0,1.0,1.0,12.0,True,1.0,1.0,2.0,"This is an area with an above-average number of grocery stores, hotels, and shops."
223.34,Entire home/apt,5.0,4.0,3.0,2.0,1.0,6.0,False,2.0,1.0,3.0,"This area has an above average number of grocery stores, parks, green space, and pharmacies, and a below average number of gyms and sports facilities."
1080.0,Entire home/apt,4.93,6.0,3.0,3.0,2.0,115.0,False,3.0,2.0,5.0,"This area has more grocery stores, entertainment venues, and hotels than a typical New York block, but fewer parks and green spaces."
232.6,Entire home/apt,4.63,2.0,1.0,1.0,1.0,16.0,False,1.0,1.0,2.0,"This area has an unusually high concentration of museums, galleries, entertainment venues, parks, green space, and shops, but few grocery stores and pharmacies. It is located near the Manhattan Bridge."
169.63,Entire home/apt,4.8,2.0,1.0,1.0,1.0,10.0,False,1.0,1.0,2.0,"This area has more grocery stores, pharmacies, museums, and galleries than a typical New York block."
733.0,Entire home/apt,4.82,6.0,3.0,2.0,1.0,102.0,True,2.0,1.0,3.0,"This area has more grocery stores, pharmacies, and transit options than a typical New York block."
147.5,Entire home/apt,4.7,2.0,1.0,1.0,1.0,10.0,False,1.0,1.0,2.0,"This area has more cafes and dining options than a typical New York block, but it has no parks, green space, or pharmacies and fewer hotels."
231.74,Entire home/apt,4.57,9.0,6.0,2.0,1.0,8.0,False,2.0,1.0,3.0,"This area has more grocery stores, hotels, parks, green space, and subway and transit options than a typical New York block. It also has fewer bars, nightlife venues, and cafes than a typical block."
392.13,Entire home/apt,5.0,5.0,3.0,2.0,1.0,9.0,False,2.0,1.0,3.0,"This area has more parks and green space than a typical New York block, but fewer landmarks, sights, hotels, and transit options. Prospect Park is nearby."
316.68,Entire home/apt,4.73,2.0,1.0,1.0,1.0,56.0,True,1.0,1.0,2.0,"This area has an above average number of grocery stores, hotels, pharmacies, and subway and transit options compared to a typical New York block."
153.84,Entire home/apt,4.77,3.0,1.0,1.0,1.0,133.0,True,1.0,1.0,2.0,"This area has more grocery stores, museums, galleries, and pharmacies than a typical New York block."
143.83,Entire home/apt,5.0,2.0,1.0,1.0,1.0,12.0,True,1.0,1.0,2.0,"This area has an above average number of hotels, pharmacies, and shops, and a below average number of bars, nightlife, and parks and green space."
342.38,Entire home/apt,4.95,2.0,2.0,1.0,1.0,269.0,False,1.0,1.0,2.0,"This area has more bars, nightlife, and cafes than a typical New York block, but fewer grocery stores, entertainment venues, landmarks, sights, and transit options. There are no hotels nearby."
230.7,Entire home/apt,4.83,5.0,7.0,3.0,3.0,93.0,False,3.0,3.0,6.0,"This area has more cafes and dining options than a typical New York block, but fewer grocery stores, transit options, and landmarks, with Prospect Park located nearby. There are no hotels in the immediate vicinity."
394.06,Entire home/apt,4.0,4.0,1.0,1.0,1.0,1.0,True,1.0,1.0,2.0,"This area has more parks, green space, gyms, sports facilities, hotels, and landmarks than a typical New York block. Central Park is located nearby."
628.33,Entire home/apt,4.21,2.0,2.0,1.0,1.0,14.0,True,1.0,1.0,2.0,"This area has an above-average number of bars, nightlife, cafes, museums, galleries, and parks, but a below-average number of grocery stores and pharmacies. It has no nearby subway or transit access."
183.44,Entire home/apt,4.68,4.0,3.0,2.0,1.0,219.0,True,2.0,1.0,3.0,"This area has more parks, hotels, landmarks, and pharmacies than a typical New York block, but fewer grocery stores and no nearby subway or transit access."
227.23,Entire home/apt,4.53,4.0,3.0,2.0,1.0,15.0,False,2.0,1.0,3.0,"This area has an above-average concentration of gyms, hotels, landmarks, museums, galleries, parks, and pharmacies. The High Line is located nearby."
322.1,Entire home/apt,4.55,5.0,3.0,2.0,1.0,115.0,True,2.0,1.0,3.0,"This area has more landmarks, sights, pharmacies, and transit options than a typical New York block."
294.6,Entire home/apt,5.0,1.0,1.0,1.0,1.0,17.0,True,1.0,1.0,2.0,"This area has an unusually high number of hotels, landmarks and sights, cafes, entertainment venues, gyms and sports facilities, museums and galleries, parks and green space, and subway and transit options. It has an unusually low number of pharmacies."
108.63,Entire home/apt,4.92,3.0,2.0,1.0,1.0,149.0,True,1.0,1.0,2.0,"This is a residential and commercial area with an above average number of pharmacies and a below average number of museums, galleries, and parks. There are no hotels in the immediate vicinity."
551.26,Entire home/apt,4.97,6.0,3.0,2.0,1.0,34.0,True,2.0,1.0,3.0,"This area has an above-average number of museums, galleries, parks, green spaces, bars, nightlife, and pharmacies. It has fewer shops and less subway and transit access than a typical New York block."
451.53,Entire home/apt,4.44,4.0,2.0,2.0,2.0,9.0,False,2.0,2.0,4.0,"This area has more parks, dining, gyms, sports, hotels, and landmarks than a typical New York block. It has fewer grocery stores and pharmacies than a typical New York block."
83.33,Private room,5.0,1.0,1.0,1.0,1.0,2.0,False,1.0,1.0,2.0,"This area has an above-average number of grocery stores, hotels, landmarks, sights, pharmacies, and subway and transit options. Central Park is located nearby."
267.04,Entire home/apt,4.94,2.0,1.0,1.0,1.0,16.0,True,1.0,1.0,2.0,"This area has an above-average number of entertainment venues, gyms and sports facilities, parks and green space, pharmacies, and subway and transit options compared to a typical New York block."
134.22,Entire home/apt,4.82,4.0,2.0,1.0,1.0,49.0,False,1.0,1.0,2.0,"This area has more grocery stores, pharmacies, and subway and transit options than a typical New York block, but fewer cafes and hotels."
518.07,Entire home/apt,4.5,6.0,3.0,3.0,3.0,4.0,False,3.0,3.0,6.0,"This area has more landmarks, sights, and green space than a typical New York block and is located near Central Park."
160.65,Entire home/apt,5.0,2.0,1.0,1.0,1.0,14.0,True,1.0,1.0,2.0,"This area has more bars, nightlife, cafes, and grocery stores than a typical New York block. It has fewer pharmacies, hotels, and subway and transit options than a typical block."
326.52,Entire home/apt,5.0,2.0,1.0,1.0,1.0,1.0,False,1.0,1.0,2.0,"This area has an above average number of landmarks, sights, pharmacies, and transit options compared to a typical New York block."
171.43,Entire home/apt,4.42,5.0,4.0,2.0,1.0,12.0,False,2.0,1.0,3.0,"This area has more pharmacies, grocery stores, parks, green space, and transit options than a typical New York block. It contains no hotels and fewer landmarks, sights, museums, and galleries than average."
231.62,Entire home/apt,5.0,3.0,2.0,2.0,1.5,10.0,False,2.0,1.5,3.5,"This area has more bars and nightlife than a typical New York block, but fewer parks and green spaces and less access to subway and transit."
203.07,Entire home/apt,5.0,4.0,3.0,2.0,1.0,2.0,False,2.0,1.0,3.0,"This area has more hotels and landmarks and sights than a typical New York block, but less green space."
621.0,Entire home/apt,4.57,8.0,4.0,4.0,2.0,65.0,False,4.0,2.0,6.0,This area has more grocery stores and entertainment venues than a typical New York block.
215.7,Entire home/apt,5.0,3.0,1.0,1.0,1.0,1.0,False,1.0,1.0,2.0,"This area features more hotels, landmarks, sights, parks, green space, and subway and transit options than a typical New York block."
112.74,Entire home/apt,5.0,2.0,2.0,2.0,1.0,1.0,False,2.0,1.0,3.0,"This area has more grocery stores, parks, green space, and pharmacies than a typical New York block. It has fewer entertainment venues, gyms, sports facilities, and hotels than a typical New York block."
433.07,Entire home/apt,5.0,8.0,4.0,3.0,2.0,1.0,False,3.0,2.0,5.0,"This area has more landmarks, sights, parks, green space, and pharmacies than a typical New York block."
223.03,Entire home/apt,5.0,2.0,2.0,1.0,1.0,2.0,False,1.0,1.0,2.0,"This area has more pharmacies and grocery stores than a typical New York block, but fewer cafes and less green space."
263.33,Private room,4.94,2.0,1.0,1.0,1.0,239.0,True,1.0,1.0,2.0,"This area has more pharmacies and subway and transit access than a typical New York block, but fewer entertainment venues and hotels."
1106.2,Entire home/apt,4.95,3.0,1.0,2.0,1.0,44.0,False,2.0,1.0,3.0,"This area features an unusually high number of entertainment venues, parks, gyms, hotels, landmarks, and transit options. It has fewer bars, grocery stores, and pharmacies than a typical New York block and is located near Lincoln Center and Central Park."
319.87,Entire home/apt,5.0,4.0,2.0,2.0,1.0,58.0,True,2.0,1.0,3.0,"This area has more parks, green space, pharmacies, and subway and transit access than a typical New York block."
77.18,Private room,5.0,1.0,1.0,1.0,2.0,1.0,True,1.0,2.0,3.0,"This area has more pharmacies and grocery stores than a typical New York block, but fewer entertainment venues and parks."
171.97,Entire home/apt,4.86,2.0,1.0,1.0,1.0,92.0,False,1.0,1.0,2.0,"This area has more parks, green space, subway and transit access, landmarks, sights, and pharmacies than a typical New York block, but fewer entertainment venues. Central Park is located nearby."
91.6,Entire home/apt,4.65,1.0,1.0,1.0,1.0,31.0,False,1.0,1.0,2.0,"This area has more subway and transit access, grocery stores, parks, green space, and pharmacies than a typical New York block. It has fewer cafes and hotels than a typical New York block."
227.23,Entire home/apt,5.0,4.0,3.0,2.0,1.0,3.0,False,2.0,1.0,3.0,"This area has an above-average number of pharmacies, gyms and sports facilities, landmarks and sights, museums and galleries, and subway and transit options compared to a typical New York block."
447.5,Entire home/apt,4.95,5.0,2.0,2.0,1.5,194.0,True,2.0,1.5,3.5,This area has more bars and nightlife than a typical New York block and lacks nearby parks and green space. Transit access is below average compared to other locations.
958.7,Entire home/apt,4.88,5.0,8.0,3.0,1.0,17.0,False,3.0,1.0,4.0,"This is a residential area near Prospect Park that has more cafes than a typical New York block but fewer grocery stores, transit options, and landmarks. There are no hotels in the immediate vicinity."
110.63,Entire home/apt,4.95,2.0,1.0,1.0,1.0,91.0,True,1.0,1.0,2.0,This area has more pharmacies and less green space than a typical New York block.
172.56,Entire home/apt,4.71,2.0,1.0,1.0,1.0,7.0,True,1.0,1.0,2.0,This block is in an area with more pharmacies than average.
116.2,Entire home/apt,4.61,2.0,2.0,1.0,1.0,28.0,False,1.0,1.0,2.0,This area has more grocery stores and subway and transit options than a typical New York block.
224.57,Entire home/apt,4.98,5.0,4.0,3.0,1.0,291.0,False,3.0,1.0,4.0,"This area has an above average number of dining establishments and fewer pharmacies, hotels, landmarks, parks, and transit options than a typical New York block."
141.6,Entire home/apt,4.89,2.0,1.0,1.0,1.0,72.0,False,1.0,1.0,2.0,This area has more entertainment venues than a typical New York block and fewer parks and green spaces.
375.2,Entire home/apt,5.0,3.0,1.0,2.0,1.0,1.0,True,2.0,1.0,3.0,This is an area with an above average number of entertainment venues and subway and transit options.
199.54,Entire home/apt,4.81,4.0,2.0,2.0,1.0,155.0,False,2.0,1.0,3.0,"This area has an unusually high number of pharmacies and grocery stores compared to a typical New York block. It also has fewer gyms, sports facilities, hotels, museums, and galleries than average."
456.47,Entire home/apt,4.98,2.0,1.0,1.0,1.0,44.0,True,1.0,1.0,2.0,"This area has more bars, nightlife, museums, galleries, and green space than a typical New York block, but fewer grocery stores and pharmacies."
231.24,Entire home/apt,4.33,3.0,1.0,1.0,1.0,18.0,False,1.0,1.0,2.0,"This area has more pharmacies, grocery stores, and landmarks and sights than a typical New York block, but fewer museums and galleries."
4622.0,Entire home/apt,4.69,6.0,4.0,2.0,1.0,121.0,False,2.0,1.0,3.0,"This area has more bars, nightlife, and pharmacies than a typical New York block. It has fewer hotels, museums, and galleries than a typical New York block."
132.37,Entire home/apt,4.7,2.0,1.0,1.0,1.0,114.0,False,1.0,1.0,2.0,"This area has more parks, green space, museums, galleries, entertainment venues, hotels, and landmarks than a typical New York block, but fewer pharmacies, bars, nightlife, and grocery stores. Nearby locations include the American Museum of Natural History and Central Park."
119.65,Entire home/apt,4.94,2.0,2.0,1.0,1.0,95.0,True,1.0,1.0,2.0,"This area is a residential block with an above average number of grocery stores and a below average number of gyms and sports facilities. There are no hotels, museums, galleries, or landmarks and sights nearby."
90.73,Entire home/apt,4.14,2.0,2.0,1.0,1.0,22.0,False,1.0,1.0,2.0,"This area has an above-average number of pharmacies, grocery stores, parks, green spaces, and transit options, but fewer cafes than a typical New York block."
2392.67,Entire home/apt,5.0,2.0,2.0,1.0,1.0,1.0,False,1.0,1.0,2.0,"This area has more parks, green space, entertainment venues, and landmarks than a typical New York block, but fewer grocery stores and pharmacies."
311.0,Entire home/apt,4.86,2.0,1.0,1.0,1.0,7.0,False,1.0,1.0,2.0,"This area has more parks, green space, grocery stores, and subway transit than a typical New York block, but fewer cafes. Riverside Park is nearby."
543.0,Entire home/apt,4.85,4.0,2.0,2.0,1.0,13.0,True,2.0,1.0,3.0,"This area has more entertainment venues than a typical New York block and fewer pharmacies, hotels, and parks."
182.53,Private room,4.56,2.0,4.0,2.0,1.0,416.0,False,2.0,1.0,3.0,This area has more grocery stores and parks and green space than a typical New York block.
221.5,Shared room,5.0,2.0,2.0,1.0,1.0,19.0,True,1.0,1.0,2.0,"This is an area with more parks, green space, grocery stores, pharmacies, and transit options than a typical New York block. Riverside Park is located nearby."
155.38,Entire home/apt,5.0,1.0,1.0,1.0,1.0,3.0,False,1.0,1.0,2.0,"This area has more bars, nightlife, and cafes than a typical New York block. It has fewer pharmacies, subway and transit options, entertainment venues, grocery stores, hotels, and parks and green space."
121.7,Entire home/apt,4.48,4.0,3.0,2.0,1.0,21.0,False,2.0,1.0,3.0,"This area has more pharmacies and grocery stores than a typical New York block, but fewer entertainment venues and gyms."
628.0,Entire home/apt,5.0,4.0,2.0,2.0,1.5,34.0,True,2.0,1.5,3.5,"This area has more entertainment venues than a typical New York block and fewer pharmacies, hotels, and parks or green spaces."
164.82,Entire home/apt,5.0,5.0,2.0,2.0,1.0,3.0,True,2.0,1.0,3.0,This area has fewer hotels than a typical New York block.
260.79,Entire home/apt,5.0,5.0,2.0,1.0,1.0,1.0,False,1.0,1.0,2.0,This area has more hotels and green space than a typical New York block.
124.48,Entire home/apt,4.68,3.0,2.0,1.0,1.0,22.0,False,1.0,1.0,2.0,"This area has more bars, nightlife, entertainment venues, and parks than a typical New York block, but fewer grocery stores and pharmacies."
147.5,Entire home/apt,5.0,4.0,2.0,2.0,1.0,26.0,True,2.0,1.0,3.0,"This area has more parks, green space, landmarks, sights, and transit options than a typical New York block, but fewer entertainment venues. Central Park is located nearby."
2045.88,Entire home/apt,4.86,16.0,12.0,6.0,4.5,14.0,True,6.0,4.5,10.5,"This area has more grocery stores and pharmacies than a typical New York block, but fewer entertainment venues and parks."
607.0,Entire home/apt,5.0,2.0,1.0,1.0,1.0,25.0,True,1.0,1.0,2.0,"This area has more bars, nightlife, and cafes than a typical New York block. It also has fewer pharmacies, subway and transit options, entertainment venues, grocery stores, hotels, and parks or green spaces."
432.33,Entire home/apt,4.78,8.0,4.0,3.0,2.0,32.0,False,3.0,2.0,5.0,This area has more hotels and parks and green space than a typical New York block. It also has more landmarks and sights than average.
157.1,Entire home/apt,4.5,2.0,1.0,1.0,1.0,2.0,False,1.0,1.0,2.0,This area has more grocery stores and pharmacies than a typical New York block and lacks nearby parks or green space. The Metropolitan Museum of Art is located nearby.
202.8,Entire home/apt,4.79,5.0,3.0,3.0,1.0,56.0,True,3.0,1.0,4.0,"This area has more entertainment venues, grocery stores, hotels, parks and green space, and subway and transit options than a typical New York block."
244.13,Entire home/apt,4.97,3.0,2.0,1.0,1.0,75.0,True,1.0,1.0,2.0,"This is a commercial and residential area with more bars, nightlife, and pharmacies than a typical New York block."
145.67,Entire home/apt,3.0,4.0,2.0,2.0,1.0,6.0,False,2.0,1.0,3.0,"This area has more pharmacies and grocery stores than a typical New York block and lacks nearby parks or green space. The Metropolitan Museum of Art is located here, while entertainment venues and hotels are less common than usual."
880.0,Entire home/apt,4.92,8.0,3.0,4.0,1.5,12.0,True,4.0,1.5,5.5,"This area has more grocery stores and entertainment venues than a typical New York block. It has fewer parks, green spaces, and pharmacies than a typical block."
104.23,Entire home/apt,5.0,2.0,1.0,1.0,1.0,3.0,True,1.0,1.0,2.0,"This area has an above-average number of grocery stores, pharmacies, and shops. It has fewer cafes, museums, galleries, and parks than a typical New York block."
148.5,Private room,4.83,1.0,1.0,1.0,1.0,6.0,False,1.0,1.0,2.0,This area has an above average number of landmarks and sights and a below average amount of parks and green space.
2212.37,Entire home/apt,4.89,8.0,2.0,2.0,2.0,9.0,False,2.0,2.0,4.0,"This area has more entertainment venues, parks, green space, landmarks, sights, and transit options than a typical New York block, but fewer bars, nightlife, and grocery stores. Lincoln Center and Riverside Park are nearby."
398.97,Entire home/apt,5.0,6.0,4.0,3.0,2.0,5.0,False,3.0,2.0,5.0,"This area has more pharmacies and subway and transit access than a typical New York block, but fewer hotels and no nearby entertainment venues."
435.5,Entire home/apt,4.89,4.0,2.0,2.0,2.0,54.0,True,2.0,2.0,4.0,"This area has more parks, hotels, landmarks, and pharmacies than a typical block, but fewer grocery stores and no nearby subway or transit access."
190.63,Entire home/apt,5.0,4.0,2.0,1.0,1.0,1.0,False,1.0,1.0,2.0,"This area has more grocery stores, pharmacies, shops, and transit options than a typical New York block. It has fewer bars, cafes, entertainment venues, hotels, museums, galleries, and landmarks than a typical block."
139.08,Entire home/apt,4.8,6.0,3.0,2.0,2.0,20.0,True,2.0,2.0,4.0,"This area has a higher concentration of pharmacies and parks than a typical New York block, but fewer transit options."
330.5,Private room,5.0,2.0,2.0,2.0,1.0,13.0,True,2.0,1.0,3.0,"This area has an above average number of pharmacies and shops compared to a typical New York block. It has fewer bars, nightlife, cafes, and parks than a typical block."
271.64,Entire home/apt,5.0,4.0,2.0,2.0,1.5,1.0,True,2.0,1.5,3.5,"This area has more bars, nightlife, entertainment venues, museums, galleries, parks, green space, and transit access than a typical New York block. There are no hotels nearby and fewer pharmacies than average."
552.17,Entire home/apt,5.0,5.0,3.0,1.0,1.5,1.0,True,1.0,1.5,2.5,"This is a residential area near Prospect Park that has more cafes than a typical New York block but fewer hotels, landmarks, grocery stores, and transit options."
594.75,Entire home/apt,4.9,4.0,3.0,2.0,1.0,10.0,True,2.0,1.0,3.0,This area has more museums and galleries than a typical New York block and fewer entertainment venues.
60.96,Entire home/apt,4.64,3.0,2.0,1.0,1.0,14.0,False,1.0,1.0,2.0,This is an area with an above average number of museums and galleries and pharmacies.
114.8,Entire home/apt,4.6,2.0,1.0,2.0,1.0,247.0,False,2.0,1.0,3.0,"This area has more entertainment venues and museums and galleries than a typical New York block, but fewer parks and green spaces and less access to subway and transit."
502.67,Entire home/apt,4.96,3.0,1.0,1.0,1.0,163.0,False,1.0,1.0,2.0,"This area has more parks, green space, hotels, and landmarks than a typical New York block, but fewer grocery stores. Riverside Park is located nearby."
227.0,Entire home/apt,4.89,3.0,2.0,1.0,1.0,257.0,True,1.0,1.0,2.0,"This area has more pharmacies, grocery stores, shops, and transit options than a typical New York block. It has fewer bars, cafes, and entertainment, hotel, or museum options than a typical block."
193.0,Private room,5.0,1.0,1.0,1.0,1.0,8.0,False,1.0,1.0,2.0,"This area has more hotels, landmarks, sights, and green space than a typical New York block, but fewer grocery stores and no nearby subway or transit access."
171.47,Entire home/apt,5.0,2.0,1.0,1.0,1.0,2.0,True,1.0,1.0,2.0,"This area has more subway and transit access, gyms and sports facilities, landmarks and sights, museums and galleries, and parks and green space than a typical New York block."
106.76,Private room,4.74,2.0,1.0,1.0,1.0,130.0,False,1.0,1.0,2.0,"This area has a high concentration of grocery stores, pharmacies, shops, and transit options. It contains fewer bars, cafes, and parks than a typical New York block and lacks entertainment venues, hotels, museums, and galleries."
284.17,Entire home/apt,5.0,5.0,4.0,3.0,1.0,3.0,True,3.0,1.0,4.0,"This area has more parks, green space, landmarks, sights, and transit access than a typical New York block, but fewer entertainment venues. Central Park is located nearby."
178.8,Entire home/apt,4.0,3.0,2.0,1.0,1.0,1.0,False,1.0,1.0,2.0,"This area has an above-average number of grocery stores and a below-average number of gyms, sports facilities, hotels, landmarks, sights, and transit options."
109.7,Entire home/apt,5.0,2.0,1.0,1.0,1.0,2.0,False,1.0,1.0,2.0,"This area has more pharmacies, grocery stores, and transit options than a typical New York block, but fewer entertainment venues, gyms, sports facilities, landmarks, and parks. The Cloisters is located nearby."
67.67,Private room,5.0,1.0,1.0,1.0,1.0,2.0,False,1.0,1.0,2.0,This area has more grocery stores and pharmacies than a typical New York block and lacks parks and green space. The Metropolitan Museum of Art is located nearby.
420.33,Entire home/apt,4.92,4.0,2.0,1.0,1.0,12.0,False,1.0,1.0,2.0,"This area has more parks, green space, entertainment venues, hotels, and landmarks than a typical New York block. There are no pharmacies nearby."
156.17,Entire home/apt,5.0,2.0,1.0,1.0,1.0,8.0,False,1.0,1.0,2.0,"This area has more parks, entertainment venues, gyms, sports facilities, and landmarks than a typical New York block, but fewer bars and nightlife options. Central Park is located nearby."
171.7,Entire home/apt,4.88,4.0,2.0,2.0,1.0,8.0,True,2.0,1.0,3.0,"This area has more grocery stores and pharmacies than a typical New York block. It has fewer bars, nightlife, museums, and galleries than a typical block."
233.56,Entire home/apt,4.92,5.0,3.0,2.0,1.0,129.0,True,2.0,1.0,3.0,"This area has a higher concentration of bars and nightlife than a typical New York block, but fewer gyms, sports facilities, hotels, landmarks, sights, and transit options."
170.61,Entire home/apt,4.9,4.0,2.0,2.0,1.0,10.0,True,2.0,1.0,3.0,"This area has an unusually high number of grocery stores, pharmacies, and parks and green space, but fewer cafes and hotels than a typical New York block."
172.23,Entire home/apt,5.0,2.0,1.0,1.0,1.0,1.0,False,1.0,1.0,2.0,"This area has more museums, galleries, and transit access than a typical New York block, but fewer grocery stores and pharmacies."
225.98,Entire home/apt,4.5,2.0,1.0,1.0,1.0,2.0,False,1.0,1.0,2.0,"This area has more entertainment venues and museums and galleries than a typical New York block, but fewer grocery stores. The Manhattan Bridge is located nearby."
253.19,Entire home/apt,4.94,5.0,3.0,2.0,1.5,17.0,True,2.0,1.5,3.5,"This area has more pharmacies, grocery stores, and parks than a typical New York block. Washington Square Park is nearby."
72.67,Private room,5.0,1.0,1.0,1.0,1.0,11.0,False,1.0,1.0,2.0,"This area has more grocery stores, pharmacies, and subway and transit options than a typical New York block. It has fewer museums, galleries, and landmarks and sights than a typical New York block."
140.02,Entire home/apt,5.0,3.0,1.0,1.0,1.0,11.0,True,1.0,1.0,2.0,"This is a residential and transit-oriented area with more grocery stores, pharmacies, and subway access than a typical New York block. It has fewer hotels, entertainment venues, gyms, and museums than a typical block."
130.88,Entire home/apt,5.0,4.0,2.0,2.0,1.0,8.0,True,2.0,1.0,3.0,"This area has an above-average number of grocery stores, pharmacies, and transit options. It has fewer entertainment venues, gyms, sports facilities, museums, and galleries than a typical New York block, and no hotels."
103.06,Entire home/apt,4.63,2.0,1.0,1.0,1.0,240.0,False,1.0,1.0,2.0,"This area has more bars, nightlife, and pharmacies than a typical New York block and lacks nearby subway and transit access."
262.17,Entire home/apt,4.87,4.0,2.0,2.0,1.0,87.0,False,2.0,1.0,3.0,"This is a residential area with fewer hotels, entertainment venues, and parks than a typical New York block."
165.58,Entire home/apt,5.0,4.0,3.0,2.0,2.0,8.0,False,2.0,2.0,4.0,"This is an area with fewer parks, green spaces, gyms, sports facilities, and hotels than a typical New York block."
326.66,Private room,4.98,2.0,2.0,1.0,1.0,81.0,True,1.0,1.0,2.0,This area has more grocery stores and hotels than a typical New York block. It has fewer gyms and sports facilities than a typical New York block.
312.0,Entire home/apt,5.0,2.0,1.0,1.0,1.0,9.0,True,1.0,1.0,2.0,"This area has more pharmacies, grocery stores, and parks and green space than a typical New York block. Washington Square Park is located nearby."
196.27,Entire home/apt,5.0,3.0,1.0,1.0,1.5,22.0,True,1.0,1.5,2.5,"This area has an above-average concentration of bars, nightlife, entertainment venues, museums, and galleries. It has fewer hotels, gyms, sports facilities, landmarks, sights, and parks than a typical New York block."
114.63,Entire home/apt,2.5,4.0,3.0,1.0,1.0,2.0,False,1.0,1.0,2.0,"This is an area with more pharmacies, parks and green space, and subway and transit access than a typical New York block, but fewer hotels, museums and galleries, and landmarks and sights."
46.47,Private room,4.75,1.0,1.0,1.0,2.0,4.0,False,1.0,2.0,3.0,"This area has more pharmacies and subway and transit options than a typical New York block, but fewer parks and green spaces."
259.43,Entire home/apt,4.86,4.0,3.0,1.0,1.0,85.0,False,1.0,1.0,2.0,This area has an above-average number of pharmacies and a below-average number of museums and galleries.
182.53,Entire home/apt,4.82,6.0,3.0,2.0,1.0,38.0,False,2.0,1.0,3.0,"This area has more subway and transit options, cafes, museums, galleries, and parks than a typical New York block, but fewer grocery stores."
236.13,Entire home/apt,5.0,2.0,1.0,1.0,1.0,1.0,False,1.0,1.0,2.0,This area has an unusually high number of pharmacies and landmarks and sights compared to a typical New York block. There are no museums and galleries nearby.
188.07,Entire home/apt,5.0,6.0,2.0,2.0,1.0,3.0,False,2.0,1.0,3.0,"This area has more entertainment venues and grocery stores than a typical New York block, but fewer pharmacies."
361.17,Entire home/apt,3.0,6.0,3.0,3.0,2.0,1.0,False,3.0,2.0,5.0,"This area has more landmarks, sights, parks, green space, and pharmacies than a typical New York block."
119.5,Entire home/apt,4.84,2.0,2.0,2.0,1.0,185.0,True,2.0,1.0,3.0,"This area has an above-average number of pharmacies and fewer hotels, entertainment venues, landmarks, sights, museums, and galleries than a typical New York block."
87.84,Entire home/apt,4.92,2.0,1.0,1.0,1.0,13.0,False,1.0,1.0,2.0,"This is a residential area with an above-average number of grocery stores and a below-average number of gyms, sports facilities, hotels, museums, and galleries."
435.1,Entire home/apt,4.73,8.0,5.0,4.0,4.0,11.0,True,4.0,4.0,8.0,"This area has more parks and green space and better access to subway and transit than a typical New York block. It also has fewer bars, nightlife venues, and cafes than a typical block."
218.37,Entire home/apt,4.89,2.0,1.0,1.0,1.0,9.0,False,1.0,1.0,2.0,This area has more parks and green space than a typical New York block and fewer gyms and sports facilities.
55.63,Private room,4.78,2.0,1.0,1.0,1.0,151.0,True,1.0,1.0,2.0,"This area has an unusually high number of museums, galleries, and entertainment venues, and an unusually low number of pharmacies, cafes, and subway and transit options."
162.98,Entire home/apt,4.67,4.0,4.0,2.0,1.0,3.0,False,2.0,1.0,3.0,"This area has more pharmacies and shops than a typical New York block and lacks hotels, bars, nightlife, gyms, sports facilities, museums, galleries, and landmarks, with the exception of Times Square."
1299.76,Entire home/apt,5.0,6.0,3.0,2.0,2.0,4.0,False,2.0,2.0,4.0,"This area has more bars, nightlife, museums, galleries, and green space than a typical New York block. It has fewer grocery stores and no pharmacies or subway transit nearby."
243.33,Entire home/apt,4.73,2.0,2.0,1.0,1.0,11.0,False,1.0,1.0,2.0,"This area has more pharmacies and gyms and sports facilities than a typical New York block, while having fewer bars and nightlife venues and hotels."
121.87,Entire home/apt,4.96,2.0,1.0,1.0,1.0,27.0,True,1.0,1.0,2.0,"This area has more hotels, landmarks, sights, and pharmacies than a typical New York block, but fewer bars, nightlife, museums, and galleries, and no nearby parks or green space."
414.2,Entire home/apt,4.67,3.0,2.0,1.0,1.0,3.0,False,1.0,1.0,2.0,"This area has more parks, green space, entertainment venues, hotels, and landmarks than a typical New York block. There are no pharmacies nearby."
433.29,Entire home/apt,5.0,3.0,2.0,1.0,1.0,1.0,False,1.0,1.0,2.0,"This area has more parks, green space, entertainment venues, hotels, and landmarks than a typical New York block. There are no pharmacies nearby."
124.47,Entire home/apt,5.0,2.0,2.0,1.0,1.0,1.0,False,1.0,1.0,2.0,"This area has more grocery stores, hotels, landmarks and sights, pharmacies, and subway and transit options than a typical New York block. It has fewer bars and nightlife venues and cafes than a typical block."
425.35,Entire home/apt,5.0,3.0,1.0,1.0,1.0,1.0,False,1.0,1.0,2.0,"This area has more parks, green space, entertainment venues, hotels, and landmarks than a typical New York block. There are no pharmacies nearby."
258.13,Entire home/apt,5.0,8.0,4.0,4.0,1.0,1.0,False,4.0,1.0,5.0,"This area has more subway and transit options, grocery stores, hotels, and pharmacies than a typical New York block. It has fewer cafes, gyms, sports facilities, museums, galleries, and landmarks than a typical block."
276.57,Entire home/apt,5.0,4.0,2.0,2.0,2.5,6.0,True,2.0,2.5,4.5,"This area has more hotels, landmarks and sights, pharmacies, and subway and transit options than a typical New York block. It also has fewer bars and nightlife venues, cafes, and parks and green space than a typical block."
394.2,Entire home/apt,5.0,2.0,1.0,1.0,1.0,24.0,False,1.0,1.0,2.0,"This area has an above-average concentration of bars, nightlife, entertainment venues, museums, and galleries, but fewer grocery stores, pharmacies, gyms, and sports facilities than a typical New York block. There are no hotels or parks and green spaces nearby."
417.65,Entire home/apt,4.93,6.0,4.0,3.0,2.5,56.0,True,3.0,2.5,5.5,"This area has more museums, galleries, parks, green space, bars, nightlife, and pharmacies than a typical New York block. It has fewer shops and less subway and transit access than a typical New York block."
81.67,Private room,5.0,2.0,1.0,2.0,1.0,2.0,False,2.0,1.0,3.0,"This area has an unusually high number of grocery stores and pharmacies compared to a typical New York block. It has no nearby parks or green space and fewer landmarks, sights, bars, nightlife, cafes, entertainment venues, gyms, sports, museums, and galleries than average."
86.67,Entire home/apt,4.8,2.0,1.0,1.0,1.0,5.0,False,1.0,1.0,2.0,"This is an area with an unusually high number of grocery stores and pharmacies and an unusually low number of cafes, bars, nightlife, and transit options. It has no nearby parks or green space."
124.83,Entire home/apt,4.88,2.0,1.0,1.0,1.0,8.0,True,1.0,1.0,2.0,"This area has more grocery stores, pharmacies, and subway and transit options than a typical New York block, but fewer bars, nightlife, cafes, museums, and galleries."
124.42,Entire home/apt,5.0,2.0,1.0,1.0,1.0,4.0,False,1.0,1.0,2.0,"This area has more bars and nightlife than a typical New York block, but fewer pharmacies and less access to subway and transit."
124.36,Entire home/apt,4.93,2.0,1.0,1.0,1.0,234.0,True,1.0,1.0,2.0,"This area has more pharmacies and subway and transit access than a typical New York block, but fewer entertainment venues."
228.01,Entire home/apt,4.88,2.0,1.0,1.0,1.0,8.0,False,1.0,1.0,2.0,"This area has more landmarks, sights, and transit options than a typical New York block, but fewer grocery stores and pharmacies."
195.84,Entire home/apt,4.78,4.0,2.0,2.0,1.0,9.0,False,2.0,1.0,3.0,This area has more grocery stores than a typical New York block.
670.03,Entire home/apt,5.0,6.0,3.0,3.0,3.5,3.0,True,3.0,3.5,6.5,"This is an area with an above average number of hotels and museums and galleries, but a below average number of dining options and no nearby subway or transit."
185.28,Entire home/apt,4.5,6.0,4.0,1.0,1.0,4.0,False,1.0,1.0,2.0,"This is an area with an above-average number of pharmacies, grocery stores, and landmarks and sights, but fewer transit options than a typical New York block."
117.99,Private room,4.72,2.0,1.0,1.0,1.0,117.0,False,1.0,1.0,2.0,"This area has more pharmacies and grocery stores than a typical New York block, but fewer hotels, museums, galleries, parks, transit options, entertainment venues, landmarks, bars, and cafes."
71.9,Private room,5.0,2.0,1.0,1.0,1.0,9.0,True,1.0,1.0,2.0,"This area has more pharmacies and higher levels of subway and transit access than a typical New York block. It has fewer bars, nightlife venues, gyms, sports facilities, and parks than a typical block."
361.18,Entire home/apt,4.8,2.0,2.0,1.0,1.0,35.0,False,1.0,1.0,2.0,This area has more hotels than a typical New York block and is located near The Metropolitan Museum of Art.
233.34,Private room,4.77,2.0,1.0,1.0,1.0,156.0,True,1.0,1.0,2.0,"This area has more entertainment venues, gyms, sports facilities, and hotels than a typical New York block. It has fewer dining options and grocery stores and no nearby parks or green space."
177.47,Entire home/apt,4.64,6.0,5.0,2.0,1.0,192.0,False,2.0,1.0,3.0,"This area has more parks, green space, hotels, landmarks, sights, and transit options than a typical New York block, but fewer entertainment venues. It is located near Washington Square Park and Central Park."
276.49,Entire home/apt,5.0,6.0,3.0,3.0,1.0,1.0,False,3.0,1.0,4.0,This area has more grocery stores and pharmacies than a typical New York block and no parks or green space. The Metropolitan Museum of Art is located nearby.
159.63,Entire home/apt,5.0,2.0,2.0,1.0,1.0,13.0,True,1.0,1.0,2.0,"This area has more bars, nightlife, pharmacies, and transit options than a typical New York block. There are no hotels, museums, or galleries nearby, and the area has fewer landmarks and sights than usual."
239.22,Entire home/apt,4.48,6.0,5.0,2.0,2.5,33.0,False,2.0,2.5,4.5,"This area has more grocery stores, hotels, landmarks and sights, and pharmacies than a typical New York block. It has fewer parks and green spaces than a typical New York block."
186.87,Entire home/apt,5.0,2.0,1.0,1.0,1.0,36.0,False,1.0,1.0,2.0,"This area has more cafes, gyms, sports facilities, and green spaces than a typical New York block. It has fewer bars, nightlife venues, and pharmacies than a typical block."
126.45,Entire home/apt,4.57,4.0,2.0,2.0,2.0,53.0,False,2.0,2.0,4.0,"This area has an above-average number of shops and a below-average number of bars, nightlife, cafes, and transit options."
129.42,Entire home/apt,5.0,2.0,1.0,1.0,1.0,1.0,False,1.0,1.0,2.0,"This area has more cafes and parks than a typical New York block, but fewer grocery stores, pharmacies, and subway transit options. There are no hotels nearby."
109.9,Entire home/apt,5.0,4.0,2.0,2.0,1.0,10.0,False,2.0,1.0,3.0,"This area has an unusually high number of pharmacies, grocery stores, and parks and green space, but fewer cafes than a typical New York block. Washington Square Park is located nearby."
267.04,Entire home/apt,4.78,2.0,1.0,1.0,1.0,23.0,True,1.0,1.0,2.0,This area has more parks and green space and more subway and transit access than a typical New York block.
105.62,Entire home/apt,4.92,3.0,2.0,2.0,1.0,12.0,True,2.0,1.0,3.0,"This area has an above-average number of grocery stores, pharmacies, and parks and green space, and a below-average number of bars and nightlife, cafes, and museums and galleries."
276.97,Entire home/apt,5.0,2.0,1.0,1.0,2.0,4.0,True,1.0,2.0,3.0,"This area has more parks and green space than a typical New York block. It has fewer grocery stores and entertainment venues, and there are no hotels nearby."
193.0,Entire home/apt,5.0,2.0,1.0,1.0,1.0,1.0,False,1.0,1.0,2.0,"This area has fewer cafes, gyms, and sports facilities than a typical New York block. It also has fewer subway and transit options than a typical New York block."
162.27,Entire home/apt,5.0,2.0,1.0,1.0,1.0,17.0,False,1.0,1.0,2.0,This area has more pharmacies and landmarks and sights than a typical New York block.
80.26,Private room,4.89,2.0,1.0,1.0,1.0,9.0,True,1.0,1.0,2.0,"This area has more pharmacies and transit access than a typical New York block, but lacks parks and has fewer bars and gyms."
110.06,Entire home/apt,5.0,2.0,1.0,1.0,1.0,6.0,False,1.0,1.0,2.0,"This area has more pharmacies, grocery stores, and parks and green space than a typical New York block, but fewer gyms and sports facilities and no hotels."
251.66,Entire home/apt,5.0,6.0,2.0,3.0,2.0,3.0,False,3.0,2.0,5.0,This is a typical New York block.
245.16,Entire home/apt,5.0,6.0,3.0,2.0,1.5,3.0,False,2.0,1.5,3.5,This area has more cafes and fewer hotels and subway and transit options than a typical New York block.
325.25,Entire home/apt,5.0,2.0,1.0,1.0,1.0,1.0,False,1.0,1.0,2.0,"This area has more parks, green space, entertainment venues, and transit options than a typical New York block. It has fewer grocery stores and no pharmacies nearby."
213.86,Entire home/apt,5.0,3.0,2.0,1.0,1.0,1.0,False,1.0,1.0,2.0,"This area has more hotels, landmarks and sights, and parks and green space than a typical New York block. It has fewer grocery stores, gyms and sports facilities, pharmacies, and subway and transit options."
388.0,Entire home/apt,4.91,5.0,2.0,2.0,1.0,243.0,True,2.0,1.0,3.0,This area has more cafes than a typical New York block and fewer entertainment venues and parks. There are no hotels nearby.
103.44,Entire home/apt,4.77,2.0,1.0,1.0,1.0,13.0,False,1.0,1.0,2.0,This is an area with an above average number of entertainment venues and a below average number of pharmacies and parks and green space. There are no hotels nearby.
179.4,Entire home/apt,5.0,4.0,2.0,2.0,1.0,4.0,False,2.0,1.0,3.0,This area has an above-average number of entertainment venues and a below-average number of grocery stores and parks. There are no pharmacies nearby.
228.33,Private room,4.98,2.0,2.0,2.0,1.0,190.0,True,2.0,1.0,3.0,"This area has more grocery stores and subway and transit options than a typical New York block, but fewer entertainment venues and museums and galleries."
222.67,Entire home/apt,5.0,2.0,2.0,1.0,1.0,1.0,False,1.0,1.0,2.0,"This area has more parks and green space than a typical New York block, but fewer grocery stores and pharmacies."
362.3,Entire home/apt,4.89,4.0,3.0,2.0,1.0,19.0,False,2.0,1.0,3.0,"This area has more pharmacies and landmarks and sights than a typical New York block, but fewer subway and transit options."
436.84,Entire home/apt,5.0,9.0,4.0,2.0,1.0,7.0,False,2.0,1.0,3.0,"This is a residential area with fewer entertainment venues, hotels, and museums and galleries than a typical New York block."
296.8,Private room,4.96,2.0,2.0,3.0,1.0,162.0,True,3.0,1.0,4.0,"This is a residential area with fewer pharmacies, hotels, and landmarks than a typical New York block."
103.23,Entire home/apt,4.55,7.0,7.0,2.0,1.0,76.0,True,2.0,1.0,3.0,"This is a residential area with an above-average number of grocery stores and pharmacies. It has fewer cafes, entertainment venues, hotels, and transit options than a typical New York block."
215.0,Hotel room,4.6,2.0,1.0,1.0,1.0,81.0,False,1.0,1.0,2.0,"This area has more pharmacies, grocery stores, hotels, and transit options than a typical New York block, but fewer bars, nightlife venues, museums, and galleries."
397.55,Entire home/apt,5.0,5.0,2.0,2.0,2.0,2.0,True,2.0,2.0,4.0,"This area has an above-average number of hotels, landmarks, museums, galleries, and parks. It has fewer subway stations, transit options, entertainment venues, and grocery stores than a typical New York block."
361.37,Entire home/apt,4.92,6.0,4.0,3.0,2.0,39.0,False,3.0,2.0,5.0,"This area has more cafes and parks than a typical New York block. It has fewer hotels, subway and transit options, entertainment venues, grocery stores, landmarks, sights, and pharmacies than a typical block."
290.89,Entire home/apt,5.0,3.0,3.0,1.0,1.0,8.0,False,1.0,1.0,2.0,"This area has an above-average number of pharmacies and landmarks and sights, while having fewer bars and nightlife options than a typical New York block."
261.51,Entire home/apt,5.0,4.0,4.0,4.0,1.0,1.0,True,4.0,1.0,5.0,"This area has more parks, green space, and landmarks than a typical New York block, but fewer grocery stores and no nearby entertainment venues. Central Park and Washington Square Park are located nearby."
193.6,Entire home/apt,4.75,2.0,1.0,1.0,1.5,18.0,False,1.0,1.5,2.5,"This area has more hotels, pharmacies, and transit options than a typical New York block, along with fewer bars, nightlife venues, and cafes."
272.5,Entire home/apt,5.0,4.0,2.0,2.0,1.0,8.0,True,2.0,1.0,3.0,This is a residential area with fewer entertainment venues and parks than a typical New York block. There are no hotels located nearby.
197.19,Entire home/apt,5.0,6.0,2.0,3.0,1.5,1.0,False,3.0,1.5,4.5,This area has more grocery stores than a typical New York block.
227.07,Entire home/apt,5.0,4.0,3.0,2.0,1.0,1.0,False,2.0,1.0,3.0,This area has a higher concentration of pharmacies and landmarks than a typical New York block. It has fewer subway and transit options than a typical block.
132.74,Entire home/apt,5.0,2.0,1.0,1.0,1.0,1.0,False,1.0,1.0,2.0,"This is a residential area with fewer hotels, entertainment venues, grocery stores, landmarks, sights, museums, and galleries than a typical New York block."
72.64,Entire home/apt,5.0,2.0,1.0,1.0,1.0,5.0,True,1.0,1.0,2.0,"This area has an above average number of grocery stores compared to a typical New York block. It has fewer gyms, sports facilities, hotels, museums, galleries, landmarks, and sights than a typical New York block."
321.39,Entire home/apt,5.0,4.0,2.0,2.0,1.0,4.0,False,2.0,1.0,3.0,This is a typical New York block.
108.8,Private room,4.91,1.0,1.0,1.0,1.5,154.0,False,1.0,1.5,2.5,"This is an area with an above-average number of cafes and a lack of nearby pharmacies, subway and transit options, gyms, sports facilities, landmarks, or green space."
182.17,Entire home/apt,4.94,2.0,1.0,1.0,1.0,17.0,True,1.0,1.0,2.0,"This area has more parks, entertainment venues, hotels, landmarks, and transit options than a typical New York block. It has fewer grocery stores and museums, and no pharmacies."
212.7,Entire home/apt,4.95,4.0,2.0,2.0,1.0,39.0,True,2.0,1.0,3.0,"This area has an above-average number of museums and galleries, no nearby subway or transit, and a below-average number of dining options."
682.17,Entire home/apt,5.0,8.0,4.0,4.0,2.5,30.0,True,4.0,2.5,6.5,"This area has an above-average number of pharmacies, hotels, parks, green spaces, and transit options, but fewer bars and nightlife venues than a typical New York block."
116.89,Entire home/apt,4.59,2.0,1.0,1.0,1.0,41.0,True,1.0,1.0,2.0,"This area has more parks and green space than a typical New York block, but fewer gyms, sports facilities, and hotels."
437.28,Entire home/apt,5.0,11.0,7.0,4.0,2.0,2.0,False,4.0,2.0,6.0,"This is an area with fewer museums, galleries, parks, green spaces, entertainment venues, gyms, sports facilities, landmarks, and sights than a typical New York block."
54.4,Private room,4.73,1.0,1.0,1.0,1.0,15.0,False,1.0,1.0,2.0,This area has more pharmacies and less green space than a typical New York block.
325.24,Entire home/apt,4.79,2.0,1.0,1.0,1.0,251.0,True,1.0,1.0,2.0,"This area has more hotels, parks and green space, and pharmacies than a typical New York block. It has fewer bars, nightlife, and cafes than a typical New York block."
215.67,Entire home/apt,5.0,2.0,2.0,1.0,1.0,32.0,True,1.0,1.0,2.0,"This is a residential area with fewer hotels, landmarks, and parks than a typical New York block."
180.4,Entire home/apt,4.92,4.0,2.0,1.0,1.0,25.0,True,1.0,1.0,2.0,"This is an area with an unusually high number of pharmacies and fewer bars, nightlife, hotels, museums, and galleries than a typical New York block."
280.0,Private room,4.79,4.0,1.0,1.0,1.0,56.0,True,1.0,1.0,2.0,"This area has more hotels and parks and green space than a typical New York block, but fewer grocery stores."
147.79,Entire home/apt,4.64,7.0,5.0,1.0,1.0,22.0,False,1.0,1.0,2.0,This area has more pharmacies than a typical New York block and fewer subway and transit options.
226.99,Entire home/apt,4.88,5.0,3.0,3.0,2.0,8.0,False,3.0,2.0,5.0,"This is a residential area with fewer cafes, parks, and pharmacies than a typical New York block."
225.62,Entire home/apt,4.76,4.0,2.0,2.0,2.0,17.0,True,2.0,2.0,4.0,"This area has fewer landmarks, sights, and green spaces than a typical New York block and is located near The Vessel."
256.26,Entire home/apt,5.0,4.0,2.0,2.0,1.0,5.0,True,2.0,1.0,3.0,"This area has more subway and transit access than a typical New York block, but fewer pharmacies and hotels."
119.93,Entire home/apt,4.68,1.0,1.0,1.0,1.0,31.0,False,1.0,1.0,2.0,"This is a residential area with fewer hotels, parks, entertainment venues, and grocery stores than a typical New York block."
89.41,Private room,4.74,2.0,1.0,1.0,2.0,57.0,False,1.0,2.0,3.0,"This area has more landmarks, sights, and green space than a typical New York block. It also has fewer entertainment venues, grocery stores, and pharmacies than average."
523.26,Entire home/apt,4.0,6.0,2.0,2.0,2.0,1.0,True,2.0,2.0,4.0,"This area has an above-average concentration of hotels, landmarks, museums, galleries, and parks. It has fewer subway stations, entertainment venues, grocery stores, and gyms than a typical New York block."
228.47,Entire home/apt,4.6,3.0,2.0,1.0,1.0,10.0,True,1.0,1.0,2.0,"This area has more parks, green space, and pharmacies than a typical New York block. It has fewer bars, nightlife venues, and hotels than a typical New York block."
138.57,Entire home/apt,4.91,5.0,3.0,3.0,1.0,11.0,True,3.0,1.0,4.0,"This area has more pharmacies, grocery stores, parks, green space, and transit options than a typical New York block. It also has fewer bars, nightlife venues, cafes, gyms, sports facilities, landmarks, sights, museums, and galleries than a typical block."
288.53,Entire home/apt,4.0,4.0,1.0,1.0,1.0,1.0,False,1.0,1.0,2.0,"This area has more landmarks, sights, and green space than a typical New York block, but fewer subway and transit options."
287.15,Entire home/apt,5.0,4.0,2.0,2.0,1.0,2.0,True,2.0,1.0,3.0,"This area has fewer pharmacies, grocery stores, parks, green spaces, and transit options than a typical New York block."
205.7,Entire home/apt,4.9,4.0,2.0,1.0,1.0,71.0,False,1.0,1.0,2.0,This area has more pharmacies than a typical New York block and lacks nearby parks or green space.
265.57,Entire home/apt,5.0,4.0,2.0,2.0,1.0,3.0,True,2.0,1.0,3.0,"This area has more parks, green space, landmarks, sights, and transit options than a typical New York block and includes Central Park. There are no entertainment venues nearby."
300.33,Entire home/apt,5.0,6.0,3.0,3.0,1.0,1.0,False,3.0,1.0,4.0,"This area has more landmarks, parks, and pharmacies than a typical New York block, but fewer grocery stores, shops, and subway connections."
391.86,Entire home/apt,4.89,6.0,2.0,2.0,1.0,56.0,False,2.0,1.0,3.0,"This area has an unusually high number of hotels and lacks nearby subway and transit options, grocery stores, and pharmacies."
340.03,Entire home/apt,2.0,6.0,3.0,3.0,1.0,1.0,False,3.0,1.0,4.0,"This area has more parks and landmarks than a typical New York block, including Central Park. It contains fewer pharmacies than average and no entertainment venues."
275.48,Entire home/apt,4.18,8.0,3.0,3.0,2.0,11.0,False,3.0,2.0,5.0,"This area has more grocery stores and subway and transit options than a typical New York block. It has fewer cafes, bars and nightlife, entertainment venues, and gyms and sports than a typical block."
143.83,Private room,4.74,2.0,4.0,1.0,1.0,145.0,False,1.0,1.0,2.0,"This area has an unusually high number of pharmacies and fewer bars, nightlife, cafes, and landmarks than a typical New York block."
387.17,Entire home/apt,5.0,4.0,2.0,2.0,2.0,1.0,False,2.0,2.0,4.0,"This area has more parks, green space, and landmarks than a typical New York block and fewer bars and nightlife venues."
223.45,Entire home/apt,4.97,2.0,2.0,1.0,1.0,35.0,True,1.0,1.0,2.0,"This area has more museums and galleries than a typical New York block, but it has fewer pharmacies, bars, nightlife, and grocery stores."
100.44,Private room,4.43,15.0,9.0,4.0,1.0,89.0,False,4.0,1.0,5.0,This area has an unusually high number of pharmacies and lacks nearby parks or green space.
183.9,Entire home/apt,4.93,4.0,2.0,2.0,1.0,44.0,True,2.0,1.0,3.0,"This area has more pharmacies and subway and transit options than a typical New York block, but fewer grocery stores and hotels. It is located near the Brooklyn Museum and Brooklyn Botanic Garden."
254.43,Entire home/apt,5.0,2.0,1.0,1.0,1.0,3.0,False,1.0,1.0,2.0,"This area has more bars, nightlife, museums, and galleries than a typical New York block, but fewer grocery stores and no nearby pharmacies or transit."
64.56,Private room,4.4,2.0,1.0,1.0,2.0,10.0,False,1.0,2.0,3.0,This area has fewer subway and transit options than a typical New York block.
105.1,Entire home/apt,4.5,2.0,2.0,2.0,1.0,4.0,False,2.0,1.0,3.0,"This area has an above-average number of bars and nightlife venues, but it has fewer grocery stores than typical New York blocks and no hotels or parks."
220.87,Entire home/apt,4.61,4.0,1.0,1.0,1.0,88.0,False,1.0,1.0,2.0,"This is a residential area with an above average number of pharmacies and a below average number of cafes, gyms, sports facilities, parks, green space, and transit options."
228.63,Entire home/apt,5.0,2.0,2.0,1.0,1.5,2.0,False,1.0,1.5,2.5,"This is a residential area with fewer pharmacies and subway or transit options than a typical New York block. There are no hotels, museums, or galleries in the immediate vicinity."
45.63,Shared room,4.25,2.0,2.0,1.0,2.0,4.0,False,1.0,2.0,3.0,This is a residential area with fewer subway and transit options than a typical New York block.
239.13,Entire home/apt,4.67,4.0,2.0,2.0,1.0,12.0,False,2.0,1.0,3.0,"This area has more pharmacies, grocery stores, and landmarks than a typical New York block, but fewer shops and no nearby parks."
1168.87,Entire home/apt,4.79,6.0,3.0,2.0,1.0,53.0,False,2.0,1.0,3.0,"This is a residential area with fewer hotels, entertainment venues, landmarks, parks, and pharmacies than a typical New York block."
78.47,Private room,4.0,1.0,1.0,1.0,1.5,1.0,False,1.0,1.5,2.5,This is a residential area with fewer pharmacies than a typical New York block.
105.43,Entire home/apt,4.5,2.0,1.0,1.0,1.0,2.0,False,1.0,1.0,2.0,"This area has more grocery stores and fewer bars, nightlife, entertainment venues, and transit options than a typical New York block. The Metropolitan Museum of Art is nearby."
258.11,Entire home/apt,4.67,3.0,1.0,1.0,1.0,12.0,True,1.0,1.0,2.0,This area has more parks and green space than a typical New York block and fewer museums and galleries. Prospect Park is nearby.
214.17,Entire home/apt,4.92,2.0,1.0,1.0,2.0,13.0,False,1.0,2.0,3.0,"This area has more pharmacies and hotels than a typical New York block. It has less access to parks, green space, and transit than a typical New York block."
114.07,Entire home/apt,3.0,2.0,2.0,2.0,1.0,1.0,False,2.0,1.0,3.0,This area has fewer bars and nightlife options than a typical New York block.
285.33,Private room,4.82,2.0,3.0,2.0,1.0,121.0,False,2.0,1.0,3.0,This is a residential area with fewer gyms and sports facilities than a typical New York block. It also has less access to subway and transit options than a typical New York block.
202.0,Private room,4.89,2.0,2.0,2.0,1.0,361.0,True,2.0,1.0,3.0,This area has more pharmacies than a typical New York block and lacks nearby subway or transit access.
158.57,Entire home/apt,5.0,4.0,2.0,2.0,2.0,5.0,True,2.0,2.0,4.0,"This is a residential area with more parks and green space than a typical New York block. It has fewer subway and transit options, gyms, sports facilities, and pharmacies than a typical block."
303.0,Entire home/apt,4.86,4.0,2.0,2.0,1.0,180.0,True,2.0,1.0,3.0,"This area has an above-average number of shops and a below-average number of grocery stores, landmarks, sights, bars, nightlife, cafes, dining, entertainment venues, gyms, and sports. There are no museums, galleries, parks, or green spaces nearby."
155.79,Entire home/apt,4.97,4.0,2.0,2.0,1.0,226.0,False,2.0,1.0,3.0,"This is a residential area with a high concentration of pharmacies and grocery stores. It has fewer cafes, bars, and nightlife options than a typical New York block."
675.0,Entire home/apt,4.82,6.0,3.0,3.0,1.0,138.0,True,3.0,1.0,4.0,"This area has more landmarks, sights, and green space than a typical New York block. It also has fewer gyms, sports facilities, and pharmacies than average."
544.0,Entire home/apt,4.71,4.0,2.0,2.0,1.5,136.0,True,2.0,1.5,3.5,"This area has more landmarks, sights, and green space than a typical New York block, but fewer gyms, sports facilities, and pharmacies."
163.37,Entire home/apt,4.92,4.0,2.0,2.0,1.0,25.0,True,2.0,1.0,3.0,"This is a residential area with fewer entertainment venues, grocery stores, parks, and transit options than a typical New York block."
232.11,Entire home/apt,5.0,2.0,1.0,1.0,1.0,3.0,True,1.0,1.0,2.0,This block is in an area with fewer parks and green spaces than typical. It has fewer landmarks and sights than a typical New York block.
416.67,Entire home/apt,5.0,3.0,1.0,1.0,1.0,1.0,False,1.0,1.0,2.0,"This area has more parks, green space, gyms, sports facilities, and landmarks than a typical New York block, including Central Park. It has fewer bars, nightlife venues, grocery stores, museums, galleries, and pharmacies than a typical block."
82.32,Entire home/apt,4.67,1.0,1.0,1.0,1.0,3.0,False,1.0,1.0,2.0,"This area has more grocery stores and pharmacies than a typical New York block, but fewer gyms, sports facilities, museums, and galleries. The Cloisters is located nearby."
275.63,Entire home/apt,4.67,2.0,1.0,1.0,1.0,3.0,False,1.0,1.0,2.0,This area has more museums and galleries than a typical New York block and lacks nearby pharmacies and subway or transit access.
80.1,Entire home/apt,4.5,6.0,4.0,2.0,1.0,131.0,False,2.0,1.0,3.0,This area has more parks and green space and fewer museums and galleries than a typical New York block. Prospect Park is nearby.
42.13,Shared room,3.6,3.0,3.0,1.0,2.0,5.0,False,1.0,2.0,3.0,This area has fewer subway and transit options than a typical New York block.
137.11,Entire home/apt,5.0,2.0,2.0,1.0,1.0,2.0,True,1.0,1.0,2.0,This area has fewer subway and transit options than a typical New York block.
169.0,Private room,4.8,3.0,2.0,2.0,1.0,40.0,True,2.0,1.0,3.0,"This is a residential area near Riverside Park that has an above average number of pharmacies and fewer entertainment venues, cafes, bars, nightlife, museums, galleries, and transit options than a typical New York block."
231.5,Entire home/apt,4.79,2.0,1.0,1.0,1.0,19.0,False,1.0,1.0,2.0,This area has an above-average number of pharmacies and a below-average number of shops compared to a typical New York block. There are no parks or green spaces nearby.
210.2,Entire home/apt,5.0,4.0,1.0,1.0,1.0,1.0,False,1.0,1.0,2.0,"This area has more gyms, sports facilities, and green space than a typical New York block, but it has fewer grocery stores and pharmacies and no nearby subway or transit access."
185.0,Hotel room,4.0,2.0,1.0,1.0,1.0,4.0,False,1.0,1.0,2.0,"This area has fewer hotels, parks, and green spaces than a typical New York block."
185.0,Hotel room,3.0,2.0,1.0,1.0,1.0,1.0,False,1.0,1.0,2.0,"This is a residential area with fewer hotels, parks, and landmarks than a typical New York block."
516.8,Entire home/apt,5.0,4.0,2.0,2.0,2.0,4.0,False,2.0,2.0,4.0,"This area has more landmarks and green space than a typical New York block, but fewer grocery stores, shops, and transit options."
288.94,Entire home/apt,4.89,4.0,1.0,1.0,1.0,53.0,True,1.0,1.0,2.0,"This is a residential area with fewer pharmacies than a typical New York block and no nearby hotels, museums, galleries, or subway and transit access."
185.0,Hotel room,3.0,2.0,1.0,1.0,1.0,2.0,False,1.0,1.0,2.0,"This is a residential area with fewer hotels, parks, and landmarks than a typical New York block."
195.09,Entire home/apt,5.0,3.0,2.0,2.0,1.0,2.0,False,2.0,1.0,3.0,"This area has fewer gyms, sports facilities, and pharmacies than a typical New York block."
296.71,Private room,4.92,2.0,1.0,1.0,1.0,626.0,True,1.0,1.0,2.0,This is a typical New York block.
775.37,Entire home/apt,5.0,7.0,4.0,3.0,2.5,27.0,False,3.0,2.5,5.5,"This is a residential area with fewer transit options, grocery stores, gyms, sports facilities, and hotels than a typical New York block. The area has fewer landmarks and sights than usual, with Prospect Park located nearby."
803.82,Entire home/apt,4.92,8.0,5.0,4.0,3.5,37.0,True,4.0,3.5,7.5,"This area has fewer pharmacies, entertainment venues, grocery stores, and hotels than a typical New York block. There is no subway or transit nearby."
145.28,Entire home/apt,4.78,2.0,1.0,1.0,1.0,18.0,False,1.0,1.0,2.0,"This area has more pharmacies and landmarks than a typical New York block, but fewer parks and transit options."
107.74,Entire home/apt,4.72,3.0,1.0,1.0,1.0,75.0,False,1.0,1.0,2.0,"This is a residential area that has fewer museums, galleries, parks, green spaces, subway stations, transit options, landmarks, sights, bars, nightlife, and cafes than a typical New York block."
225.0,Entire home/apt,4.49,2.0,1.0,1.0,1.0,103.0,False,1.0,1.0,2.0,"This is a residential area with an above-average number of pharmacies and fewer entertainment venues, hotels, and museums than a typical New York block."
103.23,Entire home/apt,4.81,6.0,4.0,1.0,1.0,77.0,True,1.0,1.0,2.0,"This area has more grocery stores than a typical New York block. It has fewer gyms, sports facilities, hotels, and transit options than a typical New York block."
192.67,Private room,4.75,2.0,1.0,1.0,2.0,21.0,False,1.0,2.0,3.0,"This area has more parks, green space, landmarks, sights, and transit options than a typical New York block, but fewer entertainment venues. Washington Square Park and Central Park are nearby."
290.7,Entire home/apt,4.0,4.0,2.0,2.0,1.0,1.0,False,2.0,1.0,3.0,"This area has fewer pharmacies, entertainment venues, and hotels than a typical New York block. Grand Army Plaza is nearby."
301.43,Entire home/apt,4.96,5.0,3.0,3.0,2.0,46.0,True,3.0,2.0,5.0,"This is a residential area with fewer hotels, transit options, entertainment venues, grocery stores, museums, galleries, and parks than a typical New York block."
377.77,Entire home/apt,4.0,4.0,2.0,2.0,2.0,1.0,False,2.0,2.0,4.0,"This area has more landmarks, sights, and green space than a typical New York block, but fewer grocery stores, shops, and transit options."
232.3,Entire home/apt,4.93,4.0,2.0,1.0,1.0,40.0,False,1.0,1.0,2.0,This area has more entertainment venues and parks and green space than a typical New York block. It has fewer cafes and grocery stores than a typical New York block.
422.25,Entire home/apt,5.0,9.0,7.0,3.0,2.0,2.0,False,3.0,2.0,5.0,"This area has fewer parks, green spaces, gyms, sports facilities, landmarks, sights, museums, and galleries than a typical New York block."
114.31,Entire home/apt,5.0,3.0,1.0,1.0,1.0,2.0,True,1.0,1.0,2.0,"This is a residential area with fewer museums, galleries, parks, green spaces, hotels, landmarks, sights, shops, and transit options than a typical New York block."
286.59,Entire home/apt,5.0,5.0,3.0,3.0,2.0,3.0,True,3.0,2.0,5.0,"This area has more parks, green space, and pharmacies than a typical New York block. It has fewer museums, galleries, transit options, and landmarks than a typical New York block."
193.5,Entire home/apt,4.92,4.0,3.0,2.0,1.0,129.0,False,2.0,1.0,3.0,"This area has more cafes and parks than a typical New York block, but fewer pharmacies and museums and galleries. There are no hotels nearby."
447.27,Entire home/apt,4.33,6.0,4.0,3.0,1.0,6.0,False,3.0,1.0,4.0,"This is a residential area that has fewer gyms, sports facilities, bars, nightlife venues, cafes, hotels, and parks than a typical New York block."
456.67,Private room,5.0,2.0,2.0,2.0,1.0,48.0,False,2.0,1.0,3.0,"This area has fewer subway and transit options, grocery stores, landmarks, sights, gyms, sports facilities, and hotels than a typical New York block. Prospect Park is located nearby."
124.33,Entire home/apt,4.88,4.0,1.0,1.0,1.0,64.0,True,1.0,1.0,2.0,"This is a residential area with fewer entertainment venues, grocery stores, pharmacies, parks, and transit options than a typical New York block. There are no hotels, landmarks, museums, or galleries in the immediate vicinity."
211.14,Entire home/apt,4.86,2.0,1.0,1.0,1.0,189.0,True,1.0,1.0,2.0,This area has fewer grocery stores than a typical New York block and no nearby parks or green space.
412.9,Entire home/apt,5.0,6.0,3.0,3.0,2.0,3.0,False,3.0,2.0,5.0,"This area has more pharmacies, grocery stores, and parks and green space than a typical New York block. It has fewer cafes than a typical New York block."
154.33,Entire home/apt,4.64,2.0,1.0,1.0,1.0,11.0,False,1.0,1.0,2.0,This is a residential area with fewer grocery stores than a typical New York block.
107.65,Entire home/apt,4.88,2.0,2.0,1.0,1.0,197.0,False,1.0,1.0,2.0,"This area has fewer cafes, gyms, sports facilities, hotels, and transit options than a typical New York block. There are no museums or galleries nearby."
169.63,Entire home/apt,4.76,4.0,4.0,1.0,2.0,66.0,True,1.0,2.0,3.0,"This is a residential area with an above-average number of pharmacies. There are no bars, nightlife, entertainment venues, gyms, sports facilities, hotels, landmarks, or parks nearby."
101.78,Private room,5.0,2.0,1.0,1.0,1.0,2.0,True,1.0,1.0,2.0,"This is a residential area with fewer parks, green spaces, and pharmacies than a typical New York block. There are no hotels, museums, galleries, or transit options nearby."
44.43,Private room,4.43,1.0,1.0,1.0,1.5,7.0,False,1.0,1.5,2.5,This is an area with less green space than a typical New York block.
216.82,Private room,4.88,2.0,2.0,2.0,1.0,224.0,True,2.0,1.0,3.0,This area has more museums and galleries than a typical New York block and lacks nearby parks and green space. It has fewer landmarks and sights than a typical New York block.
342.5,Entire home/apt,4.86,3.0,2.0,2.0,1.0,579.0,True,2.0,1.0,3.0,"This is a residential area with fewer cafes, entertainment venues, gyms, sports facilities, and parks than a typical New York block. There are no hotels or landmarks in the immediate vicinity."
68.57,Shared room,4.8,1.0,1.0,1.0,1.0,103.0,False,1.0,1.0,2.0,This is a residential area with more grocery stores and pharmacies than a typical New York block and fewer subway and transit options.
255.07,Entire home/apt,4.94,4.0,2.0,2.0,1.0,33.0,True,2.0,1.0,3.0,"This is a residential area with fewer hotels, transit options, entertainment venues, grocery stores, museums, galleries, and parks than a typical New York block."
494.19,Entire home/apt,1.0,6.0,2.0,2.0,2.0,1.0,False,2.0,2.0,4.0,"This area has more hotels, landmarks, and parks than a typical New York block, but fewer subway stations, entertainment venues, bars, grocery stores, and gyms."
146.97,Entire home/apt,5.0,2.0,1.0,1.0,1.5,4.0,True,1.0,1.5,2.5,This area has more museums and galleries than a typical New York block and lacks nearby parks and green space.
118.18,Entire home/apt,5.0,2.0,1.0,2.0,1.0,16.0,False,2.0,1.0,3.0,"This area has more hotels and parks and green space than a typical New York block, but fewer entertainment venues and grocery stores."
180.0,Private room,4.39,4.0,2.0,1.0,1.0,99.0,False,1.0,1.0,2.0,This area has many more hotels than a typical New York block and fewer grocery stores and bars and nightlife.
228.3,Shared room,5.0,2.0,1.0,1.0,1.0,10.0,True,1.0,1.0,2.0,This is a typical New York block.
228.24,Entire home/apt,4.79,2.0,1.0,1.0,1.0,42.0,True,1.0,1.0,2.0,"This is a residential area with an unusually high number of pharmacies and a lack of bars, nightlife, cafes, entertainment venues, gyms, sports facilities, hotels, and landmarks."
513.67,Entire home/apt,4.72,6.0,4.0,3.0,2.0,53.0,False,3.0,2.0,5.0,"This area has more grocery stores and pharmacies than a typical New York block. It has fewer cafes, gyms, sports facilities, parks, green spaces, and subway or transit options than a typical block."
106.72,Entire home/apt,4.89,2.0,1.0,1.0,1.0,130.0,True,1.0,1.0,2.0,"This is a residential area with fewer hotels, entertainment venues, parks, green space, and pharmacies than a typical New York block."
118.49,Entire home/apt,4.94,4.0,2.0,2.0,1.0,47.0,False,2.0,1.0,3.0,"This area has more subway and transit access than a typical New York block, but it has fewer grocery stores and hotels and lacks nearby parks and green space."
167.56,Entire home/apt,4.92,5.0,2.0,1.0,1.0,180.0,True,1.0,1.0,2.0,"This area has fewer subway and transit options, grocery stores, gyms, sports facilities, and hotels than a typical New York block. It is located near Prospect Park."
523.0,Entire home/apt,4.25,4.0,2.0,2.0,2.0,4.0,False,2.0,2.0,4.0,"This area has an above-average number of pharmacies and lacks nearby parks and green space. It also has fewer entertainment venues, hotels, museums, and galleries than a typical New York block."
183.81,Entire home/apt,4.76,4.0,2.0,1.0,1.0,33.0,False,1.0,1.0,2.0,"This area has more hotels and parks and green space than a typical New York block, but fewer grocery stores."
516.0,Entire home/apt,4.77,5.0,3.0,2.0,1.0,104.0,True,2.0,1.0,3.0,This area has more pharmacies and less green space than a typical New York block.
5841.0,Entire home/apt,5.0,16.0,21.0,15.0,6.0,2.0,True,15.0,6.0,21.0,This area has more pharmacies and less green space than a typical New York block.
80.63,Private room,4.63,2.0,1.0,4.0,1.5,104.0,False,4.0,1.5,5.5,This area has fewer parks and green spaces than a typical New York block. It also has fewer bars and nightlife venues than average.
155.0,Entire home/apt,4.88,2.0,1.0,1.0,1.0,74.0,False,1.0,1.0,2.0,"This area has fewer grocery stores, pharmacies, and subway and transit options than a typical New York block. There are no hotels or parks and green space nearby."
70.21,Private room,5.0,2.0,1.0,1.0,1.0,3.0,True,1.0,1.0,2.0,"This is a residential area with fewer parks, green spaces, and pharmacies than a typical New York block. There are no hotels, museums, galleries, or transit options nearby."
110.57,Entire home/apt,4.56,2.0,1.0,1.0,1.0,25.0,False,1.0,1.0,2.0,"This area has more parks and green space than a typical New York block, but fewer cafes, shops, and transit options, and is located near Washington Square Park."
326.88,Entire home/apt,5.0,6.0,4.0,3.0,2.0,11.0,False,3.0,2.0,5.0,"This area has more entertainment venues and parks than a typical New York block, but fewer grocery stores and shops."
112.41,Entire home/apt,4.96,4.0,2.0,1.0,1.0,48.0,False,1.0,1.0,2.0,"This area has more pharmacies than a typical New York block and fewer hotels, museums, galleries, entertainment venues, gyms, sports facilities, and shops."
70.3,Private room,4.86,1.0,1.0,1.0,1.0,7.0,True,1.0,1.0,2.0,"This is a residential area with an above-average number of pharmacies and a below-average number of entertainment venues, gyms, sports facilities, museums, galleries, parks, green spaces, and shops."
120.04,Entire home/apt,4.81,2.0,2.0,1.0,1.0,253.0,False,1.0,1.0,2.0,This area has more pharmacies than a typical New York block and lacks nearby parks and green space.
130.0,Private room,5.0,2.0,1.0,1.0,1.0,17.0,False,1.0,1.0,2.0,"This is a residential area that has fewer grocery stores, gyms, sports facilities, bars, nightlife, cafes, hotels, parks, green spaces, and pharmacies than a typical New York block. There are no entertainment venues or museums and galleries nearby."
206.49,Entire home/apt,4.35,4.0,1.0,2.0,2.0,17.0,False,2.0,2.0,4.0,"This area has more parks, green space, landmarks, sights, and transit options than a typical New York block, but fewer entertainment venues and shops. Nearby places include Washington Square Park and Central Park."
270.0,Hotel room,4.43,3.0,2.0,1.0,1.0,81.0,False,1.0,1.0,2.0,This area has more hotels and parks and green space than a typical New York block. It has fewer bars and nightlife venues and grocery stores than a typical New York block.
162.06,Entire home/apt,5.0,4.0,1.0,1.0,1.0,1.0,True,1.0,1.0,2.0,"This is an area with an above average number of bars and nightlife venues and a lack of nearby parks, green space, and subway transit. It also has fewer shops, museums, and galleries than a typical New York block."
211.65,Entire home/apt,5.0,2.0,1.0,1.0,1.0,2.0,False,1.0,1.0,2.0,"This area has an above average number of cafes and fewer pharmacies, grocery stores, and hotels than a typical New York block. There is no nearby subway or transit."
134.6,Entire home/apt,4.91,2.0,1.0,1.0,1.0,11.0,True,1.0,1.0,2.0,"This area has more parks and green space than a typical New York block and fewer cafes, with Washington Square Park located nearby."
210.6,Entire home/apt,4.75,2.0,2.0,1.0,1.0,214.0,False,1.0,1.0,2.0,"This area has more parks and green space than a typical New York block and fewer landmarks, sights, cafes, entertainment venues, and grocery stores. Nearby places include Washington Square Park and Riverside Park."
171.5,Entire home/apt,4.6,4.0,3.0,2.0,1.0,341.0,True,2.0,1.0,3.0,"This area has more parks and green space than a typical New York block. It has fewer cafes, entertainment venues, landmarks, sights, and bars than a typical New York block."
220.0,Private room,4.95,2.0,2.0,1.0,1.0,244.0,True,1.0,1.0,2.0,"This area has fewer parks, green spaces, gyms, sports facilities, landmarks, sights, museums, and galleries than a typical New York block."
230.0,Private room,4.56,4.0,2.0,1.0,1.0,9.0,True,1.0,1.0,2.0,"This area has an unusually high number of hotels and an unusually low number of bars, nightlife, and grocery stores compared to a typical New York block."
216.57,Entire home/apt,4.81,3.0,1.0,1.0,1.0,16.0,False,1.0,1.0,2.0,"This area has more hotels and fewer gyms, sports facilities, and transit options than a typical New York block. The Metropolitan Museum of Art is located nearby."
625.65,Entire home/apt,5.0,6.0,3.0,3.0,3.0,2.0,False,3.0,3.0,6.0,"This area has more subway and transit access than a typical New York block, along with fewer hotels and pharmacies."
314.0,Private room,5.0,2.0,3.0,3.0,2.0,93.0,False,3.0,2.0,5.0,This area has an above-average number of hotels and pharmacies and a below-average level of subway and transit access.
89.5,Entire home/apt,4.63,4.0,2.0,1.0,1.0,51.0,False,1.0,1.0,2.0,"This is a residential area with fewer cafes, entertainment venues, and gyms than a typical New York block. There are no hotels, museums, galleries, or parks nearby."
199.48,Entire home/apt,4.85,4.0,2.0,1.0,1.0,48.0,False,1.0,1.0,2.0,"This area has an above-average number of grocery stores and pharmacies. It has fewer entertainment venues, bars, nightlife, gyms, and sports facilities than a typical New York block."
163.71,Entire home/apt,4.87,4.0,3.0,1.0,1.0,30.0,False,1.0,1.0,2.0,"This area has more hotels, parks and green space, and pharmacies than a typical New York block."
206.78,Entire home/apt,4.88,2.0,2.0,1.0,1.0,97.0,True,1.0,1.0,2.0,"This area contains more parks and green space and better subway access than a typical New York block, but it has fewer grocery stores, pharmacies, and shops. The Brooklyn Bridge is located nearby."
133.93,Entire home/apt,4.75,4.0,2.0,2.0,1.0,8.0,False,2.0,1.0,3.0,This area has above average subway and transit access and below average grocery stores. There are no hotels or parks and green space nearby.
169.58,Entire home/apt,5.0,2.0,1.0,1.0,1.0,6.0,False,1.0,1.0,2.0,"This area has more parks, green space, and pharmacies than a typical New York block, but fewer cafes, shops, and transit options. Washington Square Park is nearby."
217.0,Entire home/apt,4.7,2.0,1.0,1.0,1.0,258.0,True,1.0,1.0,2.0,This area has fewer subway and transit options than a typical New York block.
136.13,Entire home/apt,5.0,2.0,3.0,2.0,1.0,10.0,True,2.0,1.0,3.0,This area has no nearby parks or green space.
189.43,Entire home/apt,4.44,7.0,4.0,2.0,1.0,80.0,False,2.0,1.0,3.0,"This area has fewer pharmacies, entertainment venues, hotels, and parks and green space than a typical New York block."
160.03,Entire home/apt,5.0,5.0,3.0,3.0,1.5,1.0,True,3.0,1.5,4.5,This area has fewer parks and green spaces than a typical New York block. It also has fewer landmarks and sights than a typical New York block.
354.0,Entire home/apt,4.73,4.0,2.0,1.0,1.0,37.0,False,1.0,1.0,2.0,This area has fewer pharmacies than a typical New York block.
99.38,Entire home/apt,4.0,2.0,2.0,1.0,1.0,8.0,False,1.0,1.0,2.0,"This area has more cafes and parks than a typical New York block. It has fewer bars, grocery stores, gyms, pharmacies, and transit options, and no hotels."
371.0,Private room,4.88,2.0,2.0,1.0,1.0,60.0,False,1.0,1.0,2.0,"This area has above average subway and transit access. It has fewer hotels, parks, green space, landmarks, sights, pharmacies, and shops than a typical New York block."
110.27,Entire home/apt,4.38,4.0,2.0,1.0,1.0,13.0,False,1.0,1.0,2.0,"This area has an above average number of grocery stores and pharmacies. It has fewer bars, nightlife, cafes, gyms, and sports facilities than a typical New York block."
120.87,Entire home/apt,4.42,3.0,1.0,1.0,1.0,83.0,False,1.0,1.0,2.0,"This area has more grocery stores and pharmacies than a typical New York block. It has fewer parks, gyms, sports facilities, bars, nightlife, cafes, and hotels than a typical block."
209.23,Entire home/apt,5.0,4.0,3.0,2.0,2.0,1.0,False,2.0,2.0,4.0,"This area has fewer parks, green spaces, pharmacies, and shops than a typical New York block."
174.78,Entire home/apt,4.42,2.0,1.0,1.0,1.0,95.0,False,1.0,1.0,2.0,"This area has more museums, galleries, and pharmacies than a typical New York block, but fewer bars, nightlife, and shops. Central Park is located nearby."
278.23,Entire home/apt,5.0,2.0,1.0,1.0,1.5,1.0,False,1.0,1.5,2.5,"This area has fewer parks, pharmacies, hotels, and shops than a typical New York block."
319.0,Private room,4.5,3.0,2.0,1.0,1.0,16.0,True,1.0,1.0,2.0,"This area has an unusually high number of hotels and transit options, but fewer bars, nightlife venues, and grocery stores than a typical New York block."
203.23,Entire home/apt,4.5,4.0,1.0,1.0,1.0,8.0,False,1.0,1.0,2.0,"This is a residential area that has fewer subway and transit options, landmarks, bars, nightlife, entertainment venues, grocery stores, hotels, parks, green space, and pharmacies than a typical New York block."
83.71,Entire home/apt,4.97,2.0,1.0,1.0,1.0,30.0,False,1.0,1.0,2.0,"This is a residential area with an above average number of grocery stores and a lack of hotels, parks, and green space."
774.33,Shared room,4.88,6.0,6.0,3.0,2.0,67.0,True,3.0,2.0,5.0,This is a residential area with an above-average number of grocery stores and no nearby subway or transit access.
88.5,Entire home/apt,5.0,2.0,1.0,1.0,1.0,2.0,False,1.0,1.0,2.0,"This is a residential area with an above-average number of grocery stores and a below-average number of cafes, bars, nightlife, parks, green space, and transit options."
398.23,Entire home/apt,4.87,9.0,6.0,4.0,2.5,31.0,True,4.0,2.5,6.5,"This area has fewer grocery stores, hotels, and parks than a typical New York block, and it lacks nearby museums, galleries, pharmacies, and transit options."
184.69,Entire home/apt,5.0,5.0,1.0,3.0,2.0,17.0,True,3.0,2.0,5.0,"This is a residential area with fewer hotels, museums, galleries, cafes, landmarks, sights, bars, nightlife, gyms, and sports facilities than a typical New York block."
209.0,Private room,4.27,2.0,1.0,1.0,1.0,15.0,False,1.0,1.0,2.0,"This area has an unusually high number of hotels, parks, green space, and transit options, but fewer bars, nightlife, entertainment venues, and grocery stores than a typical New York block."
161.53,Entire home/apt,4.94,3.0,2.0,1.0,1.0,372.0,False,1.0,1.0,2.0,"This is a residential area with fewer subway and transit options, bars, nightlife, dining, grocery stores, and pharmacies than a typical New York block."
174.9,Entire home/apt,5.0,6.0,3.0,3.0,2.0,6.0,True,3.0,2.0,5.0,"This area has fewer grocery stores, pharmacies, museums, galleries, and transit options than a typical New York block."
129.05,Entire home/apt,4.97,2.0,1.0,1.0,1.0,93.0,False,1.0,1.0,2.0,This is a residential area with fewer pharmacies than a typical New York block.
200.96,Entire home/apt,4.9,2.0,1.0,1.0,1.0,10.0,False,1.0,1.0,2.0,"This area has fewer cafes, hotels, and pharmacies than a typical New York block."
55.8,Private room,4.91,1.0,1.0,1.0,1.0,11.0,False,1.0,1.0,2.0,"This area has fewer entertainment venues, grocery stores, hotels, and pharmacies than a typical New York block."
77.43,Private room,4.8,2.0,1.0,2.0,1.0,56.0,False,2.0,1.0,3.0,"This is a residential area with an above-average number of pharmacies and a below-average number of bars, nightlife, hotels, museums, and galleries."
72.68,Entire home/apt,5.0,1.0,1.0,1.0,1.0,1.0,True,1.0,1.0,2.0,"This area has more hotels and landmarks and sights than a typical New York block, but fewer grocery stores, pharmacies, bars and nightlife, and dining options."
235.73,Entire home/apt,4.95,6.0,2.0,2.0,2.0,66.0,True,2.0,2.0,4.0,This area lacks nearby parks and green space.
116.87,Entire home/apt,5.0,3.0,1.0,1.0,1.0,11.0,True,1.0,1.0,2.0,"This is a residential area with fewer hotels, parks, bars, nightlife, cafes, museums, and galleries than a typical New York block."
362.68,Entire home/apt,5.0,6.0,3.0,3.0,1.0,25.0,True,3.0,1.0,4.0,"This area has more subway and transit access than a typical New York block, but fewer entertainment venues and pharmacies."
136.84,Entire home/apt,4.56,2.0,1.0,1.0,1.0,105.0,True,1.0,1.0,2.0,This is a residential area with fewer pharmacies than a typical New York block.
155.37,Entire home/apt,5.0,1.0,1.0,1.0,1.0,2.0,False,1.0,1.0,2.0,This area has more parks and green space than a typical New York block and lacks nearby subway and transit access and pharmacies.
192.67,Entire home/apt,4.71,5.0,4.0,3.0,2.0,34.0,True,3.0,2.0,5.0,"This is a residential area with fewer hotels, museums, galleries, and shops than a typical New York block."
81.49,Entire home/apt,4.8,3.0,1.0,1.0,1.0,5.0,False,1.0,1.0,2.0,"This is a residential area with an above average number of pharmacies and a lack of nearby subway and transit access. The block has fewer bars, nightlife, cafes, entertainment venues, grocery stores, gyms, sports facilities, hotels, museums, galleries, and parks than a typical New York block."
139.38,Entire home/apt,4.75,3.0,3.0,2.0,1.0,99.0,False,2.0,1.0,3.0,"This is a residential area that has fewer bars, cafes, dining options, landmarks, museums, galleries, and parks than a typical New York block."
300.33,Entire home/apt,5.0,6.0,1.0,3.0,1.0,1.0,False,3.0,1.0,4.0,"This area has more parks and green space than a typical New York block, but fewer grocery stores, shops, and transit options."
251.5,Private room,4.77,5.0,4.0,2.0,1.0,339.0,False,2.0,1.0,3.0,"This is an area with fewer hotels, parks, and gyms than a typical New York block."
255.06,Private room,4.87,2.0,2.0,2.0,1.0,238.0,True,2.0,1.0,3.0,"This is a residential area with fewer museums, galleries, entertainment venues, grocery stores, bars, nightlife, cafes, gyms, sports facilities, hotels, and landmarks than a typical New York block."
188.87,Private room,5.0,2.0,1.0,1.0,1.5,33.0,True,1.0,1.5,2.5,This area has fewer parks and green spaces than a typical New York block.
170.93,Entire home/apt,4.83,4.0,2.0,2.0,1.0,6.0,False,2.0,1.0,3.0,"This is a residential area with fewer entertainment venues, pharmacies, bars, nightlife, and grocery stores than a typical New York block. There are no hotels, landmarks, or transit options nearby."
138.27,Entire home/apt,4.69,2.0,2.0,1.0,1.0,13.0,False,1.0,1.0,2.0,"This is a residential area with fewer pharmacies and landmarks than a typical New York block. There are no hotels, museums, galleries, or transit stations nearby."
193.0,Private room,4.97,2.0,2.0,2.0,1.5,33.0,False,2.0,1.5,3.5,"This area has fewer parks, green spaces, and pharmacies than a typical New York block."
95.67,Entire home/apt,4.49,4.0,2.0,2.0,1.0,116.0,False,2.0,1.0,3.0,"This area has fewer parks, green spaces, shops, and landmarks than a typical New York block."
105.65,Private room,3.5,2.0,1.0,1.0,1.0,2.0,False,1.0,1.0,2.0,"This is a residential area with fewer cafes, gyms, sports facilities, and pharmacies than a typical New York block."
217.92,Entire home/apt,5.0,3.0,3.0,2.0,2.0,12.0,True,2.0,2.0,4.0,"This area has fewer pharmacies, grocery stores, and parks and green space than a typical New York block."
400.04,Entire home/apt,4.89,7.0,5.0,3.0,2.5,28.0,True,3.0,2.5,5.5,"This is a residential area with an above-average number of grocery stores and a below-average number of dining options, gyms, sports facilities, and subway and transit access."
175.17,Entire home/apt,5.0,2.0,1.0,1.0,1.0,3.0,False,1.0,1.0,2.0,This area has more pharmacies than a typical New York block and lacks nearby parks and green space. It also has fewer entertainment venues and museums and galleries than a typical block.
141.67,Entire home/apt,4.88,3.0,2.0,1.0,1.0,169.0,True,1.0,1.0,2.0,"This is a residential area with fewer museums, galleries, parks, green spaces, subway stations, transit options, entertainment venues, landmarks, sights, gyms, sports facilities, and hotels than a typical New York block."
226.4,Entire home/apt,4.92,5.0,2.0,2.0,1.0,38.0,False,2.0,1.0,3.0,"This is a residential area with a high concentration of pharmacies and a lack of entertainment venues, bars, nightlife, gyms, sports facilities, museums, and galleries."
85.6,Entire home/apt,4.85,3.0,4.0,1.0,1.0,46.0,True,1.0,1.0,2.0,"This is a residential area with an above-average number of pharmacies. It has no bars, nightlife, entertainment venues, gyms, sports facilities, hotels, landmarks, or parks."
178.93,Entire home/apt,4.51,7.0,4.0,2.0,1.0,74.0,False,2.0,1.0,3.0,"This area has no parks or green space and features fewer pharmacies, dining options, and entertainment venues than a typical New York block."
577.06,Entire home/apt,4.59,6.0,4.0,4.0,1.0,58.0,False,4.0,1.0,5.0,"This is a residential area with fewer cafes, gyms, sports facilities, and pharmacies than a typical New York block."
338.53,Entire home/apt,5.0,5.0,4.0,3.0,2.0,2.0,False,3.0,2.0,5.0,"This area has an unusually high number of pharmacies and an unusually low number of entertainment venues, landmarks, sights, and hotels compared to a typical New York block."
454.0,Entire home/apt,4.96,4.0,3.0,1.0,1.0,68.0,True,1.0,1.0,2.0,"This is a residential area with fewer grocery stores, gyms, sports facilities, and pharmacies than a typical New York block. There are no hotels in the immediate vicinity."
114.49,Entire home/apt,5.0,1.0,1.0,1.0,1.0,1.0,False,1.0,1.0,2.0,"This area has more parks and green space than a typical New York block and lacks nearby subway and transit, bars, nightlife, and pharmacies. Prospect Park is nearby."
431.84,Entire home/apt,4.55,4.0,2.0,2.0,1.0,55.0,False,2.0,1.0,3.0,"This area has an above-average number of grocery stores and fewer subway and transit options, dining establishments, and gyms and sports facilities than a typical New York block."
335.73,Private room,5.0,4.0,2.0,1.0,1.0,38.0,False,1.0,1.0,2.0,"This area has fewer pharmacies, museums, galleries, and subway and transit options than a typical New York block. There are no hotels nearby."
165.5,Entire home/apt,4.85,2.0,2.0,1.0,1.0,381.0,True,1.0,1.0,2.0,"This area has fewer dining options, shops, and transit access than a typical New York block."
479.29,Entire home/apt,5.0,4.0,2.0,2.0,1.0,1.0,False,2.0,1.0,3.0,This area has fewer grocery stores and parks than a typical New York block and no pharmacies nearby.
348.84,Entire home/apt,5.0,3.0,2.0,1.0,2.0,6.0,True,1.0,2.0,3.0,"This is a residential area with fewer pharmacies, entertainment venues, and grocery stores than a typical New York block."
283.5,Private room,4.8,2.0,2.0,2.0,1.0,50.0,True,2.0,1.0,3.0,"This is a residential area with an above-average number of grocery stores and pharmacies. It has fewer bars, cafes, and gyms than a typical New York block."
235.79,Private room,4.92,2.0,2.0,2.0,1.0,273.0,False,2.0,1.0,3.0,This area has more pharmacies than a typical New York block and fewer grocery stores and gyms. There are no hotels or parks and green space nearby.
146.75,Entire home/apt,4.64,3.0,2.0,2.0,1.0,89.0,False,2.0,1.0,3.0,"This is a residential area with fewer hotels, transit options, cafes, museums, galleries, parks, and shops than a typical New York block."
126.1,Entire home/apt,4.84,5.0,3.0,2.0,1.0,31.0,False,2.0,1.0,3.0,"This is a residential area with fewer gyms, cafes, hotels, landmarks, parks, pharmacies, and transit options than a typical New York block."
470.13,Entire home/apt,5.0,1.0,1.0,1.0,1.0,2.0,False,1.0,1.0,2.0,"This area has an above average number of landmarks and sights, while it has fewer grocery stores, pharmacies, bars, nightlife, gyms, and sports facilities than a typical New York block."
133.3,Entire home/apt,5.0,2.0,1.0,1.0,1.0,4.0,False,1.0,1.0,2.0,"This is a residential area with an above-average number of grocery stores and fewer gyms, sports facilities, bars, nightlife, cafes, parks, green spaces, and transit options than a typical New York block."
127.78,Entire home/apt,4.87,3.0,3.0,1.0,1.0,126.0,False,1.0,1.0,2.0,"This area is a block with an above-average number of hotels. It has fewer dining, entertainment, nightlife, cafe, grocery, gym, and park options than a typical New York block."
56.33,Private room,5.0,2.0,1.0,1.0,1.0,2.0,False,1.0,1.0,2.0,"This is an area with fewer parks, landmarks, dining options, and pharmacies than a typical New York block."
79.49,Private room,4.98,2.0,1.0,1.0,1.0,61.0,False,1.0,1.0,2.0,"This is a residential area with fewer hotels, pharmacies, dining options, gyms, sports facilities, landmarks, sights, parks, green spaces, and shops than a typical New York block."
103.61,Entire home/apt,4.84,2.0,1.0,5.0,1.0,420.0,False,5.0,1.0,6.0,"This is a residential area with fewer bars, cafes, dining options, and shops than a typical New York block."
109.4,Entire home/apt,4.14,6.0,3.0,2.0,1.0,93.0,False,2.0,1.0,3.0,"This area has an above-average number of pharmacies and fewer bars, nightlife, cafes, and hotels than a typical New York block."
419.64,Entire home/apt,5.0,4.0,2.0,2.0,2.0,1.0,True,2.0,2.0,4.0,"This area has an above-average concentration of museums and galleries. It has fewer hotels, grocery stores, dining options, gyms, sports facilities, landmarks, parks, green spaces, pharmacies, and transit options than a typical New York block."
143.8,Entire home/apt,5.0,4.0,2.0,2.0,2.0,2.0,False,2.0,2.0,4.0,"This is a residential area with fewer hotels, parks, green spaces, pharmacies, gyms, sports facilities, landmarks, sights, and shops than a typical New York block."
108.33,Entire home/apt,4.79,3.0,2.0,1.0,1.0,104.0,True,1.0,1.0,2.0,This area has fewer cafes and gyms than a typical New York block. There are no hotels nearby.
383.47,Entire home/apt,4.93,6.0,4.0,3.0,1.0,109.0,False,3.0,1.0,4.0,"This area has fewer entertainment venues, grocery stores, hotels, landmarks, sights, pharmacies, and transit options than a typical New York block."
99.08,Private room,4.79,1.0,1.0,1.0,1.0,136.0,False,1.0,1.0,2.0,This is a residential area with less green space than a typical New York block.
103.24,Entire home/apt,5.0,2.0,1.0,1.0,1.0,2.0,True,1.0,1.0,2.0,"This is a residential area with fewer entertainment venues, hotels, landmarks, museums, galleries, bars, nightlife, grocery stores, gyms, sports facilities, and parks than a typical New York block."
80.7,Entire home/apt,4.14,4.0,1.0,1.0,1.0,7.0,False,1.0,1.0,2.0,"This is a residential area with fewer pharmacies, cafes, and dining options than a typical New York block, and it lacks nearby subway and transit access."
192.57,Entire home/apt,5.0,4.0,2.0,2.0,2.0,1.0,True,2.0,2.0,4.0,"This is a residential area with fewer hotels, parks, bars, cafes, entertainment venues, gyms, and transit options than a typical New York block."
156.37,Entire home/apt,4.88,4.0,2.0,1.0,1.0,24.0,True,1.0,1.0,2.0,"This area has a high concentration of pharmacies and a lack of hotels, gyms, sports facilities, entertainment venues, grocery stores, and parks."
212.43,Entire home/apt,4.33,4.0,1.0,2.0,1.0,9.0,False,2.0,1.0,3.0,"This is a residential area with fewer hotels, entertainment venues, grocery stores, gyms, sports facilities, pharmacies, and transit options than a typical New York block."
314.0,Entire home/apt,4.88,5.0,3.0,2.0,1.0,332.0,True,2.0,1.0,3.0,This area has fewer dining and shopping options than a typical New York block.
207.08,Entire home/apt,5.0,2.0,1.0,1.0,1.0,7.0,False,1.0,1.0,2.0,"This area has more parks, green space, and landmarks than a typical New York block. It has fewer subway and transit options, bars, nightlife, cafes, dining, museums, galleries, and shops than a typical block."
118.5,Private room,4.93,2.0,1.0,1.0,1.0,15.0,True,1.0,1.0,2.0,"This area has more grocery stores and parks and green space than a typical New York block. It has fewer bars and nightlife, cafes, entertainment venues, gyms and sports, and hotels than a typical New York block."
235.2,Entire home/apt,4.86,4.0,3.0,1.0,1.0,77.0,False,1.0,1.0,2.0,This area has no nearby parks or green space and contains fewer pharmacies and gyms than a typical New York block.
126.45,Entire home/apt,4.78,2.0,1.0,1.0,1.0,64.0,True,1.0,1.0,2.0,"This is a residential area with fewer hotels, entertainment venues, cafes, shops, and transit options than a typical New York block."
505.0,Entire home/apt,4.95,4.0,2.0,2.0,1.0,83.0,True,2.0,1.0,3.0,"This is a residential area with fewer parks, pharmacies, cafes, gyms, hotels, shops, and transit options than a typical New York block."
287.61,Entire home/apt,4.91,2.0,2.0,1.0,1.0,79.0,False,1.0,1.0,2.0,"This is a residential area with fewer entertainment venues, grocery stores, hotels, landmarks, pharmacies, and transit options than a typical New York block."
330.94,Entire home/apt,4.63,10.0,3.0,3.0,1.0,67.0,False,3.0,1.0,4.0,"This is a residential area near The Metropolitan Museum of Art that has fewer grocery stores, gyms, sports facilities, and shops than a typical New York block. It also has no nearby subway or transit access."
138.33,Entire home/apt,4.88,5.0,3.0,2.0,1.0,8.0,True,2.0,1.0,3.0,"This is a residential area with an above-average number of hotels and fewer pharmacies, bars, nightlife venues, cafes, dining options, landmarks, and parks than a typical New York block."
134.38,Entire home/apt,4.59,6.0,4.0,2.0,1.0,100.0,False,2.0,1.0,3.0,"This is a residential area with fewer museums, galleries, gyms, sports facilities, hotels, and shops than a typical New York block."
343.0,Private room,5.0,2.0,1.0,1.0,1.0,12.0,True,1.0,1.0,2.0,"This is a residential area with fewer parks, pharmacies, gyms, sports facilities, hotels, and shops than a typical New York block."
203.12,Private room,4.96,4.0,2.0,2.0,1.0,24.0,False,2.0,1.0,3.0,"This is a residential area with fewer museums, galleries, cafes, gyms, sports facilities, landmarks, sights, bars, nightlife venues, hotels, and parks than a typical New York block."
130.44,Entire home/apt,4.89,4.0,3.0,2.0,1.0,124.0,True,2.0,1.0,3.0,"This area has above average subway and transit access and below average numbers of pharmacies, grocery stores, hotels, parks, green space, and shops."
387.2,Entire home/apt,5.0,4.0,1.0,1.0,1.0,4.0,False,1.0,1.0,2.0,"This area has more parks and green space and more subway and transit access than most New York blocks, but fewer grocery stores, bars, nightlife, pharmacies, and shops. Brooklyn Bridge is nearby."
123.85,Entire home/apt,4.57,3.0,1.0,1.0,1.0,136.0,True,1.0,1.0,2.0,"This is a residential area with fewer dining options, pharmacies, and shops than a typical New York block."
267.33,Entire home/apt,4.54,2.0,1.0,1.0,1.0,229.0,True,1.0,1.0,2.0,This is an area with no hotels and no parks or green space.
167.65,Entire home/apt,4.79,8.0,4.0,3.0,1.0,149.0,False,3.0,1.0,4.0,"This area has more parks and green space than a typical New York block, but it lacks nearby subway and transit, bars, nightlife, and pharmacies. Prospect Park is located nearby."
268.18,Entire home/apt,4.92,2.0,2.0,1.0,1.0,228.0,True,1.0,1.0,2.0,"This is a residential area with fewer hotels, transit options, entertainment venues, pharmacies, dining establishments, gyms, sports facilities, and landmarks than a typical New York block."
130.9,Entire home/apt,5.0,2.0,1.0,1.0,1.0,1.0,False,1.0,1.0,2.0,"This area has fewer grocery stores, gyms, sports facilities, hotels, and shops than a typical New York block. There are no parks, green spaces, or pharmacies nearby."
281.73,Entire home/apt,4.79,6.0,4.0,3.0,1.0,14.0,True,3.0,1.0,4.0,"This area has more landmarks, parks, and subway transit than a typical New York block, including Central Park. It has fewer cafes, dining options, and shops than a typical block."
116.75,Private room,3.0,4.0,3.0,2.0,1.0,1.0,False,2.0,1.0,3.0,"This area has more hotels than a typical New York block. It has fewer parks, transit options, bars, cafes, gyms, and museums than a typical New York block."
1327.43,Entire home/apt,5.0,5.0,2.0,2.0,3.5,11.0,False,2.0,3.5,5.5,"This area has more landmarks, sights, and transit options than a typical New York block, but fewer bars, restaurants, entertainment venues, parks, and shops. Central Park is located nearby."
309.97,Entire home/apt,5.0,6.0,4.0,3.0,1.0,3.0,False,3.0,1.0,4.0,"This area has more pharmacies than a typical New York block. It has fewer cafes, museums, galleries, and subway and transit options than a typical block."
150.8,Entire home/apt,4.7,4.0,3.0,2.0,1.0,90.0,False,2.0,1.0,3.0,"This is a residential area with an above-average number of grocery stores and fewer transit options, bars, entertainment venues, gyms, and green spaces than a typical New York block."
152.26,Entire home/apt,4.67,4.0,1.0,1.0,1.0,18.0,False,1.0,1.0,2.0,"This is a residential area with an above average number of grocery stores and pharmacies and a below average number of entertainment venues, museums, galleries, bars, nightlife, cafes, dining, gyms, sports, and landmarks."
387.0,Shared room,4.97,2.0,2.0,2.0,1.0,155.0,True,2.0,1.0,3.0,"This is a residential area that has fewer landmarks, cafes, dining options, gyms, sports facilities, parks, green spaces, and pharmacies than a typical New York block."
98.95,Entire home/apt,4.87,3.0,1.0,1.0,1.0,15.0,True,1.0,1.0,2.0,"This area has an above-average number of pharmacies. It has fewer cafes, bars, nightlife, grocery stores, gyms, sports, and hotels than a typical New York block."
300.33,Entire home/apt,4.68,6.0,1.0,2.0,1.0,75.0,False,2.0,1.0,3.0,"This is a residential area with fewer cafes, entertainment venues, landmarks, museums, bars, gyms, and parks than a typical New York block."
93.67,Entire home/apt,4.55,2.0,1.0,1.0,1.0,33.0,True,1.0,1.0,2.0,"This area has more parks and green space and better subway and transit access than a typical New York block. It has fewer bars, nightlife venues, cafes, dining options, and shops than a typical block."
226.95,Entire home/apt,4.63,5.0,2.0,2.0,1.0,19.0,False,2.0,1.0,3.0,"This is an area with few museums, galleries, parks, green spaces, subway stations, transit options, entertainment venues, landmarks, sights, or hotels."
335.73,Entire home/apt,5.0,8.0,5.0,3.0,1.0,2.0,False,3.0,1.0,4.0,"This is a residential area with fewer hotels, transit options, entertainment venues, pharmacies, dining, grocery stores, gyms, and landmarks than a typical New York block."
169.9,Entire home/apt,4.8,2.0,2.0,2.0,1.0,30.0,False,2.0,1.0,3.0,"This is a residential area that has more pharmacies and grocery stores than a typical New York block. It has fewer cafes, entertainment venues, gyms, sports facilities, parks, green spaces, and shops than a typical block."
173.37,Entire home/apt,4.89,4.0,2.0,1.0,1.0,150.0,True,1.0,1.0,2.0,"This is a residential area with fewer pharmacies, entertainment venues, grocery stores, and shops than a typical New York block."
141.04,Entire home/apt,5.0,4.0,2.0,2.0,1.0,1.0,False,2.0,1.0,3.0,"This is a residential area with fewer grocery stores, hotels, and pharmacies than a typical New York block."
212.31,Entire home/apt,4.95,6.0,3.0,3.0,1.0,124.0,True,3.0,1.0,4.0,"This area has an unusually high number of pharmacies and fewer hotels, gyms, sports facilities, grocery stores, shops, and parks than a typical New York block."
253.85,Entire home/apt,4.5,12.0,5.0,5.0,2.0,90.0,False,5.0,2.0,7.0,"This is a residential area with fewer cafes, hotels, gyms, sports facilities, bars, nightlife, entertainment venues, museums, galleries, and transit options than a typical New York block."
139.93,Entire home/apt,4.92,2.0,2.0,1.0,1.0,24.0,True,1.0,1.0,2.0,"This area has an unusually high number of pharmacies and fewer grocery stores, gyms, sports facilities, entertainment venues, parks, green spaces, and shops than a typical New York block. There are no hotels nearby."
220.76,Entire home/apt,4.78,4.0,2.0,2.0,2.0,55.0,False,2.0,2.0,4.0,"This area has more parks, green space, and pharmacies than a typical New York block. It has fewer entertainment venues, bars, nightlife, cafes, dining, gyms, sports, and subway and transit options than a typical block."
166.48,Entire home/apt,4.86,4.0,2.0,1.0,1.0,7.0,True,1.0,1.0,2.0,"This is a residential area with fewer entertainment venues, hotels, parks, green spaces, and pharmacies than a typical New York block."
67.83,Private room,5.0,1.0,1.0,1.0,1.0,2.0,False,1.0,1.0,2.0,"This is a residential area with fewer pharmacies, bars, nightlife, cafes, entertainment venues, shops, and subway and transit options than a typical New York block."
655.0,Entire home/apt,4.97,6.0,3.0,3.0,1.0,109.0,True,3.0,1.0,4.0,"This area has an above-average number of hotels and a below-average number of pharmacies, cafes, entertainment venues, gyms, sports facilities, parks, green spaces, and shops."
454.33,Entire home/apt,4.63,10.0,5.0,4.0,1.5,67.0,False,4.0,1.5,5.5,This is a residential area with fewer museums and galleries than a typical New York block.
166.37,Entire home/apt,4.76,4.0,3.0,2.0,1.0,51.0,False,2.0,1.0,3.0,"This is a residential area with fewer grocery stores, shops, landmarks, and sights than a typical New York block. There are no hotels, museums, or galleries nearby."
232.79,Entire home/apt,5.0,2.0,1.0,1.0,2.0,10.0,False,1.0,2.0,3.0,"This area has fewer pharmacies, grocery stores, dining options, parks, and transit access than a typical New York block."
126.66,Entire home/apt,5.0,4.0,2.0,1.0,1.0,42.0,True,1.0,1.0,2.0,"This area has an above average number of pharmacies and transit options. It has fewer gyms, sports facilities, bars, nightlife, dining, hotels, museums, and galleries than a typical New York block."
60.27,Private room,5.0,2.0,4.0,4.0,1.0,1.0,False,4.0,1.0,5.0,"This is a residential area with more parks and green space than a typical New York block and fewer hotels, cafes, entertainment venues, grocery stores, museums, galleries, shops, and transit options."
100.09,Entire home/apt,4.88,3.0,2.0,1.0,1.0,49.0,True,1.0,1.0,2.0,"This area has a higher concentration of pharmacies and transit options than a typical New York block. It has fewer entertainment venues, hotels, landmarks, bars, restaurants, grocery stores, gyms, and parks than a typical block."
161.06,Entire home/apt,4.76,6.0,3.0,3.0,1.0,17.0,False,3.0,1.0,4.0,"This area has more parks, green space, and pharmacies than a typical New York block. It has fewer dining options and gyms than a typical block, and no entertainment venues, hotels, museums, galleries, or subway transit."
70.8,Entire home/apt,4.62,2.0,2.0,1.0,1.0,204.0,False,1.0,1.0,2.0,"This is a residential area with fewer bars, cafes, dining options, gyms, landmarks, museums, and parks than a typical New York block."
88.5,Entire home/apt,4.79,3.0,4.0,1.0,1.0,14.0,False,1.0,1.0,2.0,"This is a residential area with fewer museums, galleries, parks, green spaces, cafes, landmarks, sights, bars, nightlife, dining, entertainment venues, gyms, sports, and transit options than a typical New York block."
169.87,Entire home/apt,4.93,5.0,2.0,2.0,1.0,45.0,True,2.0,1.0,3.0,"This area has more pharmacies and transit access than a typical New York block. It has fewer entertainment venues, parks, gyms, landmarks, bars, dining options, hotels, and museums than a typical New York block."
450.6,Entire home/apt,4.62,10.0,4.0,4.0,2.0,53.0,True,4.0,2.0,6.0,"This is a residential area with fewer museums, galleries, bars, nightlife, dining, gyms, sports, and parks than a typical New York block."
109.53,Entire home/apt,4.61,4.0,2.0,1.0,1.0,44.0,True,1.0,1.0,2.0,"This is a residential area with an above average number of pharmacies and fewer bars, nightlife, cafes, dining, entertainment venues, gyms, sports, hotels, museums, and galleries than a typical New York block."
222.37,Entire home/apt,5.0,2.0,1.0,1.0,1.0,4.0,False,1.0,1.0,2.0,"This is a residential area with fewer hotels, parks, pharmacies, gyms, sports facilities, and shops than a typical New York block."
414.47,Entire home/apt,4.86,6.0,3.0,3.0,3.0,7.0,False,3.0,3.0,6.0,"This is a residential area with fewer pharmacies, grocery stores, and dining options than a typical New York block, and it lacks nearby subway and transit access."
220.13,Entire home/apt,5.0,10.0,5.0,2.0,1.0,2.0,True,2.0,1.0,3.0,"This is a residential area with an above-average number of pharmacies and a below-average number of gyms, sports facilities, entertainment venues, and transit options."
184.37,Entire home/apt,4.81,2.0,2.0,1.0,1.0,16.0,True,1.0,1.0,2.0,"This is a residential area with fewer bars, cafes, gyms, dining options, entertainment venues, hotels, landmarks, parks, pharmacies, and transit access than a typical New York block."
404.32,Entire home/apt,4.5,8.0,8.0,2.0,1.0,2.0,False,2.0,1.0,3.0,"This is a residential area with an above-average number of pharmacies and a below-average number of bars, nightlife, cafes, hotels, and shops."
153.93,Entire home/apt,5.0,3.0,1.0,1.0,1.0,1.0,False,1.0,1.0,2.0,"This is a residential area with more parks and green space than a typical New York block and fewer grocery stores, cafes, dining options, museums, galleries, pharmacies, shops, and transit options. The Brooklyn Academy of Music is located nearby."
290.04,Entire home/apt,4.56,6.0,5.0,2.0,1.0,18.0,False,2.0,1.0,3.0,"This is a residential area with fewer transit options, dining, nightlife, entertainment, gyms, and pharmacies than a typical New York block."
189.0,Private room,5.0,2.0,1.0,1.0,1.0,3.0,False,1.0,1.0,2.0,"This area has above average access to parks, green space, and transit. It has below average access to dining, entertainment, nightlife, cafes, grocery stores, gyms, sports, museums, galleries, and pharmacies."
108.8,Entire home/apt,4.86,2.0,4.0,1.0,1.0,14.0,True,1.0,1.0,2.0,"This area has more parks, green space, and pharmacies than a typical New York block. It has fewer bars, nightlife venues, dining options, gyms, sports facilities, and shops than a typical New York block."
833.33,Entire home/apt,5.0,6.0,4.0,3.0,2.0,3.0,False,3.0,2.0,5.0,"This area has more parks and green space than a typical New York block and fewer bars, nightlife, cafes, entertainment venues, grocery stores, shops, and transit options. The High Line is located nearby."
172.23,Entire home/apt,4.88,4.0,1.0,1.0,1.0,25.0,True,1.0,1.0,2.0,"This is a residential area with fewer cafes, gyms, sports facilities, and pharmacies than a typical New York block."
642.0,Entire home/apt,4.4,4.0,2.0,2.0,1.0,50.0,False,2.0,1.0,3.0,"This is a residential area with fewer bars, nightlife, dining, gyms, sports, museums, galleries, and green space than a typical New York block."
332.65,Entire home/apt,4.91,3.0,2.0,1.0,1.0,252.0,True,1.0,1.0,2.0,"This is a residential area with fewer subway and transit options, entertainment venues, pharmacies, dining, grocery stores, hotels, and shops than a typical New York block."
102.86,Entire home/apt,4.94,4.0,2.0,1.0,1.0,101.0,True,1.0,1.0,2.0,"This area has an above average number of pharmacies and subway and transit options. It has fewer hotels, museums and galleries, entertainment venues, landmarks and sights, bars and nightlife, dining, grocery stores, gyms and sports, and parks and green space than a typical New York block."
225.62,Entire home/apt,4.76,5.0,2.0,2.0,2.0,29.0,True,2.0,2.0,4.0,"This is a residential area with fewer hotels, cafes, landmarks, parks, and shops than a typical New York block."
882.0,Entire home/apt,5.0,4.0,2.0,2.0,2.0,13.0,True,2.0,2.0,4.0,"This area has more parks and green space than a typical New York block, but fewer hotels, dining options, grocery stores, gyms, and shops. The Brooklyn Botanic Garden and Brooklyn Museum are located nearby."
116.04,Entire home/apt,4.92,4.0,2.0,2.0,1.0,24.0,False,2.0,1.0,3.0,"This is a residential area with fewer entertainment venues, museums, galleries, landmarks, bars, cafes, dining options, gyms, hotels, parks, and transit options than a typical New York block."
237.74,Entire home/apt,4.78,12.0,4.0,5.0,2.0,50.0,False,5.0,2.0,7.0,"This is a residential area with fewer cafes, hotels, gyms, landmarks, pharmacies, bars, entertainment venues, museums, parks, and transit options than a typical New York block."
96.63,Entire home/apt,3.5,8.0,2.0,2.0,1.0,4.0,False,2.0,1.0,3.0,"This is a residential area with fewer gyms, sports facilities, bars, nightlife venues, landmarks, sights, and shops than a typical New York block."
326.38,Entire home/apt,4.82,2.0,1.0,1.0,1.0,57.0,False,1.0,1.0,2.0,"This is a residential area with fewer entertainment venues, grocery stores, bars, nightlife, dining options, and gyms than a typical New York block."
267.33,Entire home/apt,4.9,2.0,1.0,1.0,1.0,41.0,False,1.0,1.0,2.0,"This is a residential area with fewer pharmacies, dining options, entertainment venues, gyms, and transit access than a typical New York block."
187.58,Entire home/apt,5.0,2.0,1.0,1.0,1.0,6.0,False,1.0,1.0,2.0,"This area has fewer parks, entertainment venues, cafes, grocery stores, gyms, landmarks, museums, and shops than a typical New York block."
109.0,Private room,5.0,2.0,1.0,1.0,1.0,10.0,True,1.0,1.0,2.0,"This is a residential area with more parks and green space than a typical New York block. It has fewer museums, galleries, entertainment venues, gyms, sports facilities, bars, nightlife, cafes, hotels, pharmacies, and shops than a typical New York block."
1155.0,Private room,4.9,10.0,7.0,4.0,4.0,154.0,True,4.0,4.0,8.0,"This area has fewer parks, pharmacies, dining options, entertainment venues, gyms, and shops than a typical New York block."
125.73,Entire home/apt,4.8,3.0,2.0,1.0,1.5,66.0,True,1.0,1.5,2.5,This area has more parks and green space than a typical New York block. It is located near Coney Island and Central Park.
95.94,Private room,4.67,2.0,1.0,1.0,1.0,3.0,True,1.0,1.0,2.0,"This is a residential area with fewer bars, gyms, landmarks, parks, and shops than a typical New York block."
154.31,Entire home/apt,5.0,4.0,2.0,1.0,1.0,3.0,False,1.0,1.0,2.0,"This is a residential area with fewer museums, galleries, grocery stores, bars, nightlife, hotels, parks, green space, pharmacies, shops, and transit options than a typical New York block."
169.59,Entire home/apt,4.85,6.0,4.0,2.0,1.0,100.0,True,2.0,1.0,3.0,"This is a residential area with an unusually high number of pharmacies and a lack of hotels, parks, and green space. The block has fewer gyms, sports facilities, bars, nightlife, entertainment venues, grocery stores, and museums than a typical New York block."
134.9,Entire home/apt,4.6,3.0,3.0,2.0,1.0,15.0,False,2.0,1.0,3.0,"This area contains more parks, green space, landmarks, and pharmacies than a typical New York block, but features fewer shops, dining options, bars, nightlife, entertainment venues, grocery stores, and gyms. Central Park is located nearby, though there is no subway or transit access."
218.33,Entire home/apt,4.8,2.0,1.0,1.0,1.0,49.0,False,1.0,1.0,2.0,"This area has fewer grocery stores, parks, green spaces, pharmacies, and shops than a typical New York block. There are no hotels nearby."
242.27,Entire home/apt,4.83,3.0,2.0,1.0,1.0,144.0,True,1.0,1.0,2.0,"This is a residential area with fewer entertainment venues, hotels, parks, green spaces, landmarks, sights, pharmacies, cafes, dining options, and gyms than a typical New York block."
196.68,Entire home/apt,5.0,2.0,1.0,1.0,1.0,8.0,True,1.0,1.0,2.0,"This is a residential area with fewer pharmacies, cafes, grocery stores, parks, green spaces, and shops than a typical New York block, and no hotels nearby."
70.43,Private room,5.0,1.0,1.0,1.0,1.0,1.0,False,1.0,1.0,2.0,"This area has more parks and green space and better subway and transit access than a typical New York block. It has fewer dining options, gyms, sports facilities, hotels, pharmacies, and shops than a typical block."
137.5,Entire home/apt,4.91,4.0,3.0,2.0,2.0,11.0,True,2.0,2.0,4.0,"This is a residential area with fewer entertainment venues, cafes, gyms, sports facilities, landmarks, parks, and shops than a typical New York block."
1172.0,Entire home/apt,5.0,6.0,4.0,3.0,3.0,1.0,False,3.0,3.0,6.0,"This is a residential area with an above-average amount of parks and green space. It has fewer hotels, entertainment venues, bars, nightlife, cafes, dining, grocery stores, pharmacies, shops, and transit options than a typical New York block."
251.64,Entire home/apt,4.56,5.0,2.0,1.0,1.0,18.0,False,1.0,1.0,2.0,"This is a residential area with fewer transit options, dining, nightlife, cafes, entertainment venues, gyms, hotels, parks, and pharmacies than a typical New York block."
276.57,Entire home/apt,5.0,6.0,2.0,2.0,1.0,4.0,False,2.0,1.0,3.0,"This is a residential area with fewer cafes, dining options, grocery stores, parks, green spaces, pharmacies, and shops than a typical New York block."
300.0,Entire home/apt,4.92,2.0,1.0,1.0,1.0,141.0,True,1.0,1.0,2.0,"This area has more parks and green space than a typical New York block, including Central Park. It has fewer grocery stores, pharmacies, bars, nightlife, cafes, and subway and transit options than a typical block."
103.24,Entire home/apt,4.83,4.0,2.0,2.0,1.0,36.0,False,2.0,1.0,3.0,"This is a residential area with fewer cafes, grocery stores, and gyms than a typical New York block. There are no bars, nightlife, entertainment venues, hotels, landmarks, or museums nearby."
62.13,Private room,4.87,2.0,1.0,1.0,1.0,77.0,True,1.0,1.0,2.0,"This is a residential area with fewer entertainment venues, dining options, gyms, sports facilities, landmarks, sights, parks, green spaces, and shops than a typical New York block."
309.0,Entire home/apt,4.6,4.0,1.0,1.0,1.0,67.0,False,1.0,1.0,2.0,"This is a residential area with an above average number of pharmacies and a below average number of grocery stores, shops, museums, and galleries. There are no parks, green spaces, or subway and transit options nearby."
90.27,Shared room,4.68,2.0,1.0,1.0,1.0,25.0,False,1.0,1.0,2.0,"This area has more parks, green space, and pharmacies than a typical New York block. It has fewer bars, nightlife, cafes, dining, gyms, sports, museums, galleries, and shops than a typical block."
107.08,Entire home/apt,5.0,4.0,1.0,1.0,1.0,3.0,False,1.0,1.0,2.0,"This is a residential area with fewer grocery stores, parks, pharmacies, and shops than a typical New York block. It also has fewer landmarks and sights than average."
114.97,Entire home/apt,5.0,4.0,3.0,2.0,1.0,13.0,True,2.0,1.0,3.0,"This is a residential area with an above-average number of pharmacies and fewer bars, gyms, transit options, and landmarks than a typical New York block. There are no nearby cafes, entertainment venues, hotels, or museums and galleries."
93.29,Entire home/apt,4.94,2.0,1.0,1.0,1.0,356.0,True,1.0,1.0,2.0,This area has fewer grocery stores and shops than a typical New York block.
221.27,Entire home/apt,4.79,5.0,1.0,1.0,1.0,14.0,False,1.0,1.0,2.0,"This area has more parks and green space and better subway and transit access than a typical New York block, but fewer entertainment venues, shops, cafes, gyms, sports facilities, museums, and galleries. Nearby locations include The Cloisters and Riverside Park."
59.36,Private room,5.0,3.0,1.0,1.0,1.0,2.0,False,1.0,1.0,2.0,"This is a residential area that has fewer hotels, museums, galleries, cafes, landmarks, sights, bars, nightlife, dining, and entertainment venues than a typical New York block."
144.03,Entire home/apt,5.0,1.0,1.0,1.0,1.0,138.0,False,1.0,1.0,2.0,"This is a residential area with fewer grocery stores and dining options than a typical New York block, and it lacks nearby entertainment venues, pharmacies, and subway or transit access."
74.24,Private room,4.6,1.0,1.0,1.0,1.0,5.0,False,1.0,1.0,2.0,"This is a residential area with an unusually high number of pharmacies and a lack of entertainment venues, hotels, museums, galleries, gyms, sports facilities, bars, nightlife, cafes, landmarks, sights, shops, and transit options."
159.09,Entire home/apt,4.89,4.0,2.0,2.0,1.0,90.0,True,2.0,1.0,3.0,"This area has more parks, green space, and landmarks than a typical New York block, but fewer subway stations, grocery stores, cafes, dining options, museums, galleries, pharmacies, and shops. The Brooklyn Academy of Music is located nearby."
221.92,Entire home/apt,4.96,6.0,4.0,3.0,2.0,53.0,False,3.0,2.0,5.0,"This area has an above average number of pharmacies and a below average number of grocery stores, gyms, sports facilities, entertainment venues, hotels, parks, green spaces, and shops."
93.4,Entire home/apt,5.0,2.0,1.0,1.0,1.0,6.0,True,1.0,1.0,2.0,"This area has an above average number of pharmacies and fewer grocery stores, gyms, sports facilities, parks, green spaces, and shops than a typical New York block. There are no entertainment venues or hotels nearby."
223.83,Entire home/apt,5.0,2.0,1.0,1.0,1.0,5.0,False,1.0,1.0,2.0,"This area has fewer grocery stores, landmarks, museums, galleries, pharmacies, shops, and transit options than a typical New York block. There are no parks or green spaces nearby."
296.0,Entire home/apt,4.75,4.0,3.0,3.0,2.0,282.0,False,3.0,2.0,5.0,"This is a residential area with fewer bars, cafes, dining options, grocery stores, and hotels than a typical New York block."
173.33,Entire home/apt,4.0,4.0,1.0,1.0,1.0,1.0,False,1.0,1.0,2.0,"This is a residential area with an above-average number of pharmacies and fewer grocery stores, cafes, bars, gyms, and dining options than a typical New York block."
300.33,Entire home/apt,4.0,6.0,3.0,3.0,1.0,1.0,False,3.0,1.0,4.0,"This area has more parks and green space than a typical New York block. It has fewer grocery stores, shops, bars, nightlife, pharmacies, and subway and transit options than a typical block."
598.0,Entire home/apt,4.92,6.0,4.0,2.0,1.5,105.0,True,2.0,1.5,3.5,"This area has fewer parks, green spaces, pharmacies, grocery stores, cafes, dining options, and landmarks than a typical New York block."
348.5,Entire home/apt,4.87,5.0,2.0,2.0,1.0,101.0,True,2.0,1.0,3.0,"This is a residential area with an above average number of pharmacies. It has fewer bars and nightlife, cafes, entertainment venues, grocery stores, gyms and sports, landmarks and sights, museums and galleries, parks and green space, and shops than a typical New York block."
62.97,Private room,5.0,1.0,1.0,1.0,1.0,10.0,True,1.0,1.0,2.0,"This is a residential area with more grocery stores than average and fewer gyms, sports facilities, cafes, entertainment venues, museums, galleries, pharmacies, and shops than average. There are no hotels, landmarks, sights, or transit options nearby."
139.61,Private room,5.0,2.0,3.0,2.0,1.0,22.0,False,2.0,1.0,3.0,"This is a residential area with an above average number of pharmacies and a lack of hotels, museums, galleries, gyms, and sports facilities. The block has fewer bars, nightlife venues, cafes, and dining options than typical New York blocks."
170.04,Private room,4.8,2.0,1.0,1.0,1.0,10.0,True,1.0,1.0,2.0,"This is a residential area that has fewer entertainment venues, museums, galleries, parks, transit options, bars, cafes, dining, gyms, hotels, landmarks, and shops than a typical New York block."
85.73,Entire home/apt,4.67,2.0,1.0,1.0,1.0,3.0,False,1.0,1.0,2.0,"This is a transit-oriented area with fewer cafes, dining options, gyms, sports facilities, hotels, pharmacies, and shops than a typical New York block."
73.34,Entire home/apt,5.0,4.0,2.0,1.0,1.0,1.0,False,1.0,1.0,2.0,"This is a residential area with fewer entertainment venues, dining options, grocery stores, bars, nightlife, cafes, and gyms than a typical New York block."
480.67,Entire home/apt,4.95,2.0,2.0,2.0,1.0,56.0,True,2.0,1.0,3.0,"This is an area with an above average number of museums and galleries. It has fewer grocery stores, bars, nightlife, dining, gyms, sports, parks, green space, and pharmacies than a typical New York block."
250.73,Entire home/apt,4.78,2.0,2.0,1.0,1.0,100.0,True,1.0,1.0,2.0,"This area has an above-average number of museums and galleries, but fewer grocery stores, cafes, dining options, gyms, sports facilities, landmarks, and transit options than a typical New York block. There are no hotels or parks nearby."
159.89,Entire home/apt,5.0,5.0,4.0,2.0,1.0,5.0,False,2.0,1.0,3.0,"This is a residential area with fewer hotels, parks, entertainment venues, bars, restaurants, gyms, and shops than a typical New York block."
100.8,Private room,4.77,2.0,3.0,2.0,1.0,44.0,False,2.0,1.0,3.0,"This is a residential area with an unusually high number of pharmacies and fewer entertainment venues, cafes, dining, gyms, sports, hotels, landmarks, sights, museums, galleries, shops, and transit options than a typical New York block."
113.69,Entire home/apt,4.63,4.0,2.0,2.0,1.0,337.0,False,2.0,1.0,3.0,"This is a residential area with fewer grocery stores, bars, cafes, dining options, entertainment venues, gyms, museums, and parks than a typical New York block."
96.63,Entire home/apt,4.0,8.0,2.0,1.0,1.0,4.0,False,1.0,1.0,2.0,"This is a residential area with fewer entertainment venues, dining options, gyms, sports facilities, landmarks, sights, and shops than a typical New York block."
414.0,Private room,4.35,2.0,1.0,1.0,1.0,71.0,False,1.0,1.0,2.0,"This area has an unusually high amount of parks and green space and an unusually low number of grocery stores, pharmacies, bars, nightlife, cafes, dining, and shops. The Brooklyn Bridge and Brooklyn Academy of Music are nearby."
111.5,Entire home/apt,5.0,2.0,2.0,1.0,1.0,2.0,True,1.0,1.0,2.0,"This is a residential area with fewer hotels, parks, entertainment venues, pharmacies, bars, cafes, dining options, gyms, and landmarks than a typical New York block."
91.1,Entire home/apt,4.17,2.0,1.0,1.0,1.0,12.0,True,1.0,1.0,2.0,"This area has more parks, green space, and pharmacies than a typical New York block. It has fewer entertainment venues, hotels, museums, galleries, bars, nightlife, cafes, dining, gyms, sports, landmarks, sights, and transit options."
138.79,Entire home/apt,5.0,4.0,2.0,2.0,1.0,7.0,True,2.0,1.0,3.0,"This is a residential area with fewer hotels, bars, nightlife, dining, entertainment venues, landmarks, sights, gyms, sports, parks, green space, and pharmacies than a typical New York block."
295.0,Private room,4.71,2.0,1.0,1.0,1.0,14.0,False,1.0,1.0,2.0,"This area has more parks and green space than a typical New York block and fewer grocery stores, pharmacies, bars, nightlife, cafes, dining, and shops. The Brooklyn Bridge and Brooklyn Academy of Music are nearby."
122.6,Entire home/apt,4.78,5.0,2.0,2.0,1.0,169.0,False,2.0,1.0,3.0,"This is a residential area with fewer entertainment venues, bars, nightlife, dining, gyms, sports, landmarks, museums, galleries, and shops than a typical New York block."
169.42,Entire home/apt,4.93,2.0,1.0,1.0,1.0,14.0,False,1.0,1.0,2.0,"This is a residential area with an above-average amount of parks and green space. It has fewer cafes, grocery stores, bars, nightlife, dining, gyms, sports, and hotels than a typical New York block."
165.63,Private room,4.78,2.0,4.0,2.0,1.0,207.0,False,2.0,1.0,3.0,"This is a residential area with fewer museums, galleries, parks, green spaces, bars, nightlife, dining, gyms, sports, hotels, and shops than a typical New York block."
103.98,Entire home/apt,5.0,2.0,1.0,1.0,1.0,2.0,True,1.0,1.0,2.0,"This is a residential area with fewer entertainment venues, dining options, grocery stores, pharmacies, shops, and transit access than a typical New York block."
294.87,Entire home/apt,4.65,5.0,3.0,3.0,2.0,57.0,False,3.0,2.0,5.0,"This area is a residential block with fewer bars, cafes, dining options, entertainment venues, hotels, shops, parks, and transit access than a typical New York block."
205.92,Entire home/apt,4.38,7.0,3.0,2.0,1.0,237.0,False,2.0,1.0,3.0,"This is a residential area with fewer hotels, museums, galleries, cafes, entertainment venues, bars, nightlife, dining, gyms, sports, landmarks, sights, and parks than a typical New York block."
90.9,Entire home/apt,5.0,5.0,2.0,2.0,1.0,1.0,False,2.0,1.0,3.0,"This is a residential area with fewer museums, galleries, cafes, gyms, sports facilities, entertainment venues, grocery stores, hotels, landmarks, parks, pharmacies, shops, and transit options than a typical New York block."
99.0,Entire home/apt,4.73,4.0,1.0,1.0,1.0,15.0,True,1.0,1.0,2.0,"This is a residential area with fewer cafes, hotels, museums, galleries, landmarks, bars, nightlife, gyms, sports, shops, and transit options than a typical New York block."
97.34,Entire home/apt,4.68,3.0,2.0,1.0,1.0,242.0,False,1.0,1.0,2.0,"This is a residential area with fewer hotels, transit options, entertainment venues, nightlife, cafes, grocery stores, landmarks, museums, and shops than a typical New York block."
29.98,Private room,4.8,1.0,1.0,1.0,1.0,61.0,False,1.0,1.0,2.0,"This area has an above-average number of grocery stores and a below-average number of pharmacies, bars, nightlife, cafes, gyms, sports, hotels, shops, and landmarks."
142.9,Entire home/apt,4.18,5.0,3.0,2.0,1.0,11.0,False,2.0,1.0,3.0,"This area has above average subway and transit access. It has fewer cafes, bars, nightlife, dining, entertainment venues, gyms, and sports than a typical New York block."
240.15,Entire home/apt,4.78,5.0,4.0,3.0,1.0,9.0,True,3.0,1.0,4.0,"This is a residential area with fewer hotels, landmarks, pharmacies, cafes, dining options, grocery stores, parks, and shops than a typical New York block."
201.78,Entire home/apt,4.8,4.0,3.0,3.0,1.5,10.0,False,3.0,1.5,4.5,"This is a residential area with fewer entertainment venues, landmarks, parks, pharmacies, shops, and transit options than a typical New York block."
861.59,Entire home/apt,4.81,4.0,3.0,2.0,2.5,57.0,True,2.0,2.5,4.5,"This is a residential area with fewer entertainment venues, gyms, sports facilities, bars, nightlife, hotels, museums, galleries, parks, green spaces, and shops than a typical New York block."
286.0,Entire home/apt,4.43,5.0,4.0,3.0,2.0,7.0,False,3.0,2.0,5.0,"This is a residential area with fewer entertainment venues, bars, nightlife, cafes, grocery stores, and gyms than a typical New York block. There are no hotels, landmarks, museums, galleries, or parks nearby."
73.4,Private room,4.58,1.0,1.0,1.0,2.0,12.0,False,1.0,2.0,3.0,"This is a residential area with fewer hotels, transit options, entertainment venues, cafes, grocery stores, museums, galleries, parks, and shops than a typical New York block."
377.21,Entire home/apt,5.0,4.0,2.0,2.0,1.0,7.0,False,2.0,1.0,3.0,"This is a residential area with fewer bars, dining options, grocery stores, gyms, pharmacies, and transit access than a typical New York block."
187.37,Entire home/apt,4.72,6.0,4.0,2.0,2.0,61.0,True,2.0,2.0,4.0,"This is a residential area with fewer transit options, grocery stores, bars, dining, entertainment venues, gyms, parks, and shops than a typical New York block. The Metropolitan Museum of Art is located nearby."
4433.93,Entire home/apt,5.0,16.0,4.0,4.0,3.5,3.0,False,4.0,3.5,7.5,"This area has an above-average number of pharmacies. It has fewer grocery stores, bars, nightlife, gyms, sports, museums, galleries, shops, and entertainment venues than a typical New York block, and no nearby parks or green space."
246.13,Entire home/apt,4.36,2.0,2.0,2.0,2.0,22.0,False,2.0,2.0,4.0,"This is a residential area with fewer bars, nightlife, museums, galleries, cafes, entertainment venues, dining options, gyms, sports facilities, parks, green spaces, and pharmacies than a typical New York block."
323.33,Entire home/apt,5.0,3.0,1.0,1.0,1.0,9.0,False,1.0,1.0,2.0,"This area has fewer parks, transit options, entertainment venues, pharmacies, dining options, landmarks, and shops than a typical New York block."
145.83,Entire home/apt,4.64,2.0,1.0,1.0,1.0,11.0,False,1.0,1.0,2.0,"This is a residential area with fewer grocery stores, bars, cafes, hotels, parks, pharmacies, shops, and transit options than a typical New York block. There are no museums or galleries nearby."
191.37,Entire home/apt,4.7,4.0,2.0,2.0,2.0,10.0,False,2.0,2.0,4.0,"This is a residential area with an above-average number of pharmacies and fewer cafes, bars, nightlife, entertainment venues, gyms, sports facilities, hotels, shops, and transit options than a typical New York block."
152.98,Entire home/apt,4.5,12.0,9.0,3.0,1.0,121.0,False,3.0,1.0,4.0,"This is a residential area with fewer subway and transit options, pharmacies, bars, nightlife, cafes, dining, entertainment venues, grocery stores, museums, galleries, parks, green space, and shops than a typical New York block."
593.0,Hotel room,5.0,4.0,2.0,1.0,1.0,11.0,False,1.0,1.0,2.0,"This is a residential area with fewer pharmacies, grocery stores, bars, dining options, gyms, landmarks, and transit access than a typical New York block."
564.0,Hotel room,4.77,2.0,1.0,1.0,1.0,35.0,False,1.0,1.0,2.0,"This is a residential area with fewer pharmacies, grocery stores, bars, dining options, gyms, landmarks, and transit access than a typical New York block."
753.0,Entire home/apt,4.81,4.0,2.0,1.0,1.0,48.0,False,1.0,1.0,2.0,"This is a residential area with fewer pharmacies, grocery stores, bars, dining options, gyms, landmarks, and transit access than a typical New York block."
342.0,Entire home/apt,4.73,4.0,2.0,1.0,1.0,135.0,False,1.0,1.0,2.0,"This is a residential area with fewer pharmacies, grocery stores, bars, dining options, gyms, landmarks, and transit access than a typical New York block."
103.9,Entire home/apt,4.8,5.0,3.0,3.0,1.0,25.0,False,3.0,1.0,4.0,"This is a residential area with fewer gyms, sports facilities, bars, nightlife, dining, landmarks, sights, museums, galleries, and shops than a typical New York block."
753.0,Entire home/apt,4.75,4.0,2.0,1.0,1.0,73.0,False,1.0,1.0,2.0,"This is a residential area with fewer pharmacies, grocery stores, bars, dining options, gyms, landmarks, and transit access than a typical New York block."
349.0,Hotel room,4.5,2.0,1.0,1.0,1.0,4.0,False,1.0,1.0,2.0,"This is an area with an above-average number of hotels and a below-average number of dining options, pharmacies, bars, nightlife, entertainment venues, grocery stores, and landmarks. There are no cafes, gyms, sports facilities, or parks nearby."
182.53,Entire home/apt,4.8,8.0,4.0,3.0,2.0,5.0,False,3.0,2.0,5.0,"This is a residential area with fewer grocery stores, bars, nightlife, and shops than a typical New York block."
197.53,Entire home/apt,5.0,2.0,1.0,1.0,1.0,12.0,False,1.0,1.0,2.0,"This area has above average access to subway and transit. It has fewer hotels, entertainment venues, bars, nightlife, dining, grocery stores, gyms, sports, parks, green space, and shops than a typical New York block."
114.05,Entire home/apt,4.91,5.0,3.0,3.0,1.5,23.0,False,3.0,1.5,4.5,"This is a residential area with fewer entertainment venues, bars, nightlife, cafes, dining, hotels, museums, galleries, parks, green space, and transit options than a typical New York block."
113.97,Private room,4.8,2.0,2.0,1.0,1.0,10.0,False,1.0,1.0,2.0,"This is a residential area with fewer subway and transit options, entertainment venues, bars, nightlife, cafes, grocery stores, hotels, museums, galleries, and shops than a typical New York block."
176.62,Entire home/apt,5.0,2.0,1.0,1.0,1.0,4.0,True,1.0,1.0,2.0,"This is a residential area with fewer hotels, entertainment venues, dining, grocery stores, parks, and shops than a typical New York block."
673.85,Entire home/apt,5.0,10.0,6.0,5.0,2.5,16.0,True,5.0,2.5,7.5,"This is a residential area with fewer entertainment venues, transit options, bars, cafes, grocery stores, gyms, and shops than a typical New York block."
88.53,Entire home/apt,4.54,2.0,1.0,1.0,1.0,188.0,False,1.0,1.0,2.0,"This is a residential area with fewer subway stations, grocery stores, cafes, entertainment venues, hotels, museums, galleries, parks, pharmacies, and shops than a typical New York block."
114.56,Entire home/apt,4.79,3.0,3.0,2.0,1.0,66.0,False,2.0,1.0,3.0,"This is a residential area with fewer entertainment venues, bars, nightlife, cafes, dining, gyms, sports, parks, green space, and shops than a typical New York block."
91.53,Private room,4.82,2.0,1.0,1.0,1.0,17.0,False,1.0,1.0,2.0,"This is a residential area with fewer cafes, bars, nightlife, dining, gyms, sports, hotels, landmarks, sights, pharmacies, and transit options than a typical New York block. There are no entertainment venues, museums, galleries, or parks nearby."
229.46,Entire home/apt,4.83,4.0,2.0,1.0,2.0,47.0,False,1.0,2.0,3.0,"This is a residential area with fewer entertainment venues, bars, nightlife, grocery stores, hotels, and shops than a typical New York block. There are no landmarks, sights, museums, galleries, or subway and transit options nearby."
199.5,Private room,4.96,4.0,3.0,1.0,1.0,26.0,True,1.0,1.0,2.0,"This is a residential area with fewer museums, parks, bars, cafes, dining options, gyms, and shops than a typical New York block."
98.64,Entire home/apt,4.85,2.0,1.0,1.0,1.0,113.0,True,1.0,1.0,2.0,"This is a residential area with fewer cafes, dining options, grocery stores, gyms, sports facilities, hotels, museums, galleries, pharmacies, shops, and transit access than a typical New York block."
571.0,Private room,5.0,2.0,2.0,2.0,1.0,3.0,False,2.0,1.0,3.0,"This is a residential area with fewer entertainment venues, pharmacies, bars, nightlife, dining, hotels, museums, galleries, shops, and transit options than a typical New York block."
54.4,Private room,4.54,1.0,2.0,2.0,1.0,79.0,False,2.0,1.0,3.0,"This is a residential area with fewer entertainment venues, hotels, landmarks, museums, galleries, bars, cafes, dining options, grocery stores, gyms, and parks than a typical New York block."
269.0,Entire home/apt,4.72,2.0,2.0,1.0,1.0,280.0,True,1.0,1.0,2.0,"This is a residential area with fewer subway and transit options, entertainment venues, pharmacies, dining, grocery stores, gyms, sports facilities, hotels, and shops than a typical New York block."
83.33,Private room,4.93,2.0,1.0,2.0,1.0,162.0,True,2.0,1.0,3.0,This area has more parks and green space than a typical New York block. It is located near Grand Army Plaza and Prospect Park.
558.04,Entire home/apt,4.72,12.0,9.0,5.0,2.0,65.0,False,5.0,2.0,7.0,"This is a residential area with fewer museums, galleries, transit options, entertainment venues, landmarks, bars, nightlife, dining, grocery stores, and shops than a typical New York block."
213.91,Private room,4.87,8.0,3.0,3.0,1.5,23.0,False,3.0,1.5,4.5,"This is a residential area with fewer gyms, sports facilities, bars, nightlife, cafes, dining options, grocery stores, parks, green spaces, pharmacies, and shops than a typical New York block."
221.27,Entire home/apt,1.0,4.0,2.0,2.0,1.0,1.0,False,2.0,1.0,3.0,"This is a residential area with fewer gyms, sports facilities, bars, nightlife, cafes, dining, grocery stores, parks, green space, pharmacies, and shops than a typical New York block."
777.5,Entire home/apt,4.97,7.0,3.0,4.0,1.5,39.0,False,4.0,1.5,5.5,"This is a residential area with fewer entertainment venues, gyms, sports facilities, landmarks, sights, bars, nightlife, dining, hotels, museums, galleries, and shops than a typical New York block."
121.88,Entire home/apt,5.0,4.0,2.0,2.0,2.0,2.0,False,2.0,2.0,4.0,"This is a residential area with fewer gyms, bars, cafes, dining options, grocery stores, parks, pharmacies, and shops than a typical New York block."
37.83,Private room,5.0,1.0,1.0,1.0,1.0,1.0,True,1.0,1.0,2.0,"This is a residential area with fewer cafes, bars, dining options, gyms, parks, shops, and transit access than a typical New York block. There are no museums or galleries nearby."
120.93,Entire home/apt,5.0,2.0,1.0,1.0,1.0,1.0,False,1.0,1.0,2.0,"This is a residential area with fewer cafes, hotels, museums, galleries, bars, gyms, dining options, parks, and transit access than a typical New York block."
129.0,Private room,4.57,2.0,1.0,1.0,1.0,61.0,False,1.0,1.0,2.0,"This is a residential area with fewer museums, galleries, cafes, shops, bars, nightlife, dining, gyms, sports, and green spaces than a typical New York block."
180.91,Entire home/apt,5.0,3.0,2.0,2.0,1.0,3.0,True,2.0,1.0,3.0,"This is a residential area with fewer cafes, entertainment venues, hotels, landmarks, museums, bars, restaurants, grocery stores, gyms, and parks than a typical New York block."
149.33,Entire home/apt,4.83,4.0,2.0,1.0,1.0,6.0,True,1.0,1.0,2.0,"This is a residential area that has fewer cafes, transit options, nightlife, entertainment venues, gyms, dining, grocery stores, pharmacies, and parks than a typical New York block."
466.0,Entire home/apt,5.0,2.0,1.0,1.0,1.0,7.0,False,1.0,1.0,2.0,"This is a residential area with fewer parks, transit options, entertainment venues, pharmacies, dining options, landmarks, museums, galleries, and shops than a typical New York block."
399.41,Private room,4.8,6.0,4.0,2.0,1.0,139.0,False,2.0,1.0,3.0,"This is a residential area that has fewer entertainment venues, landmarks, sights, bars, nightlife, dining, gyms, sports, parks, green space, pharmacies, and shops than a typical New York block."
113.97,Entire home/apt,4.29,2.0,1.0,1.0,1.0,7.0,False,1.0,1.0,2.0,"This is a residential area with an unusually high number of pharmacies and fewer entertainment venues, gyms, sports facilities, bars, nightlife, cafes, dining, landmarks, sights, museums, galleries, parks, green space, and shops than a typical New York block."
336.38,Entire home/apt,4.96,5.0,2.0,2.0,2.0,26.0,False,2.0,2.0,4.0,"This is a residential area with fewer entertainment venues, bars, nightlife, dining, hotels, museums, galleries, pharmacies, shops, and transit options than a typical New York block."
498.5,Entire home/apt,4.88,6.0,4.0,3.0,1.0,64.0,True,3.0,1.0,4.0,"This is a residential area with fewer entertainment venues, dining options, grocery stores, gyms, and nightlife establishments than a typical New York block."
161.91,Private room,4.72,4.0,4.0,2.0,1.0,47.0,False,2.0,1.0,3.0,"This area has an above-average number of pharmacies and fewer grocery stores, shops, gyms, sports facilities, and hotels than a typical New York block. There are no bars, nightlife, cafes, entertainment venues, museums, or galleries nearby."
240.15,Entire home/apt,4.85,4.0,3.0,3.0,2.0,59.0,True,3.0,2.0,5.0,"This is a residential area with fewer shops, bars, restaurants, entertainment venues, gyms, parks, and landmarks than a typical New York block."
173.83,Entire home/apt,4.83,5.0,2.0,2.0,1.5,24.0,False,2.0,1.5,3.5,"This is a residential area with an above average number of pharmacies and fewer hotels, museums, galleries, gyms, sports facilities, landmarks, sights, bars, nightlife, cafes, dining, entertainment venues, and shops than a typical New York block."
62.78,Private room,4.47,4.0,2.0,5.0,2.5,19.0,True,5.0,2.5,7.5,"This is a residential area with fewer bars, nightlife, subway and transit options, cafes, dining, entertainment venues, grocery stores, hotels, museums, galleries, parks, green space, and shops than a typical New York block."
759.0,Private room,4.98,5.0,3.0,3.0,1.0,130.0,True,3.0,1.0,4.0,"This is a residential area that has fewer hotels, transit options, entertainment venues, landmarks, sights, bars, nightlife, cafes, grocery stores, museums, galleries, and shops than a typical New York block."
203.81,Entire home/apt,4.95,8.0,4.0,4.0,2.0,66.0,True,4.0,2.0,6.0,"This is a residential area that has fewer cafes, entertainment venues, hotels, parks, transit options, bars, dining, grocery stores, gyms, and landmarks than a typical New York block."
619.66,Entire home/apt,4.92,4.0,3.0,3.0,2.0,62.0,True,3.0,2.0,5.0,"This is a residential area that has fewer entertainment venues, landmarks, sights, bars, nightlife, cafes, dining, grocery stores, hotels, museums, galleries, parks, green space, pharmacies, and transit options than a typical New York block."
192.03,Entire home/apt,5.0,2.0,1.0,1.0,1.0,3.0,False,1.0,1.0,2.0,"This area has fewer museums, galleries, bars, nightlife, dining, gyms, sports, parks, green space, and shops than a typical New York block."
238.61,Entire home/apt,5.0,6.0,5.0,3.0,2.0,13.0,True,3.0,2.0,5.0,"This area has more parks and green space than a typical New York block. It has fewer grocery stores, dining options, gyms, sports facilities, and shops than a typical block."
342.67,Entire home/apt,4.97,2.0,2.0,2.0,1.0,316.0,True,2.0,1.0,3.0,"This is a residential area that has fewer bars, cafes, dining options, entertainment venues, hotels, landmarks, museums, pharmacies, and shops than a typical New York block."
292.5,Entire home/apt,4.86,2.0,1.0,1.0,1.0,236.0,True,1.0,1.0,2.0,"This is a residential area that has fewer entertainment venues, parks, pharmacies, cafes, dining options, grocery stores, hotels, landmarks, and shops than a typical New York block."
88.5,Entire home/apt,5.0,2.0,1.0,1.0,1.0,1.0,False,1.0,1.0,2.0,"This is a residential area with fewer cafes, entertainment venues, bars, nightlife, dining, gyms, sports, landmarks, sights, and shops than a typical New York block. There are no hotels, museums, galleries, or parks nearby."
123.15,Entire home/apt,4.67,2.0,1.0,1.0,1.0,3.0,True,1.0,1.0,2.0,"This is a residential area with fewer entertainment venues, bars, nightlife, cafes, dining, hotels, museums, galleries, pharmacies, shops, and transit options than a typical New York block."
202.13,Entire home/apt,4.91,7.0,4.0,3.0,1.0,57.0,True,3.0,1.0,4.0,"This is a residential area with fewer parks, green spaces, entertainment venues, bars, cafes, dining options, gyms, and shops than a typical New York block."
179.21,Entire home/apt,5.0,3.0,3.0,2.0,1.0,1.0,False,2.0,1.0,3.0,"This is a residential area with fewer parks, green spaces, cafes, gyms, sports facilities, landmarks, sights, bars, nightlife, entertainment venues, hotels, museums, galleries, pharmacies, and shops than a typical New York block."
89.88,Private room,5.0,2.0,1.0,1.0,1.0,1.0,True,1.0,1.0,2.0,"This is a residential area with fewer gyms, sports facilities, shops, bars, nightlife, dining options, landmarks, sights, museums, galleries, and parks than a typical New York block."
108.22,Entire home/apt,5.0,4.0,2.0,2.0,1.0,1.0,True,2.0,1.0,3.0,"This is a residential area with fewer cafes, entertainment venues, gyms, sports facilities, bars, nightlife, dining, grocery stores, and pharmacies than a typical New York block. There are no hotels, museums, galleries, parks, green spaces, or transit options nearby."
62.7,Private room,5.0,2.0,2.0,1.0,1.5,1.0,True,1.0,1.5,2.5,"This is a residential area with fewer hotels, parks, entertainment venues, bars, cafes, dining options, gyms, landmarks, pharmacies, and transit access than a typical New York block."
132.82,Entire home/apt,4.86,2.0,3.0,1.0,1.0,358.0,True,1.0,1.0,2.0,"This is a residential area with fewer entertainment venues, pharmacies, dining options, grocery stores, hotels, museums, galleries, shops, and transit access than a typical New York block."
117.09,Entire home/apt,4.93,3.0,2.0,1.0,1.0,153.0,True,1.0,1.0,2.0,"This area has fewer parks, transit options, pharmacies, shops, dining, entertainment venues, grocery stores, and landmarks than a typical New York block."
117.44,Entire home/apt,4.93,4.0,2.0,2.0,1.0,28.0,True,2.0,1.0,3.0,"This is a residential area with fewer hotels, transit options, entertainment venues, shops, bars, nightlife, cafes, gyms, sports facilities, landmarks, sights, museums, and galleries than a typical New York block."
96.67,Entire home/apt,5.0,2.0,1.0,1.0,1.0,1.0,False,1.0,1.0,2.0,"This is a residential area with fewer museums, galleries, transit options, cafes, entertainment venues, gyms, sports facilities, bars, nightlife, dining, grocery stores, hotels, landmarks, sights, parks, green spaces, and pharmacies than a typical New York block."
154.87,Entire home/apt,4.71,4.0,2.0,2.0,1.0,14.0,False,2.0,1.0,3.0,"This area has an unusually high amount of parks and green space. It has an unusually low amount of hotels, cafes, entertainment venues, grocery stores, bars, nightlife, dining, gyms, sports, shops, and transit options."
68.77,Private room,1.0,2.0,1.0,1.0,2.0,1.0,False,1.0,2.0,3.0,"This is a residential area with fewer entertainment venues, pharmacies, dining options, grocery stores, gyms, hotels, landmarks, shops, and transit options than a typical New York block."
130.0,Private room,4.87,2.0,1.0,2.0,1.0,82.0,False,2.0,1.0,3.0,"This is a residential area with fewer museums, galleries, bars, nightlife, entertainment venues, gyms, sports facilities, cafes, dining options, and shops than a typical New York block."
367.25,Entire home/apt,4.92,4.0,2.0,2.0,2.0,25.0,False,2.0,2.0,4.0,"This is a residential area with fewer museums, galleries, bars, nightlife, entertainment venues, cafes, dining, parks, green space, shops, and transit options than a typical New York block."
51.66,Entire home/apt,5.0,1.0,2.0,1.0,1.0,1.0,False,1.0,1.0,2.0,"This is a residential area that has fewer entertainment venues, museums, galleries, parks, green spaces, dining options, landmarks, bars, nightlife, cafes, grocery stores, gyms, sports facilities, hotels, pharmacies, and transit options than a typical New York block."
319.99,Entire home/apt,4.88,2.0,2.0,2.0,1.0,115.0,True,2.0,1.0,3.0,"This is a residential area with fewer entertainment venues, landmarks, sights, shops, bars, nightlife, dining, gyms, sports, parks, green space, and pharmacies than a typical New York block."
277.47,Entire home/apt,4.78,4.0,2.0,2.0,1.5,114.0,False,2.0,1.5,3.5,"This is a residential area with fewer entertainment venues, gyms, sports facilities, shops, bars, nightlife, dining, hotels, museums, galleries, and green spaces than a typical New York block."
115.65,Entire home/apt,4.83,2.0,2.0,1.0,1.0,36.0,False,1.0,1.0,2.0,"This area has fewer grocery stores, dining options, entertainment venues, gyms, sports facilities, museums, galleries, parks, green spaces, pharmacies, and shops than a typical New York block."
66.4,Private room,4.2,7.0,2.0,2.0,1.5,5.0,False,2.0,1.5,3.5,"This is a residential area with fewer museums, galleries, gyms, sports facilities, bars, nightlife, dining, parks, green space, and shops than a typical New York block."
461.67,Entire home/apt,4.67,12.0,5.0,5.0,2.5,27.0,True,5.0,2.5,7.5,"This is a residential area with fewer gyms, sports facilities, landmarks, sights, bars, nightlife, dining, museums, galleries, parks, green spaces, pharmacies, and shops than a typical New York block."
154.87,Entire home/apt,4.67,4.0,3.0,3.0,1.0,129.0,False,3.0,1.0,4.0,"This area has fewer bars, nightlife, pharmacies, transit options, cafes, dining, grocery stores, gyms, sports facilities, hotels, and green spaces than a typical New York block."
152.39,Entire home/apt,5.0,3.0,2.0,1.0,1.0,36.0,False,1.0,1.0,2.0,"This area has an above average number of pharmacies. It has fewer hotels, entertainment venues, gyms, sports facilities, bars, nightlife, cafes, dining options, grocery stores, and parks than a typical New York block."
195.43,Entire home/apt,4.5,6.0,5.0,2.0,1.0,123.0,False,2.0,1.0,3.0,"This area has fewer parks, dining options, grocery stores, pharmacies, cafes, gyms, shops, and transit access than a typical New York block."
61.3,Private room,4.6,2.0,1.0,5.0,2.5,5.0,True,5.0,2.5,7.5,"This is a residential area with fewer transit options, dining, shopping, nightlife, entertainment, grocery stores, hotels, museums, galleries, and green spaces than a typical New York block."
150.31,Entire home/apt,3.5,4.0,3.0,3.0,1.0,2.0,False,3.0,1.0,4.0,"This is a residential area that has fewer entertainment venues, parks, green spaces, landmarks, sights, bars, nightlife, cafes, dining options, grocery stores, gyms, sports facilities, hotels, museums, galleries, shops, and transit options than a typical New York block."
138.44,Entire home/apt,4.33,2.0,2.0,1.0,1.0,3.0,True,1.0,1.0,2.0,"This is a residential area with fewer museums, galleries, gyms, sports facilities, bars, nightlife, cafes, dining, parks, green space, shops, and transit options than a typical New York block."
142.22,Entire home/apt,5.0,4.0,1.0,1.0,1.0,20.0,True,1.0,1.0,2.0,"This is a residential area with fewer museums, galleries, parks, green spaces, bars, nightlife, cafes, dining, grocery stores, gyms, sports, shops, and transit options than a typical New York block."
240.3,Entire home/apt,5.0,4.0,2.0,2.0,1.0,73.0,False,2.0,1.0,3.0,"This is a residential area with fewer shops, dining options, landmarks, sights, museums, and galleries than a typical New York block. It also lacks nearby entertainment venues, hotels, parks, green space, and subway or transit access."
301.89,Entire home/apt,4.64,4.0,2.0,2.0,2.0,11.0,False,2.0,2.0,4.0,"This is a residential area with fewer hotels, transit options, nightlife, landmarks, pharmacies, cafes, dining, entertainment, gyms, and parks than a typical New York block."
149.43,Entire home/apt,4.77,4.0,3.0,2.0,1.0,88.0,True,2.0,1.0,3.0,"This area has an above average number of pharmacies and fewer bars, nightlife, museums, galleries, cafes, entertainment venues, grocery stores, dining, hotels, parks, green space, shops, and transit options than a typical New York block."
451.0,Entire home/apt,4.79,4.0,4.0,3.0,1.0,181.0,False,3.0,1.0,4.0,"This is a residential area with an above-average number of grocery stores and fewer dining, shopping, and entertainment options than a typical New York block."
182.89,Entire home/apt,4.89,2.0,3.0,2.0,1.0,36.0,False,2.0,1.0,3.0,"This is a residential area with fewer parks, pharmacies, shops, dining options, entertainment venues, grocery stores, landmarks, museums, and transit options than a typical New York block."
579.46,Entire home/apt,4.38,8.0,4.0,3.0,1.0,34.0,False,3.0,1.0,4.0,"This is a residential area with fewer museums, galleries, bars, nightlife, cafes, dining, gyms, sports, entertainment venues, parks, green space, and shops than a typical New York block."
256.26,Entire home/apt,4.81,8.0,6.0,4.0,3.0,27.0,True,4.0,3.0,7.0,"This area has fewer gyms, sports facilities, bars, nightlife, cafes, dining options, hotels, and shops than a typical New York block."
138.0,Entire home/apt,4.92,3.0,2.0,2.0,1.0,88.0,True,2.0,1.0,3.0,"This is a residential area with fewer parks, pharmacies, transit options, cafes, dining, entertainment, grocery stores, gyms, hotels, shops, and landmarks than a typical New York block."
127.33,Entire home/apt,5.0,4.0,3.0,2.0,1.0,2.0,False,2.0,1.0,3.0,"This area has more parks, green space, and pharmacies than a typical New York block. It has fewer entertainment venues, hotels, transit options, bars, nightlife, cafes, dining, grocery stores, gyms, sports, landmarks, and shops than a typical block."
180.75,Entire home/apt,4.94,6.0,3.0,3.0,2.0,65.0,False,3.0,2.0,5.0,"This is a residential area with fewer bars, nightlife, cafes, entertainment venues, pharmacies, dining options, grocery stores, museums, galleries, and parks than a typical New York block. There is no subway or transit access nearby."
235.37,Entire home/apt,4.91,4.0,3.0,2.0,1.0,119.0,False,2.0,1.0,3.0,"This is an area with more parks and green space than a typical New York block, including the Brooklyn Botanic Garden. It has fewer hotels, museums, galleries, bars, nightlife, cafes, dining, grocery stores, gyms, sports, and shops than a typical block."
1185.0,Entire home/apt,4.94,16.0,12.0,8.0,3.5,33.0,True,8.0,3.5,11.5,"This is a residential area that has fewer entertainment venues, cafes, landmarks, sights, bars, nightlife, dining, gyms, sports, museums, galleries, shops, and transit options than a typical New York block."
286.0,Entire home/apt,4.98,2.0,1.0,1.0,1.0,66.0,True,1.0,1.0,2.0,"This is a residential area with fewer museums, galleries, transit options, entertainment venues, shops, bars, cafes, grocery stores, gyms, sports facilities, landmarks, and parks than a typical New York block."
150.67,Entire home/apt,4.44,2.0,2.0,1.0,1.0,70.0,False,1.0,1.0,2.0,"This is a residential area with fewer bars, cafes, entertainment venues, dining options, gyms, museums, parks, and pharmacies than a typical New York block."
313.46,Entire home/apt,4.71,6.0,2.0,2.0,3.0,7.0,False,2.0,3.0,5.0,"This is a residential area with fewer subway and transit options, bars, nightlife, entertainment venues, cafes, dining, grocery stores, hotels, museums, galleries, parks, green space, and shops than a typical New York block."
90.11,Entire home/apt,4.77,3.0,1.0,1.0,1.0,13.0,False,1.0,1.0,2.0,"This is a residential area with fewer bars, nightlife, museums, galleries, cafes, dining, gyms, sports, and shops than a typical New York block."
448.03,Entire home/apt,5.0,3.0,2.0,2.0,1.5,11.0,False,2.0,1.5,3.5,"This is a residential area with fewer entertainment venues, landmarks, sights, bars, nightlife, dining, grocery stores, museums, galleries, parks, green space, pharmacies, and shops than a typical New York block."
95.9,Entire home/apt,5.0,4.0,2.0,2.0,1.0,2.0,True,2.0,1.0,3.0,"This is a residential area with fewer gyms, sports facilities, pharmacies, bars, nightlife, dining, entertainment venues, parks, green spaces, and shops than a typical New York block."
68.03,Private room,5.0,2.0,1.0,4.0,2.0,1.0,True,4.0,2.0,6.0,"This is a residential area that has fewer museums, galleries, bars, nightlife, cafes, dining, entertainment venues, gyms, sports, parks, green space, pharmacies, and shops than a typical New York block."
142.7,Entire home/apt,4.81,4.0,3.0,2.0,1.0,27.0,True,2.0,1.0,3.0,"This is a residential area with fewer bars, nightlife, grocery stores, cafes, dining, entertainment venues, and gyms than a typical New York block."
553.1,Entire home/apt,5.0,2.0,1.0,1.0,1.0,5.0,False,1.0,1.0,2.0,"This is a residential area with fewer hotels, pharmacies, landmarks, bars, cafes, dining options, entertainment venues, gyms, shops, and transit access than a typical New York block."
59.46,Private room,4.73,2.0,1.0,5.0,2.5,11.0,True,5.0,2.5,7.5,"This is a residential area with fewer transit options, dining, nightlife, entertainment, cafes, hotels, museums, parks, and shops than a typical New York block."
114.33,Entire home/apt,4.85,2.0,1.0,1.0,1.0,13.0,False,1.0,1.0,2.0,"This is a residential area with fewer bars, nightlife, parks, green space, subway and transit options, cafes, dining, entertainment venues, grocery stores, museums, galleries, and shops than a typical New York block."
160.4,Entire home/apt,4.71,4.0,2.0,1.0,1.0,14.0,False,1.0,1.0,2.0,"This is a residential area with fewer hotels, cafes, grocery stores, gyms, sports facilities, bars, nightlife, dining, shops, and transit options than a typical New York block."
57.17,Private room,4.0,2.0,1.0,1.0,1.0,3.0,False,1.0,1.0,2.0,"This is a residential area with fewer gyms, bars, cafes, dining options, grocery stores, museums, galleries, pharmacies, and shops than a typical New York block."
193.6,Entire home/apt,4.71,4.0,3.0,3.0,2.0,24.0,True,3.0,2.0,5.0,"This is a residential area with fewer museums, galleries, gyms, sports facilities, pharmacies, bars, nightlife, dining, hotels, and shops than a typical New York block."
361.0,Entire home/apt,4.72,6.0,3.0,2.0,2.0,95.0,False,2.0,2.0,4.0,"This is a residential area with fewer shops, dining options, entertainment venues, and landmarks than typical New York blocks. It also lacks nearby hotels, museums, galleries, parks, and transit access."
84.1,Entire home/apt,4.69,2.0,3.0,1.0,1.0,16.0,False,1.0,1.0,2.0,"This is a residential area with fewer cafes, entertainment venues, dining options, grocery stores, gyms, hotels, pharmacies, and shops than a typical New York block. There are no landmarks, museums, galleries, or transit stations nearby."
106.13,Entire home/apt,4.97,2.0,1.0,1.0,1.0,30.0,True,1.0,1.0,2.0,"This is a residential area with fewer gyms, bars, nightlife venues, cafes, dining options, shops, and transit access than a typical New York block."
161.28,Entire home/apt,4.0,6.0,2.0,2.0,1.5,3.0,False,2.0,1.5,3.5,"This is a residential area with fewer transit options, gyms, landmarks, shops, dining, entertainment venues, hotels, museums, galleries, parks, and pharmacies than a typical New York block."
337.94,Entire home/apt,5.0,6.0,4.0,4.0,2.0,2.0,False,4.0,2.0,6.0,"This is a residential area with an above-average number of pharmacies and fewer cafes, entertainment venues, museums, galleries, parks, bars, gyms, dining options, hotels, and landmarks than a typical New York block."
172.43,Entire home/apt,4.76,6.0,3.0,3.0,1.0,86.0,False,3.0,1.0,4.0,"This is a residential area with fewer cafes, bars, nightlife, dining, entertainment venues, gyms, sports, hotels, landmarks, sights, museums, galleries, parks, green space, and shops than a typical New York block."
121.7,Entire home/apt,5.0,2.0,1.0,1.0,1.0,16.0,True,1.0,1.0,2.0,"This is a residential area with fewer parks, pharmacies, shops, bars, dining options, entertainment venues, landmarks, museums, and transit options than a typical New York block."
143.77,Entire home/apt,4.33,4.0,2.0,2.0,1.0,6.0,False,2.0,1.0,3.0,"This is a residential area with fewer hotels, transit options, entertainment venues, pharmacies, bars, cafes, dining, grocery stores, gyms, landmarks, museums, and shops than a typical New York block."
124.83,Entire home/apt,4.53,4.0,5.0,2.0,1.0,17.0,False,2.0,1.0,3.0,"This area has more parks and green space than a typical New York block. It has fewer hotels, cafes, grocery stores, bars, nightlife, dining, entertainment venues, gyms, sports, shops, and subway and transit options than a typical block."
191.37,Entire home/apt,4.77,6.0,2.0,2.0,1.0,26.0,False,2.0,1.0,3.0,"This is a residential area with fewer museums, galleries, bars, nightlife, cafes, dining, entertainment venues, gyms, sports, parks, green space, pharmacies, and shops than a typical New York block."
149.0,Entire home/apt,4.84,2.0,1.0,1.0,1.0,100.0,True,1.0,1.0,2.0,"This is a residential area with fewer cafes, bars, nightlife, entertainment venues, pharmacies, dining options, grocery stores, gyms, and sports facilities than a typical New York block. There are no landmarks, parks, or transit options nearby."
142.0,Private room,4.03,2.0,1.0,1.0,1.0,433.0,False,1.0,1.0,2.0,"This is a residential area with fewer entertainment venues, bars, nightlife, dining, grocery stores, parks, green space, shops, and subway and transit options than a typical New York block."
586.3,Private room,4.45,2.0,2.0,2.0,1.5,53.0,False,2.0,1.5,3.5,"This area has fewer bars, nightlife, dining, entertainment venues, cafes, grocery stores, landmarks, sights, museums, galleries, parks, green space, pharmacies, and shops than a typical New York block."
137.67,Entire home/apt,4.84,2.0,1.0,1.0,1.0,338.0,False,1.0,1.0,2.0,"This is a residential area with fewer pharmacies, entertainment venues, shops, bars, nightlife, dining, grocery stores, hotels, museums, galleries, and transit options than a typical New York block."
46.25,Private room,4.83,2.0,1.0,1.0,1.0,24.0,False,1.0,1.0,2.0,"This is a residential area with fewer bars, cafes, restaurants, entertainment venues, gyms, hotels, pharmacies, and shops than a typical New York block. There are no parks or green spaces nearby."
174.72,Entire home/apt,5.0,2.0,2.0,1.0,1.0,2.0,False,1.0,1.0,2.0,"This area has fewer parks, green spaces, subway and transit options, entertainment venues, pharmacies, shops, bars, nightlife, dining, grocery stores, hotels, landmarks, sights, museums, and galleries than a typical New York block."
127.11,Private room,4.83,2.0,2.0,2.0,1.0,102.0,False,2.0,1.0,3.0,"This is a residential area with fewer hotels, parks, entertainment venues, gyms, shops, bars, cafes, dining options, and museums than a typical New York block."
970.0,Entire home/apt,4.93,8.0,4.0,3.0,2.0,189.0,True,3.0,2.0,5.0,"This area has fewer entertainment venues, gyms, sports facilities, bars, nightlife, dining options, grocery stores, parks, green spaces, pharmacies, and shops than a typical New York block."
54.4,Private room,4.8,1.0,1.0,1.0,1.0,20.0,False,1.0,1.0,2.0,"This is a residential area with fewer gyms, sports facilities, parks, green spaces, bars, nightlife, cafes, pharmacies, dining, entertainment venues, grocery stores, hotels, museums, galleries, and transit options than a typical New York block."
294.6,Entire home/apt,5.0,2.0,1.0,2.0,1.0,23.0,False,2.0,1.0,3.0,"This is a residential area with a lack of parks and green space and no nearby subway or transit. The block has fewer pharmacies, shops, bars, nightlife, cafes, dining, entertainment venues, gyms, sports, hotels, museums, and galleries than a typical New York block."
121.6,Entire home/apt,4.75,2.0,1.0,1.0,1.0,139.0,False,1.0,1.0,2.0,"This is a residential area with fewer bars, hotels, transit options, cafes, dining, landmarks, pharmacies, entertainment venues, grocery stores, gyms, museums, and parks than a typical New York block."
109.0,Private room,3.67,2.0,1.0,1.0,1.0,55.0,False,1.0,1.0,2.0,"This is a residential area with fewer cafes, museums, galleries, parks, dining, entertainment venues, bars, nightlife, gyms, sports, landmarks, sights, and shops than a typical New York block."
411.0,Entire home/apt,4.58,5.0,2.0,2.0,1.0,305.0,False,2.0,1.0,3.0,"This is a residential area with fewer pharmacies, entertainment venues, shops, bars, nightlife, dining, grocery stores, hotels, museums, galleries, and transit options than a typical New York block."
122.36,Entire home/apt,4.84,4.0,2.0,2.0,1.0,62.0,True,2.0,1.0,3.0,"This is a residential area with fewer cafes, entertainment venues, bars, nightlife, dining, grocery stores, gyms, sports, landmarks, museums, galleries, parks, shops, and transit options than a typical New York block."
58.14,Private room,4.45,1.0,2.0,1.0,1.0,22.0,True,1.0,1.0,2.0,"This is a residential area with fewer gyms, sports facilities, bars, nightlife, dining, grocery stores, and shops than a typical New York block."
276.57,Entire home/apt,5.0,4.0,1.0,2.0,1.0,1.0,False,2.0,1.0,3.0,"This is a residential area with fewer pharmacies, shops, dining options, entertainment venues, grocery stores, landmarks, and museums than a typical New York block. There are no hotels, parks, or subway stations nearby."
144.36,Entire home/apt,4.62,2.0,1.0,1.0,1.0,124.0,False,1.0,1.0,2.0,"This is a residential area with fewer bars, hotels, pharmacies, transit options, grocery stores, landmarks, dining options, gyms, museums, and shops than a typical New York block."
109.17,Entire home/apt,5.0,1.0,1.0,1.0,1.0,10.0,True,1.0,1.0,2.0,"This is a residential area with fewer subway and transit options, entertainment venues, gyms, sports facilities, landmarks, sights, shops, dining, hotels, museums, galleries, parks, green space, and pharmacies than a typical New York block."
443.92,Private room,5.0,5.0,3.0,2.0,1.0,100.0,True,2.0,1.0,3.0,"This is a residential area with fewer grocery stores, cafes, dining options, and pharmacies than a typical New York block."
127.06,Entire home/apt,4.96,2.0,1.0,1.0,1.0,24.0,True,1.0,1.0,2.0,"This is a residential area with fewer parks, cafes, entertainment venues, gyms, sports facilities, landmarks, bars, restaurants, hotels, museums, galleries, pharmacies, shops, and transit options than a typical New York block."
436.39,Entire home/apt,5.0,6.0,3.0,3.0,3.0,7.0,False,3.0,3.0,6.0,"This is a residential area that has fewer cafes, entertainment venues, bars, nightlife, dining options, gyms, sports facilities, hotels, landmarks, sights, museums, galleries, parks, green spaces, pharmacies, and shops than a typical New York block."
117.02,Entire home/apt,4.41,4.0,2.0,1.0,1.0,54.0,True,1.0,1.0,2.0,"This is a residential area with fewer cafes, entertainment venues, gyms, hotels, museums, parks, transit options, landmarks, bars, dining, grocery stores, pharmacies, and shops than a typical New York block."
142.74,Private room,4.92,2.0,2.0,2.0,1.0,209.0,False,2.0,1.0,3.0,"This area has more parks, green space, and transit options than a typical New York block. It has fewer cafes, entertainment venues, gyms, sports facilities, pharmacies, shops, bars, nightlife, dining, museums, and galleries than a typical block."
118.55,Entire home/apt,4.62,6.0,4.0,3.0,1.0,113.0,False,3.0,1.0,4.0,"This area has fewer dining options, entertainment venues, grocery stores, gyms, sports facilities, bars, nightlife, parks, green spaces, and shops than a typical New York block. The Metropolitan Museum of Art is located nearby."
424.06,Entire home/apt,4.0,7.0,3.0,2.0,2.0,6.0,False,2.0,2.0,4.0,"This is a residential area with fewer transit options, pharmacies, shops, bars, nightlife, cafes, dining, entertainment venues, gyms, sports facilities, hotels, museums, galleries, and parks than a typical New York block."
120.0,Private room,4.67,1.0,1.0,1.0,1.0,3.0,True,1.0,1.0,2.0,"This is a residential area near Times Square that has fewer hotels, museums, galleries, entertainment venues, gyms, sports facilities, pharmacies, bars, nightlife, cafes, dining, grocery stores, landmarks, sights, shops, and transit options than a typical New York block."
73.97,Private room,4.83,1.0,1.0,1.0,1.0,35.0,True,1.0,1.0,2.0,"This is a residential area with fewer entertainment venues, transit options, bars, nightlife, cafes, gyms, sports facilities, dining, hotels, museums, galleries, pharmacies, and shops than a typical New York block."
275.38,Entire home/apt,4.75,5.0,4.0,3.0,2.0,12.0,False,3.0,2.0,5.0,"This is a residential area with fewer bars, cafes, hotels, landmarks, museums, parks, entertainment venues, dining options, gyms, shops, and transit connections than a typical New York block."
126.78,Entire home/apt,4.91,2.0,1.0,1.0,1.0,46.0,False,1.0,1.0,2.0,"This is a residential area with fewer entertainment venues, hotels, museums, galleries, transit options, bars, dining, grocery stores, gyms, landmarks, pharmacies, and shops than a typical New York block."
263.0,Entire home/apt,4.67,10.0,3.0,3.0,1.0,3.0,False,3.0,1.0,4.0,"This is a residential area with fewer hotels, bars, nightlife, cafes, landmarks, sights, dining, entertainment venues, gyms, sports, museums, galleries, shops, and transit options than a typical New York block."
155.17,Entire home/apt,4.86,4.0,2.0,1.0,1.0,51.0,True,1.0,1.0,2.0,"This is a residential area with fewer cafes, entertainment venues, museums, galleries, bars, gyms, shops, and dining options than a typical New York block."
222.88,Entire home/apt,4.8,10.0,4.0,3.0,2.0,5.0,False,3.0,2.0,5.0,"This is a residential area with fewer museums, galleries, cafes, entertainment venues, shops, bars, nightlife, dining, grocery stores, and gyms than a typical New York block."
145.09,Entire home/apt,5.0,2.0,1.0,1.0,1.0,2.0,False,1.0,1.0,2.0,"This is a residential area with fewer entertainment venues, hotels, transit options, gyms, sports facilities, landmarks, shops, bars, dining options, museums, galleries, parks, and pharmacies than a typical New York block."
582.23,Entire home/apt,5.0,4.0,3.0,2.0,1.5,1.0,False,2.0,1.5,3.5,"This is a residential area with fewer grocery stores, shops, bars, nightlife, dining, gyms, sports, hotels, and pharmacies than a typical New York block."
278.67,Entire home/apt,4.33,2.0,1.0,1.0,1.0,6.0,False,1.0,1.0,2.0,"This is a residential area with fewer dining, entertainment, cafe, grocery, gym, shop, and transit options than a typical New York block."
151.09,Entire home/apt,4.96,3.0,2.0,1.0,1.0,28.0,False,1.0,1.0,2.0,"This is a residential area with fewer bars, nightlife, museums, galleries, parks, green spaces, transit options, entertainment venues, cafes, dining, grocery stores, gyms, sports facilities, hotels, and shops than a typical New York block."
280.23,Entire home/apt,4.94,2.0,2.0,2.0,1.0,17.0,False,2.0,1.0,3.0,"This is a residential area that has fewer gyms, sports facilities, bars, nightlife, cafes, dining options, shops, and transit access than a typical New York block."
177.64,Entire home/apt,4.9,2.0,1.0,1.0,1.0,29.0,False,1.0,1.0,2.0,"This is a residential area with fewer bars, nightlife, cafes, dining, entertainment venues, grocery stores, gyms, sports, shops, and transit options than a typical New York block."
59.0,Private room,3.5,1.0,1.0,1.0,1.0,2.0,False,1.0,1.0,2.0,"This is a residential area with fewer pharmacies, dining options, entertainment venues, grocery stores, museums, galleries, parks, green spaces, and shops than a typical New York block. There are no bars, nightlife, cafes, gyms, sports facilities, or landmarks nearby."
149.37,Entire home/apt,4.85,8.0,3.0,3.0,2.0,112.0,True,3.0,2.0,5.0,"This is a residential area with fewer bars, nightlife, parks, green space, cafes, dining, entertainment venues, grocery stores, gyms, sports, hotels, pharmacies, and shops than a typical New York block."
172.72,Entire home/apt,4.7,4.0,1.0,1.0,1.0,128.0,False,1.0,1.0,2.0,"This area has fewer parks and green spaces, pharmacies, shops, bars, nightlife, cafes, dining, entertainment venues, grocery stores, museums, galleries, and transit options than a typical New York block."
175.17,Entire home/apt,5.0,4.0,1.0,1.0,1.0,3.0,True,1.0,1.0,2.0,"This is a residential area with fewer gyms, sports facilities, dining options, grocery stores, museums, galleries, and shops than a typical New York block."
143.77,Entire home/apt,4.5,4.0,2.0,2.0,1.0,6.0,False,2.0,1.0,3.0,"This is a residential area with an above average amount of green space and a lack of nearby subway and transit access. The block has fewer entertainment venues, grocery stores, pharmacies, bars, nightlife, cafes, dining, museums, galleries, and shops than a typical New York block."
508.0,Private room,4.87,2.0,3.0,2.0,2.0,39.0,True,2.0,2.0,4.0,"This is a residential area with fewer dining options, entertainment venues, grocery stores, landmarks, bars, gyms, museums, pharmacies, shops, and transit access than a typical New York block."
432.0,Entire home/apt,4.56,7.0,3.0,2.0,1.0,82.0,False,2.0,1.0,3.0,"This is a residential area with fewer entertainment venues, pharmacies, grocery stores, bars, nightlife, dining, hotels, museums, galleries, shops, and transit options than a typical New York block."
247.82,Entire home/apt,5.0,4.0,3.0,2.0,2.0,4.0,False,2.0,2.0,4.0,"This is a residential area that has fewer museums, galleries, cafes, dining options, gyms, sports facilities, landmarks, sights, bars, nightlife, entertainment venues, and shops than a typical New York block."
145.43,Entire home/apt,4.95,6.0,3.0,2.0,1.0,38.0,True,2.0,1.0,3.0,"This is a residential area with fewer cafes, hotels, museums, galleries, transit options, entertainment venues, grocery stores, gyms, sports facilities, landmarks, bars, nightlife, dining, and shops than a typical New York block."
1079.0,Entire home/apt,4.95,9.0,4.0,4.0,2.0,111.0,True,4.0,2.0,6.0,"This is a residential area with fewer entertainment venues, hotels, museums, galleries, shops, bars, nightlife, cafes, dining, gyms, sports facilities, parks, pharmacies, and transit options than a typical New York block."
210.2,Entire home/apt,4.75,4.0,4.0,3.0,2.0,4.0,False,3.0,2.0,5.0,"This area has more entertainment venues and green space than a typical New York block, including Riverside Park. It has fewer pharmacies, dining options, grocery stores, shops, bars, nightlife, and cafes than a typical block."
119.0,Private room,4.93,2.0,1.0,1.0,1.0,44.0,True,1.0,1.0,2.0,"This is a residential area with fewer entertainment venues, hotels, bars, nightlife, grocery stores, cafes, dining options, gyms, sports facilities, and shops than a typical New York block."
181.57,Private room,4.0,2.0,1.0,1.0,1.0,6.0,False,1.0,1.0,2.0,"This is a residential area with fewer entertainment venues, museums, galleries, parks, pharmacies, bars, dining options, grocery stores, gyms, shops, and landmarks than a typical New York block."
265.9,Entire home/apt,4.93,2.0,2.0,1.0,1.0,88.0,True,1.0,1.0,2.0,"This is a residential area with fewer entertainment venues, grocery stores, bars, nightlife, cafes, dining, gyms, sports, pharmacies, and shops than a typical New York block."
281.0,Private room,5.0,2.0,2.0,2.0,1.0,6.0,True,2.0,1.0,3.0,"This is a residential area with fewer grocery stores, gyms, sports facilities, bars, nightlife, cafes, dining, landmarks, sights, and shops than a typical New York block. There are no hotels, museums, galleries, parks, green spaces, or pharmacies nearby."
49.1,Private room,4.81,1.0,1.0,2.0,1.0,16.0,True,2.0,1.0,3.0,"This is a residential area with fewer bars, grocery stores, gyms, cafes, dining options, entertainment venues, parks, and shops than a typical New York block. The area also lacks hotels, museums, galleries, transit access, and landmarks."
94.03,Entire home/apt,5.0,3.0,2.0,1.0,1.0,6.0,True,1.0,1.0,2.0,"This is an area with above average access to subway and transit. It has fewer bars, nightlife, cafes, parks, green space, dining, entertainment venues, pharmacies, grocery stores, gyms, sports, landmarks, sights, museums, galleries, and shops than a typical New York block."
477.67,Entire home/apt,4.58,6.0,4.0,3.0,2.0,50.0,False,3.0,2.0,5.0,"This is a residential area with fewer entertainment venues, museums, galleries, parks, cafes, grocery stores, gyms, bars, restaurants, and shops than a typical New York block."
96.63,Entire home/apt,4.68,8.0,3.0,1.0,1.0,19.0,False,1.0,1.0,2.0,"This is a residential area with an above average amount of green space and fewer grocery stores, gyms, shops, dining, bars, and transit options than a typical New York block."
34.33,Private room,4.87,1.0,1.0,1.0,1.0,23.0,False,1.0,1.0,2.0,"This is a residential area with fewer hotels, museums, galleries, parks, cafes, entertainment venues, gyms, sports facilities, landmarks, bars, nightlife, dining, pharmacies, and shops than a typical New York block."
160.3,Entire home/apt,4.77,2.0,1.0,1.0,1.0,241.0,False,1.0,1.0,2.0,"This is a residential area with fewer shops, bars, nightlife, cafes, dining options, entertainment venues, grocery stores, and transit access than a typical New York block. There are no parks, green spaces, or pharmacies nearby."
285.3,Entire home/apt,4.97,3.0,2.0,1.0,1.0,109.0,True,1.0,1.0,2.0,"This area has fewer parks, pharmacies, shops, bars, nightlife, cafes, dining options, gyms, sports facilities, landmarks, museums, galleries, and transit options than a typical New York block."
514.0,Private room,4.95,6.0,3.0,3.0,1.5,42.0,True,3.0,1.5,4.5,"This is an area with fewer parks, green spaces, dining, nightlife, cafes, entertainment venues, and grocery stores than a typical New York block. It also has fewer gyms, hotels, museums, pharmacies, shops, and transit options."
305.5,Private room,4.73,2.0,2.0,2.0,1.5,176.0,False,2.0,1.5,3.5,"This is a residential area with fewer museums, galleries, dining options, entertainment venues, gyms, sports facilities, bars, nightlife, cafes, grocery stores, hotels, landmarks, sights, parks, green spaces, and shops than a typical New York block."
775.0,Entire home/apt,4.94,6.0,8.0,3.0,2.0,196.0,True,3.0,2.0,5.0,"This is a residential area with fewer grocery stores, bars, nightlife, dining, and shops than a typical New York block. There are no entertainment venues, hotels, landmarks, sights, museums, or galleries nearby."
180.07,Entire home/apt,4.84,6.0,4.0,2.0,1.5,140.0,True,2.0,1.5,3.5,"This area has an unusually high concentration of subway and transit options and hotels. It has fewer dining, entertainment, grocery, bar, nightlife, park, pharmacy, and shop options than a typical New York block."
201.54,Entire home/apt,4.67,10.0,6.0,3.0,1.0,3.0,False,3.0,1.0,4.0,"This is a residential area with fewer cafes, hotels, landmarks, museums, galleries, transit options, bars, nightlife, entertainment venues, shops, dining, gyms, sports, and pharmacies than a typical New York block."
84.37,Private room,4.57,2.0,1.0,1.0,1.0,222.0,False,1.0,1.0,2.0,"This is a residential area with fewer bars, entertainment venues, landmarks, pharmacies, cafes, dining options, grocery stores, gyms, museums, parks, and shops than a typical New York block."
233.94,Private room,4.93,2.0,2.0,2.0,1.0,129.0,True,2.0,1.0,3.0,"This is a residential area that has fewer dining, cafe, entertainment, grocery, gym, park, pharmacy, and shop options than a typical New York block. There are no bars, hotels, landmarks, museums, or transit stations nearby."
54.59,Private room,4.6,2.0,2.0,2.0,1.0,106.0,False,2.0,1.0,3.0,"This is a residential area with fewer hotels, transit options, cafes, dining, shops, bars, nightlife, gyms, sports facilities, museums, and galleries than a typical New York block."
627.65,Entire home/apt,4.83,7.0,3.0,3.0,1.0,71.0,True,3.0,1.0,4.0,"This is a residential area with fewer museums, galleries, bars, nightlife, cafes, dining, gyms, sports, entertainment venues, landmarks, sights, parks, green space, pharmacies, and shops than a typical New York block."
89.08,Entire home/apt,4.81,4.0,2.0,1.0,1.0,144.0,False,1.0,1.0,2.0,"This is a residential area that has fewer shops, dining options, gyms, sports facilities, transit access, and landmarks than a typical New York block."
141.22,Entire home/apt,4.0,4.0,2.0,2.0,1.0,3.0,False,2.0,1.0,3.0,"This is a residential area with fewer bars, gyms, landmarks, museums, parks, cafes, pharmacies, dining options, entertainment venues, hotels, and shops than a typical New York block."
195.17,Entire home/apt,4.32,5.0,3.0,2.0,1.0,77.0,False,2.0,1.0,3.0,"This is a residential area with fewer cafes, entertainment venues, gyms, museums, galleries, landmarks, pharmacies, bars, restaurants, grocery stores, hotels, shops, and transit options than a typical New York block."
233.82,Entire home/apt,3.0,5.0,3.0,3.0,1.0,1.0,False,3.0,1.0,4.0,"This is a residential area with fewer museums, galleries, bars, nightlife, cafes, dining, gyms, sports, landmarks, sights, entertainment venues, grocery stores, and shops than a typical New York block."
243.07,Private room,4.97,2.0,1.0,1.0,1.0,273.0,True,1.0,1.0,2.0,"This is a residential area with fewer bars, hotels, entertainment venues, grocery stores, cafes, dining options, gyms, parks, shops, and transit options than a typical New York block."
400.0,Entire home/apt,4.88,5.0,2.0,2.0,1.0,100.0,True,2.0,1.0,3.0,"This is a residential area with fewer shops, entertainment venues, bars, nightlife, cafes, dining, gyms, sports, hotels, and parks than a typical New York block. There are no museums, galleries, pharmacies, or transit options nearby."
124.87,Entire home/apt,5.0,4.0,2.0,2.0,1.0,1.0,False,2.0,1.0,3.0,"This is a residential area with fewer gyms, sports facilities, transit options, cafes, entertainment venues, grocery stores, bars, restaurants, hotels, parks, and shops than a typical New York block."
176.17,Entire home/apt,4.78,2.0,1.0,1.0,1.0,54.0,False,1.0,1.0,2.0,"This residential area has fewer hotels, pharmacies, transit options, dining, entertainment, grocery stores, gyms, and shops than a typical New York block."
155.97,Entire home/apt,4.88,4.0,1.0,1.0,1.0,113.0,False,1.0,1.0,2.0,"This area has fewer dining, entertainment, grocery, gym, sports, bar, nightlife, cafe, park, pharmacy, and shop options than a typical New York block. The Metropolitan Museum of Art is nearby."
130.65,Entire home/apt,5.0,7.0,3.0,2.0,1.0,4.0,False,2.0,1.0,3.0,"This is a residential area with fewer hotels, transit options, cafes, entertainment venues, grocery stores, gyms, sports facilities, landmarks, dining options, pharmacies, and shops than a typical New York block."
391.88,Private room,4.97,5.0,3.0,2.0,1.0,106.0,True,2.0,1.0,3.0,"This is a residential area with fewer grocery stores, pharmacies, cafes, dining options, gyms, parks, shops, and transit access than a typical New York block."
115.12,Entire home/apt,4.74,3.0,1.0,1.0,1.0,59.0,False,1.0,1.0,2.0,"This is a residential area with fewer transit options, dining, grocery stores, gyms, bars, cafes, parks, pharmacies, and shops than a typical New York block. The Metropolitan Museum of Art is located nearby."
96.6,Private room,4.8,2.0,1.0,1.0,1.0,119.0,False,1.0,1.0,2.0,"This is a residential area with fewer hotels, entertainment venues, gyms, sports facilities, shops, bars, nightlife, cafes, dining, museums, galleries, and pharmacies than a typical New York block."
359.33,Entire home/apt,4.73,7.0,4.0,3.0,1.0,33.0,False,3.0,1.0,4.0,"This is a residential area with fewer gyms, transit options, parks, museums, landmarks, shops, cafes, pharmacies, and nightlife options than a typical New York block. Dining and entertainment venues are also less frequent than in most areas."
87.21,Entire home/apt,5.0,1.0,1.0,1.0,1.0,1.0,True,1.0,1.0,2.0,"This is a residential area with fewer cafes, shops, grocery stores, and entertainment venues than a typical New York block. It also lacks bars, gyms, landmarks, museums, parks, pharmacies, and transit access."
131.47,Entire home/apt,5.0,4.0,3.0,3.0,1.0,1.0,True,3.0,1.0,4.0,"This is a residential area with fewer gyms, sports facilities, dining options, grocery stores, pharmacies, shops, and transit access than a typical New York block."
126.37,Entire home/apt,4.81,5.0,5.0,2.0,1.0,74.0,True,2.0,1.0,3.0,"This is a residential area with more parks and green space than a typical New York block. It has fewer museums, galleries, bars, nightlife, dining, grocery stores, pharmacies, shops, cafes, gyms, sports facilities, and transit options than usual, with Coney Island and Central Park nearby."
352.0,Entire home/apt,5.0,6.0,3.0,2.0,1.0,10.0,True,2.0,1.0,3.0,"This is a residential area with fewer cafes, entertainment venues, grocery stores, dining, gyms, sports, and shops than a typical New York block. There are no bars, nightlife, landmarks, sights, museums, galleries, parks, green spaces, or pharmacies nearby."
562.13,Entire home/apt,4.92,4.0,2.0,2.0,1.0,25.0,True,2.0,1.0,3.0,"This is a residential area with fewer bars, nightlife, cafes, gyms, sports facilities, pharmacies, and shops than a typical New York block. It also has less dining, entertainment, grocery stores, and transit access than average."
251.24,Entire home/apt,4.71,6.0,3.0,3.0,1.0,17.0,False,3.0,1.0,4.0,"This is a residential area with fewer bars, nightlife, entertainment venues, landmarks, parks, pharmacies, transit, dining, grocery stores, gyms, sports, and cafes than a typical New York block."
39.83,Shared room,5.0,1.0,1.0,1.0,2.0,1.0,True,1.0,2.0,3.0,"This is a residential area with fewer pharmacies, shops, bars, nightlife, dining, grocery stores, gyms, sports facilities, and green spaces than a typical New York block. There are no entertainment venues, hotels, landmarks, sights, museums, or galleries nearby."
166.66,Entire home/apt,4.88,6.0,3.0,3.0,1.0,17.0,False,3.0,1.0,4.0,"This is a residential area with fewer bars, nightlife, hotels, cafes, dining, landmarks, pharmacies, entertainment venues, grocery stores, gyms, museums, galleries, parks, and shops than a typical New York block."
160.0,Private room,5.0,2.0,1.0,1.0,1.0,1.0,True,1.0,1.0,2.0,"This is a residential area with fewer bars, hotels, museums, entertainment venues, grocery stores, gyms, landmarks, cafes, restaurants, parks, shops, and transit options than a typical New York block."
214.97,Private room,4.6,2.0,4.0,3.0,2.0,72.0,False,3.0,2.0,5.0,"This is a residential area with fewer cafes, dining options, grocery stores, bars, nightlife, gyms, sports facilities, and shops than a typical New York block."
485.0,Shared room,4.85,8.0,4.0,4.0,1.0,71.0,True,4.0,1.0,5.0,"This is a residential area with fewer cafes, entertainment venues, museums, galleries, parks, bars, restaurants, shops, gyms, sports facilities, hotels, landmarks, and pharmacies than a typical New York block."
87.75,Entire home/apt,4.89,2.0,1.0,1.0,1.0,111.0,True,1.0,1.0,2.0,"This is a residential area with fewer bars, gyms, hotels, parks, transit options, dining, entertainment venues, landmarks, cafes, museums, and shops than a typical New York block."
127.23,Entire home/apt,4.92,4.0,3.0,2.0,1.0,51.0,False,2.0,1.0,3.0,"This is a residential area with fewer amenities, dining, and retail options than a typical New York block."
171.06,Entire home/apt,4.76,2.0,1.0,1.0,1.0,34.0,False,1.0,1.0,2.0,"This is a residential area with fewer bars, nightlife, parks, green space, dining, entertainment venues, pharmacies, shops, cafes, grocery stores, gyms, sports, and hotels than a typical New York block."
170.9,Entire home/apt,4.83,5.0,3.0,2.0,1.0,30.0,False,2.0,1.0,3.0,"This is a residential area with an above-average number of pharmacies and fewer cafes, dining options, entertainment venues, bars, nightlife, grocery stores, gyms, sports facilities, hotels, and shops than a typical New York block."
200.03,Private room,4.46,2.0,4.0,3.0,1.5,28.0,True,3.0,1.5,4.5,"This is a residential area with fewer bars, cafes, dining options, grocery stores, gyms, sports facilities, parks, green spaces, and shops than a typical New York block. There are no entertainment venues, hotels, landmarks, sights, museums, galleries, pharmacies, or subway and transit stations nearby."
123.74,Private room,4.82,5.0,5.0,2.0,1.0,11.0,False,2.0,1.0,3.0,"This is a residential area with fewer cafes, museums, galleries, transit options, gyms, shops, bars, dining options, entertainment venues, grocery stores, hotels, and parks than a typical New York block."
115.6,Entire home/apt,4.86,2.0,1.0,1.0,1.0,7.0,False,1.0,1.0,2.0,"This area has fewer cafes, museums, galleries, transit options, entertainment venues, gyms, sports facilities, pharmacies, bars, nightlife, dining, landmarks, sights, and shops than a typical New York block."
256.0,Entire home/apt,4.97,2.0,2.0,2.0,1.0,251.0,True,2.0,1.0,3.0,"This is a residential area with fewer bars, nightlife, cafes, dining, gyms, sports, entertainment venues, parks, green space, pharmacies, and shops than a typical New York block. There are no hotels or landmarks nearby."
159.8,Private room,4.4,7.0,4.0,3.0,2.0,10.0,False,3.0,2.0,5.0,"This is a residential area with fewer museums, parks, dining, entertainment, landmarks, bars, cafes, grocery stores, gyms, and shops than a typical New York block."
85.67,Private room,4.53,2.0,1.0,1.0,1.0,15.0,False,1.0,1.0,2.0,"This is a residential area with fewer entertainment venues, hotels, museums, galleries, parks, transit options, landmarks, shops, bars, cafes, dining establishments, grocery stores, gyms, and pharmacies than a typical New York block."
71.93,Entire home/apt,4.88,1.0,1.0,1.0,1.0,220.0,True,1.0,1.0,2.0,"This is a residential area with fewer entertainment venues, shops, bars, nightlife, cafes, dining, grocery stores, gyms, sports facilities, museums, galleries, parks, green spaces, pharmacies, and transit options than a typical New York block."
67.66,Entire home/apt,4.74,2.0,1.0,1.0,1.0,19.0,False,1.0,1.0,2.0,"This is a residential area with fewer parks, pharmacies, cafes, dining options, entertainment venues, landmarks, grocery stores, gyms, hotels, museums, shops, and transit options than a typical New York block."
666.46,Entire home/apt,4.6,9.0,5.0,4.0,1.0,30.0,False,4.0,1.0,5.0,"This is a residential area with fewer bars, cafes, museums, parks, dining options, entertainment venues, gyms, and shops than a typical New York block."
375.45,Private room,4.83,8.0,4.0,3.0,1.0,317.0,True,3.0,1.0,4.0,"This is a residential area with fewer hotels, museums, galleries, transit options, cafes, entertainment venues, landmarks, pharmacies, shops, bars, dining, grocery stores, gyms, and parks than a typical New York block."
162.8,Entire home/apt,5.0,3.0,1.0,1.0,1.0,1.0,False,1.0,1.0,2.0,"This is a residential area with fewer entertainment venues, grocery stores, gyms, pharmacies, shops, bars, cafes, dining options, landmarks, parks, and transit access than a typical New York block."
125.74,Private room,4.79,2.0,1.0,1.0,1.0,140.0,False,1.0,1.0,2.0,"This is a residential area with fewer hotels, parks, transit options, cafes, dining, grocery stores, gyms, bars, entertainment venues, landmarks, pharmacies, and shops than a typical New York block."
40.93,Shared room,5.0,1.0,1.0,1.0,2.0,1.0,True,1.0,2.0,3.0,"This is a residential area with fewer entertainment venues, hotels, museums, galleries, transit options, gyms, landmarks, pharmacies, shops, bars, cafes, dining, and green spaces than a typical New York block."
204.63,Entire home/apt,4.74,5.0,2.0,2.0,1.0,61.0,True,2.0,1.0,3.0,"This is a residential area with fewer entertainment venues, museums, galleries, bars, nightlife, cafes, gyms, sports facilities, and pharmacies than a typical New York block. It also has fewer dining options, grocery stores, hotels, landmarks, parks, and shops than average."
97.0,Entire home/apt,4.88,4.0,2.0,2.0,1.0,33.0,False,2.0,1.0,3.0,"This is a residential area with fewer bars, hotels, museums, cafes, dining options, gyms, entertainment venues, grocery stores, and shops than a typical New York block."
142.62,Entire home/apt,5.0,6.0,3.0,2.0,1.5,1.0,False,2.0,1.5,3.5,"This is a residential area with fewer hotels, museums, galleries, pharmacies, transit options, bars, grocery stores, landmarks, shops, cafes, restaurants, and gyms than a typical New York block."
84.6,Entire home/apt,4.88,2.0,1.0,1.0,1.0,105.0,False,1.0,1.0,2.0,"This is a residential area with fewer bars, nightlife, entertainment venues, grocery stores, gyms, sports facilities, pharmacies, dining options, shops, and transit access than a typical New York block."
143.2,Entire home/apt,4.86,2.0,1.0,1.0,1.0,295.0,True,1.0,1.0,2.0,"This is a residential area with fewer bars, dining options, shops, cafes, entertainment venues, grocery stores, gyms, museums, pharmacies, and transit options than a typical New York block."
83.33,Private room,4.62,2.0,1.0,1.0,1.0,394.0,False,1.0,1.0,2.0,"This is an area with an unusually high number of hotels and a lack of cafes, gyms, museums, parks, pharmacies, grocery stores, dining, entertainment, shops, nightlife, and transit."
134.03,Entire home/apt,4.97,2.0,2.0,2.0,2.0,39.0,False,2.0,2.0,4.0,"This is a residential area with fewer grocery stores, gyms, shops, bars, dining options, entertainment venues, hotels, landmarks, museums, parks, pharmacies, and transit options than a typical New York block."
446.67,Entire home/apt,4.97,5.0,3.0,3.0,1.0,115.0,True,3.0,1.0,4.0,"This is a residential area with fewer bars, nightlife, entertainment venues, gyms, sports facilities, shops, dining, grocery stores, museums, and galleries than a typical New York block."
138.79,Entire home/apt,4.64,6.0,4.0,3.0,1.0,14.0,False,3.0,1.0,4.0,"This is a residential area with fewer cafes, bars, nightlife, dining, entertainment venues, grocery stores, gyms, sports, shops, hotels, and parks than a typical New York block. There are no subway or transit options, landmarks, sights, museums, or galleries nearby."
207.69,Entire home/apt,4.87,2.0,1.0,1.0,1.0,114.0,True,1.0,1.0,2.0,"This is a residential area with fewer cafes, gyms, hotels, museums, entertainment venues, landmarks, pharmacies, bars, restaurants, grocery stores, shops, and transit options than a typical New York block."
79.3,Private room,5.0,2.0,1.0,1.0,1.0,2.0,True,1.0,1.0,2.0,"This is a residential area with fewer entertainment venues, hotels, dining options, bars, nightlife, cafes, grocery stores, gyms, sports facilities, landmarks, museums, galleries, pharmacies, shops, and transit options than a typical New York block."
371.0,Private room,4.94,8.0,4.0,4.0,1.0,84.0,True,4.0,1.0,5.0,"This is a residential area with fewer cafes, entertainment venues, hotels, museums, galleries, bars, nightlife, dining, shops, gyms, sports, landmarks, sights, and parks than a typical New York block."
199.64,Entire home/apt,4.83,7.0,3.0,3.0,1.5,176.0,True,3.0,1.5,4.5,"This is a residential area with fewer entertainment venues, parks, transit options, gyms, landmarks, pharmacies, and shops than a typical New York block. It also has fewer bars, cafes, dining options, hotels, and museums than average."
121.8,Entire home/apt,4.7,4.0,2.0,1.0,1.0,142.0,False,1.0,1.0,2.0,"This is a residential area with fewer cafes, dining options, entertainment venues, bars, nightlife, grocery stores, gyms, sports facilities, and shops than a typical New York block."
78.64,Private room,5.0,2.0,2.0,1.0,1.0,3.0,False,1.0,1.0,2.0,"This is a residential area with fewer cafes, dining options, grocery stores, gyms, sports facilities, bars, nightlife, and shops than a typical New York block."
106.1,Entire home/apt,4.84,5.0,4.0,3.0,1.0,92.0,False,3.0,1.0,4.0,"This is a residential area with fewer cafes, entertainment venues, bars, nightlife, dining, grocery stores, and shops than a typical New York block. There are no gyms, hotels, landmarks, museums, or transit options nearby."
191.37,Entire home/apt,4.68,6.0,3.0,2.0,1.0,25.0,False,2.0,1.0,3.0,"This is a residential area with fewer museums, galleries, dining, entertainment venues, shops, bars, nightlife, cafes, grocery stores, gyms, sports, landmarks, sights, parks, green space, and pharmacies than a typical New York block."
400.0,Entire home/apt,4.95,4.0,2.0,2.0,1.0,117.0,True,2.0,1.0,3.0,"This is a residential area with fewer cafes, dining options, grocery stores, and gyms than a typical New York block. There are no bars, nightlife, entertainment venues, landmarks, parks, pharmacies, or transit options nearby."
130.36,Entire home/apt,4.92,4.0,2.0,1.0,1.0,477.0,False,1.0,1.0,2.0,"This area has fewer parks, green spaces, pharmacies, cafes, dining options, entertainment venues, gyms, sports facilities, and landmarks than a typical New York block. It also has fewer bars, nightlife options, grocery stores, hotels, museums, galleries, shops, and transit access."
387.83,Private room,4.0,2.0,1.0,1.0,1.0,7.0,False,1.0,1.0,2.0,"This is a residential area with fewer entertainment venues, cafes, gyms, pharmacies, shops, bars, restaurants, grocery stores, and parks than a typical New York block."
108.59,Entire home/apt,4.78,3.0,2.0,1.0,1.0,261.0,True,1.0,1.0,2.0,"This is a residential area with fewer cafes, bars, nightlife, entertainment venues, gyms, sports facilities, dining options, grocery stores, parks, green spaces, shops, and transit options than a typical New York block."
180.01,Entire home/apt,4.98,4.0,2.0,2.0,1.0,54.0,False,2.0,1.0,3.0,"This is a residential area with fewer cafes, entertainment venues, museums, galleries, parks, transit options, bars, restaurants, landmarks, gyms, hotels, and shops than a typical New York block."
147.93,Entire home/apt,5.0,2.0,1.0,1.0,1.0,1.0,True,1.0,1.0,2.0,"This is a residential area with fewer gyms, sports facilities, landmarks, sights, and shops than a typical New York block. It also has fewer bars, cafes, dining options, and parks than is common in the city."
213.89,Entire home/apt,4.0,2.0,1.0,1.0,1.0,6.0,False,1.0,1.0,2.0,"This is a residential area with fewer bars, entertainment venues, hotels, parks, shops, dining options, cafes, grocery stores, gyms, landmarks, and museums than a typical New York block."
170.07,Entire home/apt,4.84,3.0,3.0,3.0,3.0,44.0,False,3.0,3.0,6.0,"This is a residential area that has fewer entertainment venues, grocery stores, gyms, shops, bars, dining, hotels, landmarks, museums, parks, pharmacies, and transit options than a typical New York block."
92.2,Private room,4.72,2.0,1.0,1.0,1.0,135.0,False,1.0,1.0,2.0,"This area has above average subway and transit access. It has fewer bars, nightlife, cafes, entertainment venues, landmarks, sights, museums, galleries, parks, green space, dining, grocery stores, gyms, sports, and shops than a typical New York block."
77.12,Entire home/apt,4.86,2.0,1.0,1.0,1.0,7.0,True,1.0,1.0,2.0,"This is a residential area with fewer cafes, dining options, entertainment venues, shops, and gyms than a typical New York block. There are no bars, nightlife, museums, galleries, pharmacies, or transit options nearby."
73.83,Entire home/apt,4.25,2.0,2.0,1.0,1.0,40.0,False,1.0,1.0,2.0,"This is a residential area with fewer entertainment venues, grocery stores, gyms, dining options, parks, shops, and transit access than a typical New York block. There are no bars, cafes, hotels, landmarks, museums, or pharmacies nearby."
221.24,Entire home/apt,4.56,8.0,5.0,3.0,1.0,25.0,True,3.0,1.0,4.0,"This is a residential area with fewer bars, nightlife, museums, galleries, parks, green spaces, cafes, dining, entertainment venues, grocery stores, gyms, sports, landmarks, sights, pharmacies, and shops than a typical New York block."
133.16,Entire home/apt,4.65,4.0,2.0,1.0,1.0,26.0,True,1.0,1.0,2.0,"This is a residential area that has fewer hotels, transit options, dining, entertainment, grocery stores, gyms, pharmacies, shops, bars, and cafes than a typical New York block."
127.6,Entire home/apt,5.0,2.0,2.0,2.0,1.0,4.0,True,2.0,1.0,3.0,"This is a residential area with fewer hotels, museums, galleries, parks, dining, entertainment, grocery stores, gyms, bars, cafes, and shops than a typical New York block."
91.8,Entire home/apt,4.54,4.0,2.0,1.0,1.0,56.0,False,1.0,1.0,2.0,"This is a residential area with fewer bars, nightlife, cafes, entertainment venues, grocery stores, pharmacies, and shops than a typical New York block. Dining and hotel options are also less frequent than average."
228.43,Entire home/apt,5.0,4.0,2.0,2.0,1.0,15.0,False,2.0,1.0,3.0,"This is a residential area with fewer entertainment venues, gyms, sports facilities, landmarks, sights, museums, galleries, parks, green spaces, bars, nightlife, cafes, pharmacies, shops, dining, and hotels than a typical New York block."
122.42,Entire home/apt,4.76,6.0,2.0,2.0,1.0,37.0,False,2.0,1.0,3.0,"This is a residential area with fewer gyms, landmarks, museums, parks, transit options, bars, cafes, pharmacies, shops, dining, entertainment venues, and hotels than a typical New York block."
129.07,Entire home/apt,4.76,2.0,1.0,1.0,1.0,17.0,False,1.0,1.0,2.0,"This is a residential area with fewer cafes, pharmacies, shops, dining options, and entertainment venues than a typical New York block."
67.66,Private room,4.78,2.0,1.0,1.0,1.0,387.0,False,1.0,1.0,2.0,"This area has fewer museums, galleries, parks, green spaces, entertainment venues, grocery stores, landmarks, sights, pharmacies, and shops than a typical New York block. It also has fewer bars, nightlife options, cafes, dining establishments, and gyms than average."
90.82,Entire home/apt,5.0,2.0,1.0,1.0,1.0,3.0,False,1.0,1.0,2.0,"This is a residential area with fewer entertainment venues, museums, galleries, bars, nightlife, cafes, dining options, gyms, sports facilities, landmarks, sights, shops, grocery stores, parks, green spaces, and transit options than a typical New York block."
64.1,Private room,5.0,1.0,1.0,1.0,1.0,2.0,True,1.0,1.0,2.0,"This is a residential area with fewer bars, grocery stores, shops, cafes, dining options, gyms, pharmacies, and transit access than a typical New York block."
357.76,Entire home/apt,5.0,4.0,2.0,2.0,2.5,7.0,False,2.0,2.5,4.5,"This is a residential area with fewer entertainment venues, gyms, sports facilities, pharmacies, and shops than a typical New York block. It also has less access to dining, bars, nightlife, grocery stores, hotels, museums, galleries, and parks compared to the city average."
237.0,Hotel room,1.0,4.0,2.0,1.0,1.0,1.0,False,1.0,1.0,2.0,"This is a residential area that has fewer museums, galleries, pharmacies, cafes, dining options, entertainment venues, grocery stores, gyms, sports facilities, landmarks, sights, bars, nightlife, shops, and transit options than a typical New York block."
237.0,Hotel room,4.0,4.0,2.0,1.0,1.0,1.0,False,1.0,1.0,2.0,"This is a residential area with fewer museums, galleries, pharmacies, cafes, dining options, entertainment venues, grocery stores, gyms, sports facilities, landmarks, sights, bars, nightlife, shops, and transit options than a typical New York block."
461.0,Hotel room,4.57,2.0,1.0,1.0,1.0,21.0,False,1.0,1.0,2.0,"This is a residential area with fewer museums, galleries, pharmacies, cafes, dining options, entertainment venues, grocery stores, gyms, sports facilities, landmarks, sights, bars, nightlife, shops, and transit options than a typical New York block."
117.06,Entire home/apt,4.34,4.0,1.0,1.0,1.0,33.0,False,1.0,1.0,2.0,"This is a residential area with fewer entertainment venues, hotels, parks, transit options, bars, cafes, dining, grocery stores, gyms, landmarks, museums, and shops than a typical New York block."
213.56,Entire home/apt,4.91,8.0,4.0,3.0,1.0,23.0,True,3.0,1.0,4.0,"This is a residential area with fewer bars, cafes, museums, parks, dining options, gyms, pharmacies, shops, entertainment venues, and grocery stores than a typical New York block."
286.44,Entire home/apt,4.91,2.0,2.0,1.0,1.0,143.0,True,1.0,1.0,2.0,"This is a residential area with fewer grocery stores, pharmacies, shops, bars, nightlife, cafes, dining, entertainment venues, landmarks, sights, and transit options than a typical New York block. There are no hotels, museums, galleries, or parks nearby."
144.3,Entire home/apt,4.81,8.0,4.0,2.0,1.0,155.0,False,2.0,1.0,3.0,"This is a residential area with fewer cafes, parks, dining, entertainment venues, shops, gyms, pharmacies, and transit options than a typical New York block."
42.07,Private room,4.55,1.0,1.0,1.0,1.0,11.0,True,1.0,1.0,2.0,"This is a residential area with fewer hotels, museums, galleries, parks, green spaces, bars, nightlife, cafes, dining, entertainment venues, gyms, sports, landmarks, sights, pharmacies, and shops than a typical New York block."
388.67,Entire home/apt,4.09,8.0,5.0,4.0,2.0,11.0,False,4.0,2.0,6.0,"This is a residential area with fewer dining, grocery, entertainment, hotel, shop, and transit options than a typical New York block."
252.73,Entire home/apt,4.92,4.0,3.0,3.0,1.0,12.0,False,3.0,1.0,4.0,"This is a residential area with fewer cafes, entertainment venues, grocery stores, pharmacies, shops, bars, dining options, and transit access than a typical New York block."
183.44,Entire home/apt,5.0,4.0,4.0,3.0,1.0,21.0,True,3.0,1.0,4.0,"This is a residential area with fewer entertainment venues, parks, transit options, dining, landmarks, pharmacies, shops, bars, cafes, and gyms than a typical New York block."
90.0,Entire home/apt,5.0,2.0,2.0,1.0,1.0,1.0,False,1.0,1.0,2.0,"This is a residential area with fewer bars, nightlife, entertainment venues, hotels, parks, pharmacies, transit options, dining, grocery stores, landmarks, cafes, gyms, and shops than a typical New York block."
851.77,Entire home/apt,5.0,10.0,5.0,5.0,3.0,4.0,True,5.0,3.0,8.0,"This is a residential area with fewer museums, galleries, dining options, entertainment venues, pharmacies, shops, bars, cafes, grocery stores, gyms, landmarks, and parks than a typical New York block."
186.23,Entire home/apt,4.97,2.0,1.0,1.0,1.0,107.0,False,1.0,1.0,2.0,"This is a residential area with fewer entertainment venues, museums, galleries, transit options, cafes, dining, grocery stores, shops, bars, nightlife, landmarks, and parks than a typical New York block."
47.83,Private room,4.54,1.0,1.0,1.0,1.0,26.0,False,1.0,1.0,2.0,"This is a residential area with fewer cafes, hotels, museums, galleries, parks, bars, nightlife, dining, entertainment venues, gyms, sports, landmarks, pharmacies, and shops than a typical New York block."
407.0,Private room,4.92,2.0,2.0,2.0,1.0,141.0,False,2.0,1.0,3.0,"This is a residential area with fewer museums, parks, transit options, dining, entertainment, gyms, pharmacies, and shops than a typical New York block. It also has fewer bars, cafes, grocery stores, hotels, and landmarks than average."
501.0,Private room,4.96,2.0,2.0,1.0,1.0,67.0,False,1.0,1.0,2.0,"This area has fewer cafes, transit options, dining, grocery stores, shops, pharmacies, bars, and gyms than a typical New York block. The Metropolitan Museum of Art is located nearby."
129.79,Entire home/apt,5.0,3.0,2.0,1.0,1.0,1.0,True,1.0,1.0,2.0,"This is a residential area with fewer cafes, hotels, pharmacies, dining options, grocery stores, gyms, shops, transit access, and nightlife than a typical New York block."
155.06,Entire home/apt,5.0,4.0,2.0,2.0,1.0,2.0,True,2.0,1.0,3.0,"This is a residential area with fewer cafes, entertainment venues, gyms, sports facilities, landmarks, museums, galleries, parks, and green spaces than a typical New York block. It also has fewer dining options, pharmacies, bars, nightlife, grocery stores, hotels, and shops than average."
656.33,Entire home/apt,5.0,5.0,2.0,2.0,2.0,17.0,False,2.0,2.0,4.0,"This is a residential area with fewer pharmacies, transit options, dining, nightlife, entertainment, grocery stores, cafes, gyms, hotels, landmarks, and shops than a typical New York block."
231.99,Private room,4.9,6.0,3.0,3.0,4.0,39.0,False,3.0,4.0,7.0,"This is a residential area with fewer cafes, entertainment venues, grocery stores, gyms, shops, bars, dining options, museums, galleries, pharmacies, and transit options than a typical New York block."
167.67,Private room,4.79,2.0,2.0,2.0,1.0,129.0,True,2.0,1.0,3.0,"This is a residential area with fewer grocery stores, gyms, sports facilities, shops, bars, nightlife, and dining options than a typical New York block. There are no cafes, entertainment venues, hotels, museums, galleries, parks, green spaces, pharmacies, or transit options nearby."
93.01,Entire home/apt,4.83,4.0,2.0,1.0,1.0,6.0,True,1.0,1.0,2.0,"This is a residential area with fewer entertainment venues, museums, galleries, cafes, dining options, gyms, sports facilities, pharmacies, and shops than a typical New York block. It also has fewer bars, nightlife options, grocery stores, hotels, and landmarks than is common."
254.42,Entire home/apt,4.94,7.0,5.0,3.0,2.0,31.0,False,3.0,2.0,5.0,"This area has fewer museums, galleries, parks, green spaces, pharmacies, and subway or transit options than a typical New York block. It also has fewer dining, entertainment, shopping, nightlife, cafe, grocery, gym, and landmark options than average."
102.97,Entire home/apt,4.67,1.0,1.0,1.0,1.0,6.0,True,1.0,1.0,2.0,"This is a residential area with fewer transit options, grocery stores, dining, nightlife, entertainment, gyms, cafes, parks, pharmacies, and shops than a typical New York block. The Metropolitan Museum of Art is located nearby."
741.0,Private room,4.46,2.0,3.0,3.0,2.0,46.0,False,3.0,2.0,5.0,"This is a residential area with fewer bars, cafes, hotels, museums, galleries, dining, entertainment venues, gyms, sports, shops, grocery stores, parks, green space, and pharmacies than a typical New York block."
247.5,Private room,4.8,2.0,3.0,2.0,1.0,35.0,False,2.0,1.0,3.0,"This is a residential area with fewer hotels, museums, galleries, parks, bars, restaurants, entertainment venues, grocery stores, landmarks, cafes, gyms, shops, and transit options than a typical New York block."
46.82,Private room,4.41,2.0,3.0,1.0,1.5,22.0,False,1.0,1.5,2.5,"This area has more parks and green space than a typical New York block. It has fewer cafes, hotels, bars, nightlife, dining, entertainment venues, grocery stores, gyms, sports, museums, galleries, shops, and transit options than a typical block."
111.91,Entire home/apt,5.0,3.0,1.0,1.0,1.0,10.0,True,1.0,1.0,2.0,"This is a residential area with fewer grocery stores, shops, bars, nightlife, cafes, dining, entertainment venues, parks, green space, and pharmacies than a typical New York block. There are no gyms, sports facilities, hotels, landmarks, sights, museums, galleries, or subway and transit options nearby."
232.3,Entire home/apt,4.86,4.0,2.0,2.0,1.0,7.0,True,2.0,1.0,3.0,"This area is a residential block with more parks and green space than typical, including Prospect Park. It has fewer museums, galleries, pharmacies, transit options, dining, nightlife, cafes, grocery stores, shops, entertainment venues, gyms, and hotels than a typical New York block."
304.2,Entire home/apt,4.83,8.0,4.0,2.0,1.0,71.0,False,2.0,1.0,3.0,"This is a residential area with fewer subway and transit options, bars, nightlife, cafes, dining, entertainment venues, grocery stores, landmarks, and shops than a typical New York block. It also has fewer gyms, sports facilities, hotels, museums, galleries, parks, green spaces, and pharmacies than average."
219.03,Entire home/apt,4.96,5.0,2.0,2.0,1.0,26.0,False,2.0,1.0,3.0,"This is a residential area with fewer bars, restaurants, shops, grocery stores, and hotels than a typical New York block. It also has fewer landmarks and sights than a typical block."
189.89,Entire home/apt,1.0,2.0,1.0,1.0,1.0,1.0,False,1.0,1.0,2.0,"This is a residential area that has fewer cafes, entertainment venues, hotels, parks, transit options, bars, dining, grocery stores, gyms, landmarks, museums, and shops than a typical New York block."
455.0,Entire home/apt,4.91,6.0,1.0,2.0,1.0,75.0,True,2.0,1.0,3.0,"This is a residential area with fewer bars, entertainment venues, landmarks, transit options, dining, gyms, pharmacies, shops, cafes, and grocery stores than a typical New York block."
206.0,Entire home/apt,4.81,4.0,2.0,2.0,1.0,26.0,False,2.0,1.0,3.0,"This is a residential area with fewer hotels, museums, galleries, transit options, businesses, and landmarks than a typical New York block."
323.53,Entire home/apt,4.95,6.0,3.0,2.0,1.0,38.0,True,2.0,1.0,3.0,"This is a residential area with fewer entertainment venues, bars, nightlife, cafes, dining, shops, grocery stores, gyms, sports facilities, hotels, pharmacies, and transit options than a typical New York block."
307.0,Private room,4.94,2.0,2.0,2.0,1.0,272.0,True,2.0,1.0,3.0,"This is a residential area with fewer shops, grocery stores, gyms, sports facilities, dining, entertainment venues, landmarks, sights, and pharmacies than a typical New York block."
54.53,Private room,4.67,2.0,1.0,1.0,1.0,3.0,False,1.0,1.0,2.0,"This is a residential area with fewer dining, grocery, pharmacy, entertainment, and retail options than a typical New York block."
417.58,Entire home/apt,4.84,2.0,1.0,1.0,1.0,37.0,False,1.0,1.0,2.0,"This is a residential area with fewer bars, cafes, entertainment venues, museums, galleries, parks, dining, grocery stores, gyms, sports facilities, landmarks, shops, and transit options than a typical New York block."
970.0,Entire home/apt,5.0,8.0,8.0,4.0,2.0,44.0,True,4.0,2.0,6.0,"This is a residential area with fewer grocery stores, cafes, dining options, parks, and shops than a typical New York block. There are no bars, entertainment venues, gyms, hotels, landmarks, museums, pharmacies, or transit options nearby."
636.32,Entire home/apt,4.76,4.0,2.0,2.0,2.5,255.0,True,2.0,2.5,4.5,"This is a residential area that has fewer entertainment venues, hotels, museums, galleries, parks, pharmacies, cafes, dining options, gyms, shops, bars, and transit options than a typical New York block."
211.09,Entire home/apt,4.89,8.0,4.0,2.0,2.0,63.0,False,2.0,2.0,4.0,"This is a residential area with fewer grocery stores, shops, bars, nightlife, cafes, dining, parks, green space, and pharmacies than a typical New York block. There are no entertainment venues, gyms, sports, hotels, landmarks, sights, museums, galleries, or subway and transit options nearby."
284.51,Entire home/apt,4.83,14.0,8.0,6.0,2.0,12.0,True,6.0,2.0,8.0,"This is a residential area with fewer dining, entertainment, landmark, pharmacy, and shop options than a typical New York block. It also has fewer grocery stores and gyms than average."
201.42,Entire home/apt,4.5,4.0,1.0,1.0,1.0,2.0,False,1.0,1.0,2.0,"This area has fewer bars, nightlife, entertainment venues, parks, green space, cafes, dining, grocery stores, shops, gyms, sports, hotels, museums, galleries, and subway and transit options than a typical New York block."
128.46,Entire home/apt,4.33,6.0,2.0,2.0,1.0,3.0,True,2.0,1.0,3.0,"This is a residential area with fewer entertainment venues, parks, dining options, gyms, shops, and pharmacies than a typical New York block. It also has fewer bars, cafes, grocery stores, hotels, museums, and landmarks than is common."
131.37,Entire home/apt,5.0,3.0,1.0,1.0,1.0,1.0,False,1.0,1.0,2.0,"This is a residential area with fewer cafes, gyms, sports facilities, museums, galleries, dining, entertainment venues, grocery stores, shops, hotels, pharmacies, and transit options than a typical New York block."
187.82,Entire home/apt,4.9,4.0,2.0,1.0,1.0,10.0,True,1.0,1.0,2.0,"This area has fewer shops, dining, bars, nightlife, cafes, and transit options than a typical New York block. It also lacks hotels, museums, galleries, parks, and pharmacies."
127.23,Entire home/apt,5.0,3.0,2.0,2.0,1.0,5.0,True,2.0,1.0,3.0,"This is a residential area with fewer gyms, hotels, transit options, dining, entertainment, grocery stores, pharmacies, shops, bars, cafes, and landmarks than a typical New York block."
128.79,Entire home/apt,4.89,5.0,2.0,2.0,1.0,72.0,False,2.0,1.0,3.0,"This is a residential area with fewer dining, shopping, gym, and grocery options than a typical New York block. It also has fewer parks, cafes, and no nearby bars, entertainment venues, museums, pharmacies, or transit."
211.68,Entire home/apt,4.89,8.0,3.0,3.0,2.0,9.0,True,3.0,2.0,5.0,"This area has fewer dining, entertainment, landmark, pharmacy, and shop options than a typical New York block. It also has fewer grocery stores and gyms than average."
199.78,Entire home/apt,4.0,9.0,7.0,2.0,1.0,1.0,False,2.0,1.0,3.0,"This is a residential area with fewer bars, nightlife, cafes, entertainment venues, grocery stores, and shops than a typical New York block. It also has fewer dining options, gyms, sports facilities, landmarks, sights, and pharmacies."
65.15,Entire home/apt,4.87,2.0,1.0,1.0,1.0,126.0,True,1.0,1.0,2.0,"This is a residential area with fewer bars, cafes, entertainment venues, hotels, museums, galleries, parks, dining, grocery stores, shops, and gyms than a typical New York block."
326.0,Private room,4.96,1.0,1.0,1.0,1.0,82.0,True,1.0,1.0,2.0,"This area has an unusually high amount of parks and green space, including Prospect Park. It has an unusually low amount of bars, nightlife, hotels, museums, galleries, pharmacies, dining, grocery stores, shops, cafes, and gyms."
151.18,Entire home/apt,5.0,2.0,1.0,1.0,1.0,1.0,False,1.0,1.0,2.0,"This is a residential area with fewer dining, shopping, cafe, hotel, and museum options than a typical New York block. The area also lacks nearby bars, gyms, parks, pharmacies, and subway access."
225.0,Private room,4.59,3.0,2.0,1.0,1.0,75.0,False,1.0,1.0,2.0,"This is a residential area with fewer pharmacies, bars, nightlife, dining, shops, cafes, entertainment venues, grocery stores, gyms, sports, landmarks, sights, museums, galleries, and transit options than a typical New York block."
168.17,Entire home/apt,4.53,7.0,13.0,3.0,2.0,157.0,False,3.0,2.0,5.0,"This area has above average subway and transit access. It has fewer cafes, entertainment venues, landmarks, museums, galleries, parks, bars, restaurants, gyms, pharmacies, shops, and hotels than a typical New York block."
172.56,Entire home/apt,4.5,3.0,2.0,1.0,1.0,4.0,False,1.0,1.0,2.0,"This is a residential area with fewer entertainment venues, parks, dining options, gyms, shops, and services than a typical New York block."
355.67,Entire home/apt,4.76,2.0,3.0,2.0,2.0,208.0,True,2.0,2.0,4.0,"This is a residential area that has fewer bars, nightlife, cafes, dining, entertainment venues, shops, grocery stores, gyms, sports facilities, hotels, and parks than a typical New York block."
307.89,Entire home/apt,5.0,6.0,4.0,3.0,2.0,14.0,False,3.0,2.0,5.0,"This is a residential area with fewer dining, grocery, gym, shop, bar, hotel, and pharmacy options than a typical New York block."
136.06,Entire home/apt,4.86,4.0,3.0,3.0,1.5,14.0,True,3.0,1.5,4.5,"This is a residential area with fewer cafes, gyms, hotels, landmarks, museums, bars, restaurants, entertainment venues, pharmacies, shops, and grocery stores than a typical New York block."
303.13,Private room,4.92,2.0,2.0,2.0,1.0,151.0,True,2.0,1.0,3.0,"This is a residential area that has fewer bars, nightlife, cafes, dining, entertainment venues, shops, grocery stores, gyms, sports facilities, hotels, and parks than a typical New York block."
183.23,Entire home/apt,4.64,2.0,2.0,1.0,1.0,28.0,False,1.0,1.0,2.0,"This is a residential area with fewer bars, cafes, hotels, museums, galleries, parks, dining, entertainment venues, gyms, sports, landmarks, shops, pharmacies, and grocery stores than a typical New York block."
224.64,Entire home/apt,4.62,6.0,1.0,1.0,1.0,55.0,False,1.0,1.0,2.0,"This is a residential area with fewer bars, cafes, pharmacies, transit options, dining, grocery stores, shops, and gyms than a typical New York block. The Metropolitan Museum of Art is located nearby."
196.1,Entire home/apt,5.0,5.0,2.0,1.0,1.0,6.0,False,1.0,1.0,2.0,"This is a residential area with fewer cafes, dining options, entertainment venues, grocery stores, museums, galleries, and shops than a typical New York block."
77.89,Entire home/apt,5.0,2.0,1.0,1.0,1.0,2.0,False,1.0,1.0,2.0,"This is a residential area with fewer dining options, bars, nightlife, grocery stores, shops, and landmarks than a typical New York block. There are no cafes, entertainment venues, gyms, hotels, museums, parks, or transit options nearby."
96.13,Entire home/apt,4.88,4.0,2.0,1.0,1.0,8.0,False,1.0,1.0,2.0,"This is a residential area with fewer dining, grocery, shopping, and nightlife options than a typical New York block. There are no transit, retail, or entertainment facilities nearby."
143.55,Private room,4.94,2.0,2.0,2.0,1.0,161.0,True,2.0,1.0,3.0,"This is a residential area with fewer cafes, hotels, museums, galleries, parks, dining, entertainment, grocery stores, gyms, shops, bars, and pharmacies than a typical New York block."
137.46,Entire home/apt,5.0,4.0,2.0,1.0,1.0,1.0,False,1.0,1.0,2.0,"This is a residential area with fewer bars, nightlife, grocery stores, gyms, sports, shops, and dining options than a typical New York block. There are no cafes, entertainment venues, landmarks, museums, galleries, parks, green spaces, pharmacies, or transit options nearby."
720.0,Entire home/apt,4.78,7.0,4.0,3.0,1.5,83.0,False,3.0,1.5,4.5,"This is a residential area with fewer cafes, gyms, museums, parks, transit options, bars, restaurants, entertainment venues, grocery stores, shops, and hotels than a typical New York block."
131.67,Entire home/apt,4.95,5.0,2.0,2.0,1.0,170.0,True,2.0,1.0,3.0,"This is a residential area with fewer dining options, shops, pharmacies, and transit access than a typical New York block. It also features fewer landmarks and sights than usual."
55.0,Private room,4.67,1.0,1.0,1.0,2.5,3.0,False,1.0,2.5,3.5,"This is a residential area with fewer amenities, services, and transit options than a typical New York block."
223.47,Entire home/apt,4.45,4.0,1.0,1.0,1.0,56.0,False,1.0,1.0,2.0,"This area has fewer entertainment venues, hotels, dining options, grocery stores, gyms, sports facilities, landmarks, sights, pharmacies, and shops than a typical New York block. It also has fewer bars, nightlife options, cafes, museums, galleries, and transit access."
46.3,Private room,4.77,1.0,1.0,3.0,1.0,13.0,True,3.0,1.0,4.0,"This is a residential area with fewer cafes, dining, grocery stores, gyms, sports, and shops than a typical New York block. There are no bars, nightlife, entertainment venues, hotels, landmarks, museums, galleries, parks, or transit options nearby."
89.23,Entire home/apt,4.76,2.0,2.0,1.0,1.0,25.0,False,1.0,1.0,2.0,"This is a residential area with fewer dining, entertainment, grocery, and shopping options than a typical New York block. It also has less access to bars, gyms, and transit than is standard for the city."
83.61,Entire home/apt,5.0,3.0,2.0,1.0,1.0,33.0,True,1.0,1.0,2.0,"This is a residential area that has fewer dining, gyms, sports, landmarks, sights, shops, and entertainment venues than a typical New York block."
574.5,Private room,4.94,6.0,4.0,3.0,2.0,121.0,True,3.0,2.0,5.0,"This is a residential area with fewer bars, restaurants, grocery stores, gyms, shops, and landmarks than a typical New York block."
77.43,Private room,4.0,1.0,1.0,1.0,2.5,1.0,False,1.0,2.5,3.5,"This is a residential area that has fewer cafes, dining options, gyms, sports facilities, landmarks, sights, shops, bars, nightlife, and grocery stores than a typical New York block. There are no entertainment venues, hotels, museums, galleries, parks, green spaces, or pharmacies nearby."
89.23,Entire home/apt,5.0,2.0,2.0,1.0,1.0,2.0,False,1.0,1.0,2.0,"This is a residential area with fewer grocery stores, dining, entertainment venues, pharmacies, shops, bars, nightlife, gyms, sports, and transit options than a typical New York block."
89.6,Private room,3.0,2.0,1.0,1.0,1.0,2.0,False,1.0,1.0,2.0,"This is a residential area with above-average access to subway and transit. It has fewer shops, dining, bars, nightlife, gyms, sports, grocery stores, and hotels than a typical New York block."
194.0,Private room,5.0,2.0,1.0,1.0,1.0,2.0,True,1.0,1.0,2.0,"This is a residential area with fewer cafes, hotels, landmarks, museums, parks, transit options, bars, entertainment venues, grocery stores, gyms, pharmacies, shops, and dining options than a typical New York block."
103.8,Entire home/apt,4.89,2.0,1.0,1.0,1.0,19.0,True,1.0,1.0,2.0,"This is a residential area with fewer bars, cafes, entertainment venues, museums, galleries, transit options, dining, grocery stores, gyms, sports facilities, pharmacies, and shops than a typical New York block."
255.4,Entire home/apt,5.0,2.0,2.0,2.0,1.0,2.0,False,2.0,1.0,3.0,"This is a residential area with fewer cafes, entertainment venues, hotels, parks, transit options, dining, grocery stores, gyms, landmarks, bars, museums, pharmacies, and shops than a typical New York block."
46.19,Private room,5.0,2.0,1.0,1.0,1.0,2.0,True,1.0,1.0,2.0,"This is a residential area with an above average number of pharmacies and fewer cafes, dining, grocery stores, shops, gyms, sports, museums, galleries, and parks than a typical New York block. The area has no bars, nightlife, entertainment venues, hotels, or transit access."
120.72,Entire home/apt,4.96,4.0,2.0,2.0,1.0,27.0,True,2.0,1.0,3.0,"This is a residential area with fewer bars, nightlife, entertainment venues, landmarks, museums, galleries, parks, dining, grocery stores, gyms, pharmacies, shops, and hotels than a typical New York block."
305.13,Private room,4.83,4.0,2.0,2.0,1.0,42.0,False,2.0,1.0,3.0,"This is a residential area with fewer bars, restaurants, entertainment venues, grocery stores, parks, and shops than a typical New York block. There are no cafes, gyms, hotels, landmarks, museums, or transit options nearby."
77.37,Private room,4.93,2.0,1.0,2.0,2.0,58.0,False,2.0,2.0,4.0,"This is a residential area with fewer cafes, parks, transit options, bars, dining, gyms, pharmacies, shops, entertainment venues, and hotels than a typical New York block."
200.0,Entire home/apt,4.77,4.0,5.0,2.0,1.0,271.0,True,2.0,1.0,3.0,"This is a residential area with fewer dining, entertainment, landmark, shop, cafe, grocery, and gym options than a typical New York block. There are no bars, nightlife, hotels, museums, galleries, parks, green spaces, or pharmacies nearby."
141.8,Entire home/apt,4.96,4.0,2.0,2.0,1.0,23.0,True,2.0,1.0,3.0,"This is a residential area with fewer grocery stores, gyms, shops, bars, dining options, entertainment venues, and pharmacies than a typical New York block."
99.56,Private room,4.83,4.0,2.0,2.0,1.0,6.0,False,2.0,1.0,3.0,"This is a residential area with fewer cafes, dining options, grocery stores, gyms, shops, bars, nightlife, hotels, and pharmacies than a typical New York block."
91.0,Entire home/apt,1.0,2.0,1.0,1.0,1.0,1.0,False,1.0,1.0,2.0,"This is a residential area with fewer bars, hotels, museums, parks, transit options, dining, grocery stores, gyms, landmarks, pharmacies, shops, cafes, and entertainment venues than a typical New York block."
74.41,Entire home/apt,3.67,3.0,1.0,1.0,1.0,3.0,False,1.0,1.0,2.0,"This is a residential area that has fewer entertainment venues, hotels, landmarks, museums, galleries, bars, nightlife, cafes, dining, grocery stores, gyms, sports, pharmacies, and shops than a typical New York block."
139.97,Private room,4.17,6.0,2.0,2.0,1.0,23.0,False,2.0,1.0,3.0,"This is a residential area with fewer cafes, entertainment venues, hotels, landmarks, parks, transit options, bars, restaurants, grocery stores, gyms, museums, pharmacies, and shops than a typical New York block."
134.75,Entire home/apt,4.72,2.0,1.0,1.0,1.0,130.0,False,1.0,1.0,2.0,"This is a residential area with fewer bars, nightlife, dining, grocery stores, gyms, sports, shops, landmarks, sights, and hotels than a typical New York block. There are no cafes, entertainment venues, museums, galleries, parks, green space, or subway and transit options nearby."
311.83,Entire home/apt,4.5,2.0,2.0,2.0,1.0,2.0,True,2.0,1.0,3.0,"This is a residential area with fewer bars, nightlife, dining, grocery stores, gyms, sports, and shops than a typical New York block."
94.77,Entire home/apt,4.63,11.0,8.0,3.0,1.0,62.0,False,3.0,1.0,4.0,"This is a residential area with fewer entertainment venues, hotels, museums, galleries, parks, pharmacies, transit options, cafes, dining, grocery stores, landmarks, shops, bars, and gyms than a typical New York block."
268.25,Shared room,4.85,2.0,3.0,2.0,1.0,74.0,False,2.0,1.0,3.0,"This is a residential area with fewer cafes, hotels, transit options, bars, restaurants, entertainment venues, grocery stores, gyms, shops, parks, and pharmacies than a typical New York block."
558.63,Entire home/apt,4.94,9.0,7.0,4.0,2.5,79.0,False,4.0,2.5,6.5,"This is a residential area with fewer bars, nightlife, grocery stores, gyms, sports, shops, dining, and pharmacies than a typical New York block."
47.75,Private room,5.0,1.0,2.0,2.0,1.0,1.0,False,2.0,1.0,3.0,"This is a residential area with fewer entertainment venues, transit options, grocery stores, bars, cafes, dining, gyms, shops, hotels, and pharmacies than a typical New York block."
247.33,Private room,4.9,2.0,1.0,1.0,1.0,245.0,True,1.0,1.0,2.0,"This is a residential area with fewer hotels, museums, galleries, pharmacies, bars, cafes, dining options, entertainment venues, gyms, shops, landmarks, and parks than a typical New York block."
512.0,Private room,4.9,4.0,4.0,3.0,2.0,125.0,True,3.0,2.0,5.0,"This is a residential area with fewer bars, cafes, hotels, landmarks, museums, parks, transit options, dining, entertainment venues, grocery stores, gyms, shops, and pharmacies than a typical New York block."
390.5,Private room,4.98,2.0,3.0,2.0,1.0,171.0,True,2.0,1.0,3.0,"This is a residential area with fewer dining, grocery, and shopping options than a typical New York block. It also has fewer bars, cafes, entertainment venues, gyms, landmarks, parks, and transit options than average."
241.59,Entire home/apt,4.91,8.0,4.0,3.0,2.0,11.0,False,3.0,2.0,5.0,"This area is a residential block with fewer dining, shopping, nightlife, grocery, gym, and pharmacy options than a typical New York block. There are no cafes, entertainment venues, hotels, landmarks, museums, parks, or transit options nearby."
319.53,Entire home/apt,4.85,2.0,1.0,1.0,1.0,182.0,True,1.0,1.0,2.0,"This is a residential area with fewer pharmacies, transit options, nightlife, dining, grocery stores, landmarks, shops, cafes, gyms, and parks than a typical New York block. The Metropolitan Museum of Art is located nearby."
83.93,Entire home/apt,4.48,2.0,1.0,1.0,1.0,29.0,False,1.0,1.0,2.0,"This is a residential area with fewer cafes, dining, entertainment venues, grocery stores, gyms, sports facilities, pharmacies, and shops than a typical New York block."
184.8,Entire home/apt,4.82,2.0,1.0,1.0,1.0,44.0,True,1.0,1.0,2.0,"This is a residential area that has fewer bars, entertainment venues, landmarks, pharmacies, cafes, dining options, grocery stores, gyms, shops, hotels, parks, and transit options than a typical New York block."
405.17,Entire home/apt,5.0,6.0,4.0,3.0,2.0,2.0,False,3.0,2.0,5.0,"This is a residential area with fewer cafes, gyms, pharmacies, transit options, dining, grocery stores, shops, bars, nightlife, entertainment venues, and museums than a typical New York block."
187.11,Entire home/apt,5.0,2.0,1.0,1.0,1.0,1.0,True,1.0,1.0,2.0,"This is a residential area with fewer bars, cafes, hotels, landmarks, museums, parks, transit options, dining, entertainment venues, grocery stores, gyms, shops, and pharmacies than a typical New York block."
214.8,Entire home/apt,4.9,2.0,3.0,2.0,1.0,88.0,False,2.0,1.0,3.0,"This is a residential area that has fewer entertainment venues, museums, galleries, parks, dining, grocery stores, gyms, landmarks, pharmacies, shops, bars, cafes, and hotels than a typical New York block."
111.2,Entire home/apt,4.85,2.0,2.0,1.0,1.0,62.0,False,1.0,1.0,2.0,"This area is a residential block with significantly fewer dining, entertainment, grocery, gym, pharmacy, bar, park, and retail options than a typical New York block. There are no cafes, hotels, landmarks, museums, or transit stations nearby."
89.31,Entire home/apt,4.92,2.0,1.0,1.0,1.0,63.0,False,1.0,1.0,2.0,"This is a residential area with fewer cafes, hotels, landmarks, parks, transit options, dining, entertainment venues, grocery stores, gyms, pharmacies, shops, bars, nightlife, museums, and galleries than a typical New York block."
123.94,Entire home/apt,5.0,2.0,2.0,1.0,1.0,2.0,False,1.0,1.0,2.0,"This area has fewer cafes, parks, transit options, bars, nightlife, dining, gyms, sports, landmarks, sights, pharmacies, shops, grocery stores, and hotels than a typical New York block."
188.49,Entire home/apt,4.88,6.0,4.0,2.0,1.0,64.0,True,2.0,1.0,3.0,"This is a residential area with fewer dining options, shops, cafes, gyms, and transit access than a typical New York block. There are no bars, hotels, landmarks, museums, or parks in the immediate vicinity."
50.33,Private room,4.2,1.0,1.0,1.0,2.5,5.0,False,1.0,2.5,3.5,"This is a residential area that has fewer cafes, dining, gyms, sports, shops, grocery stores, and landmarks than a typical New York block."
119.82,Private room,4.75,2.0,4.0,1.0,1.0,16.0,False,1.0,1.0,2.0,"This is a residential area with fewer bars, nightlife, grocery stores, shops, dining, and pharmacies than a typical New York block."
424.14,Entire home/apt,5.0,5.0,3.0,2.0,1.0,61.0,True,2.0,1.0,3.0,"This is a residential area with fewer cafes, bars, restaurants, grocery stores, pharmacies, shops, gyms, parks, and transit options than a typical New York block."
165.37,Entire home/apt,4.48,8.0,2.0,2.0,1.0,21.0,False,2.0,1.0,3.0,"This is a residential area with fewer dining, shopping, and service options than a typical New York block."
105.65,Entire home/apt,5.0,3.0,1.0,1.0,1.0,12.0,True,1.0,1.0,2.0,"This is a residential area with fewer dining, grocery, gym, shop, entertainment, and pharmacy options than a typical New York block. It also lacks bars, cafes, hotels, landmarks, museums, parks, and transit access."
177.2,Entire home/apt,4.65,6.0,4.0,2.0,1.0,166.0,False,2.0,1.0,3.0,"This is a residential area with fewer dining, grocery, gym, sports, hotel, and shop options than a typical New York block. There are no bars, nightlife, cafes, entertainment venues, landmarks, museums, galleries, parks, or transit options nearby."
667.33,Entire home/apt,4.33,16.0,8.0,5.0,3.5,3.0,False,5.0,3.5,8.5,"This is a residential area with fewer cafes, parks, transit options, dining, nightlife, landmarks, pharmacies, shops, entertainment venues, grocery stores, gyms, and hotels than a typical New York block."
167.0,Entire home/apt,4.86,4.0,2.0,2.0,1.0,50.0,True,2.0,1.0,3.0,"This is a residential area with fewer cafes, dining options, entertainment venues, grocery stores, gyms, pharmacies, and shops than a typical New York block. It also has less nightlife than a typical block."
256.63,Entire home/apt,4.5,5.0,2.0,1.0,1.0,28.0,False,1.0,1.0,2.0,"This is a residential area with fewer entertainment venues, hotels, museums, galleries, pharmacies, dining options, grocery stores, landmarks, shops, bars, cafes, gyms, and transit options than a typical New York block."
249.92,Private room,4.51,4.0,2.0,2.0,1.0,89.0,False,2.0,1.0,3.0,"This is a residential area with fewer dining, shopping, and transit options than a typical New York block."
114.3,Entire home/apt,4.36,3.0,2.0,1.0,1.0,11.0,False,1.0,1.0,2.0,"This area has fewer dining, grocery, pharmacy, and shop options than a typical New York block. It also has fewer gyms, sports facilities, and landmarks than is common."
61.12,Entire home/apt,5.0,2.0,1.0,1.0,1.0,2.0,False,1.0,1.0,2.0,"This is a residential area with fewer cafes, hotels, bars, dining options, entertainment venues, grocery stores, gyms, shops, museums, galleries, and parks than a typical New York block. There are no transit options or landmarks nearby."
259.95,Entire home/apt,4.87,8.0,6.0,3.0,2.0,116.0,True,3.0,2.0,5.0,"This is a residential area with fewer entertainment venues, museums, galleries, parks, dining options, gyms, sports facilities, landmarks, pharmacies, shops, bars, cafes, grocery stores, and hotels than a typical New York block."
261.8,Entire home/apt,4.76,4.0,2.0,1.0,1.0,21.0,False,1.0,1.0,2.0,"This area has above average subway and transit access. It has fewer bars, nightlife, cafes, hotels, landmarks, museums, galleries, parks, pharmacies, dining, entertainment venues, grocery stores, gyms, sports, and shops than a typical New York block."
261.07,Private room,4.92,2.0,1.0,1.0,1.0,12.0,False,1.0,1.0,2.0,"This is a residential area with fewer bars, nightlife, dining, grocery stores, pharmacies, shops, and gyms than a typical New York block."
196.51,Private room,4.77,2.0,1.0,1.0,1.0,125.0,False,1.0,1.0,2.0,"This is a residential area with fewer bars, nightlife, dining, gyms, sports, shops, and grocery stores than a typical New York block."
152.3,Entire home/apt,4.8,4.0,2.0,2.0,1.0,40.0,False,2.0,1.0,3.0,"This is a residential area with fewer hotels, transit options, nightlife, dining, entertainment, grocery stores, landmarks, pharmacies, shops, cafes, gyms, and museums than a typical New York block."
214.41,Private room,4.75,6.0,5.0,4.0,2.0,4.0,False,4.0,2.0,6.0,"This is a residential area with fewer entertainment venues, gyms, museums, parks, pharmacies, transit options, dining, grocery stores, landmarks, shops, bars, and cafes than a typical New York block."
134.83,Entire home/apt,4.82,2.0,1.0,1.0,1.0,28.0,True,1.0,1.0,2.0,"This is a residential area with fewer dining, entertainment, and shopping options than a typical New York block. It also has fewer grocery stores and pharmacies than average."
170.33,Entire home/apt,4.68,8.0,4.0,3.0,1.0,41.0,True,3.0,1.0,4.0,"This is a residential area with fewer cafes, dining options, grocery stores, gyms, sports facilities, pharmacies, shops, and bars than a typical New York block."
227.0,Entire home/apt,4.88,8.0,4.0,3.0,2.0,117.0,True,3.0,2.0,5.0,"This is a residential area with fewer cafes, gyms, hotels, landmarks, parks, transit options, dining, grocery stores, shops, bars, nightlife, museums, galleries, and pharmacies than a typical New York block."
105.38,Entire home/apt,4.89,4.0,4.0,1.0,1.0,186.0,False,1.0,1.0,2.0,"This is a residential area with fewer cafes, entertainment venues, landmarks, museums, parks, transit options, dining, grocery stores, gyms, pharmacies, shops, bars, and hotels than a typical New York block."
211.5,Private room,4.95,2.0,1.0,1.0,1.0,39.0,True,1.0,1.0,2.0,"This area is a residential block with fewer dining, nightlife, gym, pharmacy, shop, grocery, and park options than a typical New York block. There are no cafes, entertainment venues, hotels, landmarks, museums, or transit stations nearby."
455.0,Entire home/apt,4.64,2.0,1.0,1.0,1.0,251.0,False,1.0,1.0,2.0,"This is a residential area with fewer cafes, gyms, museums, pharmacies, transit options, bars, restaurants, grocery stores, shops, and entertainment venues than a typical New York block."
249.0,Private room,4.89,2.0,1.0,1.0,1.0,245.0,True,1.0,1.0,2.0,"This is a residential area with fewer entertainment venues, landmarks, museums, pharmacies, transit options, cafes, dining, grocery stores, gyms, shops, bars, and parks than a typical New York block."
294.27,Entire home/apt,4.54,5.0,2.0,2.0,1.0,13.0,False,2.0,1.0,3.0,"This is a residential area with fewer bars, nightlife, museums, galleries, transit options, cafes, dining, entertainment venues, grocery stores, landmarks, pharmacies, shops, gyms, sports facilities, hotels, and parks than a typical New York block."
342.4,Entire home/apt,4.63,6.0,3.0,2.0,1.0,8.0,False,2.0,1.0,3.0,"This is a residential area with fewer shops, dining, nightlife, entertainment, gyms, grocery stores, and parks than a typical New York block. It also lacks cafes, hotels, museums, galleries, pharmacies, and transit access."
67.91,Entire home/apt,5.0,2.0,1.0,1.0,1.0,3.0,False,1.0,1.0,2.0,"This is a residential area with fewer dining, grocery, gym, shop, and hotel options than a typical New York block. There are no bars, cafes, entertainment venues, landmarks, museums, parks, or transit options nearby."
555.21,Entire home/apt,4.95,4.0,5.0,4.0,2.0,19.0,False,4.0,2.0,6.0,"This is a residential area with fewer grocery stores, dining, shops, bars, nightlife, and cafes than a typical New York block."
320.59,Private room,5.0,4.0,2.0,3.0,1.0,8.0,False,3.0,1.0,4.0,"This is a residential area with fewer entertainment venues, gyms, hotels, landmarks, museums, transit options, bars, cafes, dining, grocery stores, pharmacies, shops, and parks than a typical New York block."
88.5,Entire home/apt,4.97,2.0,1.0,2.0,1.0,30.0,True,2.0,1.0,3.0,"This is a residential area with fewer bars, cafes, hotels, museums, parks, transit options, dining, grocery stores, gyms, landmarks, pharmacies, shops, and entertainment venues than a typical New York block."
209.1,Entire home/apt,4.85,8.0,4.0,3.0,2.0,52.0,True,3.0,2.0,5.0,"This is a residential area with fewer bars, cafes, entertainment venues, transit options, shops, dining, grocery stores, gyms, hotels, museums, galleries, and pharmacies than a typical New York block."
175.29,Entire home/apt,4.85,6.0,3.0,2.0,1.0,34.0,False,2.0,1.0,3.0,"This is a residential area with an above-average amount of parks and green space. It has fewer grocery stores, dining options, shops, bars, nightlife, cafes, and hotels than a typical New York block."
108.38,Entire home/apt,4.91,4.0,4.0,1.0,1.0,11.0,True,1.0,1.0,2.0,"This is a residential area with fewer dining, shopping, grocery, hotel, pharmacy, and transit options than a typical New York block."
367.68,Entire home/apt,4.82,8.0,4.0,4.0,2.0,62.0,False,4.0,2.0,6.0,"This is a residential area with fewer entertainment venues, museums, galleries, pharmacies, dining options, grocery stores, gyms, shops, bars, cafes, and hotels than a typical New York block."
120.97,Entire home/apt,5.0,3.0,2.0,2.0,1.0,7.0,True,2.0,1.0,3.0,"This is a residential area with fewer dining, shopping, nightlife, grocery, transit, and park options than a typical New York block."
111.32,Entire home/apt,4.66,2.0,2.0,1.0,1.0,56.0,True,1.0,1.0,2.0,"This is a residential area with fewer bars, cafes, entertainment venues, gyms, hotels, museums, shops, grocery stores, landmarks, and parks than a typical New York block. Dining options are also limited compared to the city average."
234.1,Entire home/apt,5.0,3.0,2.0,2.0,1.5,3.0,False,2.0,1.5,3.5,"This is a residential area with fewer bars, nightlife, museums, galleries, pharmacies, transit options, grocery stores, cafes, dining, entertainment venues, gyms, sports facilities, shops, and landmarks than a typical New York block."
86.9,Entire home/apt,4.85,2.0,1.0,1.0,1.0,60.0,True,1.0,1.0,2.0,"This is a residential area with fewer dining options, grocery stores, gyms, shops, museums, parks, and pharmacies than a typical New York block."
133.47,Entire home/apt,4.87,2.0,2.0,1.0,1.0,169.0,False,1.0,1.0,2.0,"This is a residential area with fewer bars, cafes, transit options, dining, entertainment venues, gyms, pharmacies, shops, grocery stores, hotels, landmarks, and museums than a typical New York block."
124.02,Entire home/apt,4.86,4.0,2.0,2.0,1.0,37.0,True,2.0,1.0,3.0,"This is a residential area with fewer cafes, bars, restaurants, entertainment venues, grocery stores, gyms, and shops than a typical New York block."
80.03,Entire home/apt,4.64,7.0,4.0,2.0,1.0,84.0,True,2.0,1.0,3.0,"This is a residential area with fewer entertainment venues, hotels, museums, galleries, parks, pharmacies, transit options, bars, cafes, dining, grocery stores, landmarks, shops, and gyms than a typical New York block."
151.03,Entire home/apt,4.93,4.0,3.0,2.0,1.0,76.0,True,2.0,1.0,3.0,"This is a residential area with fewer dining, grocery, gym, pharmacy, and retail options than a typical New York block. Transit access is also more limited than average."
89.7,Entire home/apt,4.91,2.0,2.0,1.0,1.0,103.0,True,1.0,1.0,2.0,"This is a residential area with fewer cafes, dining options, entertainment venues, grocery stores, shops, bars, nightlife, parks, pharmacies, and transit options than a typical New York block."
79.9,Entire home/apt,4.78,2.0,1.0,1.0,1.0,36.0,True,1.0,1.0,2.0,"This is a residential area with fewer dining, grocery, and shopping options than a typical New York block. It also has fewer bars, nightlife venues, and cafes than average."
342.0,Entire home/apt,4.84,2.0,2.0,1.0,1.0,115.0,True,1.0,1.0,2.0,"This is a residential area with fewer grocery stores, dining options, gyms, landmarks, pharmacies, shops, and museums than a typical New York block. It also lacks bars, nightlife, cafes, hotels, parks, and subway access."
271.5,Private room,4.91,5.0,2.0,2.0,1.0,33.0,True,2.0,1.0,3.0,"This is a residential area with fewer dining, grocery, pharmacy, and shop options than a typical New York block. It also has less subway and transit access than a typical block."
173.34,Private room,4.91,2.0,1.0,1.0,1.0,82.0,True,1.0,1.0,2.0,"This is a residential area with fewer shops, cafes, dining options, entertainment venues, grocery stores, gyms, sports facilities, landmarks, parks, and pharmacies than a typical New York block. There are no bars, nightlife, hotels, or museums and galleries nearby."
257.0,Entire home/apt,4.83,3.0,2.0,1.0,1.0,71.0,True,1.0,1.0,2.0,"This is a residential area with fewer dining, shopping, and service options than a typical New York block."
117.83,Entire home/apt,4.75,4.0,2.0,2.0,1.0,4.0,False,2.0,1.0,3.0,"This is a residential area with fewer bars, hotels, landmarks, parks, grocery stores, dining, entertainment venues, gyms, shops, cafes, museums, and transit options than a typical New York block."
389.03,Entire home/apt,4.0,5.0,3.0,3.0,2.5,1.0,False,3.0,2.5,5.5,"This is a residential area with fewer dining, grocery, and retail options than a typical New York block. It also has fewer pharmacies and no transit, nightlife, entertainment, or green space."
112.1,Entire home/apt,4.91,2.0,2.0,1.0,1.0,146.0,True,1.0,1.0,2.0,"This is a residential area with fewer bars, entertainment venues, museums, parks, transit options, cafes, dining, grocery stores, gyms, landmarks, shops, and hotels than a typical New York block."
59.3,Entire home/apt,4.8,2.0,2.0,1.0,1.0,5.0,True,1.0,1.0,2.0,"This is a residential area with fewer dining, entertainment, grocery, and shopping options than a typical New York block. It also has less access to parks, green space, and transit than is standard."
121.83,Entire home/apt,4.83,2.0,1.0,1.0,1.0,23.0,False,1.0,1.0,2.0,"This is a residential area with fewer cafes, transit options, pharmacies, parks, and landmarks than a typical New York block. It also has fewer bars, restaurants, entertainment venues, grocery stores, gyms, shops, hotels, and museums than average."
460.27,Entire home/apt,4.61,6.0,5.0,3.0,2.0,46.0,False,3.0,2.0,5.0,"This is a residential area with fewer bars, nightlife, dining, grocery stores, gyms, sports, and shops than a typical New York block."
337.53,Entire home/apt,4.8,2.0,2.0,1.0,1.0,60.0,False,1.0,1.0,2.0,"This area has an above-average number of hotels and fewer grocery stores, shops, dining, entertainment venues, gyms, sports, and landmarks than a typical New York block."
176.07,Entire home/apt,5.0,2.0,1.0,1.0,1.0,7.0,False,1.0,1.0,2.0,"This is a residential area with fewer cafes, dining options, grocery stores, gyms, pharmacies, shops, and museums than a typical New York block. There are no bars, nightlife, entertainment venues, hotels, landmarks, sights, parks, green spaces, or transit options nearby."
251.23,Entire home/apt,4.95,6.0,3.0,2.0,1.0,40.0,False,2.0,1.0,3.0,"This is a residential area with fewer entertainment venues, hotels, landmarks, parks, transit options, bars, cafes, dining, grocery stores, gyms, shops, museums, and pharmacies than a typical New York block."
100.91,Entire home/apt,4.75,4.0,2.0,1.0,1.0,16.0,True,1.0,1.0,2.0,"This is a residential area with fewer dining, entertainment, grocery, gym, shop, and landmark options than a typical New York block. There are no bars, cafes, hotels, museums, galleries, parks, or pharmacies nearby."
348.06,Entire home/apt,4.94,2.0,2.0,2.0,1.0,65.0,False,2.0,1.0,3.0,"This is a residential area with fewer dining, grocery, gym, shop, and landmark options than a typical New York block. It also lacks bars, cafes, entertainment venues, hotels, museums, parks, and transit access."
79.25,Private room,4.83,2.0,1.0,1.0,1.0,6.0,False,1.0,1.0,2.0,"This is a residential area with fewer grocery stores, dining, entertainment venues, gyms, sports, shops, bars, nightlife, cafes, and pharmacies than a typical New York block. There are no hotels, museums, or galleries nearby."
253.59,Entire home/apt,4.77,8.0,4.0,4.0,2.0,22.0,False,4.0,2.0,6.0,"This is a residential area with fewer dining, grocery, gym, pharmacy, and shop options than a typical New York block."
220.35,Entire home/apt,4.9,2.0,1.0,1.0,0.5,21.0,False,1.0,0.5,1.5,"This is a residential area with fewer bars, restaurants, entertainment venues, grocery stores, shops, and parks than a typical New York block."
283.5,Private room,4.94,4.0,2.0,2.0,1.0,68.0,True,2.0,1.0,3.0,"This is a residential area with fewer dining, shopping, and grocery options than a typical New York block."
168.17,Private room,4.81,2.0,2.0,2.0,1.0,203.0,False,2.0,1.0,3.0,"This is a residential area with fewer shops, dining options, entertainment venues, grocery stores, gyms, sports facilities, pharmacies, landmarks, sights, museums, and galleries than a typical New York block. There are no bars, nightlife, cafes, hotels, or transit options nearby."
695.0,Private room,4.97,5.0,3.0,3.0,1.0,72.0,True,3.0,1.0,4.0,"This area is a residential block with fewer dining, entertainment, shop, grocery, and park options than a typical New York block. There are no bars, cafes, gyms, hotels, landmarks, museums, pharmacies, or transit stations nearby."
195.98,Entire home/apt,4.74,2.0,4.0,2.0,1.0,146.0,False,2.0,1.0,3.0,"This is a residential area with fewer bars, nightlife, museums, galleries, parks, green spaces, pharmacies, transit options, cafes, dining, grocery stores, gyms, sports, shops, entertainment venues, and hotels than a typical New York block."
113.96,Entire home/apt,5.0,4.0,3.0,2.0,1.0,1.0,False,2.0,1.0,3.0,"This is a residential area with fewer cafes, entertainment venues, museums, galleries, parks, transit options, bars, restaurants, grocery stores, gyms, shops, hotels, and pharmacies than a typical New York block."
134.23,Entire home/apt,4.65,4.0,2.0,2.0,1.0,20.0,False,2.0,1.0,3.0,"This is a residential area with fewer bars, grocery stores, hotels, pharmacies, transit options, dining, entertainment venues, gyms, shops, cafes, museums, and galleries than a typical New York block."
117.01,Entire home/apt,4.88,2.0,1.0,1.0,1.0,80.0,True,1.0,1.0,2.0,"This is a residential area with more parks and green space than a typical New York block. It has fewer bars, grocery stores, hotels, pharmacies, transit options, dining, shops, cafes, gyms, and museums than a typical block."
241.66,Entire home/apt,4.21,4.0,3.0,3.0,1.0,19.0,False,3.0,1.0,4.0,"This is a residential area with fewer grocery stores, shops, bars, nightlife, and pharmacies than a typical New York block. Dining options are also limited in this area."
44.27,Private room,5.0,2.0,1.0,5.0,2.0,3.0,False,5.0,2.0,7.0,"This is a residential area with fewer shops, cafes, dining, entertainment venues, grocery stores, gyms, and sports facilities than a typical New York block. Transit access is also less frequent than average."
304.2,Entire home/apt,4.88,2.0,1.0,1.0,1.0,51.0,False,1.0,1.0,2.0,"This is a residential area with fewer bars, entertainment venues, landmarks, museums, cafes, dining options, grocery stores, gyms, pharmacies, shops, hotels, and transit access than a typical New York block."
125.37,Private room,5.0,4.0,1.0,1.0,1.0,10.0,False,1.0,1.0,2.0,"This is a residential area with fewer dining, grocery, gym, shop, and park options than a typical New York block. It has no bars, cafes, entertainment venues, hotels, landmarks, museums, pharmacies, or transit access."
116.97,Entire home/apt,4.67,2.0,2.0,1.0,1.0,6.0,False,1.0,1.0,2.0,"This is a residential area with fewer bars, nightlife, dining, grocery stores, shops, and transit options than a typical New York block."
303.3,Entire home/apt,5.0,6.0,3.0,3.0,1.0,17.0,False,3.0,1.0,4.0,"This is a residential area with fewer shops, dining, grocery stores, gyms, sports facilities, pharmacies, landmarks, museums, and galleries than a typical New York block. There are no bars, nightlife, cafes, entertainment venues, hotels, or subway and transit options nearby."
249.05,Entire home/apt,5.0,4.0,2.0,2.0,1.0,7.0,False,2.0,1.0,3.0,"This is a residential area with fewer dining, entertainment, grocery, and retail options than a typical New York block. It also has fewer pharmacies than average."
83.36,Private room,5.0,2.0,1.0,1.0,1.0,1.0,False,1.0,1.0,2.0,"This is a residential area with fewer bars, nightlife, dining, grocery stores, pharmacies, shops, and green space than a typical New York block."
44.81,Private room,5.0,1.0,1.0,1.0,1.0,1.0,False,1.0,1.0,2.0,"This is a residential area with fewer cafes, hotels, landmarks, museums, parks, pharmacies, transit options, bars, restaurants, entertainment venues, grocery stores, gyms, and shops than a typical New York block."
51.2,Private room,4.75,1.0,1.0,3.0,1.0,16.0,False,3.0,1.0,4.0,"This is a residential area with fewer cafes, entertainment venues, museums, galleries, parks, pharmacies, transit options, bars, dining, grocery stores, gyms, shops, and landmarks than a typical New York block."
106.47,Private room,4.67,3.0,2.0,1.0,1.0,269.0,False,1.0,1.0,2.0,"This is a residential area with fewer bars, entertainment venues, hotels, museums, galleries, dining options, cafes, grocery stores, pharmacies, shops, gyms, parks, and transit options than a typical New York block."
297.93,Entire home/apt,4.91,8.0,6.0,3.0,1.0,99.0,False,3.0,1.0,4.0,"This is a residential area with fewer entertainment venues, hotels, museums, galleries, parks, pharmacies, dining options, grocery stores, gyms, shops, bars, cafes, and transit options than a typical New York block."
120.0,Private room,4.67,2.0,1.0,1.0,1.0,6.0,False,1.0,1.0,2.0,"This is a residential area with fewer cafes, hotels, landmarks, museums, parks, pharmacies, transit options, bars, restaurants, entertainment venues, grocery stores, gyms, and shops than a typical New York block."
82.74,Entire home/apt,4.71,2.0,1.0,1.0,1.0,7.0,False,1.0,1.0,2.0,"This is a residential area with fewer dining, grocery, and shopping options than a typical New York block. It also has less green space than is common in the city."
165.5,Private room,4.92,2.0,1.0,1.0,1.5,62.0,True,1.0,1.5,2.5,"This is a residential area with fewer dining, entertainment, grocery, gym, shop, and landmark options than a typical New York block. There are no bars, cafes, museums, parks, pharmacies, or transit options nearby."
84.26,Entire home/apt,5.0,4.0,2.0,2.0,1.0,4.0,True,2.0,1.0,3.0,"This is a residential area with fewer entertainment venues, landmarks, parks, pharmacies, transit options, bars, cafes, dining, grocery stores, gyms, shops, hotels, museums, and galleries than a typical New York block."
103.0,Private room,4.9,2.0,2.0,1.0,1.0,31.0,False,1.0,1.0,2.0,"This is a residential area with fewer bars, nightlife, cafes, dining, entertainment venues, grocery stores, gyms, sports, and shops than a typical New York block."
387.17,Entire home/apt,4.61,6.0,3.0,3.0,2.0,31.0,False,3.0,2.0,5.0,"This area has fewer dining, entertainment, and shopping options than a typical New York block. It also has fewer hotels and museums than is common."
335.57,Entire home/apt,4.87,8.0,3.0,3.0,2.0,23.0,False,3.0,2.0,5.0,"This is a residential area with fewer bars, dining options, grocery stores, landmarks, and shops than a typical New York block."
63.8,Entire home/apt,5.0,1.0,1.0,1.0,1.0,9.0,True,1.0,1.0,2.0,"This is a residential area with fewer bars, nightlife, dining, gyms, sports, landmarks, sights, and shops than a typical New York block."
446.9,Entire home/apt,5.0,8.0,3.0,2.0,1.0,1.0,False,2.0,1.0,3.0,"This is a residential area with fewer cafes, bars, nightlife, dining, entertainment venues, grocery stores, gyms, sports facilities, pharmacies, and shops than a typical New York block."
153.39,Entire home/apt,4.86,8.0,5.0,2.0,1.0,139.0,False,2.0,1.0,3.0,"This is a residential area with fewer bars, restaurants, entertainment venues, grocery stores, gyms, shops, and green spaces than a typical New York block."
318.0,Private room,5.0,2.0,2.0,2.0,1.5,51.0,True,2.0,1.5,3.5,"This area has fewer bars, cafes, entertainment venues, hotels, museums, galleries, parks, pharmacies, dining options, grocery stores, gyms, shops, and landmarks than a typical New York block."
259.62,Private room,4.74,6.0,4.0,3.0,1.0,199.0,False,3.0,1.0,4.0,"This is a residential area with fewer bars, cafes, dining options, entertainment venues, grocery stores, gyms, shops, hotels, and pharmacies than a typical New York block."
160.0,Private room,4.93,2.0,1.0,3.0,1.5,30.0,True,3.0,1.5,4.5,"This area has above average access to subway and transit. It has fewer shops, grocery stores, gyms, sports facilities, and entertainment venues than a typical New York block."
128.76,Entire home/apt,4.51,6.0,2.0,2.0,1.0,288.0,False,2.0,1.0,3.0,"This is a residential area with fewer grocery stores, gyms, shops, and transit options than a typical New York block. There are also almost no dining options or nightlife venues in the immediate vicinity."
163.13,Entire home/apt,4.0,5.0,5.0,2.0,1.0,1.0,False,2.0,1.0,3.0,"This is a residential area with fewer dining options, shops, grocery stores, gyms, and nightlife venues than a typical New York block. It also has less access to parks, green space, and pharmacies."
268.5,Entire home/apt,4.9,2.0,2.0,2.0,1.0,84.0,False,2.0,1.0,3.0,"This is a residential area with fewer cafes, entertainment venues, hotels, landmarks, museums, parks, bars, restaurants, grocery stores, gyms, pharmacies, shops, and transit options than a typical New York block."
150.16,Entire home/apt,4.76,4.0,2.0,2.0,1.0,46.0,False,2.0,1.0,3.0,"This is a residential area with fewer grocery stores, gyms, pharmacies, shops, and hotels than a typical New York block. It also has almost no dining, bars, cafes, entertainment venues, museums, galleries, parks, or transit access."
84.92,Entire home/apt,4.8,2.0,1.0,1.0,1.0,20.0,True,1.0,1.0,2.0,"This is a residential area with fewer shops, dining, grocery stores, gyms, sports, and pharmacies than a typical New York block. There are no bars, nightlife, cafes, entertainment venues, landmarks, sights, museums, galleries, or parks nearby."
121.9,Private room,4.0,4.0,2.0,2.0,1.0,5.0,False,2.0,1.0,3.0,"This is a residential area with fewer cafes, shops, bars, restaurants, entertainment venues, grocery stores, gyms, and pharmacies than a typical New York block. There are no hotels, landmarks, museums, parks, or transit options nearby."
135.93,Entire home/apt,4.83,2.0,2.0,2.0,1.0,23.0,False,2.0,1.0,3.0,"This is a residential area with fewer commercial amenities, dining, and public spaces than a typical New York block."
187.78,Entire home/apt,4.89,6.0,3.0,3.0,2.0,19.0,False,3.0,2.0,5.0,"This is a residential area with fewer dining, grocery, pharmacy, and shop options than a typical New York block. It also has fewer entertainment venues, landmarks, and parks than usual."
213.4,Private room,4.75,2.0,2.0,2.0,1.0,140.0,True,2.0,1.0,3.0,"This is a residential area with fewer grocery stores, shops, entertainment venues, gyms, sports facilities, and hotels than a typical New York block. There are also no bars, nightlife, cafes, landmarks, museums, galleries, parks, green spaces, or transit options nearby, and dining options are limited."
101.55,Shared room,4.94,2.0,1.0,1.0,1.0,16.0,True,1.0,1.0,2.0,"This is a residential area with fewer dining, grocery, and shopping options than a typical New York block. It also has fewer landmarks, sights, and green spaces than usual."
265.53,Entire home/apt,4.89,5.0,2.0,2.0,1.0,18.0,False,2.0,1.0,3.0,"This is a residential area with fewer shops, dining, grocery stores, and gyms than a typical New York block. There is no nearby nightlife, entertainment, hotels, museums, pharmacies, or transit."
354.0,Private room,4.95,6.0,3.0,1.0,1.0,122.0,True,1.0,1.0,2.0,"This is a residential area with fewer dining options, grocery stores, landmarks, pharmacies, shops, and gyms than a typical New York block. It also lacks nearby bars, cafes, entertainment venues, hotels, museums, parks, and transit."
92.3,Entire home/apt,4.53,3.0,2.0,1.0,1.0,68.0,True,1.0,1.0,2.0,"This is a residential area with fewer bars, restaurants, entertainment venues, grocery stores, gyms, shops, and museums than a typical New York block."
159.03,Entire home/apt,5.0,2.0,1.0,1.0,1.0,6.0,True,1.0,1.0,2.0,"This is a residential area with fewer dining, grocery, and shopping options than a typical New York block. It also has less access to parks and green space than is standard for the city."
318.0,Private room,4.97,2.0,3.0,2.0,1.0,148.0,True,2.0,1.0,3.0,"This is a residential area with an unusually low number of shops, dining, and transit options. It also has fewer cafes, hotels, museums, galleries, grocery stores, bars, gyms, and pharmacies than a typical New York block."
296.77,Private room,4.95,8.0,4.0,3.0,1.0,20.0,False,3.0,1.0,4.0,"This is a residential area with fewer dining, grocery, gym, and retail options than a typical New York block."
157.0,Entire home/apt,4.94,2.0,1.0,1.0,1.0,47.0,True,1.0,1.0,2.0,"This is a residential area with fewer cafes, dining options, grocery stores, gyms, shops, and green spaces than a typical New York block. There are no bars, entertainment venues, hotels, landmarks, museums, pharmacies, or transit options nearby."
335.87,Entire home/apt,3.0,10.0,3.0,2.0,1.5,2.0,False,2.0,1.5,3.5,"This is a residential area with fewer grocery stores, hotels, museums, galleries, pharmacies, transit options, dining, shops, bars, nightlife, cafes, and gyms than a typical New York block."
72.48,Entire home/apt,4.5,4.0,2.0,1.0,1.0,4.0,False,1.0,1.0,2.0,"This is a residential area with fewer shops, dining, entertainment venues, grocery stores, gyms, sports, and pharmacies than a typical New York block. There are no bars, nightlife, cafes, hotels, landmarks, sights, museums, galleries, parks, green space, or subway and transit options nearby."
85.4,Entire home/apt,4.46,2.0,1.0,1.0,1.0,70.0,False,1.0,1.0,2.0,"This is a residential area with fewer dining, cafe, grocery, and shop options than a typical New York block. It also has less subway and transit access than average."
202.8,Entire home/apt,4.73,7.0,4.0,2.0,1.0,48.0,False,2.0,1.0,3.0,"This is a residential area with fewer shops, dining, grocery stores, and gyms than a typical New York block. There are no bars, cafes, entertainment venues, hotels, museums, galleries, pharmacies, or transit options nearby."
102.52,Entire home/apt,5.0,2.0,1.0,1.0,1.0,8.0,False,1.0,1.0,2.0,"This is a residential area with fewer bars, nightlife, museums, galleries, pharmacies, transit options, dining, grocery stores, cafes, entertainment venues, gyms, sports facilities, landmarks, sights, and shops than a typical New York block."
136.43,Entire home/apt,4.64,2.0,1.0,1.0,1.0,11.0,False,1.0,1.0,2.0,"This is a residential area with few shops, dining options, grocery stores, or pharmacies. It has no proximity to transit, entertainment, or public amenities."
174.22,Entire home/apt,4.97,4.0,3.0,2.0,1.0,30.0,False,2.0,1.0,3.0,"This is a residential area with fewer dining, grocery, shopping, landmark, and park options than a typical New York block. It also has fewer pharmacies and no nearby transit, nightlife, cafes, entertainment, gyms, or hotels."
169.8,Entire home/apt,5.0,4.0,2.0,1.0,1.0,26.0,False,1.0,1.0,2.0,"This is a residential area with an above-average amount of parks and green space. It has fewer grocery stores, shops, bars, and nightlife options than a typical New York block."
369.86,Private room,4.84,4.0,2.0,2.0,1.0,64.0,True,2.0,1.0,3.0,"This area is a residential block with fewer dining, shopping, grocery, hotel, and transit options than a typical New York block. It also lacks bars, cafes, entertainment venues, gyms, museums, and parks."
38.55,Private room,4.6,3.0,3.0,3.0,1.0,5.0,True,3.0,1.0,4.0,"This is a residential area with fewer dining, entertainment, grocery, gym, pharmacy, and shop options than a typical New York block. It also has fewer hotels and no nearby bars, cafes, landmarks, museums, parks, or transit."
140.0,Private room,4.59,2.0,1.0,1.0,1.0,27.0,False,1.0,1.0,2.0,"This is a residential area with fewer dining, grocery, and shop options than a typical New York block. There are no bars, cafes, entertainment venues, gyms, hotels, landmarks, museums, parks, pharmacies, or transit options nearby."
279.5,Private room,4.0,2.0,1.0,1.0,1.0,5.0,False,1.0,1.0,2.0,"This is a residential area with fewer dining, grocery, and shopping options than a typical New York block. There are no bars, cafes, entertainment venues, gyms, hotels, landmarks, museums, parks, pharmacies, or transit options nearby."
357.0,Private room,5.0,2.0,2.0,2.0,2.0,107.0,True,2.0,2.0,4.0,"This is a residential area with fewer shops, grocery stores, dining, entertainment venues, gyms, pharmacies, and transit options than a typical New York block. There are no bars, cafes, hotels, landmarks, museums, or parks in the immediate vicinity."
385.9,Entire home/apt,4.81,16.0,7.0,3.0,1.5,171.0,False,3.0,1.5,4.5,"This is an area with above average access to subway and transit. It has fewer shops, dining options, entertainment venues, and gyms and sports facilities than a typical New York block."
249.43,Entire home/apt,4.91,2.0,3.0,2.0,1.0,32.0,False,2.0,1.0,3.0,"This is a residential area with fewer dining, grocery, gym, landmark, pharmacy, and shop options than a typical New York block."
172.0,Entire home/apt,4.93,2.0,1.0,1.0,1.0,121.0,True,1.0,1.0,2.0,"This is a residential area with fewer cafes, gyms, hotels, landmarks, museums, parks, pharmacies, transit options, dining, entertainment, grocery stores, shops, and nightlife than a typical New York block."
90.23,Entire home/apt,4.81,4.0,2.0,1.0,1.0,31.0,False,1.0,1.0,2.0,"This area has fewer grocery stores, gyms, sports facilities, and shops than a typical New York block. It also has almost no dining options."
457.0,Private room,5.0,6.0,4.0,3.0,1.5,14.0,False,3.0,1.5,4.5,"This is a residential area with fewer shops, dining, nightlife, entertainment venues, grocery stores, pharmacies, and hotels than a typical New York block. There are no cafes, gyms, sports facilities, landmarks, museums, galleries, parks, or transit options nearby."
131.67,Entire home/apt,4.85,9.0,7.0,2.0,1.0,34.0,False,2.0,1.0,3.0,"This is a residential area with fewer dining, grocery, gym, pharmacy, and shop options than a typical New York block. Transit access is also more limited than average."
58.85,Entire home/apt,5.0,4.0,1.0,2.0,1.0,1.0,False,2.0,1.0,3.0,"This is a residential area with fewer bars, nightlife, dining options, grocery stores, shops, and pharmacies than a typical New York block."
114.37,Entire home/apt,4.0,6.0,3.0,1.0,1.0,1.0,True,1.0,1.0,2.0,"This is a residential area with fewer grocery stores, shops, dining options, and pharmacies than a typical New York block."
199.43,Private room,4.0,2.0,1.0,1.0,1.0,5.0,False,1.0,1.0,2.0,"This area has above average access to subway and transit. It has fewer bars, nightlife, entertainment venues, grocery stores, gyms, sports facilities, landmarks, museums, galleries, parks, pharmacies, dining options, cafes, and shops than a typical New York block."
385.5,Private room,5.0,2.0,2.0,2.0,2.0,10.0,True,2.0,2.0,4.0,"This is a residential area with fewer shops, dining options, entertainment venues, grocery stores, gyms, sports facilities, and pharmacies than a typical New York block."
160.0,Private room,5.0,2.0,1.0,1.0,1.0,32.0,True,1.0,1.0,2.0,"This is a residential area with fewer bars, nightlife, dining, grocery stores, pharmacies, and shops than a typical New York block."
189.0,Private room,4.88,2.0,1.0,1.0,1.0,25.0,True,1.0,1.0,2.0,"This is a residential area with fewer bars, nightlife, dining, grocery stores, pharmacies, and shops than a typical New York block."
108.74,Entire home/apt,4.91,2.0,1.0,1.0,1.0,348.0,False,1.0,1.0,2.0,"This is a residential area with fewer shops, gyms, sports facilities, and parks than a typical New York block. It also has almost no dining options and lacks nearby transit, grocery stores, and nightlife."
202.8,Entire home/apt,4.72,7.0,4.0,3.0,1.0,71.0,False,3.0,1.0,4.0,"This is a residential area with fewer shops, dining options, gyms, and transit access than a typical New York block."
111.22,Entire home/apt,5.0,3.0,3.0,1.0,1.0,6.0,True,1.0,1.0,2.0,"This is a residential area with fewer shops, grocery stores, gyms, sports facilities, pharmacies, entertainment venues, and transit options than a typical New York block. It also has fewer landmarks and sights than usual."
118.36,Entire home/apt,4.52,2.0,1.0,1.0,1.0,33.0,False,1.0,1.0,2.0,"This is a residential area with few grocery stores, gyms, sports facilities, landmarks, sights, pharmacies, shops, and hotels. There are no bars, nightlife, cafes, dining, entertainment venues, museums, galleries, parks, green spaces, or transit options nearby."
183.63,Entire home/apt,4.93,2.0,4.0,3.0,1.0,14.0,True,3.0,1.0,4.0,"This area has fewer grocery stores, shops, dining, entertainment venues, gyms, sports, and pharmacies than a typical New York block."
151.2,Private room,4.0,2.0,3.0,3.0,1.5,1.0,False,3.0,1.5,4.5,"This is a residential area with fewer shops, dining options, grocery stores, gyms, sports facilities, bars, nightlife, and green spaces than a typical New York block. It also has a lack of nearby cafes, entertainment venues, hotels, museums, galleries, pharmacies, and transit options."
144.29,Entire home/apt,5.0,4.0,2.0,1.0,1.0,30.0,False,1.0,1.0,2.0,"This is a residential area with fewer shops, bars, nightlife, dining, and grocery stores than a typical New York block."
152.21,Entire home/apt,5.0,1.0,1.0,1.0,1.0,2.0,False,1.0,1.0,2.0,"This is a residential area with fewer dining, entertainment, shopping, and transit options than a typical New York block."
174.65,Entire home/apt,5.0,4.0,2.0,2.0,1.0,2.0,True,2.0,1.0,3.0,"This area has fewer shops, dining, grocery stores, gyms, sports, and landmarks than a typical New York block. It is a residential area with no nearby bars, nightlife, cafes, entertainment venues, hotels, museums, galleries, parks, green space, pharmacies, or transit."
130.6,Entire home/apt,5.0,3.0,1.0,1.0,1.0,22.0,True,1.0,1.0,2.0,"This is a residential area with fewer bars, cafes, entertainment venues, gyms, hotels, landmarks, museums, transit options, dining, grocery stores, pharmacies, shops, and parks than a typical New York block."
255.34,Entire home/apt,4.96,2.0,2.0,2.0,1.0,179.0,True,2.0,1.0,3.0,"This is a residential area with fewer bars, cafes, grocery stores, museums, transit options, dining, entertainment venues, gyms, landmarks, pharmacies, shops, hotels, and parks than a typical New York block."
103.0,Private room,5.0,2.0,1.0,1.0,1.0,12.0,True,1.0,1.0,2.0,"This is a residential area with fewer shops, dining, bars, nightlife, grocery stores, gyms, sports facilities, cafes, and parks than a typical New York block. There are no entertainment venues, hotels, landmarks, sights, museums, galleries, pharmacies, or subway and transit options nearby."
87.3,Private room,3.0,2.0,1.0,1.0,1.0,3.0,False,1.0,1.0,2.0,"This is a residential area with fewer dining, shopping, grocery, and nightlife options than a typical New York block."
242.47,Private room,4.36,2.0,3.0,3.0,2.0,14.0,False,3.0,2.0,5.0,"This is a residential area with fewer grocery stores, shops, museums, galleries, and dining options than a typical New York block. It also lacks bars, nightlife, cafes, entertainment venues, gyms, sports facilities, hotels, parks, green spaces, pharmacies, and subway or transit access."
171.19,Entire home/apt,4.94,3.0,2.0,2.0,1.0,93.0,False,2.0,1.0,3.0,"This is a residential area with fewer gyms and sports facilities than a typical New York block. There are no bars, cafes, dining, entertainment venues, grocery stores, museums, galleries, pharmacies, or shops nearby."
222.53,Private room,4.73,2.0,1.0,1.0,1.0,112.0,False,1.0,1.0,2.0,"This is a residential area with fewer dining, grocery, gym, shop, and park options than a typical New York block. It has no bars, cafes, entertainment venues, hotels, landmarks, museums, pharmacies, or transit access."
61.73,Private room,4.5,2.0,1.0,2.0,1.0,29.0,False,2.0,1.0,3.0,"This is a residential area with fewer shops, dining, grocery stores, gyms, sports, landmarks, sights, and pharmacies than a typical New York block. There are no bars, nightlife, cafes, entertainment venues, hotels, museums, galleries, parks, green space, or transit nearby."
265.67,Entire home/apt,5.0,4.0,2.0,2.0,1.0,3.0,True,2.0,1.0,3.0,"This is a residential area near Coney Island that has fewer grocery stores, gyms, sports facilities, and pharmacies than a typical New York block. There are no bars, cafes, dining, entertainment venues, hotels, museums, galleries, shops, or transit options nearby."
237.97,Entire home/apt,5.0,6.0,1.0,3.0,2.0,2.0,False,3.0,2.0,5.0,"This is a residential area with fewer shops, dining options, grocery stores, gyms, and parks than a typical New York block. There are no bars, cafes, entertainment venues, hotels, landmarks, museums, or pharmacies in the immediate vicinity."
120.78,Entire home/apt,4.86,3.0,2.0,1.0,1.0,14.0,False,1.0,1.0,2.0,"This is a residential area with fewer bars, entertainment venues, museums, parks, shops, transit options, dining, cafes, grocery stores, gyms, landmarks, and pharmacies than a typical New York block."
69.62,Private room,4.89,3.0,1.0,1.0,1.0,91.0,True,1.0,1.0,2.0,"This area has fewer grocery stores, shops, cafes, gyms, sports facilities, entertainment venues, museums, galleries, and parks than a typical New York block. There are no bars, nightlife, dining, hotels, landmarks, sights, pharmacies, or transit options nearby."
137.87,Entire home/apt,5.0,2.0,1.0,1.0,1.0,17.0,False,1.0,1.0,2.0,"This is a residential area with fewer grocery stores, bars, nightlife, entertainment venues, shops, hotels, and transit options than a typical New York block."
326.0,Entire home/apt,4.76,2.0,2.0,2.0,1.0,244.0,True,2.0,1.0,3.0,"This is a residential area with fewer shops, dining options, and gyms than a typical New York block. There are no bars, cafes, entertainment venues, grocery stores, hotels, landmarks, museums, parks, or pharmacies nearby."
124.39,Private room,4.95,2.0,1.0,1.0,1.0,203.0,True,1.0,1.0,2.0,"This is a residential area with fewer shops, dining options, and transit access than a typical New York block. It also has less access to entertainment, grocery stores, gyms, landmarks, museums, and green space than most city blocks."
84.4,Entire home/apt,5.0,1.0,2.0,1.0,1.0,5.0,False,1.0,1.0,2.0,"This is a residential area with fewer shops, dining options, gyms, sports facilities, landmarks, and parks than a typical New York block. There are no bars, cafes, entertainment venues, grocery stores, museums, galleries, pharmacies, or transit options nearby."
128.23,Entire home/apt,5.0,4.0,1.0,2.0,1.0,5.0,False,2.0,1.0,3.0,"This is a residential area with fewer shops, dining options, grocery stores, gyms, pharmacies, and nightlife venues than a typical New York block."
375.0,Entire home/apt,4.83,2.0,2.0,2.0,1.0,109.0,True,2.0,1.0,3.0,"This is a residential area with fewer cafes, gyms, hotels, landmarks, museums, parks, pharmacies, transit options, dining, grocery stores, bars, nightlife, entertainment venues, and shops than a typical New York block."
238.0,Private room,4.9,4.0,3.0,2.0,1.0,270.0,True,2.0,1.0,3.0,"This is a residential area with fewer shops, gyms, sports facilities, hotels, and dining options than a typical New York block. There are no bars, nightlife, cafes, entertainment venues, grocery stores, landmarks, museums, galleries, parks, green spaces, pharmacies, or transit options nearby."
245.0,Entire home/apt,4.81,2.0,2.0,1.0,1.0,85.0,True,1.0,1.0,2.0,"This is a residential area with fewer grocery stores, shops, and hotels than a typical New York block."
274.5,Entire home/apt,4.8,2.0,3.0,2.0,1.0,230.0,True,2.0,1.0,3.0,"This is a residential area with fewer shops, dining options, grocery stores, bars, nightlife, and landmarks than a typical New York block."
239.19,Entire home/apt,4.8,8.0,3.0,3.0,1.5,82.0,False,3.0,1.5,4.5,"This is an area with few grocery stores and gyms, and almost no dining or shops. There are no bars, nightlife, entertainment venues, hotels, landmarks, museums, galleries, parks, pharmacies, or transit options nearby."
213.87,Entire home/apt,4.89,4.0,2.0,2.0,1.0,35.0,False,2.0,1.0,3.0,"This is a residential area with fewer pharmacies, shops, and dining options than a typical New York block."
135.13,Entire home/apt,4.89,4.0,2.0,2.0,1.0,9.0,False,2.0,1.0,3.0,"This is a residential area with fewer grocery stores, shops, entertainment venues, gyms, sports facilities, hotels, and transit options than a typical New York block."
111.43,Entire home/apt,4.0,2.0,1.0,2.0,1.0,1.0,True,2.0,1.0,3.0,"This is a residential area with fewer shops, gyms, sports facilities, and green spaces than a typical New York block."
73.8,Entire home/apt,4.92,2.0,1.0,1.0,1.0,156.0,False,1.0,1.0,2.0,"This is a residential area with fewer grocery stores, gyms, sports facilities, and entertainment venues than a typical New York block. The area also has almost no dining or shops and lacks bars, nightlife, cafes, hotels, landmarks, museums, galleries, parks, pharmacies, and transit options."
147.12,Entire home/apt,4.82,4.0,2.0,2.0,1.0,11.0,False,2.0,1.0,3.0,"This is a residential area with fewer grocery stores, shops, and dining options than a typical New York block."
203.77,Entire home/apt,5.0,4.0,3.0,2.0,1.0,3.0,False,2.0,1.0,3.0,"This is a residential area with fewer cafes, entertainment venues, gyms, hotels, landmarks, museums, parks, pharmacies, dining options, grocery stores, bars, shops, and transit options than a typical New York block."
164.18,Entire home/apt,4.43,5.0,2.0,2.0,1.0,40.0,False,2.0,1.0,3.0,"This is a residential area with fewer grocery stores, shops, and green spaces than a typical New York block. It also has almost no dining options and no nearby transit, nightlife, or entertainment."
157.5,Private room,5.0,2.0,2.0,2.0,1.0,12.0,False,2.0,1.0,3.0,"This is a residential area with fewer shops, dining options, grocery stores, gyms, pharmacies, and nightlife venues than a typical New York block."
508.0,Entire home/apt,4.71,6.0,3.0,3.0,2.0,35.0,False,3.0,2.0,5.0,"This is a residential area with fewer shops, dining, grocery stores, and gyms than a typical New York block. There are no bars, cafes, entertainment venues, hotels, landmarks, museums, parks, pharmacies, or transit options nearby."
112.47,Entire home/apt,4.0,4.0,2.0,2.0,1.0,3.0,False,2.0,1.0,3.0,"This is a residential area with fewer grocery stores, dining options, pharmacies, and transit access than a typical New York block."
314.19,Entire home/apt,4.64,14.0,7.0,7.0,4.0,22.0,False,7.0,4.0,11.0,"This is a residential area with fewer dining, shopping, entertainment, grocery, gym, hotel, and transit options than a typical New York block."
83.72,Entire home/apt,1.0,2.0,1.0,1.0,1.0,1.0,False,1.0,1.0,2.0,"This is a residential area with fewer shops, entertainment venues, grocery stores, and landmarks than a typical New York block. There are no bars, cafes, dining options, gyms, hotels, museums, pharmacies, or transit stations nearby."
127.96,Entire home/apt,5.0,2.0,1.0,1.0,1.0,2.0,False,1.0,1.0,2.0,"This is a residential area with fewer shops, grocery stores, and hotels than a typical New York block."
201.5,Entire home/apt,4.96,2.0,1.0,1.0,1.0,257.0,True,1.0,1.0,2.0,"This is a residential area with fewer shops, grocery stores, gyms, and sports facilities than a typical New York block. It also has fewer transit options, dining, entertainment, and public spaces than is common in the city."
184.39,Entire home/apt,4.67,4.0,2.0,2.0,1.0,6.0,False,2.0,1.0,3.0,"This is a residential area with fewer grocery stores, dining options, and shops than a typical New York block."
357.04,Entire home/apt,5.0,10.0,6.0,3.0,2.0,3.0,True,3.0,2.0,5.0,"This is a residential area with fewer shops, dining options, and transit access than a typical New York block."
138.3,Entire home/apt,5.0,3.0,2.0,2.0,1.0,2.0,True,2.0,1.0,3.0,"This is a residential area with fewer dining options, grocery stores, gyms, hotels, and transit access than a typical New York block."
96.51,Entire home/apt,4.92,4.0,2.0,1.0,1.0,183.0,False,1.0,1.0,2.0,"This is a residential area with fewer shops and landmarks than a typical New York block. It has no nearby transit, dining, entertainment, or services."
243.25,Entire home/apt,4.84,4.0,2.0,2.0,1.0,93.0,False,2.0,1.0,3.0,"This is a residential area with fewer grocery stores, gyms, sports facilities, and hotels than a typical New York block. There is almost no dining or shopping available in the immediate vicinity."
187.17,Entire home/apt,4.77,4.0,2.0,2.0,1.0,52.0,False,2.0,1.0,3.0,"This is a residential area with fewer amenities, dining options, shops, and transit access than a typical New York block. It also has less access to gyms, sports facilities, and landmarks than is common in the city."
205.5,Private room,5.0,4.0,1.0,2.0,1.0,1.0,False,2.0,1.0,3.0,"This is a residential area with fewer dining, grocery, shopping, and fitness options than a typical New York block. It also lacks bars, nightlife, entertainment venues, hotels, landmarks, museums, galleries, parks, pharmacies, and transit access."
380.5,Private room,4.69,7.0,3.0,3.0,2.0,16.0,False,3.0,2.0,5.0,"This is a residential area with fewer dining, shopping, entertainment, grocery, gym, and pharmacy options than a typical New York block. There are no bars, cafes, hotels, landmarks, museums, parks, or transit options nearby."
54.94,Entire home/apt,4.86,6.0,3.0,3.0,1.0,36.0,False,3.0,1.0,4.0,"This is a residential area with fewer grocery stores, gyms, sports facilities, dining options, and shops than a typical New York block."
95.32,Entire home/apt,5.0,3.0,2.0,2.0,1.0,9.0,True,2.0,1.0,3.0,"This is a residential area with fewer shops, dining options, and gyms than a typical New York block. It has no bars, cafes, entertainment venues, grocery stores, hotels, landmarks, museums, parks, pharmacies, or transit access."
238.24,Entire home/apt,4.5,4.0,2.0,2.0,1.0,4.0,False,2.0,1.0,3.0,"This is a residential area with fewer dining, grocery, and shopping options than a typical New York block. It also features fewer gyms and sports facilities than average."
232.5,Private room,5.0,2.0,2.0,2.0,1.0,1.0,False,2.0,1.0,3.0,"This is a residential area with fewer grocery stores, gyms, sports facilities, dining options, and shops than a typical New York block."
1036.5,Entire home/apt,4.91,6.0,3.0,2.0,1.0,44.0,False,2.0,1.0,3.0,"This is a residential area with fewer gyms and sports facilities than a typical New York block. There are no bars, cafes, dining, entertainment venues, grocery stores, hotels, museums, galleries, pharmacies, shops, or transit options nearby."
362.5,Private room,4.89,6.0,3.0,3.0,2.0,9.0,False,3.0,2.0,5.0,"This is a residential area with fewer gyms, sports facilities, landmarks, sights, and green spaces than a typical New York block. It also has almost no dining, grocery stores, or shops."
192.5,Entire home/apt,4.79,4.0,2.0,1.0,1.0,34.0,False,1.0,1.0,2.0,"This is a residential area with fewer bars, nightlife, entertainment venues, and shops than a typical New York block."
656.5,Entire home/apt,4.87,5.0,3.0,2.0,1.0,30.0,False,2.0,1.0,3.0,"This area has fewer businesses, transit options, and public spaces than a typical New York block. It is a residential area with almost no retail or dining establishments."
252.21,Private room,4.74,2.0,1.0,1.0,1.0,87.0,False,1.0,1.0,2.0,"This is a residential area with fewer grocery stores, shops, bars, nightlife, and entertainment venues than a typical New York block."
285.3,Entire home/apt,4.94,2.0,3.0,2.0,1.0,114.0,True,2.0,1.0,3.0,"This is a residential area with fewer shops, grocery stores, gyms, sports facilities, and landmarks than a typical New York block."
116.84,Entire home/apt,5.0,5.0,3.0,2.0,1.5,2.0,False,2.0,1.5,3.5,"This is a residential area with fewer shops, gyms, sports facilities, and landmarks than a typical New York block."
189.0,Private room,4.74,5.0,3.0,3.0,1.5,39.0,False,3.0,1.5,4.5,"This is a residential area with fewer dining options, bars, nightlife, grocery stores, and pharmacies than a typical New York block."
72.06,Private room,4.84,2.0,1.0,1.0,1.0,116.0,True,1.0,1.0,2.0,"This is a residential area with fewer entertainment venues, gyms, sports facilities, museums, and galleries than a typical New York block."
404.91,Entire home/apt,4.95,6.0,4.0,4.0,2.0,78.0,False,4.0,2.0,6.0,"This is a residential area with fewer bars, cafes, entertainment venues, grocery stores, gyms, museums, parks, pharmacies, transit options, dining, shops, and hotels than a typical New York block."
61.47,Private room,5.0,1.0,2.0,2.0,1.0,2.0,False,2.0,1.0,3.0,"This is a residential area with fewer gyms, sports facilities, and landmarks than a typical New York block. It also has almost no shops or dining options."
102.47,Entire home/apt,4.8,2.0,2.0,1.0,1.0,60.0,False,1.0,1.0,2.0,This is a residential area with fewer shops and landmarks than a typical New York block.
328.17,Entire home/apt,4.83,6.0,12.0,6.0,3.5,29.0,False,6.0,3.5,9.5,"This is a residential area with fewer dining options, grocery stores, shops, and green spaces than a typical New York block. There are no nearby transit options or well-known places."
277.65,Entire home/apt,4.75,6.0,1.0,1.0,1.0,4.0,True,1.0,1.0,2.0,"This is a residential area with fewer shops, landmarks, sights, and green spaces than a typical New York block. Coney Island is located nearby."
142.53,Entire home/apt,4.85,6.0,4.0,2.0,1.0,27.0,False,2.0,1.0,3.0,"This is a residential area with fewer bars, cafes, grocery stores, hotels, museums, parks, pharmacies, transit options, dining, shops, entertainment venues, gyms, and landmarks than a typical New York block."
290.41,Entire home/apt,4.6,6.0,3.0,3.0,2.0,84.0,False,3.0,2.0,5.0,"This is a residential area that has few dining options, landmarks, museums, galleries, or parks compared to a typical New York block. It has no bars, cafes, entertainment venues, grocery stores, gyms, hotels, pharmacies, shops, or transit access."
143.57,Entire home/apt,5.0,1.0,2.0,1.0,1.0,10.0,False,1.0,1.0,2.0,"This is a residential area with fewer gyms, sports facilities, and entertainment venues than a typical New York block."
143.0,Private room,4.82,2.0,1.0,1.0,1.0,74.0,True,1.0,1.0,2.0,"This is a residential area with few dining, grocery, or shopping options. It lacks the typical concentration of transit, services, and commercial establishments found on most New York blocks."
288.0,Private room,4.96,2.0,1.0,1.0,1.0,24.0,False,1.0,1.0,2.0,"This is an area with almost no dining or shops and a lack of bars, nightlife, cafes, entertainment venues, grocery stores, gyms, sports, landmarks, museums, galleries, parks, green space, pharmacies, and transit."
196.57,Private room,4.87,2.0,4.0,3.0,1.0,31.0,False,3.0,1.0,4.0,"This is a residential area with few shops, gyms, sports facilities, and landmarks compared to a typical New York block."
130.9,Entire home/apt,5.0,5.0,4.0,3.0,1.5,6.0,False,3.0,1.5,4.5,"This is a residential area with fewer shops, grocery stores, and gyms than a typical New York block. It lacks bars, nightlife, cafes, dining, entertainment venues, hotels, landmarks, museums, galleries, parks, pharmacies, and transit access."
317.99,Entire home/apt,4.89,16.0,4.0,2.0,1.0,18.0,False,2.0,1.0,3.0,"This is a residential area with fewer grocery stores, shops, and entertainment venues than a typical New York block."
192.86,Private room,5.0,4.0,3.0,2.0,1.0,17.0,False,2.0,1.0,3.0,"This is a residential area that has few dining options, grocery stores, or shops. It has no bars, nightlife, cafes, entertainment venues, gyms, sports facilities, hotels, landmarks, museums, galleries, parks, green space, pharmacies, or transit access."
549.0,Entire home/apt,4.95,6.0,3.0,3.0,2.0,120.0,True,3.0,2.0,5.0,"This area has few grocery stores, bars, nightlife venues, gyms, sports facilities, and parks compared to a typical New York block. It lacks cafes, dining, entertainment venues, hotels, landmarks, museums, galleries, pharmacies, shops, and transit access."
253.91,Entire home/apt,4.85,2.0,2.0,1.0,1.0,148.0,True,1.0,1.0,2.0,"This is a residential area near Coney Island that has fewer shops and landmarks than a typical New York block. It has no bars, cafes, dining, entertainment, grocery stores, gyms, hotels, museums, parks, pharmacies, or transit."
211.56,Entire home/apt,5.0,6.0,6.0,3.0,2.0,2.0,False,3.0,2.0,5.0,"This area is a residential block with fewer amenities, dining options, and transit access than a typical New York block."
294.0,Entire home/apt,4.7,7.0,3.0,3.0,2.0,53.0,False,3.0,2.0,5.0,"This is a residential area with fewer grocery stores and gyms than a typical New York block. There are no bars, cafes, dining, entertainment venues, hotels, landmarks, museums, pharmacies, shops, or transit options nearby."
223.01,Entire home/apt,4.74,4.0,3.0,2.0,1.0,19.0,False,2.0,1.0,3.0,This is a residential area with fewer gyms and sports facilities than a typical New York block. It also has almost no dining or shops.
166.51,Private room,4.92,7.0,2.0,3.0,1.0,12.0,False,3.0,1.0,4.0,This is a residential area with fewer shops and grocery stores than a typical New York block.
149.0,Private room,4.92,2.0,2.0,2.0,1.0,220.0,True,2.0,1.0,3.0,"This is a residential area with fewer grocery stores, shops, gyms, and sports facilities than a typical New York block. It also has less park and green space than is common in the city."
159.76,Entire home/apt,4.81,3.0,1.0,1.0,1.0,16.0,True,1.0,1.0,2.0,"This is an area near Coney Island that has fewer shops, transit options, and landmarks than a typical New York block. It lacks bars, cafes, dining, entertainment, grocery stores, gyms, hotels, museums, parks, and pharmacies."
61.66,Private room,2.0,1.0,1.0,1.0,1.0,1.0,False,1.0,1.0,2.0,This is a residential area with few grocery stores and limited entertainment venues and landmarks.
104.6,Entire home/apt,5.0,2.0,1.0,1.0,1.0,3.0,False,1.0,1.0,2.0,"This is a residential area with fewer shops, gyms, sports facilities, and hotels than a typical New York block. There is no nearby access to dining, nightlife, transit, or other commercial and public amenities."
67.85,Entire home/apt,4.66,4.0,2.0,1.0,1.0,242.0,True,1.0,1.0,2.0,"This is a residential area with fewer grocery stores, bars, nightlife, and green spaces than a typical New York block."
294.0,Entire home/apt,4.38,4.0,3.0,2.0,1.0,61.0,False,2.0,1.0,3.0,This is a residential area with an unusually low number of dining and retail options.
352.59,Entire home/apt,4.95,10.0,5.0,5.0,3.0,20.0,True,5.0,3.0,8.0,"This is a residential area with fewer shops, gyms, and sports facilities than a typical New York block. There are no nearby bars, cafes, dining, entertainment, grocery stores, hotels, landmarks, museums, parks, pharmacies, or transit options."
135.83,Entire home/apt,3.25,1.0,1.0,1.0,1.0,4.0,False,1.0,1.0,2.0,"This is a residential area with fewer gyms, sports facilities, and hotels than a typical New York block."
213.96,Entire home/apt,4.9,6.0,6.0,3.0,2.5,105.0,False,3.0,2.5,5.5,This is a residential area with an unusually low number of shops and dining options.
278.51,Entire home/apt,4.33,12.0,7.0,3.0,1.0,6.0,True,3.0,1.0,4.0,"This is a residential area with fewer bars, cafes, dining, entertainment venues, grocery stores, gyms, hotels, museums, pharmacies, shops, transit, landmarks, and parks than a typical New York block."
162.15,Entire home/apt,4.64,5.0,3.0,2.0,1.0,14.0,False,2.0,1.0,3.0,"This is a residential area with fewer dining options, grocery stores, and green spaces than a typical New York block."
99.56,Entire home/apt,4.87,2.0,2.0,1.0,1.0,339.0,False,1.0,1.0,2.0,"This is a residential area with fewer shops, gyms, sports facilities, and landmarks than a typical New York block."
171.11,Entire home/apt,3.0,3.0,1.0,1.0,1.0,2.0,False,1.0,1.0,2.0,"This is a residential area that lacks bars, cafes, dining, entertainment venues, grocery stores, gyms, pharmacies, shops, and subway transit."
218.67,Entire home/apt,5.0,2.0,1.0,1.0,1.0,1.0,False,1.0,1.0,2.0,This area is a residential block with almost no shops.
375.45,Entire home/apt,4.86,5.0,3.0,3.0,2.0,138.0,True,3.0,2.0,5.0,This is a residential area with fewer gyms and sports facilities than typical New York blocks and almost no dining options.
108.52,Entire home/apt,4.81,6.0,3.0,1.0,1.0,94.0,True,1.0,1.0,2.0,This is a residential area with fewer shops and gyms than a typical New York block.
105.3,Entire home/apt,4.72,2.0,1.0,1.0,1.0,47.0,False,1.0,1.0,2.0,"This is a residential area that has few shops and lacks access to transit, dining, and other typical city amenities."
100.7,Entire home/apt,5.0,2.0,2.0,1.0,1.0,8.0,True,1.0,1.0,2.0,"This is a residential area that has fewer bars, cafes, entertainment venues, grocery stores, gyms, hotels, museums, parks, pharmacies, shops, transit options, dining, and landmarks than a typical New York block."
73.19,Entire home/apt,5.0,4.0,1.0,1.0,1.0,2.0,False,1.0,1.0,2.0,"This is a residential area with fewer shops and less green space than a typical New York block. There is no access to transit, dining, or other commercial services nearby."
144.88,Entire home/apt,4.51,5.0,2.0,2.0,1.0,37.0,False,2.0,1.0,3.0,This is a residential area with fewer gyms and sports facilities than a typical New York block. There are no other notable amenities or transit options nearby.
120.2,Entire home/apt,4.33,4.0,2.0,2.0,1.0,6.0,False,2.0,1.0,3.0,This area is a residential block with fewer grocery stores and less green space than a typical New York block.
289.85,Entire home/apt,4.38,4.0,2.0,2.0,2.0,13.0,False,2.0,2.0,4.0,This is a residential area with almost no shops.
317.0,Entire home/apt,4.0,4.0,2.0,2.0,1.0,3.0,False,2.0,1.0,3.0,"This is a residential area with fewer gyms and sports facilities than a typical New York block. There are no bars, cafes, dining, entertainment venues, grocery stores, hotels, landmarks, museums, pharmacies, shops, or transit options nearby."
476.5,Entire home/apt,4.95,8.0,5.0,3.0,2.0,104.0,True,3.0,2.0,5.0,This area is a residential block with almost no grocery stores.
365.5,Entire home/apt,4.76,4.0,3.0,3.0,2.0,131.0,False,3.0,2.0,5.0,This is a residential area with almost no grocery stores.
248.9,Entire home/apt,4.65,6.0,3.0,3.0,2.0,48.0,False,3.0,2.0,5.0,This is a residential area with almost no grocery stores.
96.71,Entire home/apt,4.94,2.0,2.0,1.0,1.0,121.0,False,1.0,1.0,2.0,This is a residential area with fewer gyms and sports facilities than a typical New York block.
98.53,Entire home/apt,4.74,2.0,1.0,1.0,1.0,23.0,False,1.0,1.0,2.0,This is a residential area with fewer gyms and sports facilities than a typical New York block.
204.84,Entire home/apt,4.85,14.0,5.0,3.0,2.0,13.0,False,3.0,2.0,5.0,This is a residential area with fewer bars and nightlife options than a typical New York block.
