price,room_type,ratings,guests,bathrooms,property_number_of_reviews,is_superhost,num_bedrooms,num_baths,surroundings_summary
284.1,Entire home/apt,4.91,3.0,1.0,11.0,False,1.0,1.0,"Top blocks for cafes and shops anchor a dense retail corridor steps from Herald Square and Madison Square Garden, with rapid transit and sports facilities steps away adding broad citywide access."
323.33,Private room,4.74,1.0,1.0,43.0,False,2.0,1.0,"Shops, cafes, and hotels rank among the highest-density blocks citywide, while grocery and markets sit steps away for everyday needs. Herald Square and the Empire State Building are within a short walk, placing the location near Midtown's core landmarks."
690.98,Private room,4.0,8.0,2.0,1.0,False,2.0,2.0,"Hotels and shops rank in the top 1% of NYC blocks while gyms and sports facilities rank in the top 2%, and grocery markets and cultural venues are steps away. The location sits right by the Empire State Building and a couple minutes from Herald Square."
588.0,Entire home/apt,4.0,2.0,1.0,5.0,False,1.0,1.0,"Shops, cafes, and entertainment venues cluster at exceptionally high levels for NYC, while hotels and sports facilities sit right on the doorstep. Times Square is right by, with Bryant Park a couple minutes away and Rockefeller Center a short walk from the block."
290.0,Private room,4.14,2.0,1.0,7.0,False,1.0,1.0,"Gyms and sports facilities sit at the very top of citywide density, while hotels and shops also rank among the highest in NYC, with grocery and markets right on the doorstep and cultural venues a short walk away. Madison Square Park is a couple minutes away, with the Flatiron Building and Herald Square within a short walk and the Empire State Building and Madison Square Garden about ten minutes further."
1452.0,Private room,5.0,12.0,3.0,1.0,False,3.0,3.0,"Entertainment venues, hotels, and shops cluster at some of the highest concentrations found across NYC blocks, while parks and cultural venues remain within a short walk. The block sits right by Rockefeller Center, a couple minutes from Times Square, and a short walk from Radio City Music Hall, Top of the Rock, and the Museum of Modern Art."
1199.0,Entire home/apt,5.0,5.0,1.0,21.0,True,2.0,1.0,"Top-tier dining, gyms, and hotels sit alongside immediate cultural venues and quick grocery access, with Madison Square Park and the Empire State Building only a short walk away."
312.68,Entire home/apt,4.73,4.0,1.0,15.0,False,1.0,1.0,"Transit-rich block with dense entertainment and fitness options, set steps from cultural venues and hotels near Times Square and Madison Square Garden."
595.92,Private room,4.46,8.0,1.0,56.0,False,1.0,1.0,"Gyms, shops, and cafes cluster at unusually high densities for New York City, while hotels and rapid transit sit right at the block. Madison Square Garden is only a couple of minutes away, placing the area within easy reach of Midtown's major landmarks."
475.05,Entire home/apt,3.0,5.0,1.0,1.0,False,1.0,1.0,"Entertainment venues, subway access, and gyms stand out against the rest of New York City, with hotels on the doorstep and Bryant Park steps away."
266.0,Private room,4.4,2.0,1.0,15.0,False,1.0,1.0,"

Cafés and museums appear here at concentrations matched by only a small share of city blocks, with shops also well above typical levels. Grocery and market options sit steps away, and the New Museum is about a ten-minute walk."
164.73,Entire home/apt,4.87,2.0,1.0,23.0,True,2.0,1.0,"Cafés, grocery stores, and museums and galleries cluster here at some of the highest densities found across New York City blocks. The New Museum and Manhattan Bridge sit within a short walk, and hotels and rapid transit are also steps away."
724.27,Entire home/apt,4.83,6.0,1.0,6.0,True,2.0,1.0,"Entertainment venues, hotels, and cafes cluster at exceptional levels here, while cultural venues and grocery options lie within immediate walking distance. Times Square sits right by, and Bryant Park is a short walk away."
325.0,Private room,4.46,2.0,1.0,61.0,False,1.0,1.0,"Museums, cafes, and grocery stores cluster at unusually high density, while hotels and rapid transit are within easy reach. The New Museum is a short walk away, with the Manhattan Bridge about ten minutes from the block."
232.42,Private room,4.86,2.0,1.0,7.0,False,1.0,1.0,"With gyms ranking in the top 1 percent of NYC blocks alongside shops and entertainment venues in the top tier, this stretch feels intensely activity-driven, while cultural venues and grocery markets sit steps away for everyday contrast. Madison Square Garden lies about ten minutes out, adding a major landmark anchor to the mix."
454.78,Entire home/apt,4.33,6.0,1.0,3.0,False,3.0,1.0,"Entertainment venues, transit, and gyms rank in the top 2% of NYC blocks, while hotels and cultural venues sit on the doorstep. Times Square, Hudson Yards, Madison Square Garden, The High Line, The Vessel, and Herald Square are all within about ten minutes."
198.53,Private room,4.9,4.0,1.0,39.0,True,1.0,1.0,"Grocery, dining, and cafe options rank among the very highest in the city, while cultural venues and parks are within easy walking distance. The Manhattan Bridge is also a short walk away."
207.0,Hotel room,4.0,4.0,1.0,1.0,False,1.0,1.0,"Dining and museum options rank among the top 2% of NYC blocks, while grocery access is exceptionally limited, and parks and hotels are both a short walk away. The Manhattan Bridge is within a short walk of the area."
155.03,Entire home/apt,5.0,3.0,1.0,1.0,False,1.0,1.0,"The block sits among the most museum-dense stretches in New York while also ranking near the top for grocery and nightlife access, with hotels and sports facilities within immediate reach. The New Museum is a short walk away, and the Manhattan Bridge lies about ten minutes from the area."
336.65,Entire home/apt,4.98,3.0,1.5,47.0,False,1.0,1.5,"Entertainment venues, subway access, and bars rank at the very top of NYC blocks, while hotels and cultural venues sit steps away. The location is a short walk from Times Square and Rockefeller Center, with Radio City Music Hall within about ten minutes."
615.0,Hotel room,5.0,2.0,1.0,2.0,False,1.0,1.0,"Bars and nightlife rank in the top 1 percent of New York City blocks while museums and galleries sit in the top 3 percent, and hotels are steps away. The New Museum is only a couple of minutes from this setting."
285.17,Entire home/apt,4.83,4.0,1.0,6.0,False,1.0,1.0,"A short walk from Madison Square Park, this block pairs top-tier access to gyms, grocery stores, and hotels with cultural venues and parks and open space just steps away."
214.9,Entire home/apt,4.81,2.0,1.0,16.0,False,2.0,1.0,"Dense dining, museums, and parks place this block in the top tier citywide, while a short walk to rapid transit and sports facilities adds everyday convenience. It is steps from Washington Square Park and within about ten minutes of Washington Square Arch and the Stonewall Inn."
318.27,Private room,4.75,4.0,1.0,129.0,False,2.0,1.0,"Independence stands apart citywide through exceptional grocery, subway, and museum access, while a short walk from the Manhattan Bridge and roughly ten minutes from the New Museum places it in a richly connected slice of the Lower East Side."
154.22,Entire home/apt,4.33,1.0,1.0,6.0,False,1.0,1.0,"Midtown Manhattan stands out citywide for its dense concentration of gyms, hotels, and shops, while remaining steps from parks and cultural venues. The Waldorf Astoria is a short walk away, and Central Park lies about ten minutes from the area."
289.35,Private room,3.68,2.0,1.0,31.0,False,1.0,1.0,"Located within a couple minutes of Times Square and a short walk from Rockefeller Center, the area combines a top percentile concentration of entertainment venues, dining, and bars with hotels and grocery options on the doorstep."
245.8,Entire home/apt,5.0,3.0,2.0,2.0,False,1.0,2.0,"A short walk from the Manhattan Bridge, this stretch pairs top-tier subway access and grocery density with an unusually rich concentration of museums and galleries, while hotels and small parks lie within easy reach, and the New Museum sits roughly ten minutes away."
397.7,Entire home/apt,4.62,4.0,1.0,81.0,False,1.0,1.0,"A short walk from Madison Square Park, the block pairs top-tier gym and grocery access with a notable cluster of hotels, while cultural venues and open green space lie within easy reach."
547.36,Entire home/apt,4.83,4.0,1.0,46.0,True,1.0,1.0,"A short walk from rapid transit and hotels, the block sits within the top tier of NYC for grocery stores and museums while also ranking among the highest for bars and nightlife, and is about ten minutes from the New Museum and Manhattan Bridge."
116.15,Entire home/apt,4.7,2.0,1.0,37.0,False,1.0,1.0,"The block sits among the top tier of NYC streets for dining, bars, and museums, while green space and subway access are both within a short walk. Washington Square Park is a short walk away."
388.43,Entire home/apt,5.0,2.0,1.0,1.0,False,2.0,1.0,"Steps from rapid transit and a short walk from Tompkins Square Park, the block sits among the city's most concentrated bar and nightlife strips while also ranking near the top for dining and grocery access, with the New Museum about ten minutes away."
418.61,Entire home/apt,3.0,3.0,1.0,1.0,False,1.0,1.0,"

Entertainment venues, restaurants, and bars concentrate at a level rarely matched elsewhere in NYC, while hotels sit on the doorstep and sports facilities are steps away. Rockefeller Center, Carnegie Hall, and Times Square are all within a short walk."
283.55,Entire home/apt,4.81,1.0,1.0,62.0,False,1.0,1.0,"The block ranks among the highest in NYC for gyms and sports facilities and also falls within the top range for shops and museums, with hotels steps away and the Flatiron Building a short walk from the entrance."
276.7,Entire home/apt,4.82,2.0,1.0,11.0,True,1.0,1.0,"Museums and galleries rank in the top 2% of NYC blocks, while attractions and gyms rank in the top 3%, and hotels are steps away with a grocery market a short walk from the Woolworth Building."
656.33,Entire home/apt,4.88,5.0,1.0,110.0,True,2.0,1.0,"Top-ranked attractions, cafes, and parks sit alongside sports facilities and grocery options right by Federal Hall and the New York Stock Exchange, with Trinity Church and Wall Street only a couple minutes away."
210.2,Entire home/apt,5.0,2.0,1.0,6.0,False,1.0,1.0,"

Steps from Washington Square Park, the surrounding blocks rank among New York City's most dining- and nightlife-dense, while cultural venues sit equally close at hand."
139.49,Private room,4.5,2.0,1.0,688.0,False,1.0,1.0,"Federal Hall sits within a block where attractions and cafes are far more concentrated than the NYC norm, with grocery access also well above typical levels, while sports facilities are steps away."
745.0,Private room,5.0,3.0,1.0,5.0,False,1.0,1.0,"The block sits among the most park-rich and attraction-rich stretches in New York, with museums and galleries also well represented, while hotels and sports facilities are steps away. It lies a couple of minutes from The Plaza Hotel and Grand Army Plaza, and a short walk from Carnegie Hall and Rockefeller Center."
449.27,Entire home/apt,5.0,2.0,1.0,1.0,False,1.0,1.0,"Dining options rank in the top 1% of NYC blocks, while bars and nightlife rank in the top 5% and entertainment venues in the top 8%. Cultural venues and rapid transit are both steps away, and Washington Square Park lies a short walk from the block."
878.86,Entire home/apt,4.94,2.0,1.0,36.0,True,1.0,1.0,"Dining options rank in the top 3% of NYC blocks while bars and nightlife sit in the top 8%, and rapid transit is steps away. Stonewall Inn is a couple minutes away and Washington Square Park is a short walk from the location."
112.43,Private room,5.0,3.0,1.0,2.0,False,1.0,1.0,"The block ranks in the top tier of NYC neighborhoods for attractions, hotels, and grocery stores, while offering sports facilities and cultural venues within immediate walking distance. Madison Square Park and the Empire State Building are each about ten minutes away."
59.11,Entire home/apt,4.6,1.0,1.0,5.0,True,1.0,1.0,"Entertainment venues, subway access, and bars rank among the highest concentrations citywide, with hotels on the doorstep a short walk from Times Square."
628.0,Private room,5.0,4.0,2.0,1.0,False,1.0,2.0,"Near Central Park and Columbus Circle, this block combines top-tier attractions, transit, and green space, with hotels and sports facilities right at the doorstep."
149.39,Entire home/apt,5.0,2.0,1.0,1.0,False,1.0,1.0,"A short walk brings rapid transit alongside sports facilities and one of the city's most cafe-dense blocks, while a stretch of top-tier green space sits steps from the Waldorf Astoria."
417.51,Entire home/apt,4.73,4.0,1.0,56.0,True,1.0,1.0,"Dining, cafes, and shops rank in the top 10% of NYC blocks here, while cultural venues and sports facilities are steps away. The block sits a couple minutes from Stonewall Inn and a short walk from Washington Square Park."
266.07,Entire home/apt,4.93,2.0,1.0,15.0,False,1.0,1.0,"Chelsea pairs top-tier fitness density with standout retail and grocery access, while cultural venues and hotels sit steps away. Madison Square Garden and the Flatiron Building are within roughly ten minutes."
290.21,Entire home/apt,4.4,2.0,1.0,5.0,False,1.0,1.0,"Dining, cafes, and shops are more densely concentrated here than on most NYC blocks, with rapid transit steps away near the Stonewall Inn."
286.3,Entire home/apt,4.77,5.0,1.0,99.0,True,1.0,1.0,"Dining, cafes, and shops rank in the top 8–10% of NYC blocks, while rapid transit and parks are both a short walk away, and Stonewall Inn is a couple minutes from the area."
620.33,Private room,4.95,4.0,1.0,21.0,False,1.0,1.0,"Midtown's dense cafe scene contrasts with unusually strong park and transit access, while hotels and sports facilities sit steps from the block. Grand Central Terminal is a short walk away, and the Chrysler Building is only a couple minutes from the area."
279.65,Entire home/apt,4.5,2.0,2.5,4.0,False,2.0,2.5,"Dining, shopping, and cafés sit in the top sliver of city blocks, while rapid transit and cultural venues are steps away. Stonewall Inn is a couple minutes off, and Washington Square Park and the Washington Square Arch are a short walk."
63.84,Entire home/apt,4.5,1.0,1.0,2.0,True,1.0,1.0,"

Gym, museum, and shop densities here exceed those of nearly all other city blocks. Rapid transit is a short walk away, with the Flatiron Building roughly ten minutes on foot."
255.23,Entire home/apt,4.5,1.0,1.0,4.0,False,1.0,1.0,"Greenwich Village dining, cafes, and shops rank in the top tenth of New York City blocks, while cultural venues and sports facilities are within a short walk. The Stonewall Inn is a couple of minutes away, with Washington Square Park roughly ten minutes on foot."
1685.0,Entire home/apt,5.0,5.0,2.0,4.0,False,2.0,2.0,"Steps from The Plaza Hotel and Central Park, this block sits among the top tier of NYC blocks for parks and green space while also ranking near the top for attractions and museums, with sports facilities on the doorstep."
651.0,Entire home/apt,4.82,2.0,1.0,22.0,True,1.0,1.0,"Steps from Trinity Church and the Woolworth Building, this block pairs top-tier subway and transit access with a sports facility and cultural venue within easy reach."
298.0,Entire home/apt,4.86,2.0,1.0,356.0,True,1.0,1.0,"Proximity to Wall Street and the New York Stock Exchange pairs with attractions at the very top of citywide rankings, while the area also benefits from subway and transit access in the top 1% of NYC blocks. A couple of minutes from the Woolworth Building and a short walk from the 9/11 Memorial & Museum place these landmarks within easy reach, and grocery stores in the top 6% of the city add everyday convenience alongside nearby sports facilities and cultural venues."
388.57,Entire home/apt,5.0,3.0,1.0,1.0,False,1.0,1.0,"This Financial District block pairs top-tier access to attractions and green space with cultural venues and sports facilities on the doorstep, just a couple minutes from Federal Hall and a short walk from Wall Street and Trinity Church."
272.77,Entire home/apt,5.0,3.0,1.0,1.0,True,1.0,1.0,"Museum density and supermarket access sit well above the typical city block, while subway service is strong but more commonly matched across the boroughs. Parks and open space lie within a short walk, and the Manhattan Bridge and New Museum are about ten minutes away."
354.0,Hotel room,5.0,4.0,1.0,1.0,False,1.0,1.0,"Midtown Manhattan blocks rank among the city's highest for cafes, hotels, and dining, while sports facilities and cultural venues sit steps away. The Waldorf Astoria is a couple minutes from the area, with St. Patrick's Cathedral a short walk and Grand Central Terminal about ten minutes away."
954.0,Entire home/apt,4.84,6.0,2.0,25.0,True,2.0,2.0,"Attractions and subway access rank among the top tier citywide, while parks and green space sit near the top of NYC blocks, all steps from sports facilities and hotels and a couple minutes from the Woolworth Building."
215.01,Entire home/apt,4.75,4.0,1.0,63.0,False,1.0,1.0,"Top citywide contrasts in bars, nightlife, and entertainment sit alongside strong dining options, with hotels and rapid transit within a short walk, and Times Square about ten minutes away."
166.63,Private room,4.71,1.0,1.0,24.0,True,1.0,1.0,"Bars dominate the nightlife scene here while nearby Tompkins Square Park offers a strong green counterpoint, and cultural venues such as the New Museum sit roughly ten minutes away."
2054.12,Entire home/apt,4.81,6.0,2.0,37.0,True,2.0,2.0,"This block sits in the top three percent of New York City locations for museums and galleries, gyms, and attractions, while everyday errands and rapid transit remain within a short walk. The Woolworth Building is nearby, and One World Trade Center and the 9/11 Memorial & Museum are roughly ten minutes away."
764.59,Entire home/apt,4.76,5.0,1.0,117.0,True,2.0,1.0,"Midtown Manhattan pairs standout concentrations of attractions, hotels, and grocery options with immediate access to cultural venues and parks. The Morgan Library & Museum and Grand Central Terminal are within a short walk."
315.51,Entire home/apt,4.67,3.0,1.0,12.0,False,1.0,1.0,"A short walk from hotels and grocery options, the block sits near Chelsea Market, the Flatiron Building, Madison Square Park, and The High Line, while ranking among the top tier of NYC blocks for gyms, shops, and museums."
2282.36,Entire home/apt,4.94,6.0,3.0,68.0,True,3.0,3.0,"Shops, bars and nightlife, and dining are far more concentrated than on most New York City blocks, while grocery markets and cultural venues are steps away, with The High Line a short walk from the area."
627.67,Private room,4.91,2.0,1.0,57.0,False,1.0,1.0,"Central Park sits steps from a block dense with parks and museums, with hotels just outside the door."
105.62,Entire home/apt,4.33,2.0,1.0,3.0,True,1.0,1.0,"Blocks here rank among the highest in NYC for gyms and sports facilities and for museums and galleries, with shops also well above the citywide norm. Rapid transit is steps away, and Washington Square Park lies within easy walking distance."
136.8,Entire home/apt,4.67,2.0,1.0,3.0,False,1.0,1.0,"Steps from midtown hotels and a stretch of open space sit alongside a block ranked in the top 5 percent citywide for entertainment venues and the top 8 percent for bars, while the Intrepid Sea, Air & Space Museum and Times Square lie roughly ten minutes away."
239.7,Entire home/apt,5.0,2.0,1.0,3.0,False,1.0,1.0,"Attractions rank higher here than on nearly all NYC blocks, while hotels and museums and galleries also exceed the citywide norm, with rapid transit steps away and a short walk from The Morgan Library & Museum."
197.82,Entire home/apt,4.86,3.0,1.0,108.0,True,1.0,1.0,"West Village blocks rank in the top tenth citywide for gyms and sports and the top fifteenth for shops and dining, while the Christopher St–Sheridan Square station sits within a short walk and a grocery is also nearby."
169.58,Entire home/apt,5.0,2.0,1.0,1.0,True,1.0,1.0,"Gyms, museums, and shops outpace the citywide average. The neighborhood sits within a short walk of rapid transit and steps from Washington Square Park."
262.0,Entire home/apt,4.75,2.0,1.0,60.0,False,1.0,1.0,"Parks and green space rank in the top 7% of NYC blocks while bars and nightlife sit in the top 13%, and cultural venues are on the doorstep. The location is a short walk from Union Square and about ten minutes from Madison Square Park."
201.0,Entire home/apt,4.64,2.0,1.0,58.0,False,1.0,1.0,"Parks and green space rank in the top 7% of NYC blocks while bars and nightlife sit in the top 13%, and cultural venues are on the doorstep a short walk from Union Square."
856.0,Entire home/apt,4.96,4.0,2.0,68.0,True,2.0,2.0,"Steps away from the Manhattan Bridge, the block pairs dense museum and cultural draws with a tranquil park edge, while hotels sit on the doorstep for easy access. Transit options rank among the city’s most connected, matching the surrounding concentration of galleries and everyday grocery convenience."
419.4,Entire home/apt,5.0,4.0,1.0,1.0,False,2.0,1.0,"Steps from rapid transit and sports facilities, the block ranks among the city's most entertainment-dense, while bars and dining sit near the top tier as well, with Columbus Circle about ten minutes away."
232.88,Entire home/apt,4.0,3.0,1.0,2.0,False,1.0,1.0,"Entertainment venues, bars, and dining options sit in the top tiers of NYC blocks, while cultural venues and rapid transit are just steps away. The Intrepid Sea, Air & Space Museum and Times Square lie about ten minutes from the area."
290.25,Entire home/apt,4.6,5.0,1.0,5.0,False,2.0,1.0,"Entertainment venues and bars rank among the top tier citywide, while dining options sit well above the typical block. Cultural venues and rapid transit are both within a short walk, and the Intrepid Sea, Air & Space Museum and Times Square are about ten minutes away."
165.93,Entire home/apt,4.0,2.0,1.0,1.0,False,1.0,1.0,"Bars, nightlife, and entertainment venues cluster here far more densely than across most of NYC, with dining also notably concentrated, while rapid transit sits steps away. Central Park is about ten minutes on foot."
371.49,Entire home/apt,5.0,4.0,2.0,2.0,True,1.0,2.0,"Dense cultural and retail activity sits steps from Central Park and the Central Park Zoo, with sports facilities and grocery options within a short walk."
1096.67,Entire home/apt,5.0,4.0,2.0,10.0,True,2.0,2.0,"Located steps from a major train station, this block pairs top-tier subway and transit access with elevated entertainment venues and hotel density, while everyday needs like groceries and sports facilities remain within short walking distance. Hudson Yards sits a short walk away, and The High Line, The Vessel, and the Intrepid Sea, Air & Space Museum are each roughly ten minutes out."
450.0,Private room,5.0,2.0,1.0,8.0,True,1.0,1.0,"Steps from the Chrysler Building, the block pairs some of the city's strongest park and attraction access with grocery and market options just outside the door."
238.82,Entire home/apt,5.0,2.0,1.0,2.0,False,1.0,1.0,"Fitness and lodging stand out compared with most New York City blocks, while cultural venues sit well above the citywide norm. Groceries are steps away, and parks are a short walk, complementing the proximity to Chelsea Market and The High Line."
66.78,Shared room,4.68,1.0,1.0,264.0,False,1.0,1.0,"Gyms and sports facilities sit alongside top-tier attractions in this part of the city, while parks and green space are notably absent from the immediate block. Cultural venues and rapid transit are right at the doorstep, and landmarks such as the Solomon R. Guggenheim Museum and The Metropolitan Museum of Art are within about 10 minutes."
362.0,Entire home/apt,4.8,5.0,1.0,5.0,False,1.0,1.0,"Steps to the Intrepid Sea, Air & Space Museum and Times Square sit alongside a block among the top tier of NYC bars and entertainment venues. Cultural venues and hotels are within short walking distance, reinforcing a dense concentration of dining and nightlife activity."
279.68,Entire home/apt,4.33,3.0,1.0,6.0,False,1.0,1.0,"Museums and galleries place this block in the top tier citywide, while gyms and shops sit well above the NYC norm. Parks and a grocery are within a short walk, and Central Park lies about ten minutes away."
466.67,Entire home/apt,4.64,5.0,1.0,56.0,True,2.0,1.0,"Nearby blocks pair top-tier hotels with some of the city's strongest concentrations of attractions and green space, while sports and cultural venues sit steps away. South Street Seaport is a couple minutes out, with the Brooklyn Bridge and Federal Hall within a short walk."
82.42,Private room,4.59,1.0,4.0,17.0,False,1.0,4.0,"Strong park and attraction presence sits beside equally strong hotel density, while rapid transit at 18th Street and nearby cultural venues make the block immediately accessible. Union Square lies within a short walk, with Madison Square Park and the Flatiron Building about ten minutes away."
510.0,Entire home/apt,5.0,4.0,1.0,5.0,True,2.0,1.0,"Gyms and dining rank in the top tier of NYC blocks, while parks and green space sit near the bottom, with cultural venues steps away and grocery options a short walk from Central Park."
252.97,Entire home/apt,4.73,4.0,1.0,11.0,False,2.0,1.0,"This block pairs top-tier cultural density with rare green-space access, while sports facilities are steps away and rapid transit is a short walk."
289.73,Entire home/apt,4.83,4.0,1.0,6.0,False,2.0,1.0,"Museums, gyms, and attractions cluster at notably high levels compared with most NYC blocks, while grocery markets and rapid transit are both within a short walk. The Metropolitan Museum of Art lies a short walk away, with the Solomon R. Guggenheim Museum about 10 minutes from the area."
202.77,Entire home/apt,4.92,2.0,1.0,26.0,True,1.0,1.0,"Attractions rank among the top tier citywide, while dining and nightlife sit noticeably further down the scale. A grocery market is steps away and rapid transit is a short walk, and Madison Square Park is about 10 minutes away."
175.0,Entire home/apt,5.0,4.0,1.0,2.0,False,1.0,1.0,"Gyms and dining sit in the top tier of NYC blocks, while parks and green space rank near the bottom. Cultural venues are steps away and grocery options are a short walk, adding everyday convenience to the otherwise fitness- and food-oriented mix."
20.47,Shared room,3.0,1.0,1.0,2.0,False,1.0,1.0,"Shops and hotels cluster at some of the highest concentrations in the city, while parks and green space rank among the lowest. Grocery and markets are a short walk away, and sports facilities sit just steps away."
218.5,Private room,4.68,2.0,1.0,34.0,False,1.0,1.0,"Gyms, museums, and grocery stores cluster at notably high levels for NYC, while hotels and parks sit within easy reach. The High Line is about ten minutes away."
907.8,Entire home/apt,5.0,6.0,3.5,5.0,False,3.0,3.5,"Shops, cafes, and bars all cluster at elevated levels across the surrounding blocks. Parks and open space are steps away, and cultural venues sit right on the doorstep."
696.07,Entire home/apt,5.0,4.0,2.0,1.0,True,2.0,2.0,"Museums and galleries sit at the very top of citywide counts, while parks and green space rank in the top 4 percent of blocks. Hotels and grocery markets are steps away, and The High Line is right by the area."
160.75,Entire home/apt,4.0,3.0,1.0,1.0,False,1.0,1.0,"Bars and entertainment venues cluster densely here, while grocery access remains comparatively limited despite the surrounding density. Hotels sit steps away and rapid transit lies within a short walk, placing the Intrepid Sea, Air & Space Museum about ten minutes away."
255.79,Entire home/apt,4.67,6.0,2.0,3.0,False,2.0,2.0,"Gyms and nightlife rank among the highest in the city, while subway access sits near the bottom. Cultural venues sit steps away and hotels are a short walk, with the Williamsburg Bridge also nearby."
227.62,Private room,4.66,4.0,1.0,250.0,False,1.0,1.0,"Hotels, dining, and shops are more concentrated here than across most of the city. Grocery stores and markets sit within easy reach on the doorstep."
263.25,Entire home/apt,4.75,4.0,1.0,8.0,False,1.0,1.0,"Top 17 percent of NYC blocks for attractions, bars, and nightlife stand alongside top quintile dining, with grocery and sports facilities steps away and Madison Square Park about ten minutes from the block."
133.11,Private room,5.0,1.0,1.0,2.0,False,1.0,1.0,"Parks and green space are far more common here than on most NYC blocks, museums and gyms are also well represented, and hotels sit steps away from the American Museum of Natural History."
120.97,Entire home/apt,4.78,2.0,1.0,9.0,False,1.0,1.0,Transit-rich blocks with a scarcity of green space sit next to athletic facilities and a nearby grocery store.
190.73,Entire home/apt,4.71,4.0,1.0,7.0,True,2.0,1.0,"Strong subway and transit access sits alongside a dense cluster of gyms and shops, while hotels and grocery options are right on the doorstep. Brooklyn Academy of Music is about ten minutes away."
163.16,Entire home/apt,5.0,4.0,1.0,2.0,False,1.0,1.0,"Parks and green space rank in the top 4 percent of New York City blocks, while bars and nightlife sit in the top 9 percent and museums and galleries in the top 13 percent. Grocery and markets are steps away, and sports facilities are a short walk, with Tompkins Square Park right by."
334.63,Entire home/apt,4.67,1.0,1.0,3.0,False,2.0,1.0,"Parks and green space rank in the top 2% of NYC blocks, while attractions and gyms fall within the top 10%, placing the area among the most amenity-rich in the city. Hotels are steps away and grocery stores are a short walk, and the location is a short walk from The Dakota and Central Park."
257.52,Entire home/apt,4.74,2.0,1.0,35.0,False,1.0,1.0,"Parks and green space rank in the top 12 percent of New York City blocks, while subway and transit access falls within the top 18 percent. Grocery availability is also strong at the top 19 percent citywide, with sports facilities on the doorstep and the American Museum of Natural History a short walk away."
153.4,Entire home/apt,4.78,1.0,1.0,231.0,False,1.0,1.0,"

ks and green space rank far above the NYC average, and attractions also rank well above the citywide norm. Cultural venues are a short walk from the American Museum of Natural History."
275.27,Entire home/apt,5.0,3.0,1.0,23.0,True,1.0,1.0,"Parks and green space rank in the top 19% of NYC blocks, while hotels fall within the top 23% and gyms within the top 25%. Cultural venues and grocery options lie within a short walk, and the area sits a short walk from the American Museum of Natural History and Central Park."
250.63,Entire home/apt,4.91,3.0,1.0,23.0,True,1.0,1.0,"Parks and green space rank in the top 5% of NYC blocks, while hotels and grocery stores sit in the upper quarter of blocks citywide. Sports facilities are steps away and cultural venues are a short walk, and the American Museum of Natural History and Central Park are also within a short walk."
251.62,Entire home/apt,5.0,4.0,1.0,2.0,False,2.0,1.0,"Bars, nightlife, and entertainment venues surround the block, while the surrounding streets hold a dense concentration of dining options just steps from multiple hotels. The Intrepid Sea, Air & Space Museum lies a short walk away, and nearby parks and open space offer a quiet contrast to the busy venues."
147.19,Entire home/apt,5.0,3.0,1.0,3.0,False,1.0,1.0,"Bars and entertainment venues cluster in the top tier of NYC blocks, while dining options sit in the upper quarter, all set steps from hotels and open green space. The Intrepid Sea, Air & Space Museum is a short walk away."
158.2,Entire home/apt,4.6,3.0,1.5,10.0,True,1.0,1.5,"

Parks and museums are unusually concentrated here alongside solid subway access, and sports facilities sit steps away with the Manhattan Bridge a couple minutes further."
290.4,Entire home/apt,4.75,2.0,1.0,4.0,False,1.0,1.0,"Fitness and recreation options stand out among NYC blocks, while dining and attractions also rank well above the citywide norm. Grocery stores and cultural venues are within immediate walking distance, adding everyday convenience to the area's leisure appeal."
236.07,Entire home/apt,5.0,1.0,1.0,2.0,False,1.0,1.0,"A short walk from The High Line, the area combines top-tier museums and galleries with very limited subway access, while grocery and markets lie steps away and sports facilities are within a short walk."
234.17,Entire home/apt,4.86,2.0,1.0,14.0,False,1.0,1.0,"Parks, attractions, and museums rank well above typical city blocks, while hotels sit steps away and sports facilities are a short walk from the area."
273.16,Entire home/apt,5.0,2.0,1.0,6.0,True,1.0,1.0,"Bars and nightlife rank in the top 21 percent of NYC blocks, while grocery and markets are only a short walk away. A short walk from the Williamsburg Bridge places the area within easy reach of major transit."
268.27,Entire home/apt,5.0,2.0,1.0,1.0,False,1.0,1.0,"Green space is scarce around this block, yet it sits among the most attraction- and museum-rich stretches of the city, with grocery and sports facilities within easy reach."
205.5,Private room,4.0,1.0,1.0,4.0,False,1.0,1.0,"Bars and nightlife rank in the top 20% of NYC blocks, while shops and cafes sit in the top 26%, and hotels and cultural venues are steps away."
283.0,Hotel room,3.33,3.0,1.0,3.0,False,1.0,1.0,"Steps from rapid transit sit opposite the leafy calm of a top-percentile green block, with the Dakota anchoring the immediate surroundings and Central Park only a couple minutes away."
878.79,Entire home/apt,5.0,4.0,2.0,30.0,False,2.0,2.0,"Set on a blocks-long stretch of the High Line with Whitney Museum of American Art adjacent, the area combines top-quartet parkland with a subway desert unusually stark by New York standards, while a short walk delivers Chelsea Market and Little Island."
195.27,Entire home/apt,4.13,4.0,1.0,8.0,False,1.0,1.0,"A short walk separates this block from grocery stores and green space, while its concentration of gyms, attractions, and subway access ranks among the highest in the city. The Solomon R. Guggenheim Museum and Central Park are about ten minutes away."
191.01,Entire home/apt,4.66,3.0,1.0,70.0,False,2.0,1.0,"Parks and green space rank in the top 3% of NYC blocks while hotels sit in the top 27%, and museums and galleries fall within the top 15%. Grocery and markets are a short walk away, and rapid transit is also within a short walk. The American Museum of Natural History and Central Park are a couple minutes away, with the Beacon Theatre about ten minutes away."
180.93,Private room,4.81,2.0,1.0,83.0,True,1.0,1.0,"Shops and parks rank among the highest-scoring blocks citywide, while grocery access sits near the bottom. Sports facilities and cultural venues are within steps, and the Williamsburg Bridge is about 10 minutes away."
535.76,Entire home/apt,4.68,4.0,1.0,25.0,False,2.0,1.0,"Shops are among the most plentiful in the city while parks and subway access are among the least available, with grocery markets steps away."
462.77,Entire home/apt,4.9,4.0,2.0,10.0,False,2.0,2.0,"

Near Central Park, access to attractions and parks is matched by frequent subway service, and grocery markets lie within a short walk."
263.47,Entire home/apt,4.9,3.0,1.0,70.0,True,1.0,1.0,"Steps away from sports facilities and hotels, this block sits in the top tier of NYC blocks for attractions and entertainment while remaining among the city’s greener blocks, with Lincoln Center and Central Park just a couple of minutes away and Columbus Circle a short walk from here."
650.0,Entire home/apt,5.0,8.0,2.0,6.0,True,4.0,2.0,"Rich in parks and cultural venues yet underserved by subway transit, this block sits near the Williamsburg Bridge and a short walk from sports facilities and grocery options."
1119.0,Entire home/apt,4.61,5.0,1.0,294.0,False,2.0,1.0,"Strong citywide contrasts in attractions and parks meet limited grocery options, while hotels and cultural venues sit within easy reach. United Nations Headquarters is a short walk away, with the Waldorf Astoria and Chrysler Building about ten minutes from the block."
239.7,Entire home/apt,4.5,3.0,1.0,6.0,False,1.0,1.0,"The block ranks in the top tier citywide for attractions, gyms, and dining, while parks and a grocery market are both within easy walking distance."
723.51,Entire home/apt,4.73,8.0,1.0,33.0,False,4.0,1.0,"Steps away from rapid transit and cultural venues, the block also sits within a short walk of Riverside Park, placing it among the city's top draws for hotels, groceries, and attractions while remaining about ten minutes from Central Park."
209.93,Entire home/apt,4.26,5.0,1.0,68.0,True,3.0,1.0,"Parks and museum access sit well above the citywide norm near the Brooklyn Bridge, with grocery options also stronger than typical, while rapid transit and hotels are both a short walk away."
411.58,Entire home/apt,5.0,4.0,1.0,2.0,True,1.0,1.0,"A high concentration of tourist attractions sits alongside a moderate cluster of bars, cafes, and nightlife venues, and cultural venues and rapid transit are both within a short walk near the United Nations Headquarters."
259.03,Entire home/apt,4.56,2.0,1.0,18.0,False,1.0,1.0,"Parks stand out as a defining feature of this neighborhood, paired with a notable concentration of attractions and fitness venues. Grocery options and cultural venues are both within a short walk, adding everyday convenience to the area's recreational appeal."
235.37,Entire home/apt,4.0,3.0,1.0,1.0,True,1.0,1.0,"The neighborhood ranks notably citywide for attractions and dining, while bars and nightlife also stand out. Rapid transit is steps away, and Union Square is about ten minutes from here."
388.12,Entire home/apt,3.0,3.0,1.0,2.0,False,1.0,1.0,"Attractions, gyms, and sports rank among the upper third of New York City blocks, while subway and transit access falls in the lower third. Grocery markets and parks are both within a short walk."
160.21,Entire home/apt,5.0,3.0,1.0,8.0,False,2.0,1.0,"Gyms and sports along this block rank in the top 23% citywide, while dining options sit further back in the top 32%. Steps from rapid transit and nearby cultural venues further define the location."
250.73,Entire home/apt,4.75,3.0,1.0,16.0,False,1.0,1.0,"This neighborhood ranks in the top tier of NYC blocks for attractions while remaining well below the top quartile for hotels and gyms, and Central Park sits about a ten-minute trip away with parks and open space just steps from the block."
154.01,Entire home/apt,4.41,4.0,1.0,157.0,False,2.0,1.0,"Dense retail and transit sit next to a thin hotel base, with Bergen Street station on the doorstep and the Barclays Center right by. A short walk reaches grocery and markets, while sports facilities are steps away, and the Brooklyn Academy of Music lies about ten minutes off."
307.83,Entire home/apt,4.58,4.0,1.0,12.0,False,2.0,1.0,"

Parks and green space, gyms and sports venues, and attractions are all more common here than on most New York City blocks, while grocery stores and markets are only a short walk away."
571.0,Entire home/apt,4.5,4.0,2.0,42.0,False,2.0,2.0,"Gyms and sports facilities, attractions, and parks and green space are all more prevalent here than on most city blocks. Rapid transit is steps away, complementing access to nearby cultural venues."
243.37,Entire home/apt,4.83,4.0,1.0,6.0,False,2.0,1.0,"A short walk from the Intrepid Sea, Air & Space Museum, this block sits among the top tier of NYC blocks for entertainment venues, bars, and attractions, while hotels and grocery markets are within steps of the doorstep."
217.93,Entire home/apt,4.77,3.0,1.0,39.0,True,2.0,1.0,"Shops and bars cluster heavily here while hotels are scarce, and the doorstep sports facilities add a recreational counterweight to the dense retail and nightlife scene."
358.0,Private room,3.33,2.0,1.0,3.0,False,1.0,1.0,"Unlike most NYC blocks, this location has no nearby parks or green space, yet it has a high concentration of gyms and entertainment venues, with grocery and markets steps away."
147.5,Entire home/apt,4.7,2.0,1.0,10.0,False,1.0,1.0,"Open space is scarce here compared with most city blocks, while lodging options are limited and cafe choices are plentiful. Daily shopping and arts venues are both within a short walk."
173.07,Entire home/apt,4.58,3.0,1.0,53.0,False,1.0,1.0,"Parks and green space rank in the top quarter of NYC blocks, while subway access and nearby attractions fall in the bottom third, and sports facilities and grocery options are within easy walking distance from Prospect Park."
203.57,Private room,4.87,2.0,1.0,53.0,False,3.0,1.0,"Strong citywide contrasts in hotels, attractions, and parks & green space set this block apart from most of NYC, while sports facilities and grocery and markets are within easy reach on foot. Riverside Park is a short walk away, and Central Park lies about 10 minutes from the area."
770.5,Private room,4.85,4.0,2.0,193.0,True,2.0,2.0,"Subway access and nearby attractions are limited, while cafes are relatively plentiful, and grocery and markets are within steps."
518.07,Entire home/apt,4.5,6.0,3.0,4.0,False,3.0,3.0,"Parks and attractions rank in the top fifth of New York City blocks, while gyms and sports facilities sit in the upper third, and Central Park is only a short walk away. Grocery stores are within easy reach and hotels sit right on the doorstep."
125.48,Entire home/apt,4.77,2.0,1.0,60.0,True,1.0,1.0,"Subway access and entertainment venues are more concentrated here than on most NYC blocks, with cultural venues a short walk from Barclays Center."
623.0,Entire home/apt,5.0,5.0,2.0,1.0,False,4.0,2.0,"Subway and transit access here ranks in the bottom 29% of NYC blocks, while the concentration of shops places it in the top 32%. Parks and open space are a short walk away, and cultural venues are steps from the block, with the Brooklyn Academy of Music about 10 minutes away."
283.93,Entire home/apt,4.69,4.0,1.0,13.0,False,2.0,1.0,"Parks and green space rank in the top 15 percent of NYC blocks while attractions sit in the top 30 percent and gyms and sports fall in the top 31 percent, and the Roosevelt Island Tramway station sits on the doorstep with rapid transit steps away and grocery and markets a short walk."
322.5,Private room,4.9,8.0,1.0,58.0,True,2.0,1.0,"Grocery stores and shops are more prevalent than entertainment venues relative to other NYC blocks, and the 116th Street IRT Third Avenue Line station is a short walk away."
241.53,Entire home/apt,5.0,2.0,1.0,17.0,False,1.0,1.0,"Transit access and entertainment options stand out against the typical NYC block, while nearby parks and cultural venues add everyday convenience."
214.03,Entire home/apt,4.89,4.0,1.0,9.0,True,3.0,1.0,"Subway access on this block sits well above the citywide norm, while Driggs Avenue station is on the doorstep and the Williamsburg Bridge is a short walk away, placing cultural venues and hotels in immediate reach."
169.63,Entire home/apt,4.75,2.0,1.0,4.0,False,1.0,1.0,"Bars and nightlife, gyms, and entertainment venues all rank in the upper third of NYC blocks, while a grocery market sits steps away just off the Williamsburg Bridge."
217.2,Entire home/apt,4.99,2.0,1.0,72.0,False,1.0,1.0,"Parks and attractions rank among the highest in the city, while hotels sit well above the typical block. Sports facilities are steps away and grocery options are a short walk, adding everyday convenience to the area's appeal."
79.67,Private room,4.15,2.0,1.0,20.0,False,2.0,1.0,"Nearby blocks typically include some parks and a wider range of attractions, while this area lacks green space and sits well below the citywide mark for sightseeing and lodging. Daily needs are within a short walk, supported by a short walk to rapid transit."
301.1,Entire home/apt,4.96,5.0,2.0,23.0,False,2.0,2.0,"Hotels, grocery stores, and entertainment venues all cluster at higher rates than most NYC blocks, while rapid transit access and sports facilities add everyday convenience. The Apollo Theater lies about ten minutes away."
274.79,Entire home/apt,5.0,4.0,1.5,76.0,False,2.0,1.5,"Hotel density sits in the bottom 18% of New York City blocks, while parks and grocery access remain within a short walk."
222.5,Entire home/apt,4.79,2.0,1.0,14.0,False,1.0,1.0,"Subway access lags behind most of the city, while parks and visitor attractions rank well above the typical NYC block. Nearby sports facilities and grocery options are within a short walk, adding everyday convenience despite the weaker transit presence."
920.0,Hotel room,4.0,12.0,3.0,4.0,False,3.0,3.0,"Entertainment venues and parks both rank in the top quarter of NYC blocks, while nightlife sits slightly lower, and hotels sit on the doorstep with the Intrepid Sea, Air & Space Museum a short walk away."
235.0,Hotel room,4.5,2.0,1.0,2.0,False,1.0,1.0,"Entertainment venues, parks, and bars cluster in the top tiers of NYC blocks, while hotels sit on the doorstep and cultural venues are a short walk away, including the Intrepid Sea, Air & Space Museum."
404.75,Entire home/apt,4.93,3.0,1.0,90.0,False,1.0,1.0,"Strong subway and transit access sits alongside a notable concentration of entertainment venues, while parks and green space remain comparatively limited. Sports facilities are steps away and cultural venues are a short walk, with Brooklyn Academy of Music a couple minutes from the area."
183.14,Entire home/apt,4.63,6.0,2.0,8.0,True,3.0,2.0,"Grocery stores and subway access sit among the most plentiful citywide, while museums and galleries are among the scarcest. Hotels are on the doorstep and parks are a short walk away."
58.74,Private room,4.93,2.0,4.0,15.0,True,5.0,4.0,"Scarcity of attractions and entertainment venues sits alongside a strong showing of grocery stores within the block, while sports facilities are steps away and parks are a short walk."
297.93,Entire home/apt,5.0,3.0,1.0,6.0,True,1.0,1.0,"Subway and transit access sits in the top 29% of NYC blocks, while gyms and sports facilities rank in the top 29% and attractions in the top 30%, with grocery markets and cultural venues also within a short walk."
153.97,Entire home/apt,4.93,2.0,1.0,29.0,True,1.0,1.0,"Subway access ranks among the lowest in the city while parks and attractions rank among the highest, and sports facilities are steps away."
103.2,Entire home/apt,4.78,4.0,1.0,68.0,False,1.0,1.0,"The block stands out for its unusually strong grocery access yet lacks nearby parks and sits in the lower tier for museums, while a sports facility is on the doorstep and rapid transit is within a short walk."
119.5,Entire home/apt,4.87,2.0,1.0,46.0,True,2.0,1.0,"Museums and galleries sit in the top tier of New York City blocks, while attractions and hotels rank near the bottom, and sports facilities are steps away with grocery and markets a short walk."
157.47,Entire home/apt,5.0,4.0,1.0,3.0,True,1.0,1.0,"Hotels and attractions are well-represented while subway access is scarce, and a short walk from the Apollo Theater places grocery markets within steps."
650.06,Entire home/apt,4.84,9.0,2.0,43.0,False,3.0,2.0,"Grocery stores and bars sit among the more common offerings on this block, while cafes are noticeably scarce compared with most of NYC. Sports facilities and parks are right at the doorstep, and the Williamsburg Bridge is about ten minutes away."
314.67,Entire home/apt,4.0,5.0,1.0,2.0,False,2.0,1.0,"Transit options are limited in this part of the Bronx, yet Soundview’s parks and local attractions stand out across the city. Groceries and sports facilities are both within easy reach, adding everyday convenience to the neighborhood’s green-space appeal."
59.08,Entire home/apt,5.0,1.0,1.0,2.0,True,1.0,1.0,"Attractions rank among the highest in NYC, alongside strong showings for hotels and entertainment venues, with grocery and markets a short walk from Riverside Park."
167.11,Entire home/apt,5.0,3.0,1.0,7.0,True,1.0,1.0,"Grocery and museum access set this block apart, while nearby cafes are scarcer than in most parts of the city. Hotels and Central Park lie within easy reach."
447.5,Entire home/apt,4.95,5.0,1.5,194.0,True,2.0,1.5,"Subway access is among the lowest in the city while bars and nightlife sit well above the typical block, with grocery stores a short walk away."
880.0,Entire home/apt,4.92,8.0,1.5,12.0,True,4.0,1.5,"Grocery stores are far more plentiful here than in most NYC blocks, while subway and transit access is among the city's weakest. Parks and cultural venues are within walking distance, and the Apollo Theater is about ten minutes away."
285.04,Entire home/apt,4.47,6.0,1.0,15.0,True,2.0,1.0,"
Subway and transit access is markedly stronger than grocery-store access across the city, while museums and galleries are also comparatively strong. Sports facilities are steps away."
297.16,Entire home/apt,5.0,4.0,1.0,9.0,True,1.0,1.0,"Parks and green space are a defining feature of this block compared with most of NYC, alongside notable access to attractions and fitness venues. Central Park is just a couple of minutes away, and the American Museum of Natural History sits about ten minutes from the location."
143.83,Entire home/apt,5.0,2.0,1.0,12.0,True,1.0,1.0,"Parks and green space are scarce compared with most New York City blocks, and bars and nightlife options are similarly limited, while grocery shopping and rapid transit are both available right at the doorstep via the MTA Nostrand Avenue A and C Lines station."
230.22,Entire home/apt,5.0,5.0,2.0,1.0,False,2.0,2.0,"Hotels are scarce while parks and green space are abundant compared with most NYC blocks, and subway access is limited despite sports facilities and cultural venues being steps away."
285.33,Private room,4.82,2.0,1.0,121.0,False,2.0,1.0,"Cultural venues sit on the doorstep while grocery and market options are only a short walk away, and the surrounding area otherwise shows the typical mix of place types found across the city."
67.67,Private room,5.0,1.0,1.0,2.0,False,1.0,1.0,"While most NYC blocks have some nearby green space, this one does not, yet it offers stronger grocery access and fewer bars and nightlife options, with cultural venues a short walk away."
104.23,Entire home/apt,5.0,2.0,1.0,3.0,True,1.0,1.0,"Entertainment venues, parks, and bars are scarce compared with most city blocks, while a grocery market and sports facilities are accessible within steps."
107.76,Entire home/apt,4.95,3.0,1.0,60.0,False,1.0,1.0,"A short walk puts rapid transit and grocery shopping within easy reach, while the surrounding block lacks the parks and cultural venues typical of most New York City neighborhoods."
677.86,Entire home/apt,4.92,6.0,1.0,146.0,True,2.0,1.0,"Greenwich Village sits among the most grocery-rich blocks in the city while also offering a strong share of parks and green space, even as fitness facilities remain relatively sparse. Cultural venues and rapid transit are both within a short walk."
362.83,Entire home/apt,4.74,2.0,1.0,23.0,False,1.0,1.0,"Grocery access sits in the bottom 18% of New York City blocks, while parks and green space rank in the top 25% and hotels fall in the top 26%. A short walk to the Beacon Theatre and easy access to sports facilities and rapid transit anchor the surroundings."
215.45,Entire home/apt,4.91,8.0,1.0,158.0,False,2.0,1.0,"Grocery options and subway access rank in the top tier of New York blocks, while hotels and open green space sit just outside."
214.3,Entire home/apt,4.76,5.0,1.0,29.0,False,1.0,1.0,Hotels and parks appear at higher densities than across most of New York. A grocery market is within a short walk.
101.76,Private room,4.74,1.0,2.0,61.0,False,1.0,2.0,"Apart from typical citywide patterns, the area stands out for cultural venues just steps away, with grocery and markets a short walk beyond."
856.0,Entire home/apt,4.97,2.0,1.0,60.0,True,1.0,1.0,"Subway access is among the more limited in the city while bars and nightlife are among the more concentrated, and parks and open space lie within a short walk."
106.76,Private room,4.74,2.0,1.0,130.0,False,1.0,1.0,"A short walk to rapid transit sits alongside immediate grocery access, while the block lacks nearby entertainment venues, hotels, and museums or galleries that most other NYC blocks tend to have."
138.3,Entire home/apt,3.89,4.0,1.0,9.0,True,2.0,1.0,"The block has no hotels and falls in the bottom 19 percent of New York City blocks for parks and grocery stores, while a cultural venue sits steps away. The combination of scarce lodging and limited daily amenities is offset by immediate access to that venue."
179.02,Entire home/apt,4.88,4.0,1.0,8.0,True,2.0,1.0,"

Unlike most NYC blocks, this stretch has no nearby attractions or museums despite being well-served by grocery stores. Steps from Calle 103-Corona Plaza train station, the area also offers immediate park space."
228.89,Entire home/apt,4.8,2.0,1.5,30.0,False,2.0,1.5,"Hotels, attractions, and transit access all rank in the bottom third of New York City blocks, while grocery stores and sports facilities are both a short walk away."
311.07,Entire home/apt,5.0,5.0,1.0,12.0,True,3.0,1.0,"Parks and green space rank in the top 7% of NYC blocks while entertainment venues sit in the bottom 23%, and subway access falls within the top 21% of blocks citywide. Hotels are steps away and grocery and markets are a short walk, with Central Park a couple minutes away and the Cathedral of St. John the Divine about 10 minutes away."
563.6,Entire home/apt,4.83,6.0,1.0,88.0,True,3.0,1.0,"Green space and subway access stand out citywide, with the 104th Street station on the doorstep and Central Park a couple minutes away, while grocery and markets are also close at hand."
180.4,Entire home/apt,4.92,4.0,1.0,25.0,True,1.0,1.0,"Hotel density sits in the bottom 18% of NYC blocks while attractions and subway access rank in the top tiers, and a grocery market is steps away with a park a short walk further."
193.6,Entire home/apt,4.75,2.0,1.5,18.0,False,1.0,1.5,"Hotels are common in this part of the city while cafes and nightlife venues are relatively scarce, and the 121st Street station on the IRT Second Avenue Line sits steps away with sports facilities a short walk from the Apollo Theater and Central Park."
143.47,Entire home/apt,5.0,2.0,1.0,7.0,True,1.0,1.0,"Museums and galleries cluster nearby while tourist attractions are scarce, and a grocery market sits steps from the block with a park a short walk away."
272.87,Entire home/apt,5.0,4.0,1.0,14.0,True,2.0,1.0,"Hotels are absent on this block, and subway options are limited, yet a grocery market sits steps away and a park is a short walk."
302.36,Entire home/apt,4.93,8.0,2.0,28.0,True,3.0,2.0,"Grocery access ranks in the top 28% of NYC blocks while subway and transit access ranks in the bottom 29%, and hotels and cultural venues are within a short walk of the Apollo Theater."
380.53,Entire home/apt,5.0,6.0,1.5,2.0,False,3.0,1.5,"Grocery access ranks in the bottom quarter of NYC blocks, while nearby attractions and parks place in the upper third of the city. Rapid transit is within a short walk and the United Nations Headquarters sits about ten minutes away."
110.06,Entire home/apt,5.0,2.0,1.0,6.0,False,1.0,1.0,"Grocery options are plentiful while museums and galleries are scarce, with no hotels in the immediate vicinity. Parks and open space are steps away and rapid transit is a short walk."
320.07,Entire home/apt,4.52,12.0,3.5,27.0,False,4.0,3.5,"A short walk from the Cathedral of St. John the Divine, this block sits among the top 3% of NYC blocks for parks and green space, with Central Park just a couple minutes away, while entertainment venues are notably absent compared to most city blocks."
57.71,Private room,5.0,3.0,1.0,10.0,False,3.0,1.0,"Subway and hotel density rank in the top quarter of NYC blocks while cafes sit in the bottom third, with cultural venues a short walk away."
227.07,Entire home/apt,5.0,4.0,1.0,1.0,False,2.0,1.0,"Steps away from both grocery markets and cultural venues, while the Apollo Theater sits about ten minutes away."
164.76,Entire home/apt,4.79,4.0,1.0,129.0,False,1.0,1.0,"Near Prospect Park, hotels are virtually absent and attractions rank in the bottom 12% citywide, while cultural venues and sports facilities are right at hand."
179.4,Entire home/apt,5.0,4.0,1.0,4.0,False,2.0,1.0,"Parks and green space are scarce compared with most NYC blocks, and grocery stores and attractions are similarly limited. Sports facilities are steps away."
173.89,Private room,4.97,2.0,1.0,29.0,False,1.0,1.0,"Hotels are absent in the immediate area, while grocery markets and sports facilities are right on the doorstep. Parks and green space are scarce, and subway access is limited compared with most parts of New York City."
190.87,Entire home/apt,4.67,4.0,1.0,9.0,False,1.0,1.0,"Grocery stores are scarce here compared with most of the city, while rapid transit and cultural venues sit right at the doorstep. The Washington Avenue station on the BMT Myrtle Avenue Line is steps away."
201.37,Entire home/apt,4.38,2.0,1.0,13.0,True,1.0,1.0,"Transit and daily-retail access rank in the lowest third of NYC blocks, while nearby parks and sports facilities are within walking distance."
505.04,Entire home/apt,5.0,4.0,2.5,20.0,False,2.0,2.5,"Hotels and museums are absent from this block, while subway access ranks among the lowest citywide, yet sports facilities sit steps away and grocery stores are a short walk."
98.62,Entire home/apt,5.0,1.0,1.5,1.0,False,1.0,1.5,"Subway and transit options rank in the bottom 17% of NYC blocks, while hotels sit in the top 34%, and a grocery market is steps away with cultural venues a short walk; the Apollo Theater is about 10 minutes from the block."
450.0,Shared room,4.83,2.0,2.0,107.0,True,3.0,2.0,"Museums and galleries are notably absent compared to most NYC blocks, while hotels are scarce. Parks and a grocery market are within a short walk."
131.67,Entire home/apt,4.5,2.0,1.0,2.0,True,1.0,1.0,"Transit-rich but short on entertainment and attractions, the block sits steps from hotels and a short walk from grocery options, with The Cloisters about ten minutes away."
168.15,Entire home/apt,4.89,2.0,1.0,92.0,False,1.0,1.0,A block with no nearby hotels but only modest parks and attractions sits alongside grocery and sports facilities within a short walk.
228.3,Shared room,5.0,2.0,1.0,10.0,True,1.0,1.0,"The streetscape is unremarkable and typical of the broader city, yet hotels and cultural venues are steps away."
170.37,Entire home/apt,4.88,6.0,1.0,16.0,True,3.0,1.0,"Cafés are sparse here while subway and transit access rank among the strongest citywide, with grocery markets and parks both a short walk away. The Williamsburg Bridge is also within a short walk."
122.42,Entire home/apt,4.8,3.0,1.0,10.0,True,1.0,1.0,"Bayside lacks nearby hotels, attractions, and museums, contrasting with most NYC blocks, while the Bayside LIRR Train Station and short walks to grocery markets and parks provide everyday access."
208.0,Private room,5.0,4.0,1.0,4.0,False,1.0,1.0,"Limited neighborhood gyms contrast with abundant transit and hotel options, while grocery and parks are both within a short walk despite the area offering little local fitness infrastructure."
516.0,Entire home/apt,4.77,5.0,1.0,104.0,True,2.0,1.0,"The location offers a typical mix of place types across the city, with grocery and markets as well as hotels within steps of the area."
210.2,Entire home/apt,5.0,4.0,1.0,1.0,False,1.0,1.0,"Subway and transit options are absent, a rarity in most New York City blocks, while grocery access is limited to the bottom 14% citywide. Cultural venues and sports facilities are steps away, adding a notable recreational contrast to the area's wider lack of everyday amenities."
114.27,Entire home/apt,4.88,2.0,1.0,8.0,False,1.0,1.0,"Hotels and green space are absent on this block while entertainment venues are scarce, yet a grocery market sits within a short walk and a sports facility is steps away."
52.51,Private room,5.0,1.0,1.0,1.0,False,1.0,1.0,"Residential blocks in this stretch of NYC sit near the bottom quintile for both hotels and parks while having no nearby museums, yet a grocery market remains within a short walk."
103.23,Entire home/apt,4.81,6.0,1.0,77.0,True,1.0,1.0,"Hotels, museums, and cafes are scarce compared with most New York City blocks, while groceries and parks lie within easy walking distance."
661.87,Entire home/apt,5.0,14.0,2.0,12.0,False,5.0,2.0,"Subway and transit options rank in the bottom 17 percent of New York City blocks, while gyms and cafes sit in the lower third citywide, even as grocery markets and cultural venues remain steps away."
258.11,Entire home/apt,4.67,3.0,1.0,12.0,True,1.0,1.0,"Far below typical citywide levels for museums, galleries, subway access, and gyms, the block still offers grocery and market access steps from the door, with parks a short walk away and Prospect Park only a couple minutes further."
209.3,Private room,4.51,3.0,1.0,169.0,False,1.0,1.0,"Hotels are abundant and parks are well represented, yet grocery options are scarce in this part of New York City. Sports facilities and cultural venues are both within easy reach."
449.57,Entire home/apt,5.0,15.0,0.5,1.0,False,3.0,0.5,"Cafe options and nightlife sit well below the citywide median, while subway access ranks among the strongest of any block in NYC. Parks and cultural venues are reachable within a short walk."
186.58,Entire home/apt,5.0,2.0,2.0,6.0,False,1.0,2.0,"Subway access, gyms, and grocery stores are all in the lowest third of NYC blocks, while cultural venues and hotels are within a short walk."
331.75,Entire home/apt,4.91,10.0,1.0,23.0,False,2.0,1.0,"Parks sit at the bottom of the citywide range here, while rapid transit is only a short walk and cultural venues are within steps."
408.5,Entire home/apt,4.25,5.0,1.0,4.0,False,3.0,1.0,"Parks, attractions, and gyms sit in the lowest quartile citywide, yet grocery markets are right at hand and cultural venues are within a short walk."
217.67,Entire home/apt,4.93,2.0,1.0,112.0,True,1.0,1.0,"

Parks and green space rank in the bottom 19% of city blocks, while hotels and entertainment venues also fall well below the citywide median. Grocery stores and markets are a short walk away."
80.1,Entire home/apt,4.5,6.0,1.0,131.0,False,2.0,1.0,"Museums, galleries, transit, and gyms rank in the bottom third citywide, while grocery markets and parks are steps away near the Parkside Avenue train station, with Prospect Park right by and Brooklyn Botanic Garden about ten minutes away."
348.06,Entire home/apt,4.98,2.0,1.0,93.0,True,1.0,1.0,"Unlike most NYC blocks, the area has no nearby parks or green space and very few hotels, while subway and transit access is strong. Grocery and markets are steps away."
314.0,Private room,5.0,2.0,2.0,93.0,False,3.0,2.0,"Subway access and cafes are less common than on most NYC blocks, while parks and green space are more common, with grocery and markets steps away and the Apollo Theater about 10 minutes from the location."
243.39,Entire home/apt,4.85,2.0,1.0,122.0,True,1.0,1.0,"Grocery stores and shops are scarce compared with most NYC blocks, while entertainment venues are notably common. Sports and cultural venues are within a short walk, and Barclays Center is about ten minutes away."
110.63,Private room,1.0,2.0,1.0,1.0,False,3.0,1.0,"Hotels and parks sit among the most prevalent in this part of New York City, while grocery access falls toward the lowest end citywide. Cultural venues and sports facilities are within a short walk of the block."
112.24,Entire home/apt,4.85,2.0,1.0,13.0,True,1.0,1.0,"Subway and transit options are scarce compared with most New York blocks, and hotel density is similarly limited, while grocery markets and parks are within easy walking distance."
124.45,Private room,5.0,2.0,1.0,2.0,False,1.0,1.0,"Subway access ranks in the bottom 29% of New York City blocks, while grocery stores and hotels are within a short walk."
805.0,Entire home/apt,4.3,4.0,2.0,20.0,False,2.0,2.0,"Unlike most NYC blocks, the area has no nearby attractions or green space and few entertainment venues, yet grocery markets and cultural venues are steps away."
287.42,Entire home/apt,4.92,2.0,1.0,25.0,False,1.0,1.0,"Limited access to parks, grocery stores, and attractions contrasts with nearby sports facilities and rapid transit within a short walk."
189.89,Entire home/apt,5.0,5.0,1.0,4.0,False,3.0,1.0,"

Bars and nightlife options are sparse relative to most city blocks, and shops and cafes are similarly limited, yet grocery and markets are steps away."
231.0,Private room,4.84,4.0,1.0,93.0,False,2.0,1.0,"Steps from a hotel sit next to 36th Street on the BMT Fifth Avenue Line, yet entertainment venues are in the lowest 11 percent of NYC blocks and museums and galleries rank in the bottom 23 percent."
117.88,Entire home/apt,4.76,3.0,1.0,17.0,False,1.0,1.0,"Hotels are absent from the immediate surroundings, and the block has far less park space and subway access than most of the city, though a sports facility is within easy reach."
69.89,Private room,5.0,2.0,1.0,1.0,True,1.0,1.0,"Unlike most New York City blocks, this stretch has no hotels or museums and galleries nearby and limited parkland. A sports facility is steps away and a grocery store is a short walk."
312.68,Private room,4.96,4.0,1.0,137.0,True,1.0,1.0,"Tucked within a residential pocket, the block sits among the lowest tiers of NYC for tourist attractions, hotels, and nightlife, yet parks and open space and rapid transit are both within a short walk, giving residents quick access to green space and the subway despite the limited commercial draws."
468.0,Entire home/apt,4.97,4.0,1.0,121.0,True,2.0,1.0,"The block sits within steps of the Church Ave subway station and grocery options, yet it has no nearby parks or green space and is unusual among NYC blocks for its scarcity of entertainment venues and hotels."
147.84,Entire home/apt,5.0,6.0,1.0,2.0,False,2.0,1.0,"Near Prospect Park and a short walk from Brooklyn Botanic Garden, this block stands apart from most NYC blocks for lacking nearby subway service and ranking in the bottom third for both grocery stores and museums, while still offering sports facilities and open space within a short walk."
456.5,Entire home/apt,4.91,4.0,1.0,94.0,False,1.0,1.0,"

Unlike most NYC blocks, the area lacks nearby parks or green space, yet the Church Ave 2/5 subway station is steps away and grocery stores are a short walk."
251.5,Private room,4.77,5.0,1.0,339.0,False,2.0,1.0,"Unlike most New York City blocks, this stretch has no hotels or parks within walking distance and lacks nearby gyms or sports facilities. A nearby rapid transit stop provides everyday access."
122.63,Entire home/apt,4.91,4.0,1.0,24.0,True,2.0,1.0,"A block without hotels, museums, or galleries stands out against most NYC streets, while parks and green space rank in the bottom 19% citywide. Grocery stores and sports facilities remain within a short walk."
163.86,Entire home/apt,4.91,5.0,1.0,22.0,True,2.0,1.0,"A block without nearby hotels, subway access, or entertainment options stands apart from most of New York City, while cultural venues and grocery markets sit within easy reach."
188.87,Private room,5.0,2.0,1.5,33.0,True,1.0,1.5,"Parks, subway access, and dining options are all scarce here compared with most of NYC, while hotels are steps away and grocery stores sit a short walk from the block."
232.67,Entire home/apt,4.33,6.0,1.0,6.0,False,2.0,1.0,"Hotels, museums, and cafes sit well below the citywide norm on this block, while a grocery and a sports facility are within easy reach."
364.61,Entire home/apt,5.0,4.0,2.0,6.0,True,2.0,2.0,"Residential blocks near the Beacon Theatre offer some of the city's most generous parkland yet sit among the lowest in subway and grocery access, while hotels and sports facilities lie within a short walk."
177.0,Entire home/apt,5.0,6.0,1.0,6.0,False,2.0,1.0,"Near the bottom third of NYC blocks for dining, shops, and gyms, this location contrasts with grocery and markets just steps away and cultural venues a short walk from the neighborhood."
224.3,Entire home/apt,4.94,2.0,1.0,16.0,False,1.0,1.0,"

Grocery stores and subway service are scarce here compared to most of New York, and museums and galleries are also limited, though parks and open space lie steps away and the Beacon Theatre is a short walk from here."
110.63,Entire home/apt,5.0,2.0,1.0,1.0,False,2.0,1.0,"Parks, grocery stores, and attractions are all scarce in this part of the city, while sports facilities and rapid transit remain within a short walk."
134.73,Entire home/apt,4.81,2.0,1.0,67.0,False,2.0,1.0,"Unlike most NYC blocks, this stretch has no nearby attractions or hotels and limited entertainment venues, though rapid transit is a short walk away."
123.43,Private room,5.0,4.0,1.0,1.0,False,2.0,1.0,"The block has no nearby bars, museums, or galleries and falls below the citywide norm for entertainment venues, while a short walk reaches rapid transit and grocery shopping near Church Avenue train station."
79.47,Entire home/apt,3.67,2.0,1.0,3.0,False,1.0,1.0,"

Park space, nightlife, and museums are scarce relative to the rest of the city, while a rapid transit station and grocery shopping are both within a short walk."
445.1,Entire home/apt,5.0,6.0,2.0,1.0,False,3.0,2.0,"Hotels, grocery stores, and shops are scarce here compared with most of NYC, while sports facilities and rapid transit are within a short walk."
57.37,Private room,5.0,1.0,1.0,1.0,False,1.0,1.0,"Entertainment venues, attractions, and gyms and sports options sit in the lowest tier of citywide blocks, while parks and grocery stores remain within a short walk."
191.5,Private room,4.87,2.0,1.0,90.0,True,1.0,1.0,"Subway access, hotels, and parks all rank near the bottom of New York City blocks, while grocery and markets remain a short walk away."
1327.43,Entire home/apt,5.0,5.0,3.5,11.0,False,2.0,3.5,"Few nearby bars and dining options contrast with stronger cultural attractions, and the 96th St B/C subway entrance is steps away while Central Park sits a couple minutes away."
169.25,Entire home/apt,5.0,4.0,1.0,11.0,False,1.0,1.0,"Hotels and green space are absent, while subway access sits in the bottom third of city blocks, though grocery stores and cultural venues remain within a short walk."
103.24,Entire home/apt,5.0,2.0,1.0,2.0,True,1.0,1.0,"A block without nearby attractions, entertainment venues, or hotels sits steps from rapid transit and a short walk from parks and open space."
199.13,Entire home/apt,4.7,2.0,1.0,33.0,True,1.0,1.0,"Bordering Central Park, the block sits among the top 9% of NYC blocks for parks and green space yet among the bottom 16% for bars and nightlife and bottom 18% for grocery stores, while sports facilities and cultural venues are only a short walk away."
296.07,Entire home/apt,4.53,6.0,1.0,118.0,False,3.0,1.0,"While most NYC blocks have abundant bars, cafes, and subway access, this area sits well below citywide levels on each of those measures. Parks and grocery stores are reachable on foot, offering a quieter residential setting close to the Apollo Theater."
321.86,Entire home/apt,4.96,2.0,1.0,298.0,False,1.0,1.0,"Entertainment venues and transit access are scarce relative to most NYC blocks, and unlike most city blocks there are no hotels in the immediate area, while cultural venues are steps away."
237.47,Entire home/apt,4.87,2.0,1.5,23.0,True,1.0,1.5,"Unlike most NYC blocks, this stretch has no nearby attractions or hotels and very few entertainment venues. Rapid transit is within a short walk."
165.83,Entire home/apt,4.83,4.0,1.0,29.0,False,2.0,1.0,"Despite being steps from a sports facility and a short walk from rapid transit, this NYC block falls in the bottom 12% of city blocks for nearby attractions and lacks any parks or green space, with dining options also ranking in the bottom 26%."
205.0,Private room,4.81,2.0,2.0,119.0,False,1.0,2.0,"Nearby blocks typically include some green space and subway access, but this location has neither, and it sits in the bottom tier for gyms and sports facilities. Grocery options and cultural venues are within a short walk."
210.17,Entire home/apt,4.98,4.0,1.0,144.0,True,2.0,1.0,"The block stands out for its lack of hotels, museums, and galleries, while also having far fewer grocery stores than most New York City blocks. Parks and open space are within a short walk, as is rapid transit."
205.0,Private room,5.0,1.0,2.0,3.0,True,1.0,2.0,"

Surrounding blocks lack nearby attractions and have far fewer gyms and shops than most of New York City. Rapid transit remains a short walk away."
74.24,Private room,4.6,1.0,1.0,5.0,False,1.0,1.0,"A relative scarcity of nearby hotels, entertainment venues, and museums distinguishes this block from most NYC locations, while grocery and market access as well as parks and open space lie within steps."
233.0,Private room,4.67,2.0,1.0,3.0,False,1.0,1.0,"Grocery shopping and a Myrtle Avenue line station sit right at the doorstep, while the surrounding block lacks nearby parks and registers among the lowest in the city for gyms and hotels."
111.5,Entire home/apt,5.0,2.0,1.0,2.0,True,1.0,1.0,"The block stands out for its lack of parks and very limited entertainment and hotel options compared with most of NYC, while a sports facility is a short walk away and cultural venues are steps from the block."
53.67,Private room,4.92,2.0,1.0,12.0,True,1.0,1.0,"A short walk to rapid transit and grocery options sits alongside very limited nightlife and green space, and the block lacks the nearby museums and galleries common across most of New York City."
276.14,Entire home/apt,4.47,10.0,1.0,94.0,False,3.0,1.0,"Hotels and parks are absent on this block, while attractions rank in the bottom 22% citywide, yet grocery markets are steps away and cultural venues are a short walk."
165.93,Entire home/apt,5.0,4.0,1.0,4.0,False,1.0,1.0,"Cultural venues are absent while nightlife and green space rank among the lowest citywide, yet a grocery market sits a short walk away and a sports facility is steps from the block."
214.1,Entire home/apt,5.0,4.0,2.0,4.0,False,2.0,2.0,"

A residential block that stands apart from most surrounding city blocks for its absence of nearby attractions, bars, and green space. Daily errands and commuting remain within easy reach, with grocery markets and rapid transit just a short walk away."
480.67,Entire home/apt,4.95,2.0,1.0,56.0,True,2.0,1.0,"Grocery stores, hotels, and parks rank among the lowest of NYC blocks in this area, while cultural venues sit steps away and sports facilities are a short walk."
99.0,Entire home/apt,4.73,4.0,1.0,15.0,True,1.0,1.0,"Cafes, hotels, and museums are absent from this block, unlike most NYC blocks, while parks and sports facilities sit within a short walk."
154.31,Entire home/apt,5.0,4.0,1.0,3.0,False,1.0,1.0,"Far fewer museums, grocery stores, and subway options than typical NYC blocks, yet a park and sports facilities are close by, with the Brooklyn Academy of Music roughly ten minutes away."
62.7,Private room,5.0,2.0,1.5,2.0,True,1.0,1.5,"Hotels and entertainment venues are largely absent, while dining options are limited, yet sports facilities are steps away and grocery stores are a short walk."
499.0,Private room,4.98,2.0,2.0,128.0,False,2.0,2.0,"Prospect Park and rapid transit are both a short walk away, yet unlike most NYC blocks the area has no nearby attractions or hotels and ranks among the lowest for grocery access."
992.0,Private room,5.0,6.0,1.0,5.0,False,2.0,1.0,"Grocery, transit, and dining options are all scarce here, placing the block near the bottom of NYC for everyday conveniences. Hotels sit right on the doorstep and sports facilities are steps away, adding a different kind of access to the area."
139.37,Entire home/apt,5.0,8.0,1.0,1.0,False,1.0,1.0,"Gyms, parks, and attractions are scarce compared with most city blocks, yet grocery markets and cultural venues lie within a short walk of this location."
139.2,Entire home/apt,5.0,4.0,1.0,3.0,True,1.0,1.0,"Unlike most NYC blocks, this area lacks nearby bars, hotels, and museums, yet a grocery market and sports facilities are within a short walk."
342.0,Entire home/apt,4.73,4.0,1.0,135.0,False,1.0,1.0,"Grocery, subway, and dining options rank among the lowest in the city, while hotels and sports facilities are within immediate reach."
753.0,Entire home/apt,4.75,4.0,1.0,73.0,False,1.0,1.0,"Grocery, transit, and dining options are scarce compared with most New York City blocks, while hotels and sports facilities sit right at the doorstep."
63.53,Entire home/apt,4.16,2.0,1.0,32.0,True,1.0,1.0,"The area stands out for lacking nearby attractions, bars, and parks, yet grocery markets are steps away and sports facilities are a short walk."
205.92,Entire home/apt,4.38,7.0,1.0,237.0,False,2.0,1.0,"Museums, galleries, and hotels are notably scarce compared to most NYC blocks, while entertainment venues sit in the bottom eleven percent citywide. Rapid transit at MTA Subway - 79th St (D) and nearby grocery and markets provide convenient daily access in an otherwise low-amenity setting."
948.33,Entire home/apt,4.81,10.0,3.0,85.0,True,5.0,3.0,"Entertainment venues are absent, unlike most NYC blocks, and both dining and grocery options rank in the bottom 13% citywide. Rapid transit is steps away."
127.06,Entire home/apt,4.96,2.0,1.0,24.0,True,1.0,1.0,"Unlike most blocks in the city, this stretch has no nearby parks or green space and far fewer gyms and hotels than typical, while grocery stores and markets remain a short walk away."
133.67,Entire home/apt,4.96,2.0,1.0,28.0,True,1.0,1.0,"While grocery and markets are within easy reach, this block has far fewer gyms, entertainment venues, and dining options than most of NYC."
382.74,Entire home/apt,4.88,3.0,2.0,8.0,False,2.0,2.0,"Hotels, parks, and shops cluster near the bottom of citywide rankings, yet grocery markets and sports facilities remain within a short walk."
898.8,Entire home/apt,4.85,4.0,2.0,62.0,False,2.0,2.0,"The block stands out against most NYC blocks for its lack of bars and shops, while transit access sits in the lowest tier citywide, yet sports facilities are a short walk away and cultural venues are steps from the block."
451.0,Entire home/apt,4.79,4.0,1.0,181.0,False,3.0,1.0,"Unlike most NYC blocks, this area has no hotels, museums, or galleries nearby and sits in the bottom 9% for bars and nightlife, yet a grocery store is steps away and sports facilities are a short walk away."
96.0,Entire home/apt,4.61,2.0,1.0,92.0,False,1.0,1.0,"

Fewer entertainment venues, hotels, and museums and galleries sit nearby than is typical for most NYC blocks, while parks and open space remain a short walk away."
132.77,Entire home/apt,5.0,5.0,2.0,5.0,True,2.0,2.0,"
Entertainment venues are absent nearby, while subway access and hotels are among the least prevalent citywide; grocery markets and parks are a short walk away."
89.32,Entire home/apt,3.67,2.0,1.0,3.0,False,1.0,1.0,"A short walk away sits a grocery market, while nearby streets lack the nightlife venues, museums, and gyms common across most New York City blocks."
172.43,Entire home/apt,4.76,6.0,1.0,86.0,False,3.0,1.0,"Parks, bars, and attractions sit near the bottom of citywide rankings, while grocery stores and rapid transit are both within a short walk."
195.43,Entire home/apt,4.5,6.0,1.0,123.0,False,2.0,1.0,"Unlike most NYC blocks, the area offers no nearby parks or green space, and its grocery and dining options rank in the bottom fifth citywide, though cultural venues are steps away."
258.01,Private room,4.64,4.0,1.0,265.0,False,1.0,1.0,"Nearby blocks in NYC typically have cafes and green space, but this one has neither, while hotels sit on the doorstep and a grocery store lies within a short walk. Gyms and sports facilities are also scarce, placing this block in the bottom five percent citywide."
62.78,Private room,4.47,4.0,2.5,19.0,True,5.0,2.5,"Transit access is limited and nightlife options are sparse, while a nearby grocery store and sports facility offer everyday convenience in an otherwise quiet stretch."
107.06,Entire home/apt,4.96,2.0,1.0,71.0,True,1.0,1.0,"The block has no nearby cafes or subway access and far fewer bars than most NYC blocks, while grocery stores are a short walk away."
260.67,Entire home/apt,4.81,2.0,1.0,143.0,True,2.0,1.0,"Entertainment venues, subway transit, and grocery stores rank among the least common in the city, though parks and open space are within a short walk."
485.0,Entire home/apt,4.66,12.0,2.0,85.0,False,3.0,2.0,"The block stands out for lacking nearby museums, galleries, and subway access while also sitting in the bottom tier for entertainment venues, yet it remains within walking distance of hotels and adjacent to sports facilities."
120.87,Entire home/apt,5.0,3.0,1.0,2.0,False,2.0,1.0,"

 access is absent here in contrast to most city blocks, and bars and hotels are scarce across the area, though a park is within a short walk."
143.28,Entire home/apt,4.53,4.0,1.0,109.0,False,1.0,1.0,"Despite being in a major city, the area lacks nearby attractions, bars, and gyms, yet it remains practical with grocery options and rapid transit within walking distance."
350.0,Entire home/apt,4.96,2.0,1.0,111.0,True,1.0,1.0,"Nearby blocks typically offer at least some cafes, hotels, or attractions, but this location has none of those within easy reach, while a grocery store and a park are both a short walk away."
121.6,Entire home/apt,4.75,2.0,1.0,139.0,False,1.0,1.0,"Nearby blocks typically have bars, hotels, and subway access, but this one has none, while still placing parks and grocery options within a short walk."
143.77,Entire home/apt,4.5,4.0,1.0,6.0,False,2.0,1.0,"

Surrounded by very few entertainment venues and grocery stores compared with most NYC blocks, the area also lacks nearby subway service. Prospect Park lies a short walk away, providing the nearest access to substantial open green space."
127.23,Entire home/apt,4.75,6.0,1.5,52.0,True,2.0,1.5,"Bars and nightlife are absent here, unlike most New York City blocks, and hotels and parks rank in the lowest fifth citywide, while a sports facility is a short walk away and cultural venues sit steps from the block."
286.5,Entire home/apt,5.0,4.0,1.0,5.0,False,1.0,1.0,"Transit access is limited compared with most city blocks, and entertainment and grocery options rank among the lowest in NYC, while Prospect Park and nearby sports facilities are only a short walk away."
195.67,Private room,4.3,2.0,1.0,50.0,False,2.0,1.0,"Bars, gyms, and subway access are all scarce in this part of the city, while grocery stores and parks remain within a short walk."
640.0,Private room,4.93,2.0,1.0,84.0,True,2.0,1.0,"The block has almost no museums, entertainment venues, or nightlife compared with most of NYC, yet groceries and a park are right at the doorstep."
76.23,Entire home/apt,4.9,2.0,1.0,309.0,True,1.0,1.0,"Museums and galleries are absent from the immediate area, while parks and dining options sit in the bottom 19% of New York City blocks, yet rapid transit and grocery access remain within a short walk."
98.27,Entire home/apt,4.5,3.0,1.0,70.0,True,1.0,1.0,"Limited nightlife, transit, and green space set this block apart from most of NYC, even though groceries and sports facilities sit within easy reach."
273.19,Private room,4.67,4.0,2.0,12.0,False,2.0,2.0,"This block stands out for its lack of nearby parks and subway access, yet sits steps from a sports facility and within a short walk of a grocery store."
302.41,Entire home/apt,4.84,4.0,1.0,98.0,False,2.0,1.0,"Hotels, museums, and parks are absent in the immediate surroundings, while a grocery store and rapid transit remain within a short walk."
322.33,Entire home/apt,5.0,2.0,1.0,14.0,True,1.0,1.0,"A block with no nearby museums, galleries, or parks yet sits steps from grocery and sports facilities, and its retail mix ranks in the bottom 11 percent citywide."
67.78,Private room,4.85,2.0,1.0,102.0,True,1.0,1.0,A short walk from sports facilities and doorstep grocery access sit alongside a block that lacks nearby parks and ranks in the bottom 12 percent of NYC blocks for both shops and attractions.
93.76,Entire home/apt,4.78,1.0,1.0,179.0,True,1.0,1.0,"Compared to most NYC blocks, this area is notably quiet, with no nearby attractions, bars, nightlife, or entertainment venues, while a grocery and market remains a short walk away."
407.0,Private room,4.92,2.0,1.0,141.0,False,2.0,1.0,"Unlike most city blocks, this one lacks nearby museums, parks, and subway access, while a grocery store is just steps away."
130.01,Entire home/apt,4.76,4.0,1.0,118.0,True,2.0,1.0,"A block in this part of Brooklyn stands out for lacking nearby museums, galleries, parks, and major attractions compared with most New York City blocks, while still offering rapid transit right at the MTA New York City Transit-Beverly Rd station and a short walk to grocery options."
143.0,Entire home/apt,4.38,8.0,1.0,146.0,False,1.0,1.0,"Cafes and subway service are notably absent from this stretch of NYC, while gyms and sports sit in the bottom 11% of city blocks, contrasting with quick access to parks and a short walk to groceries."
107.5,Private room,5.0,2.0,1.0,2.0,False,1.0,1.0,"The block stands out for its lack of nearby museums, galleries, parks, and attractions compared to most New York City blocks, while still offering immediate access to the MTA Beverly Rd train station and a short walk to grocery shopping."
237.0,Hotel room,4.0,4.0,1.0,1.0,False,1.0,1.0,"This part of the city has noticeably fewer museums and galleries, grocery stores, and cafes than most New York City blocks. Hotels sit right at the doorstep, while the nearest parks and open spaces are a short walk away."
329.33,Private room,4.92,2.0,1.0,192.0,True,2.0,1.0,"Entertainment venues, museums, and subway access are all absent from this block, while a grocery market and a park are both within a short walk."
255.9,Entire home/apt,4.75,4.0,1.0,4.0,False,1.0,1.0,"Entertainment venues are absent nearby, and cafes and shops are scarce compared to most NYC blocks, though grocery and markets are a short walk away."
151.18,Entire home/apt,5.0,2.0,1.0,1.0,False,1.0,1.0,"Gyms, bars, and green space are nearly absent compared with most NYC blocks, while grocery options and cultural venues sit within a short walk."
1142.0,Private room,4.95,2.0,2.5,20.0,True,2.0,2.5,"Unlike most NYC blocks, this stretch lacks nearby entertainment venues, hotels, and parks, while a grocery and cultural venues sit just steps away."
91.87,Entire home/apt,4.65,2.0,1.0,49.0,True,1.0,1.0,"The block sits steps from rapid transit and on the doorstep of New York Airport, yet it lacks the museums, galleries, and parks common across most of NYC and falls well below the citywide norm for dining."
1027.5,Entire home/apt,4.84,11.0,1.5,58.0,True,3.0,1.5,"Subway access is absent here while most New York City blocks have some, and shops and dining options are far fewer than typical for the city. Hotels are steps away, offering a different kind of immediate access."
335.0,Entire home/apt,4.93,6.0,1.0,86.0,False,2.0,1.0,"A block without nearby hotels, museums, or parks stands out against most New York City blocks, while having a grocery or market right on the doorstep adds a practical convenience."
825.0,Entire home/apt,4.68,10.0,3.0,60.0,False,5.0,3.0,"Dining and shopping sit near the bottom of citywide rankings, and the block lacks nearby subway service despite being within a short walk of grocery options and hotels."
286.44,Entire home/apt,4.91,2.0,1.0,143.0,True,1.0,1.0,"

Unlike most Manhattan blocks, hotels, museums, and parks are all absent nearby, though a grocery market is within easy reach."
382.22,Entire home/apt,4.74,6.0,1.0,109.0,False,2.0,1.0,"Most NYC blocks have some museums or galleries, yet this one has none and also trails the city for entertainment venues and shops, while a grocery and a park are within a short walk."
371.0,Private room,4.94,8.0,1.0,84.0,True,4.0,1.0,"Most NYC blocks have some cafes, entertainment venues, and museums or galleries, but this stretch has none nearby. The MTA Subway - Liberty Ave (A/C) station is a short walk away."
373.0,Entire home/apt,4.83,6.0,1.0,6.0,False,2.0,1.0,"Shops and nightlife sit in the lowest tenth of city blocks, and unlike most of the city there are no museums or galleries within walking distance. The Santa marta la dominadora train station is steps away, putting rapid transit on the doorstep."
125.26,Entire home/apt,4.29,6.0,1.5,7.0,True,3.0,1.5,"A block without nearby attractions, bars, or gyms sits within a short walk of grocery stores and cultural venues, with the Avenue J train station nearby."
44.27,Private room,5.0,2.0,2.0,3.0,True,1.0,2.0,"The block stands out for lacking any hotels, museums or galleries, and green space, while a grocery market sits steps away and a rapid transit stop is within a short walk."
224.64,Entire home/apt,4.62,6.0,1.0,55.0,False,1.0,1.0,"Subway access is absent in a city where most blocks have some nearby, while everyday food options rank near the bottom citywide despite a grocery store being steps away."
63.63,Private room,5.0,1.0,1.0,3.0,True,1.0,1.0,"Dining, bars, and shops sit near the bottom of the citywide distribution, while parks and a grocery option are within easy walking distance."
225.25,Entire home/apt,5.0,8.0,2.0,6.0,True,3.0,2.0,"Most New York City blocks have some nearby entertainment venues, hotels, and museums and galleries, yet this block has none. A grocery and market sits steps away."
302.5,Entire home/apt,4.94,4.0,1.0,144.0,True,1.0,1.0,"Compared with most New York City blocks, the area has almost no cafes, bottom-decile dining, and few shops, while rapid transit and cultural venues are within a short walk."
426.5,Entire home/apt,4.66,2.0,1.0,92.0,False,2.0,1.0,"Steps from the Pennsylvania Avenue station on the IRT New Lots Line, the block lacks the attractions, bars, and gyms common to most New York City blocks."
318.3,Entire home/apt,5.0,5.0,1.5,2.0,False,3.0,1.5,"This block offers no nearby attractions, entertainment, or hotels, while a grocery market and sports facilities are within easy reach."
159.05,Entire home/apt,4.6,4.0,1.0,30.0,False,2.0,1.0,"Unlike most New York City blocks, the area has no nearby attractions, bars, or museums, though open green space is within a short walk."
89.23,Entire home/apt,5.0,2.0,1.0,2.0,False,1.0,1.0,"The block stands out against most New York City blocks for having no nearby attractions, cafes, or hotels, while a grocery market and sports facilities are within a short walk."
159.84,Entire home/apt,4.87,6.0,1.0,67.0,True,2.0,1.0,"Cafes, hotels, and museums or galleries are absent from this block, unlike most NYC blocks, while parks and sports facilities are only a short walk away."
197.34,Entire home/apt,4.47,5.0,1.0,19.0,False,2.0,1.0,"

Bars, cafes, and museums are absent from the immediate surroundings, a contrast with most New York City blocks, while a grocery store and a park sit within a short walk along with New Lots Train Station."
211.09,Entire home/apt,4.89,8.0,2.0,63.0,False,2.0,2.0,"A quiet block lacking nearby hotels, attractions, or museums, yet steps from grocery and market access and a short walk to parks and open space."
129.52,Entire home/apt,4.62,7.0,1.0,21.0,False,3.0,1.0,"

Most city blocks have cafes, museums, and subway access within reach, but this stretch instead offers sports facilities and open green space just steps away."
96.63,Entire home/apt,4.62,4.0,1.0,29.0,False,2.0,1.0,"Unlike most NYC blocks, this one lacks nearby attractions, cafes, and gyms, yet it sits steps from a park and a short walk from a grocery store."
33.53,Private room,4.69,2.0,1.0,16.0,False,1.0,1.0,"Cafés, entertainment venues, and museums are absent from this block, in contrast to most surrounding Manhattan locations, while a grocery market is steps away and the Metro North Morris Heights station lies within a short walk."
111.2,Entire home/apt,4.85,2.0,1.0,62.0,False,1.0,1.0,"The block stands out for having no nearby attractions, cafes, or hotels, while a grocery market and a park are each only a short walk away."
117.83,Entire home/apt,4.75,4.0,1.0,4.0,False,2.0,1.0,"A short walk from grocery markets and cultural venues, the area stands out against most NYC blocks by having no nearby attractions, bars and nightlife, or hotels."
249.0,Private room,4.89,2.0,1.0,245.0,True,1.0,1.0,"Parks and open space are right at the doorstep, while grocery and markets are only a short walk away, even though the block lacks the nearby museums, attractions, and subway access common across most of New York City."
514.0,Entire home/apt,4.95,3.0,1.0,58.0,True,2.0,1.0,"Unlike most New York City blocks, this stretch has no nearby cafes, gyms, or attractions, while a park is steps away."
71.57,Entire home/apt,4.7,2.0,1.0,109.0,True,1.0,1.0,"Surrounding blocks typically include attractions, entertainment venues, and hotels, but this one sits apart from those citywide patterns, while still offering grocery options and sports facilities within a short walk."
261.07,Private room,4.92,2.0,1.0,12.0,False,1.0,1.0,"Despite the surrounding blocks typically offering attractions, cafes, and entertainment venues, this block stands out for having none of those, while still providing sports facilities steps away and grocery options within a short walk."
61.06,Private room,4.7,1.0,1.0,23.0,False,0.0,1.0,"

Unlike most New York City blocks, this stretch has no nearby cafes, museums, or cultural attractions, though a grocery store and market sit within a short walk."
183.57,Entire home/apt,4.9,2.0,1.0,107.0,False,1.0,1.0,"

While most nearby city blocks include at least some bars, hotels, or parks, this stretch has none of the three, though a grocery market and a cultural venue remain a short walk away."
255.34,Entire home/apt,4.96,2.0,1.0,179.0,True,2.0,1.0,"Cafés, museums, and subway stations are all absent from this stretch, while a grocery market and a park are each a short walk away."
405.0,Private room,4.86,6.0,2.0,210.0,True,3.0,2.0,"The block lacks nearby entertainment venues, museums, and parks, standing out against most NYC blocks, while a sports facility and hotel are within a short walk."
233.59,Private room,4.5,2.0,1.0,4.0,False,3.0,1.0,"The block sits within a quieter pocket of the city where nearby streets lack bars, cafes, and subway stops, while a grocery market and a park are within immediate walking distance."
561.23,Entire home/apt,4.76,2.0,1.0,125.0,False,1.0,1.0,"A residential block in NYC without nearby attractions, entertainment venues, or hotels, yet it is within a short walk of grocery and markets."
132.47,Entire home/apt,4.73,2.0,1.0,123.0,False,2.0,1.0,"The block stands out from most NYC areas by having no nearby attractions, gyms, or museums, yet it remains convenient with grocery stores and hotels within a short walk."
152.21,Entire home/apt,5.0,1.0,1.0,2.0,False,1.0,1.0,"The block stands apart from most New York City blocks by lacking nearby attractions, cafes, and grocery stores. The surrounding area offers limited everyday amenities within walking distance."
146.44,Entire home/apt,4.93,4.0,1.0,73.0,True,1.0,1.0,"Unlike most NYC blocks, the area has no nearby attractions, bars, or entertainment venues, though a grocery store and open green space are within a short walk."
56.6,Private room,5.0,1.0,1.0,3.0,False,3.0,1.0,"Cafés, entertainment venues, and museums are all absent from the immediate area, which is unusual for a New York City block, while grocery and market options are only a short walk away."
189.33,Entire home/apt,4.63,6.0,2.0,43.0,True,2.0,2.0,"Most New York blocks include some nearby attractions, bars, or hotels, yet this location has none of those, with a grocery and market within steps."
259.62,Private room,4.74,6.0,1.0,199.0,False,3.0,1.0,"Unlike most New York City blocks, this area has no nearby attractions, bars, or museums, though a park is a short walk away."
108.74,Entire home/apt,4.91,2.0,1.0,348.0,False,1.0,1.0,"Few nearby attractions, cafes, or grocery stores make this block quieter than most NYC blocks, while a short walk to parks and open space provides the main nearby amenity."
357.0,Private room,5.0,2.0,2.0,107.0,True,2.0,2.0,"A residential block in Staten Island stands out for having no bars, cafes, or hotels within walking distance, yet Clifton train station sits directly at the doorstep."
397.0,Entire home/apt,4.98,2.0,1.0,55.0,True,1.0,1.0,"Unlike most NYC blocks, this stretch has no nearby attractions, bars, or cafes, yet the Beach 36th Street train station is steps away."
1076.0,Private room,4.96,8.0,2.5,49.0,True,4.0,2.5,"Most NYC blocks have bars, cafes, or entertainment venues within walking distance, but this location has none, while parks and open space are steps away."
107.59,Entire home/apt,5.0,2.0,1.0,1.0,True,1.0,1.0,"Few dining and entertainment options are within easy reach, though a grocery and markets location is a short walk away."
212.77,Entire home/apt,3.0,6.0,2.0,1.0,False,3.0,2.0,"Unlike most New York City blocks, the area has no nearby bars, cafes, or entertainment venues, while a grocery market sits within a short walk."
375.0,Entire home/apt,5.0,4.0,2.0,76.0,True,2.0,2.0,"Surrounded by hotels within steps yet lacking nearby cafes, attractions, or entertainment venues, the block stands out for its unusually quiet streetscape while still offering grocery and market access a short walk away."
93.17,Entire home/apt,4.64,4.0,1.0,11.0,True,2.0,1.0,"The block sits in an unusually quiet pocket of NYC, with no nearby attractions, bars, or cafes, yet everyday essentials like grocery markets and sports facilities remain within a short walk."
642.0,Private room,4.95,2.0,2.0,19.0,True,2.0,2.0,"With no attractions, bars, or cafes within an easy reach, this block stands out as quieter than most in NYC, while still offering grocery markets and hotels a short walk away."
142.28,Entire home/apt,4.78,6.0,2.0,67.0,False,3.0,2.0,"

Most NYC blocks have at least some nearby attractions, grocery stores, and gyms, yet all three are absent here. Rapid transit and LaGuardia Airport Terminal B sit within a short walk, offering unusually direct access for an otherwise under-served stretch."
270.08,Entire home/apt,4.99,2.0,1.0,101.0,True,1.0,1.0,"A block without nearby cafes, bars, or attractions sits directly beside sports facilities, with parks and open space only a short walk away."
72.36,Private room,4.75,2.0,1.0,8.0,False,1.0,1.0,"Unlike most New York City blocks, this location has no nearby cafes, bars, or attractions, distinguishing it from the typical mix of neighborhood amenities found elsewhere in the city."
345.13,Entire home/apt,5.0,5.0,2.5,1.0,False,4.0,2.5,"The block stands out from most NYC blocks by lacking nearby attractions, bars, and cafes, while a sports facility lies within a short walk."
294.0,Private room,4.73,4.0,1.0,52.0,False,2.0,1.0,"The surrounding block has none of the usual city amenities such as attractions, bars and nightlife, or cafes."
194.7,Entire home/apt,5.0,4.0,1.0,2.0,False,2.0,1.0,"A near absence of nearby attractions, bars, and cafes sets this block apart from most city blocks, while a sports facility within steps adds a distinct recreational anchor."
167.8,Private room,5.0,2.0,1.0,9.0,False,1.0,1.0,"The area stands out for its unusual absence of nearby attractions, bars, and cafes compared to most New York City blocks, while still offering a short walk to parks and open space."
105.3,Entire home/apt,4.72,2.0,1.0,47.0,False,1.0,1.0,"The block stands out from most New York City blocks by lacking nearby bars, cafes, and dining options."
280.8,Private room,4.96,7.0,2.0,26.0,False,3.0,2.0,"The block stands out from most of New York City for its lack of nearby attractions, cafes, and dining options, while still offering a short walk to parks and open space."
181.5,Entire home/apt,4.74,2.0,1.0,89.0,False,1.0,1.0,"This block lacks nearby tourist attractions, bars, and cafes, which is uncommon for most NYC neighborhoods. There are no well-known landmarks in the vicinity."
309.73,Entire home/apt,5.0,6.0,2.0,15.0,False,3.0,2.0,"Nearby blocks typically include some cafes, dining, and attractions, yet this one offers none of those, while a park or open space remains a short walk away."
217.0,Entire home/apt,4.96,2.0,1.0,23.0,True,1.0,1.0,"Nearby blocks typically have some attractions, bars or cafes, but this stretch has none of those while a grocery store remains within a short walk."
288.0,Private room,4.43,2.0,1.0,7.0,False,2.0,1.0,"There are no nearby attractions, bars, or cafes, in contrast to most New York City blocks that typically have at least some. The area appears largely devoid of common citywide amenities."
