price,room_type,ratings,guests,bathrooms,property_number_of_reviews,is_superhost,num_bedrooms,num_baths,surroundings_summary
284.1,Entire home/apt,4.91,3.0,1.0,11.0,False,1.0,1.0,"Dense clusters of cafes, shops, and restaurants distinguish this location from almost every other block in the city. Immediate access to rapid transit and nearby sports facilities provide convenient connectivity for daily routines."
323.33,Private room,4.74,1.0,1.0,43.0,False,2.0,1.0,Retail density and hospitality options here rank among the highest in the city. Daily necessities and athletic facilities are located just steps from the front door.
690.98,Private room,4.0,8.0,2.0,1.0,False,2.0,2.0,"Concentrated hotel, retail, and fitness clusters distinguish this location from almost every other block in the city. Daily grocery markets and major cultural venues remain accessible within a short walk."
588.0,Entire home/apt,4.0,2.0,1.0,5.0,False,1.0,1.0,Retail density and entertainment options here rank among the highest concentrations found anywhere in the city. Hotels and professional sports facilities operate immediately adjacent to the residential streetscape.
290.0,Private room,4.14,2.0,1.0,7.0,False,1.0,1.0,"High concentrations of fitness facilities, hotels, and retail shops distinguish this location from most other city blocks. Daily grocery needs are met immediately outside the door, while major cultural venues remain within a short walking distance."
1452.0,Private room,5.0,12.0,3.0,1.0,False,3.0,3.0,"High concentrations of entertainment venues, hotels, and retail shops distinguish this location from the rest of the city. Public parks and major cultural institutions are accessible within a short walk."
1199.0,Entire home/apt,5.0,5.0,1.0,21.0,True,2.0,1.0,"High concentrations of fitness facilities, diverse dining options, and hospitality venues distinguish this neighborhood from most other parts of the city. Cultural institutions sit immediately adjacent to the property, while daily grocery needs are met within a short walk."
312.68,Entire home/apt,4.73,4.0,1.0,15.0,False,1.0,1.0,Unrivaled access to the city's transit network and high-density entertainment hubs defines this location. Cultural venues and hospitality establishments are situated immediately outside the front door.
595.92,Private room,4.46,8.0,1.0,56.0,False,1.0,1.0,"High concentrations of fitness centers, retail stores, and cafes distinguish this neighborhood from most other parts of the city. Frequent hotel accommodations and immediate access to rapid transit hubs provide additional convenience for residents."
475.05,Entire home/apt,3.0,5.0,1.0,1.0,False,1.0,1.0,High-density entertainment venues and transit hubs distinguish this location from the rest of the city. Frequent access to nearby parks and surrounding hotels provides a distinct urban environment.
266.0,Private room,4.4,2.0,1.0,15.0,False,1.0,1.0,"Concentrated clusters of cafes, galleries, and boutiques distinguish this neighborhood from the rest of the city. Daily necessities and athletic amenities are located within immediate walking distance."
164.73,Entire home/apt,4.87,2.0,1.0,23.0,True,2.0,1.0,"Concentrated clusters of cafes, grocery stores, and art galleries distinguish this neighborhood from the rest of the city. Nearby hotels and rapid transit stations provide convenient access to the New Museum and the Manhattan Bridge."
724.27,Entire home/apt,4.83,6.0,1.0,6.0,True,2.0,1.0,"High concentrations of entertainment venues, hotels, and cafes set this neighborhood apart from the rest of the city. Cultural institutions reside steps away, while grocery stores and markets are located on the doorstep."
325.0,Private room,4.46,2.0,1.0,61.0,False,1.0,1.0,Cultural institutions and daily conveniences are more concentrated here than in almost any other part of the city. High-density hotel accommodations and rapid transit connections are situated within immediate reach of the neighborhood.
232.42,Private room,4.86,2.0,1.0,7.0,False,1.0,1.0,"Active residents benefit from a density of fitness facilities, retail stores, and entertainment venues that far exceeds most other city locations. Cultural institutions and grocery markets are located within immediate walking distance of the property."
454.78,Entire home/apt,4.33,6.0,1.0,3.0,False,3.0,1.0,"High concentrations of entertainment, transit, and fitness facilities distinguish this location from most other city blocks. Hotels and cultural venues occupy the immediate surroundings."
198.53,Private room,4.9,4.0,1.0,39.0,True,1.0,1.0,"Unrivaled concentrations of grocery stores, restaurants, and cafes distinguish this location from almost every other block in the city. Cultural venues sit on the doorstep, while the Manhattan Bridge and local parks are within a short walk."
207.0,Hotel room,4.0,4.0,1.0,1.0,False,1.0,1.0,"Unrivaled access to grocery stores, dining, and cultural institutions distinguishes this location from almost every other block in the city. Public parks and boutique hotels are situated within a short walking distance."
155.03,Entire home/apt,5.0,3.0,1.0,1.0,False,1.0,1.0,"Cultural institutions and nightlife venues are more concentrated here than almost anywhere else in the city. Public sports facilities are located steps away, while hotels are within a short walk."
336.65,Entire home/apt,4.98,3.0,1.5,47.0,False,1.0,1.5,High-density nightlife and entertainment venues define this location far beyond typical city standards. Proximity to major hotels and cultural institutions provides immediate access to the surrounding commercial core.
615.0,Hotel room,5.0,2.0,1.0,2.0,False,1.0,1.0,High-density nightlife and a concentration of cultural institutions define this neighborhood's vibrant atmosphere. Professional sports facilities and boutique lodging options are located immediately outside the front door.
285.17,Entire home/apt,4.83,4.0,1.0,6.0,False,1.0,1.0,"High concentrations of fitness facilities, grocery options, and hotels distinguish this neighborhood from most other parts of the city. Cultural venues sit steps away, while public parks and open spaces remain within a short walk."
214.9,Entire home/apt,4.81,2.0,1.0,16.0,False,2.0,1.0,"Concentrated clusters of high-end dining, art galleries, and expansive public parks distinguish this neighborhood from the rest of the city. Residents enjoy convenient access to rapid transit lines and local sports facilities within a short walking distance."
318.27,Private room,4.75,4.0,1.0,129.0,False,2.0,1.0,"Residents enjoy unparalleled access to grocery stores, transit hubs, and cultural institutions compared to almost any other location in the city. Public parks and boutique hotels are situated within immediate walking distance of the neighborhood."
154.22,Entire home/apt,4.33,1.0,1.0,6.0,False,1.0,1.0,"High concentrations of fitness facilities, lodging, and retail distinguish this neighborhood from most other parts of the city. Public parks and various cultural institutions are located just steps from the front door."
289.35,Private room,3.68,2.0,1.0,31.0,False,1.0,1.0,"Concentrated entertainment, dining, and nightlife options distinguish this location from the vast majority of the city. Daily necessities like grocery stores and markets are located just steps away."
245.8,Entire home/apt,5.0,3.0,2.0,2.0,False,1.0,2.0,"Residents enjoy unparalleled access to the city's highest concentrations of transit, grocery options, and cultural institutions. Proximity to Manhattan Bridge and local parks provides immediate outdoor space and waterfront connectivity."
397.7,Entire home/apt,4.62,4.0,1.0,81.0,False,1.0,1.0,"High concentrations of fitness facilities and grocery markets distinguish this neighborhood from most other parts of the city. Cultural venues sit on the doorstep, while public parks and open spaces remain within a short walk."
547.36,Entire home/apt,4.83,4.0,1.0,46.0,True,1.0,1.0,"Residents enjoy immediate access to an unmatched density of grocery stores, museums, and nightlife venues compared to the rest of the city. Frequent transit options and nearby hotels provide convenient connectivity for both daily commuting and visiting guests."
116.15,Entire home/apt,4.7,2.0,1.0,37.0,False,1.0,1.0,"Vibrant culinary, nightlife, and cultural scenes distinguish this neighborhood as one of the most active in the city. Public green space and rapid transit options are both accessible within a short walk."
388.43,Entire home/apt,5.0,2.0,1.0,1.0,False,2.0,1.0,"High-density nightlife and dining options distinguish this location from the rest of the city. Rapid transit access sits steps away, with cultural venues and public green space reachable by a short walk."
418.61,Entire home/apt,3.0,3.0,1.0,1.0,False,1.0,1.0,"High concentrations of entertainment venues, dining, and nightlife define this neighborhood as a primary hub for citywide activity. Hotels and sports facilities are located immediately adjacent to the residential streetscape."
283.55,Entire home/apt,4.81,1.0,1.0,62.0,False,1.0,1.0,High concentrations of fitness facilities and retail storefronts distinguish this neighborhood from most other parts of the city. Frequent hotel accommodations and nearby rapid transit provide convenient access for visitors and residents alike.
276.7,Entire home/apt,4.82,2.0,1.0,11.0,True,1.0,1.0,"Cultural institutions and athletic facilities are far more concentrated here than in almost any other part of the city. Frequent hotel accommodations sit immediately adjacent to the residential buildings, while daily grocery options remain within a short walk."
656.33,Entire home/apt,4.88,5.0,1.0,110.0,True,2.0,1.0,Concentrated cultural attractions and dense greenery distinguish this neighborhood from the rest of the city. Athletic facilities and fresh food markets sit within immediate reach of the residential front door.
210.2,Entire home/apt,5.0,2.0,1.0,6.0,False,1.0,1.0,"Exceptional concentrations of dining, nightlife, and cafes distinguish this neighborhood from the rest of the city. Cultural venues and grocery markets are located within immediate walking distance."
139.49,Private room,4.5,2.0,1.0,688.0,False,1.0,1.0,High concentrations of major cultural attractions and specialty cafes distinguish this neighborhood from most other parts of the city. Public sports facilities and expansive green spaces are located within immediate walking distance of the residential properties.
745.0,Private room,5.0,3.0,1.0,5.0,False,1.0,1.0,Abundant green space and a high concentration of cultural institutions distinguish this neighborhood from the rest of the city. Proximity to major hotels and diverse sports facilities provides immediate access to leisure and recreational amenities.
449.27,Entire home/apt,5.0,2.0,1.0,1.0,False,1.0,1.0,"Concentrated dining, nightlife, and entertainment options distinguish this location as one of the most active hubs in the city. Cultural venues and rapid transit access are both located steps from the front door."
878.86,Entire home/apt,4.94,2.0,1.0,36.0,True,1.0,1.0,"Concentrated dining, nightlife, and cafe options distinguish this location from the vast majority of other city blocks. Rapid transit and cultural venues sit steps away from the property."
112.43,Private room,5.0,3.0,1.0,2.0,False,1.0,1.0,High concentrations of tourist attractions and hotels distinguish this neighborhood from the rest of the city. Athletic facilities and cultural venues are located immediately outside the front door.
59.11,Entire home/apt,4.6,1.0,1.0,5.0,True,1.0,1.0,"High-density entertainment, nightlife, and transit connectivity distinguish this location from the quieter residential neighborhoods found elsewhere in the city. Cultural institutions and hotels occupy the immediate surroundings, placing residents within a short walk of Times Square and about 10 minutes from Rockefeller Center."
628.0,Private room,5.0,4.0,2.0,1.0,False,1.0,2.0,High-density cultural attractions and transit connectivity distinguish this location from the rest of the city. Nearby hotels and athletic facilities provide immediate access to specialized services and recreational amenities.
149.39,Entire home/apt,5.0,2.0,1.0,1.0,False,1.0,1.0,"Dense concentrations of cafes and green spaces define this neighborhood against the backdrop of a high-density hotel district. Public sports facilities sit steps away, and rapid transit options remain within a short walk."
417.51,Entire home/apt,4.73,4.0,1.0,56.0,True,1.0,1.0,"High concentrations of diverse dining, cafes, and retail shops distinguish this location from the rest of the city. Cultural venues and sports facilities are situated within immediate walking distance."
266.07,Entire home/apt,4.93,2.0,1.0,15.0,False,1.0,1.0,"Athletic facilities, retail storefronts, and grocery markets are significantly more concentrated here than in the vast majority of the city. Cultural venues and hotels are located immediately adjacent to the residential streetscape."
290.21,Entire home/apt,4.4,2.0,1.0,5.0,False,1.0,1.0,"High-density concentrations of diverse dining, cafes, and retail define this neighborhood compared to the rest of the city. Rapid transit access and cultural venues sit steps away from the Stonewall Inn and Washington Square Park."
286.3,Entire home/apt,4.77,5.0,1.0,99.0,True,1.0,1.0,"High concentrations of dining, cafes, and retail shops distinguish this neighborhood from most other parts of the city. Residents enjoy convenient access to rapid transit and nearby public parks."
620.33,Private room,4.95,4.0,1.0,21.0,False,1.0,1.0,Dense concentrations of cafes and expansive green space distinguish this location from the rest of the city. Frequent transit access is complemented by immediate proximity to multiple hotels and athletic facilities.
279.65,Entire home/apt,4.5,2.0,2.5,4.0,False,2.0,2.5,"High-density concentrations of diverse dining, retail, and cafe options distinguish this neighborhood from most other parts of the city. Frequent rapid transit access and numerous cultural venues are located steps from the front door."
63.84,Entire home/apt,4.5,1.0,1.0,2.0,True,1.0,1.0,Active residents benefit from an exceptional density of fitness facilities and cultural institutions compared to the rest of the city. Public green spaces and rapid transit connections are both located within a short walk of the property.
255.23,Entire home/apt,4.5,1.0,1.0,4.0,False,1.0,1.0,"High concentrations of dining, cafes, and retail distinguish this location from most other city neighborhoods. Cultural venues and sports facilities are situated just steps from the front door."
1685.0,Entire home/apt,5.0,5.0,2.0,4.0,False,2.0,2.0,Extensive parkland and cultural institutions distinguish this neighborhood from the rest of the city. Luxury hospitality and professional athletic facilities are located immediately outside the front door.
651.0,Entire home/apt,4.82,2.0,1.0,22.0,True,1.0,1.0,High-density tourism and transit connectivity distinguish this neighborhood from the rest of the city. Public sports facilities and cultural venues are located within immediate walking distance.
298.0,Entire home/apt,4.86,2.0,1.0,356.0,True,1.0,1.0,High concentrations of major tourist attractions and transit hubs distinguish this neighborhood from the rest of the city. Residents benefit from immediate access to professional sports facilities and various cultural venues.
388.57,Entire home/apt,5.0,3.0,1.0,1.0,False,1.0,1.0,"High concentrations of major tourist attractions, expansive green spaces, and dense café culture distinguish this neighborhood from the rest of the city. Cultural venues and sports facilities are located immediately outside the front door."
272.77,Entire home/apt,5.0,3.0,1.0,1.0,True,1.0,1.0,"Residents enjoy an exceptional density of grocery stores and cultural institutions compared to most other city blocks. Public parks are located steps away, while nearby hotels offer convenient accommodations for visiting guests."
354.0,Hotel room,5.0,4.0,1.0,1.0,False,1.0,1.0,"Concentrated clusters of cafes, hotels, and dining establishments distinguish this location from the majority of the city. Athletic facilities and cultural venues are situated within immediate walking distance."
954.0,Entire home/apt,4.84,6.0,2.0,25.0,True,2.0,2.0,Major tourist attractions and transit hubs define this neighborhood as one of the most accessible and visited locations in the city. Public sports facilities and numerous hotels are situated within immediate walking distance of the residential units.
215.01,Entire home/apt,4.75,4.0,1.0,63.0,False,1.0,1.0,"Concentrated nightlife, entertainment, and dining options distinguish this location from the rest of the city. Frequent hotel accommodations and rapid transit access are available within a short walk."
166.63,Private room,4.71,1.0,1.0,24.0,True,1.0,1.0,Nightlife intensity and grocery store density here far exceed the typical New York City neighborhood. Cultural venues and sports facilities sit within immediate reach of the front door.
2054.12,Entire home/apt,4.81,6.0,2.0,37.0,True,2.0,2.0,"High concentrations of major cultural attractions, museums, and athletic facilities distinguish this neighborhood from most other parts of the city. Residents enjoy convenient pedestrian access to both rapid transit lines and essential grocery markets."
764.59,Entire home/apt,4.76,5.0,1.0,117.0,True,2.0,1.0,High concentrations of tourist attractions and hotels distinguish this location from most other city blocks. Cultural venues and public parks are situated within immediate walking distance of the property.
315.51,Entire home/apt,4.67,3.0,1.0,12.0,False,1.0,1.0,High concentrations of athletic facilities and retail storefronts distinguish this neighborhood from most other parts of the city. Residents benefit from immediate proximity to everyday grocery markets and various hospitality options.
2282.36,Entire home/apt,4.94,6.0,3.0,68.0,True,3.0,3.0,"High concentrations of retail, nightlife, and dining options distinguish this neighborhood from most other parts of the city. Essential grocery stores and diverse cultural venues are located within immediate walking distance."
627.67,Private room,4.91,2.0,1.0,57.0,False,1.0,1.0,Abundant green space and a high density of cultural institutions distinguish this location from the rest of the city. Nearby hotels and public sports facilities provide immediate access to leisure and recreation.
105.62,Entire home/apt,4.33,2.0,1.0,3.0,True,1.0,1.0,High concentrations of athletic facilities and cultural institutions distinguish this location from most other city blocks. Residents benefit from immediate access to rapid transit and a short walk to local grocery options.
136.8,Entire home/apt,4.67,2.0,1.0,3.0,False,1.0,1.0,"High concentrations of entertainment venues, nightlife, and dining options distinguish this location from quieter residential districts across the city. Nearby hotels and public park spaces provide immediate access to hospitality and outdoor recreation."
239.7,Entire home/apt,5.0,2.0,1.0,3.0,False,1.0,1.0,"Concentrated tourism and cultural institutions distinguish this neighborhood from the residential character found in most other parts of the city. Rapid transit access sits steps away, and public sports facilities remain within a short walking distance."
197.82,Entire home/apt,4.86,3.0,1.0,108.0,True,1.0,1.0,"High concentrations of athletic facilities, retail storefronts, and diverse dining options distinguish this neighborhood from most other parts of the city. Residents benefit from immediate access to the MTA - Christopher St Sheridan Square Station and a short walk to local grocery markets."
169.58,Entire home/apt,5.0,2.0,1.0,1.0,True,1.0,1.0,High concentrations of fitness facilities and cultural institutions distinguish this neighborhood from most other parts of the city. Frequent hotel accommodations and rapid transit access are located within a short walk of the property.
262.0,Entire home/apt,4.75,2.0,1.0,60.0,False,1.0,1.0,Abundant parkland and sports facilities define this neighborhood far more than the surrounding city's nightlife density. Cultural venues sit on the doorstep while various hotels remain just steps away.
201.0,Entire home/apt,4.64,2.0,1.0,58.0,False,1.0,1.0,Abundant greenery and recreational facilities define this neighborhood far more than the city's typical density of nightlife. Cultural venues and hotels sit immediately adjacent to the residential streetscape.
856.0,Entire home/apt,4.96,4.0,2.0,68.0,True,2.0,2.0,Cultural institutions and grocery options are significantly more concentrated here than in most other parts of the city. Frequent transit connections are complemented by immediate access to public parks and nearby hotel accommodations.
419.4,Entire home/apt,5.0,4.0,1.0,1.0,False,2.0,1.0,"High concentrations of entertainment venues, nightlife, and dining options distinguish this neighborhood from quieter residential districts across the city. Rapid transit lines and public sports facilities are located steps from the front door."
232.88,Entire home/apt,4.0,3.0,1.0,2.0,False,1.0,1.0,"High concentrations of entertainment venues, nightlife, and dining options distinguish this location from quieter residential neighborhoods throughout the city. Cultural institutions and rapid transit connections remain within a short walk of the property."
290.25,Entire home/apt,4.6,5.0,1.0,5.0,False,2.0,1.0,"High concentrations of entertainment venues, nightlife, and dining options distinguish this location from quieter residential neighborhoods throughout the city. Cultural institutions are situated steps away, while rapid transit remains accessible within a short walk."
165.93,Entire home/apt,4.0,2.0,1.0,1.0,False,1.0,1.0,"High-energy nightlife, diverse dining, and numerous entertainment venues distinguish this location from quieter residential neighborhoods across the city. Rapid transit and essential grocery markets are situated immediately outside the front door."
371.49,Entire home/apt,5.0,4.0,2.0,2.0,True,1.0,2.0,"Concentrated museum and gallery access defines this location far more than the typical residential neighborhood, while its density of shops and transit options surpasses most of the city. Public sports facilities sit steps away, and local grocery markets are reachable within a short walk."
1096.67,Entire home/apt,5.0,4.0,2.0,10.0,True,2.0,2.0,"High concentrations of entertainment venues, transit hubs, and hotels distinguish this location from most other city blocks. Residents benefit from immediate access to sports facilities and a short walk to local grocery markets."
450.0,Private room,5.0,2.0,1.0,8.0,True,1.0,1.0,Abundant greenery and proximity to major tourist attractions distinguish this location from the typical density of the city. Daily necessities and cultural venues are situated just steps from the front door.
238.82,Entire home/apt,5.0,2.0,1.0,2.0,False,1.0,1.0,"Athletic facilities and cultural institutions are significantly more concentrated here than in most other parts of the city. Fresh food markets are located within immediate reach, and public green space is accessible by a short walk."
66.78,Shared room,4.68,1.0,1.0,264.0,False,1.0,1.0,"Dense concentrations of fitness facilities and cultural attractions define this location, which notably lacks the immediate access to public green space found on most city blocks. Cultural venues and rapid transit options are situated directly outside the doorstep."
362.0,Entire home/apt,4.8,5.0,1.0,5.0,False,1.0,1.0,"High concentrations of nightlife, entertainment venues, and dining define this neighborhood compared to the rest of the city. Cultural institutions and hotels are located within immediate walking distance of the residential frontages."
279.68,Entire home/apt,4.33,3.0,1.0,6.0,False,1.0,1.0,Concentrated clusters of museums and galleries define this neighborhood far more than its typical access to gyms and retail shops. Residents enjoy proximity to both public parkland and essential grocery markets within a short walking distance.
466.67,Entire home/apt,4.64,5.0,1.0,56.0,True,2.0,1.0,High concentrations of tourist attractions and hotels distinguish this neighborhood from the rest of the city. Public sports facilities and cultural venues are located steps away from the residential blocks.
82.42,Private room,4.59,1.0,4.0,17.0,False,1.0,4.0,Abundant green space and a high concentration of tourist attractions distinguish this location from the typical residential block. Rapid transit access at 18th Street (IRT Third Avenue Line) and nearby cultural venues provide immediate connectivity to the city.
510.0,Entire home/apt,5.0,4.0,1.0,5.0,True,2.0,1.0,"High concentrations of fitness facilities and dining options define this neighborhood, which offers significantly less green space than most other city blocks. Cultural venues sit just steps away, while grocery stores and markets are reachable within a short walk."
252.97,Entire home/apt,4.73,4.0,1.0,11.0,False,2.0,1.0,High concentrations of cultural attractions and public green spaces distinguish this neighborhood from the rest of the city. Residents benefit from immediate access to athletic facilities and a short walk to rapid transit lines.
289.73,Entire home/apt,4.83,4.0,1.0,6.0,False,2.0,1.0,"Cultural institutions and athletic facilities are significantly more concentrated here than in the vast majority of the city. Fresh food markets are located steps away, and rapid transit options remain within a short walk."
202.77,Entire home/apt,4.92,2.0,1.0,26.0,True,1.0,1.0,High concentrations of major attractions and diverse dining options distinguish this neighborhood from most other parts of the city. Residents benefit from immediate access to grocery markets and a short walk to rapid transit connections.
175.0,Entire home/apt,5.0,4.0,1.0,2.0,False,1.0,1.0,"Athletic facilities and dining options here rank among the most concentrated in the city, while public green space is notably scarce. Cultural venues sit just steps away, and residents can reach grocery stores and markets within a short walk."
20.47,Shared room,3.0,1.0,1.0,2.0,False,1.0,1.0,"Commercial density and hospitality options rank among the highest in the city, while public green space is notably scarce. Residents enjoy convenient access to nearby grocery markets and local sports facilities."
218.5,Private room,4.68,2.0,1.0,34.0,False,1.0,1.0,Athletic facilities and cultural institutions are significantly more concentrated here than in most other parts of the city. Frequent hotel accommodations and nearby public park space provide additional convenience for residents.
907.8,Entire home/apt,5.0,6.0,3.5,5.0,False,3.0,3.5,"High concentrations of retail, cafes, and nightlife venues distinguish this neighborhood from the majority of the city. Residents enjoy immediate proximity to public parkland and a variety of cultural institutions."
696.07,Entire home/apt,5.0,4.0,2.0,1.0,True,2.0,2.0,"Concentrated museum and gallery density distinguishes this location from the rest of the city, complemented by an abundance of immediate green space. Nearby hotels and grocery markets provide convenient access to essential services and visitor amenities."
160.75,Entire home/apt,4.0,3.0,1.0,1.0,False,1.0,1.0,High concentrations of entertainment venues and nightlife distinguish this location from the majority of the city. Frequent hotel proximity and nearby rapid transit provide convenient access for residents and visitors.
255.79,Entire home/apt,4.67,6.0,2.0,3.0,False,2.0,2.0,"Athletic facilities and nightlife venues are significantly more concentrated here than in most other parts of the city, while public transit access remains notably limited. Cultural institutions sit just steps away, and the Williamsburg Bridge is reachable via a short walk."
227.62,Private room,4.66,4.0,1.0,250.0,False,1.0,1.0,"High concentrations of hotels, dining, and retail distinguish this location from the vast majority of city blocks. Daily necessities and green spaces are accessible within immediate walking distance."
263.25,Entire home/apt,4.75,4.0,1.0,8.0,False,1.0,1.0,"High concentrations of dining, nightlife, and cultural attractions distinguish this location from most other city blocks. Residents benefit from immediate access to local grocery markets and neighborhood sports facilities."
133.11,Private room,5.0,1.0,1.0,2.0,False,1.0,1.0,Abundant parkland and cultural institutions define this neighborhood far more than the typical urban density found elsewhere in the city. Frequent access to nearby grocery stores and boutique hotels provides convenient daily amenities for residents.
120.97,Entire home/apt,4.78,2.0,1.0,9.0,False,1.0,1.0,"Dense urban transit and retail density define this location, which lacks the nearby parks found in most other parts of the city. Athletic facilities and grocery markets are located immediately outside the front door."
190.73,Entire home/apt,4.71,4.0,1.0,7.0,True,2.0,1.0,Exceptional transit connectivity and high concentrations of fitness facilities and retail define this location compared to the rest of the city. Frequent hotel accommodations and immediate access to grocery markets provide daily convenience for residents.
163.16,Entire home/apt,5.0,4.0,1.0,2.0,False,1.0,1.0,Abundant greenery and vibrant nightlife distinguish this location from the typical density of the city. Residents benefit from immediate access to local markets and nearby sports facilities.
334.63,Entire home/apt,4.67,1.0,1.0,3.0,False,2.0,1.0,"Extensive parkland and cultural attractions distinguish this neighborhood from the density of the rest of the city. Nearby hotels provide immediate visitor access, while grocery stores and markets remain within a short walking distance."
257.52,Entire home/apt,4.74,2.0,1.0,35.0,False,1.0,1.0,Abundant greenery and transit connectivity distinguish this location from the majority of city blocks. Residents enjoy immediate access to sports facilities and are situated within a short walk of major cultural institutions and hotels.
153.4,Entire home/apt,4.78,1.0,1.0,231.0,False,1.0,1.0,Abundant greenery and proximity to major cultural attractions distinguish this location from the rest of the city. Residents enjoy convenient walking access to both daily grocery markets and local performance venues.
275.27,Entire home/apt,5.0,3.0,1.0,23.0,True,1.0,1.0,"Abundant parkland and green space distinguish this location from the density found in most other parts of the city. Cultural venues sit steps away, while grocery stores and markets are within a short walk."
250.63,Entire home/apt,4.91,3.0,1.0,23.0,True,1.0,1.0,"Abundant parkland and green space define this location far more than the surrounding concentration of hotels and grocery stores. Public sports facilities sit steps away, while cultural venues remain within a short walk."
251.62,Entire home/apt,5.0,4.0,1.0,2.0,False,2.0,1.0,"High concentrations of nightlife, entertainment venues, and dining options define this location compared to most of the city. Nearby hotels and public parks provide immediate access to local amenities and open space."
147.19,Entire home/apt,5.0,3.0,1.0,3.0,False,1.0,1.0,"High concentrations of nightlife, entertainment venues, and dining options distinguish this location from the majority of the city. Frequent hotel accommodations and public park space are situated steps away, while the Intrepid Sea, Air & Space Museum sits within a short walk."
158.2,Entire home/apt,4.6,3.0,1.5,10.0,True,1.0,1.5,Abundant parkland and cultural institutions distinguish this neighborhood from the dense urban fabric found elsewhere in the city. Sports facilities and hospitality venues are located immediately outside the front door.
290.4,Entire home/apt,4.75,2.0,1.0,4.0,False,1.0,1.0,Athletic facilities and diverse dining options are significantly more concentrated here than in most other parts of the city. Residents benefit from immediate access to local grocery markets and various cultural venues.
236.07,Entire home/apt,5.0,1.0,1.0,2.0,False,1.0,1.0,"Cultural institutions and hotels define this neighborhood far more than the rest of the city, while public transit access remains significantly more limited here. Daily necessities and athletic venues are located within a short walk of the residential blocks."
234.17,Entire home/apt,4.86,2.0,1.0,14.0,False,1.0,1.0,"Abundant greenery and a high concentration of cultural attractions distinguish this neighborhood from the typical urban density of the city. Nearby hotels provide immediate lodging options, while local sports facilities are accessible by a short walk."
273.16,Entire home/apt,5.0,2.0,1.0,6.0,True,1.0,1.0,"High concentrations of nightlife, fitness facilities, and restaurants distinguish this neighborhood from quieter residential parts of the city. Frequent hotel accommodations sit nearby, and daily grocery markets are accessible within a short walk."
268.27,Entire home/apt,5.0,2.0,1.0,1.0,False,1.0,1.0,Urban density here minimizes access to green space while concentrating a high density of cultural institutions and attractions. Residents benefit from immediate proximity to local grocery markets and neighborhood sports facilities.
205.5,Private room,4.0,1.0,1.0,4.0,False,1.0,1.0,Vibrant nightlife and a dense concentration of retail shops distinguish this location from most other city blocks. Frequent proximity to hotels and cultural venues provides immediate access to local amenities.
283.0,Hotel room,3.33,3.0,1.0,3.0,False,1.0,1.0,Extensive parkland and green space define this neighborhood far more than the typical urban density found elsewhere in the city. Rapid transit connections and local hospitality venues are located immediately outside the front door.
878.79,Entire home/apt,5.0,4.0,2.0,30.0,False,2.0,2.0,"Quiet greenery and cultural institutions define this neighborhood, which notably lacks the immediate subway access found elsewhere in the city. Hotels and grocery markets are located within steps of the residential front doors."
195.27,Entire home/apt,4.13,4.0,1.0,8.0,False,1.0,1.0,Athletic facilities and tourist attractions are more concentrated here than in the vast majority of the city. Residents also benefit from convenient pedestrian access to both grocery markets and public green spaces.
191.01,Entire home/apt,4.66,3.0,1.0,70.0,False,2.0,1.0,Abundant parkland and cultural institutions distinguish this location from the dense urban fabric found elsewhere in the city. Residents enjoy convenient access to local grocery markets and rapid transit lines within a short walk.
180.93,Private room,4.81,2.0,1.0,83.0,True,1.0,1.0,"Retail options and green spaces are significantly more abundant here than in most of the city, while grocery stores are notably scarce. Residents enjoy immediate access to local sports facilities and cultural venues."
535.76,Entire home/apt,4.68,4.0,1.0,25.0,False,2.0,1.0,Commercial density here far outpaces the limited availability of parks and green space. Residents benefit from immediate proximity to grocery markets and cultural venues.
462.77,Entire home/apt,4.9,4.0,2.0,10.0,False,2.0,2.0,Cultural attractions and expansive green spaces distinguish this neighborhood as one of the most prominent in the city. Residents enjoy convenient proximity to daily grocery markets and local sports facilities.
263.47,Entire home/apt,4.9,3.0,1.0,70.0,True,1.0,1.0,Concentrated cultural attractions and entertainment venues distinguish this location from the vast majority of the city. Public sports facilities and numerous hotels are situated steps away from the residential frontages.
650.0,Entire home/apt,5.0,8.0,2.0,6.0,True,4.0,2.0,"Abundant parkland and cultural institutions define this neighborhood, which stands in stark contrast to the city's more transit-dense districts. Local residents benefit from immediate access to grocery markets and nearby athletic facilities."
1119.0,Entire home/apt,4.61,5.0,1.0,294.0,False,2.0,1.0,"High concentrations of major attractions and green spaces distinguish this location from the rest of the city, despite a notable scarcity of local grocery stores. Cultural venues and hotels are situated immediately nearby, placing the area within a short walk of the United Nations Headquarters."
239.7,Entire home/apt,4.5,3.0,1.0,6.0,False,1.0,1.0,"Residents enjoy a higher density of dining, fitness, and entertainment options than most other neighborhoods in the city. Public green spaces sit just steps away, while essential grocery stores remain within a short walk."
723.51,Entire home/apt,4.73,8.0,1.0,33.0,False,4.0,1.0,"High concentrations of major attractions and hotels distinguish this location from most other city blocks. Rapid transit and cultural venues are situated steps away, with Riverside Park and Central Park accessible by foot."
209.93,Entire home/apt,4.26,5.0,1.0,68.0,True,3.0,1.0,Abundant parkland and cultural institutions distinguish this neighborhood from the typical density of the city. Rapid transit and hospitality services are located within a short walk of the residential streets.
411.58,Entire home/apt,5.0,4.0,1.0,2.0,True,1.0,1.0,"High concentrations of cultural attractions and nightlife distinguish this neighborhood from most other parts of the city. Cultural venues sit on the doorstep, and rapid transit is accessible via a short walk."
259.03,Entire home/apt,4.56,2.0,1.0,18.0,False,1.0,1.0,Abundant parkland and green space distinguish this location from most other city blocks. Residents benefit from convenient walking access to local grocery markets and various cultural venues.
235.37,Entire home/apt,4.0,3.0,1.0,1.0,True,1.0,1.0,"High concentrations of cultural attractions, dining, and nightlife distinguish this neighborhood from most other parts of the city. Daily grocery shopping and rapid transit access are both available within steps of the front door."
388.12,Entire home/apt,3.0,3.0,1.0,2.0,False,1.0,1.0,High concentrations of cultural attractions and fitness facilities distinguish this neighborhood from the rest of the city. Residents benefit from a short walk to local grocery stores and public park space despite the limited transit connectivity.
160.21,Entire home/apt,5.0,3.0,1.0,8.0,False,2.0,1.0,Active recreation facilities and tourist attractions are significantly more concentrated here than in most other parts of the city. Frequent access to rapid transit and nearby cultural venues provide convenient connectivity for residents.
250.73,Entire home/apt,4.75,3.0,1.0,16.0,False,1.0,1.0,"High concentrations of cultural attractions and hospitality venues distinguish this location from most other city blocks. Public green spaces are accessible within steps, and daily grocery needs are met by a short walk."
154.01,Entire home/apt,4.41,4.0,1.0,157.0,False,2.0,1.0,"Exceptional transit connectivity defines this location, which remains largely free of the hotel density found in more tourist-heavy districts. Residents enjoy immediate access to the Bergen Street (IRT Eastern Parkway Line) station, with grocery markets and sports facilities located just steps away."
307.83,Entire home/apt,4.58,4.0,1.0,12.0,False,2.0,1.0,Abundant parkland and green space distinguish this location from the majority of city blocks. Residents benefit from convenient walking access to local grocery markets and cultural venues.
571.0,Entire home/apt,4.5,4.0,2.0,42.0,False,2.0,2.0,Active recreational facilities and public green spaces are more abundant here than in most other parts of the city. Frequent rapid transit connections and various cultural venues are located just steps from the doorstep.
243.37,Entire home/apt,4.83,4.0,1.0,6.0,False,2.0,1.0,"High concentrations of entertainment venues, nightlife, and tourist attractions distinguish this location from quieter residential neighborhoods. Hotels and grocery markets sit within immediate reach, and the Intrepid Sea, Air & Space Museum remains a short walk away."
217.93,Entire home/apt,4.77,3.0,1.0,39.0,True,2.0,1.0,"High concentrations of retail and nightlife distinguish this neighborhood from the city's quieter, hotel-heavy districts. Residents benefit from immediate access to athletic facilities and a brief walk to local grocery markets."
358.0,Private room,3.33,2.0,1.0,3.0,False,1.0,1.0,"Industrial density defines this neighborhood, which lacks the greenery found on most city blocks while offering a high concentration of fitness centers and entertainment venues. Residents benefit from immediate access to grocery markets and local lodging options."
147.5,Entire home/apt,4.7,2.0,1.0,10.0,False,1.0,1.0,Urban density here lacks the public parks and hotel concentrations common to much of the city. Residents benefit from a high density of cafes alongside convenient walking access to grocery markets and cultural venues.
173.07,Entire home/apt,4.58,3.0,1.0,53.0,False,1.0,1.0,"Abundant parkland and green space define this location, which remains notably removed from the city's primary transit hubs and tourist attractions. Residents enjoy immediate access to sports facilities and a short walk to local grocery markets."
203.57,Private room,4.87,2.0,1.0,53.0,False,3.0,1.0,High concentrations of hotels and tourist attractions distinguish this neighborhood from most residential parts of the city. Residents enjoy immediate access to sports facilities and reach Riverside Park or Central Park with a short walk.
770.5,Private room,4.85,4.0,2.0,193.0,True,2.0,2.0,"Residents experience limited access to major transit hubs and tourist attractions compared to the rest of the city. Frequent local cafes, nearby grocery stores, and immediate access to cultural venues define the daily environment."
518.07,Entire home/apt,4.5,6.0,3.0,4.0,False,3.0,3.0,Abundant parkland and cultural attractions distinguish this location from the typical density of the city. Residents enjoy immediate access to local hotels and a short walk to both grocery markets and Central Park.
125.48,Entire home/apt,4.77,2.0,1.0,60.0,True,1.0,1.0,Exceptional subway and transit connectivity distinguishes this location from most other city blocks. Residents benefit from immediate access to grocery markets and a short walk to cultural venues including the Brooklyn Academy of Music and Barclays Center.
623.0,Entire home/apt,5.0,5.0,2.0,1.0,False,4.0,2.0,"Limited subway access distinguishes this location from the city's more transit-connected neighborhoods. High concentrations of retail shops define the immediate surroundings, while parks and cultural venues remain within walking distance."
283.93,Entire home/apt,4.69,4.0,1.0,13.0,False,2.0,1.0,"Extensive parkland and green space distinguish this location from the dense urban fabric found across most of the city. Rapid transit access via the Roosevelt Island Tramway is on the doorstep, while grocery stores and markets are located within a short walk."
322.5,Private room,4.9,8.0,1.0,58.0,True,2.0,1.0,"Residential quiet defines this neighborhood, which offers significantly more access to daily groceries and retail shops than the average city block. Sports facilities and the 116th Street (IRT Third Avenue Line) train station are both within a short walk of the doorstep."
241.53,Entire home/apt,5.0,2.0,1.0,17.0,False,1.0,1.0,"High transit connectivity distinguishes this location from most of the city, while the immediate vicinity offers a more moderate density of nightlife and entertainment options compared to primary nightlife hubs. Residents benefit from proximity to public green spaces and a concentration of cultural venues within walking distance."
214.03,Entire home/apt,4.89,4.0,1.0,9.0,True,3.0,1.0,"Transit connectivity ranks among the highest in the city due to the immediate proximity of the Driggs Avenue train station. Cultural venues and hotels sit on the doorstep, while the Williamsburg Bridge remains a short walk away."
169.63,Entire home/apt,4.75,2.0,1.0,4.0,False,1.0,1.0,"High concentrations of nightlife, fitness facilities, and entertainment venues distinguish this location from most of the city. Residents benefit from immediate access to grocery markets and rapid transit options."
217.2,Entire home/apt,4.99,2.0,1.0,72.0,False,1.0,1.0,"Abundant parkland and green space distinguish this location from the typical density of the city. Recreational sports facilities sit steps away, while grocery stores and markets remain within a short walking distance."
79.67,Private room,4.15,2.0,1.0,20.0,False,2.0,1.0,Residential streets here lack the proximity to public parks and tourist attractions found in most other parts of the city. Daily necessities and rapid transit options remain within a short walking distance.
301.1,Entire home/apt,4.96,5.0,2.0,23.0,False,2.0,2.0,"High concentrations of hotels, grocery stores, and entertainment venues distinguish this neighborhood from most other parts of the city. Rapid transit access is located steps away, and local sports facilities are within a short walk."
274.79,Entire home/apt,5.0,4.0,1.5,76.0,False,2.0,1.5,Lodging options are significantly less frequent here than in most other parts of the city. Residents benefit from immediate access to grocery stores and nearby public green space.
222.5,Entire home/apt,4.79,2.0,1.0,14.0,False,1.0,1.0,Residents experience significantly more local parkland and cultural attractions than the average city block despite limited access to the subway network. Nearby sports facilities and grocery markets are reachable within a short walk.
920.0,Hotel room,4.0,12.0,3.0,4.0,False,3.0,3.0,"High concentrations of entertainment venues and nightlife distinguish this neighborhood from quieter residential districts across the city. Proximity to hotels and cultural venues like the Intrepid Sea, Air & Space Museum provides immediate access to major tourist destinations."
235.0,Hotel room,4.5,2.0,1.0,2.0,False,1.0,1.0,"High concentrations of entertainment venues and nightlife distinguish this location from quieter residential neighborhoods elsewhere in the city. Proximity to hotels and cultural institutions like the Intrepid Sea, Air & Space Museum provides immediate access to major tourist and educational attractions."
404.75,Entire home/apt,4.93,3.0,1.0,90.0,False,1.0,1.0,Residents benefit from significantly higher access to public transit and entertainment options than the citywide average. Proximity to local sports facilities and the Brooklyn Academy of Music provides immediate access to diverse cultural and athletic amenities.
183.14,Entire home/apt,4.63,6.0,2.0,8.0,True,3.0,2.0,"Residents benefit from an unusually high density of grocery stores and transit access compared to the rest of the city, while cultural institutions like museums and galleries are notably scarce. Hotels occupy the immediate surroundings, and public parks are accessible within a short walking distance."
58.74,Private room,4.93,2.0,4.0,15.0,True,5.0,4.0,"Residents enjoy a higher concentration of grocery stores compared to the vast majority of the city, despite the relative scarcity of local entertainment venues and tourist attractions. Athletic facilities are situated steps away, and public green spaces remain within a short walk."
297.93,Entire home/apt,5.0,3.0,1.0,6.0,True,1.0,1.0,"Residents benefit from significantly higher access to public transit, fitness facilities, and local attractions compared to most other city blocks. Daily necessities and cultural venues are reachable within a short walk."
153.97,Entire home/apt,4.93,2.0,1.0,29.0,True,1.0,1.0,"Residents enjoy exceptional access to expansive green spaces and local attractions compared to most other city blocks. Nearby sports facilities are located just steps away, while grocery stores and markets remain within a short walk."
103.2,Entire home/apt,4.78,4.0,1.0,68.0,False,1.0,1.0,"Residents here benefit from an unusually high concentration of grocery stores despite a notable lack of nearby parks or cultural institutions. Athletic facilities are located immediately outside the door, and rapid transit options remain within a short walk."
119.5,Entire home/apt,4.87,2.0,1.0,46.0,True,2.0,1.0,"Cultural institutions and galleries are significantly more concentrated here than in the vast majority of the city. Conversely, the neighborhood lacks the high density of tourist attractions and hotels found in primary commercial districts. Public sports facilities are located steps away, while grocery stores and markets remain within a short walk."
157.47,Entire home/apt,5.0,4.0,1.0,3.0,True,1.0,1.0,High concentrations of hotels and major cultural attractions distinguish this neighborhood from the rest of the city. Residents enjoy proximity to local sports facilities and grocery markets while remaining within walking distance of the Apollo Theater.
650.06,Entire home/apt,4.84,9.0,2.0,43.0,False,3.0,2.0,Abundant grocery options and a vibrant nightlife scene distinguish this neighborhood from quieter residential districts across the city. Residents enjoy immediate access to local sports facilities and public park space.
314.67,Entire home/apt,4.0,5.0,1.0,2.0,False,2.0,1.0,"Residents enjoy significantly more parkland and recreational space than the city average despite limited access to the subway network. Local grocery stores are within a short walk, and various sports facilities are situated on the doorstep."
59.08,Entire home/apt,5.0,1.0,1.0,2.0,True,1.0,1.0,"High concentrations of citywide attractions, hotels, and entertainment venues distinguish this neighborhood from quieter residential districts. Riverside Park sits steps away, while local grocery stores and markets remain within a short walk."
167.11,Entire home/apt,5.0,3.0,1.0,7.0,True,1.0,1.0,"Residents enjoy unusually high access to grocery stores and cultural institutions compared to the rest of the city, though local cafe options are notably sparse. Frequent hotel accommodations sit immediately adjacent to the property, and public parkland remains within a short walking distance."
447.5,Entire home/apt,4.95,5.0,1.5,194.0,True,2.0,1.5,"Public transit options are significantly more limited here than in most other parts of the city, though the neighborhood features a higher concentration of nightlife venues. Residents benefit from immediate access to hotels and a short walk to local grocery markets."
880.0,Entire home/apt,4.92,8.0,1.5,12.0,True,4.0,1.5,Abundant grocery options distinguish this neighborhood from the city's more transit-dense districts. Proximity to public parks and cultural venues provides immediate access to recreation and the arts.
285.04,Entire home/apt,4.47,6.0,1.0,15.0,True,2.0,1.0,Exceptional transit connectivity distinguishes this location from the limited availability of nearby grocery stores. Residents benefit from immediate proximity to sports facilities and a short walk to local park space.
297.16,Entire home/apt,5.0,4.0,1.0,9.0,True,1.0,1.0,Abundant green space and proximity to major cultural institutions distinguish this location from the typical density of the city. Residents enjoy immediate access to local hospitality services and a short walk to daily grocery provisions.
143.83,Entire home/apt,5.0,2.0,1.0,12.0,True,1.0,1.0,Residential streets here offer significantly less greenery and nightlife activity than the typical New York City block. Grocery stores and the MTA-Nostrand Ave-A & C Lines are located on the doorstep.
230.22,Entire home/apt,5.0,5.0,2.0,1.0,False,2.0,2.0,Quiet residential streets offer significantly more greenery than the average city block while maintaining a notable scarcity of hotels. Local residents benefit from immediate proximity to both athletic facilities and cultural venues.
285.33,Private room,4.82,2.0,1.0,121.0,False,2.0,1.0,"Residential streets here mirror the standard housing density and architectural style found throughout the broader metropolitan area. Cultural venues sit directly adjacent to the neighborhood, while grocery stores and fresh food markets remain within a short walking distance."
67.67,Private room,5.0,1.0,1.0,2.0,False,1.0,1.0,"Abundant grocery options distinguish this location from the rest of the city, which otherwise lacks nearby parks and nightlife venues. Residents also benefit from a short walk to various sports facilities and cultural venues."
104.23,Entire home/apt,5.0,2.0,1.0,3.0,True,1.0,1.0,Quiet residential streets replace the typical density of city entertainment and nightlife venues. Grocery markets and sports facilities are located within immediate walking distance of the property.
107.76,Entire home/apt,4.95,3.0,1.0,60.0,False,1.0,1.0,"Minimal greenery and a scarcity of cultural venues distinguish this setting from the typical urban landscape. Daily provisions are available steps from the front door, and rapid transit options remain within a short walk."
677.86,Entire home/apt,4.92,6.0,1.0,146.0,True,2.0,1.0,Residents benefit from an unusually high concentration of grocery stores and green spaces compared to most other city blocks. Cultural venues and rapid transit options are both located within a short walking distance.
362.83,Entire home/apt,4.74,2.0,1.0,23.0,False,1.0,1.0,"Abundant green space and frequent hotel accommodations define this neighborhood, which lacks the density of grocery stores found elsewhere in the city. Residents enjoy proximity to public transit and local sports facilities."
215.45,Entire home/apt,4.91,8.0,1.0,158.0,False,2.0,1.0,Residents benefit from a density of grocery stores and transit options that exceeds most other city blocks. Nearby hotels and public green spaces provide immediate access to lodging and outdoor recreation.
214.3,Entire home/apt,4.76,5.0,1.0,29.0,False,1.0,1.0,High concentrations of hotels and expansive green spaces distinguish this neighborhood from most other parts of the city. Residents benefit from convenient pedestrian access to both fresh food markets and rapid transit lines.
101.76,Private room,4.74,1.0,2.0,61.0,False,1.0,2.0,"Residential life here mirrors the standard patterns found throughout the broader urban landscape. Cultural venues sit steps away, while grocery stores and markets remain within a short walk."
856.0,Entire home/apt,4.97,2.0,1.0,60.0,True,1.0,1.0,"Public transit options are significantly more limited here than in most other parts of the city, though the neighborhood features a high concentration of nightlife venues. Residents also benefit from quick walking access to nearby public parks and athletic facilities."
106.76,Private room,4.74,2.0,1.0,130.0,False,1.0,1.0,"Quiet residential streets define this neighborhood by excluding the dense clusters of entertainment venues, hotels, and museums found elsewhere in the city. Daily necessities are easily managed with grocery markets located steps away and rapid transit accessible via a short walk."
138.3,Entire home/apt,3.89,4.0,1.0,9.0,True,2.0,1.0,"Residential quiet prevails here due to the total absence of hotels, though residents face limited access to both public green space and local grocery options. Cultural venues sit just steps away from the front door."
179.02,Entire home/apt,4.88,4.0,1.0,8.0,True,2.0,1.0,"Residential quiet prevails here due to the total absence of nearby museums or tourist attractions, while grocery shopping options rank among the most accessible in the city. Rapid transit at the Calle 103–Corona Plaza station and local park space are both located on the doorstep."
228.89,Entire home/apt,4.8,2.0,1.5,30.0,False,2.0,1.5,"Residential quiet defines this neighborhood due to the minimal presence of hotels, major attractions, and transit hubs. Daily errands and recreational activities remain convenient with grocery stores and sports facilities located within a short walk."
311.07,Entire home/apt,5.0,5.0,1.0,12.0,True,3.0,1.0,"Abundant greenery and transit access define this neighborhood, which remains notably quieter than the city's primary entertainment hubs. Residents enjoy proximity to hotels and local markets while remaining within walking distance of Central Park and the Cathedral of St. John the Divine."
563.6,Entire home/apt,4.83,6.0,1.0,88.0,True,3.0,1.0,"Abundant green space and superior transit access distinguish this location from most other city blocks. Grocery markets are situated on the doorstep, while sports facilities are reachable within a short walk."
180.4,Entire home/apt,4.92,4.0,1.0,25.0,True,1.0,1.0,Residential streets here offer a quiet retreat from the high density of citywide tourist attractions and transit hubs. Daily necessities and green spaces are easily reached within a brief walk from the front door.
193.6,Entire home/apt,4.75,2.0,1.5,18.0,False,1.0,1.5,"High concentrations of hotels distinguish this location from the residential character found across most of the city. Quiet streets with few cafes or nightlife venues offer a departure from the bustling commercial hubs elsewhere. 

Rapid transit is available at 121st Street (IRT Second Avenue Line) on the doorstep. Public sports facilities are located within a short walk of the property."
143.47,Entire home/apt,5.0,2.0,1.0,7.0,True,1.0,1.0,"Residential quiet prevails here due to the total absence of nearby hotels, while the surrounding streets offer a high density of museums and galleries compared to the rest of the city. Daily groceries are available steps from the front door, and public parks remain within a short walk."
272.87,Entire home/apt,5.0,4.0,1.0,14.0,True,2.0,1.0,"Residential quiet defines this location due to the total absence of nearby hotels, transit hubs, and entertainment venues. Grocery stores sit steps away, and public parks are accessible within a short walk."
302.36,Entire home/apt,4.93,8.0,2.0,28.0,True,3.0,2.0,"Residents enjoy significantly better access to grocery stores than most of the city, though transit options are far more limited than in typical neighborhoods. Proximity to local hotels and cultural venues provides additional convenience, while the Apollo Theater remains reachable within a ten-minute walk."
380.53,Entire home/apt,5.0,6.0,1.5,2.0,False,3.0,1.5,Residents enjoy proximity to numerous parks and cultural attractions despite a scarcity of local grocery stores. Rapid transit options and hotels are located within a short walk of the neighborhood.
110.06,Entire home/apt,5.0,2.0,1.0,6.0,False,1.0,1.0,Residential quiet prevails here due to the total absence of hotels and a scarcity of cultural institutions. Residents benefit from immediate proximity to public green space and a short walk to rapid transit connections.
320.07,Entire home/apt,4.52,12.0,3.5,27.0,False,4.0,3.5,"Green space is exceptionally abundant here, contrasting with the complete absence of local entertainment venues. Residents benefit from immediate access to sports facilities and a short walk to nearby grocery markets."
57.71,Private room,5.0,3.0,1.0,10.0,False,3.0,1.0,"Exceptional transit connectivity and a high density of hotels distinguish this location from the city's quieter, residential neighborhoods. Residents benefit from immediate access to sports facilities and are within a short walk of various cultural venues."
227.07,Entire home/apt,5.0,4.0,1.0,1.0,False,2.0,1.0,Residential surroundings here blend seamlessly into the typical urban fabric found throughout the rest of the city. Daily groceries and various cultural venues are located just steps from the front door.
164.76,Entire home/apt,4.79,4.0,1.0,129.0,False,1.0,1.0,"Residential tranquility defines this location, which lacks the dense concentration of hotels, tourist attractions, and grocery stores found elsewhere in the city. Cultural venues and sports facilities sit steps away, and the neighborhood remains a short walk from Prospect Park."
179.4,Entire home/apt,5.0,4.0,1.0,4.0,False,2.0,1.0,"Residential streets here offer significantly less access to parks, grocery stores, and local attractions than most other parts of the city. Athletic facilities are located just steps away, and rapid transit options remain within a short walk."
173.89,Private room,4.97,2.0,1.0,29.0,False,1.0,1.0,Residential quiet prevails here due to a complete absence of local hotels and minimal nearby green space. Daily errands are simplified by immediate access to grocery markets and athletic facilities.
190.87,Entire home/apt,4.67,4.0,1.0,9.0,False,1.0,1.0,Limited local grocery options contrast sharply with the abundance found in more central city neighborhoods. Residents benefit from immediate access to the Washington Avenue (BMT Myrtle Avenue Line) train station and nearby cultural venues.
201.37,Entire home/apt,4.38,2.0,1.0,13.0,True,1.0,1.0,Public transit options and access to daily conveniences like grocery stores and cafes are significantly more limited here than in most other parts of the city. Residents benefit from immediate proximity to public parks and a short walk to local sports facilities.
505.04,Entire home/apt,5.0,4.0,2.5,20.0,False,2.0,2.5,"Residential tranquility defines this location, which lacks the dense concentration of hotels and museums found throughout much of the city. Public transit access is notably limited, though residents benefit from proximity to local sports facilities and nearby grocery markets."
98.62,Entire home/apt,5.0,1.0,1.5,1.0,False,1.0,1.5,"Public transit options are significantly more limited here than in most other parts of the city, while the immediate surroundings feature a higher concentration of hotels. Residents benefit from having grocery stores and cultural venues within easy walking distance."
450.0,Shared room,4.83,2.0,2.0,107.0,True,3.0,2.0,Cultural institutions and tourist accommodations are notably absent from this immediate vicinity compared to the rest of the city. Residents benefit from convenient pedestrian access to both public green spaces and essential food markets.
131.67,Entire home/apt,4.5,2.0,1.0,2.0,True,1.0,1.0,"Quiet residential streets offer a peaceful retreat from the city's dense entertainment and tourist hubs. High-frequency transit access connects the neighborhood to the rest of the city, while daily necessities and lodging options remain within immediate reach."
168.15,Entire home/apt,4.89,2.0,1.0,92.0,False,1.0,1.0,"Residential quiet defines this location due to the total absence of nearby hotels, parks, and tourist attractions. Local grocery stores and sports facilities remain within a short walking distance."
228.3,Shared room,5.0,2.0,1.0,10.0,True,1.0,1.0,Residential surroundings offer a standard urban experience consistent with typical city neighborhoods. Proximity to multiple hotels and cultural venues provides convenient access to local amenities.
170.37,Entire home/apt,4.88,6.0,1.0,16.0,True,3.0,1.0,Commuters enjoy superior transit connectivity despite the neighborhood having far fewer cafes than most other city streets. Grocery stores and public parks are located within a short walk of the Williamsburg Bridge.
122.42,Entire home/apt,4.8,3.0,1.0,10.0,True,1.0,1.0,"Residential tranquility defines this neighborhood, which lacks the tourist attractions, hotels, and museums found in more central parts of the city. Daily necessities and recreational green spaces are within a short walk of the Bayside LIRR Train Station."
208.0,Private room,5.0,4.0,1.0,4.0,False,1.0,1.0,"Transit connectivity and hotel density rank significantly higher here than in most of the city, while athletic facilities are notably sparse. Grocery stores are located steps away, and public parks remain within a short walking distance."
516.0,Entire home/apt,4.77,5.0,1.0,104.0,True,2.0,1.0,Residential streets here mirror the standard housing density found throughout the metropolitan region. Daily grocery needs and local lodging options are available within immediate walking distance.
210.2,Entire home/apt,5.0,4.0,1.0,1.0,False,1.0,1.0,Public transit access is significantly more limited here than in the vast majority of the city. Residents also face a notable scarcity of local grocery options compared to most other neighborhoods. Cultural venues and sports facilities are situated within immediate walking distance.
114.27,Entire home/apt,4.88,2.0,1.0,8.0,False,1.0,1.0,"Residential quiet defines this location, which lacks the hotels, parks, and entertainment venues common throughout the rest of the city. Grocery stores remain within a short walk, while sports facilities are located just steps away."
52.51,Private room,5.0,1.0,1.0,1.0,False,1.0,1.0,Cultural institutions and tourist accommodations are notably absent from this residential setting. Grocery stores and local markets remain within a short walking distance.
103.23,Entire home/apt,4.81,6.0,1.0,77.0,True,1.0,1.0,"Residential quiet defines this neighborhood, which lacks the high density of hotels, museums, and cafes found in central districts. Local grocery stores sit steps away, and public parks remain within a short walk."
661.87,Entire home/apt,5.0,14.0,2.0,12.0,False,5.0,2.0,Public transit options and recreational facilities are significantly more limited here than in the vast majority of the city. Daily grocery needs and various cultural venues are conveniently located within immediate walking distance.
258.11,Entire home/apt,4.67,3.0,1.0,12.0,True,1.0,1.0,"Cultural institutions and transit connectivity are significantly more limited here than in most other parts of the city. Daily necessities like grocery stores are located steps away, while expansive parkland remains a short walk from the front door."
209.3,Private room,4.51,3.0,1.0,169.0,False,1.0,1.0,High concentrations of hotels distinguish this neighborhood from the citywide scarcity of local grocery stores. Proximity to public sports facilities and cultural venues provides immediate access to recreational and arts programming.
449.57,Entire home/apt,5.0,15.0,0.5,1.0,False,3.0,0.5,"Transit accessibility ranks among the highest in the city, while local options for cafes and nightlife are exceptionally scarce. Public parks and cultural venues are located just steps away from the residential frontages."
186.58,Entire home/apt,5.0,2.0,2.0,6.0,False,1.0,2.0,"Residents here experience significantly less access to subway transit, fitness facilities, and grocery stores than the typical New York City block. Cultural venues and hotels are located within a short walking distance of the neighborhood."
331.75,Entire home/apt,4.91,10.0,1.0,23.0,False,2.0,1.0,Limited access to parks and green space distinguishes this location from the citywide average. Residents benefit from being within a short walk of rapid transit and steps away from cultural venues.
408.5,Entire home/apt,4.25,5.0,1.0,4.0,False,3.0,1.0,"Residential streets here feature significantly less access to public green space, fitness facilities, and tourist attractions than the city average. Daily grocery needs are met immediately outside the front door, while local cultural venues remain within a short walking distance."
217.67,Entire home/apt,4.93,2.0,1.0,112.0,True,1.0,1.0,"Concrete streetscapes define this neighborhood, which lacks the expansive parks and dense entertainment hubs found elsewhere in the city. Cultural institutions sit just steps away, while essential grocery stores remain within a short walking distance."
80.1,Entire home/apt,4.5,6.0,1.0,131.0,False,2.0,1.0,Cultural institutions and transit options are significantly less dense here than in most other parts of the city. Grocery markets and Prospect Park green space are located just steps away from the Parkside Avenue station.
348.06,Entire home/apt,4.98,2.0,1.0,93.0,True,1.0,1.0,Urban density defines this location through a complete absence of nearby parks and a scarcity of hotels compared to the rest of the city. High transit accessibility is complemented by immediate access to grocery markets and sports facilities.
314.0,Private room,5.0,2.0,2.0,93.0,False,3.0,2.0,Abundant green space distinguishes this neighborhood from the city's more transit-dense and cafe-rich districts. Residents benefit from immediate access to grocery markets and sports facilities located just steps from their door.
243.39,Entire home/apt,4.85,2.0,1.0,122.0,True,1.0,1.0,"Residents experience a high density of entertainment venues despite having significantly fewer local grocery stores and retail shops than most of the city. Sports and cultural facilities are within a short walk of the neighborhood, including proximity to Barclays Center and Brooklyn Academy of Music."
110.63,Private room,1.0,2.0,1.0,1.0,False,3.0,1.0,High concentrations of hotels and expansive green spaces distinguish this neighborhood from the typical residential density found elsewhere in the city. Residents also benefit from a notable scarcity of grocery stores paired with immediate proximity to various cultural and sports facilities.
112.24,Entire home/apt,4.85,2.0,1.0,13.0,True,1.0,1.0,Limited public transit options and a lack of nearby hotels distinguish this location from the city's more central hubs. Daily essentials and green spaces are both accessible within a short walk.
124.45,Private room,5.0,2.0,1.0,2.0,False,1.0,1.0,"Public transit access remains significantly more limited here than in the majority of the city. Fresh food markets are located just steps from the doorstep, and several lodging options are within a short walk."
805.0,Entire home/apt,4.3,4.0,2.0,20.0,False,2.0,2.0,"Residential quiet defines this location due to the total absence of nearby parks, attractions, and entertainment venues. Daily needs are easily met by the immediate proximity of grocery markets and cultural venues."
287.42,Entire home/apt,4.92,2.0,1.0,25.0,False,1.0,1.0,Limited greenery and a scarcity of local grocery stores distinguish this neighborhood from more amenity-rich parts of the city. Residents benefit from a short walk to both rapid transit lines and local sports facilities.
189.89,Entire home/apt,5.0,5.0,1.0,4.0,False,3.0,1.0,"Quiet residential streets define this neighborhood, which lacks the dense concentration of nightlife, retail, and cafes found in more commercial parts of the city. Residents benefit from immediate access to local grocery stores and nearby public parkland."
231.0,Private room,4.84,4.0,1.0,93.0,False,2.0,1.0,"Quiet residential streets define this neighborhood, which lacks the dense concentration of museums and entertainment venues found elsewhere in the city. Hotels sit on the doorstep of 36th Street station, while local sports facilities remain within a short walk."
117.88,Entire home/apt,4.76,3.0,1.0,17.0,False,1.0,1.0,"Residential tranquility defines this location due to the complete absence of nearby hotels and minimal access to public parks or transit. Sports facilities sit just steps away, while grocery stores and markets remain within a short walk."
69.89,Private room,5.0,2.0,1.0,1.0,True,1.0,1.0,"Residential quiet defines this neighborhood, which lacks the dense concentration of hotels and museums found in most other parts of the city. Athletic facilities sit immediately adjacent to the housing, while grocery stores remain within a short walking distance."
312.68,Private room,4.96,4.0,1.0,137.0,True,1.0,1.0,"Residential quiet defines this neighborhood, which lacks the dense concentration of tourist attractions and nightlife found in central Manhattan. Local residents benefit from convenient proximity to both rapid transit lines and public green spaces."
468.0,Entire home/apt,4.97,4.0,1.0,121.0,True,2.0,1.0,"Industrial and residential density defines this neighborhood, which lacks the public parks and entertainment venues found in most other parts of the city. Daily necessities and the MTA Subway - Church Ave (2/5) station remain accessible just steps from the front door."
147.84,Entire home/apt,5.0,6.0,1.0,2.0,False,2.0,1.0,Residents here experience significantly less transit access and fewer retail or cultural amenities than the typical city block. Proximity to large public parks and local sports facilities provides immediate outdoor recreation options.
456.5,Entire home/apt,4.91,4.0,1.0,94.0,False,1.0,1.0,"Unlike most city blocks, this location lacks nearby parks, fitness centers, and entertainment venues. Rapid transit is available at the MTA Subway - Church Ave (2/5) station, and grocery stores are within a short walk."
251.5,Private room,4.77,5.0,1.0,339.0,False,2.0,1.0,"Residential streets here lack the hotels, parks, and fitness facilities common elsewhere in the city. Daily necessities and rapid transit connections remain within a short walking distance."
122.63,Entire home/apt,4.91,4.0,1.0,24.0,True,2.0,1.0,"Residential quiet defines this neighborhood, which lacks the dense concentration of hotels and cultural institutions found elsewhere in the city. Daily necessities and athletic amenities remain conveniently accessible within a short walk."
163.86,Entire home/apt,4.91,5.0,1.0,22.0,True,2.0,1.0,"Unlike the majority of the city, this location lacks nearby hotels, transit hubs, and major entertainment venues. Cultural institutions sit directly on the doorstep, while grocery stores and markets remain within a short walk."
188.87,Private room,5.0,2.0,1.5,33.0,True,1.0,1.5,Residential streets here offer significantly less access to public parks and transit options than most other parts of the city. Nearby hotels and grocery markets provide essential services within a short walking distance.
232.67,Entire home/apt,4.33,6.0,1.0,6.0,False,2.0,1.0,"Residential quiet defines this neighborhood, which lacks the high density of tourist attractions and commercial cafes found in busier parts of the city. Daily necessities are available at local markets, and recreational sports facilities are located within a short walk."
364.61,Entire home/apt,5.0,4.0,2.0,6.0,True,2.0,2.0,"Abundant parkland defines this setting, which sits notably further from transit hubs and grocery retailers than most of the city. Nearby hotels and athletic facilities provide convenient local access, while the Beacon Theatre remains reachable within a ten-minute walk."
177.0,Entire home/apt,5.0,6.0,1.0,6.0,False,2.0,1.0,"Limited commercial activity and dining options distinguish this quiet residential pocket from the city's more bustling districts. Daily necessities are available at nearby markets, and cultural venues remain within a short walking distance."
224.3,Entire home/apt,4.94,2.0,1.0,16.0,False,1.0,1.0,"Residents here experience significantly less access to grocery stores, transit hubs, and cultural institutions than the citywide average. Public parks are located steps away, while the Beacon Theatre and local hotels remain within a short walk."
110.63,Entire home/apt,5.0,2.0,1.0,1.0,False,2.0,1.0,"Residents here experience significantly fewer parks, grocery stores, and local attractions than the citywide average. Public transit and various sports facilities remain within a short walking distance."
134.73,Entire home/apt,4.81,2.0,1.0,67.0,False,2.0,1.0,"Residential quiet defines this location, which lacks the dense concentration of hotels, attractions, and entertainment venues found elsewhere in the city. Daily necessities and rapid transit options remain accessible within a short walk."
123.43,Private room,5.0,4.0,1.0,1.0,False,2.0,1.0,"Quiet residential streets define this neighborhood, which lacks the dense concentration of nightlife, galleries, and entertainment venues found in much of the city. Residents benefit from proximity to Prospect Park and a short walk to both grocery markets and the Church avenue train station B/Q trains."
79.47,Entire home/apt,3.67,2.0,1.0,3.0,False,1.0,1.0,Residential streets here offer a quiet atmosphere with significantly less access to nightlife and cultural institutions than most of the city. Frequent subway connections and local food markets remain reachable within a short walk.
445.1,Entire home/apt,5.0,6.0,2.0,1.0,False,3.0,2.0,Limited retail and hospitality options distinguish this neighborhood from the city's more commercial districts. Residents benefit from convenient access to both public transit and local sports facilities within a short walking distance.
57.37,Private room,5.0,1.0,1.0,1.0,False,1.0,1.0,"Quiet residential streets define this neighborhood, which lacks the dense concentration of entertainment venues and tourist attractions found elsewhere in the city. Residents benefit from convenient pedestrian access to local grocery markets and public park space."
191.5,Private room,4.87,2.0,1.0,90.0,True,1.0,1.0,Limited public transit access and a lack of nearby hotels or green space distinguish this location from more central urban districts. Residents benefit from the convenience of having grocery stores and cultural venues within a short walking distance.
1327.43,Entire home/apt,5.0,5.0,3.5,11.0,False,2.0,3.5,"Quiet residential streets define this neighborhood, offering a stark departure from the city's dense nightlife and dining districts while remaining near major cultural attractions. Proximity to the MTA Subway - 96th St (B/C) station and Central Park provides immediate transit access and nearby green space."
169.25,Entire home/apt,5.0,4.0,1.0,11.0,False,1.0,1.0,Residential tranquility defines this location due to the complete absence of hotels and public green spaces found elsewhere in the city. Daily necessities and cultural enrichment remain accessible within a short walking distance despite the limited proximity to transit infrastructure.
103.24,Entire home/apt,5.0,2.0,1.0,2.0,True,1.0,1.0,"Quiet residential seclusion defines this location, which lacks the tourist attractions, entertainment venues, and hotels common to most city blocks. Rapid transit access remains steps away, while local parks and open space are reachable within a short walk."
199.13,Entire home/apt,4.7,2.0,1.0,33.0,True,1.0,1.0,"Abundant parkland and green space define this location, which remains significantly quieter and less commercial than most other neighborhoods. Residents enjoy convenient walking access to both public sports facilities and local cultural venues."
296.07,Entire home/apt,4.53,6.0,1.0,118.0,False,3.0,1.0,"Quiet residential streets define this neighborhood, which lacks the dense concentration of nightlife and transit found in busier parts of the city. Public parks are located steps away, and residents can reach local grocery stores or the Apollo Theater within a short walk."
321.86,Entire home/apt,4.96,2.0,1.0,298.0,False,1.0,1.0,"Residential quiet defines this location, which lacks the dense concentration of hotels and entertainment venues found elsewhere in the city. Cultural institutions sit just outside the doorstep, while local grocery stores remain within a short walking distance."
237.47,Entire home/apt,4.87,2.0,1.5,23.0,True,1.0,1.5,"Quiet residential streets define this neighborhood, which lacks the dense concentration of hotels, tourist attractions, and entertainment venues found elsewhere in the city. Daily necessities and rapid transit options remain accessible within a short walk of the local housing."
165.83,Entire home/apt,4.83,4.0,1.0,29.0,False,2.0,1.0,"Urban density here lacks the public parks and diverse dining options found throughout much of the city. Athletic facilities sit just outside the door, and rapid transit access remains within a short walking distance."
205.0,Private room,4.81,2.0,2.0,119.0,False,1.0,2.0,"Residents experience a notable absence of nearby parks, subway stations, and fitness facilities compared to the rest of the city. Daily necessities and cultural venues remain accessible within a short walking distance."
210.17,Entire home/apt,4.98,4.0,1.0,144.0,True,2.0,1.0,"Residential quiet prevails here due to the total absence of hotels, museums, and galleries that define most other city blocks. Daily errands require travel because grocery stores are exceptionally scarce, though public parks and rapid transit remain within a short walk."
205.0,Private room,5.0,1.0,2.0,3.0,True,1.0,2.0,Residential streets here offer significantly more quiet than the bustling commercial corridors found elsewhere in the city. Daily necessities and rapid transit connections remain conveniently accessible within a short walk.
74.24,Private room,4.6,1.0,1.0,5.0,False,1.0,1.0,"Quiet residential streets define this neighborhood by excluding the dense clusters of entertainment venues, hotels, and museums found elsewhere in the city. Daily necessities and recreational green space remain highly accessible due to the immediate proximity of local markets and public parks."
233.0,Private room,4.67,2.0,1.0,3.0,False,1.0,1.0,Urban density here lacks the public parks and recreational facilities common throughout the rest of the city. Residents benefit from immediate access to both grocery markets and the Avenida Central (línea de la Avenida Myrtle) train station.
111.5,Entire home/apt,5.0,2.0,1.0,2.0,True,1.0,1.0,"Urban density here lacks the public greenery, lodging, and nightlife options found throughout most of the city. Recreational athletic facilities remain within a short walk, while cultural venues are located just steps away."
53.67,Private room,4.92,2.0,1.0,12.0,True,1.0,1.0,Cultural institutions and nightlife venues are notably absent from this quiet residential pocket compared to the rest of the city. Daily grocery shopping and rapid transit connections remain easily accessible within a short walking distance.
276.14,Entire home/apt,4.47,10.0,1.0,94.0,False,3.0,1.0,"Residential quiet prevails here due to the total absence of hotels, parks, and tourist attractions found elsewhere in the city. Daily necessities are easily met with grocery stores steps away and cultural venues reachable by a short walk."
165.93,Entire home/apt,5.0,4.0,1.0,4.0,False,1.0,1.0,Cultural institutions and nightlife venues are notably absent compared to the rest of the city. Residents benefit from proximity to local grocery markets and nearby sports facilities.
214.1,Entire home/apt,5.0,4.0,2.0,4.0,False,2.0,2.0,"Quiet residential streets define this neighborhood by lacking the typical density of nightlife, parks, and tourist attractions found elsewhere in the city. Daily necessities and rapid transit connections remain within a short walking distance."
480.67,Entire home/apt,4.95,2.0,1.0,56.0,True,2.0,1.0,"Residential streets here lack the concentration of grocery stores, hotels, and green spaces found in most other parts of the city. Cultural venues sit just steps away, while various sports facilities remain within a short walking distance."
99.0,Entire home/apt,4.73,4.0,1.0,15.0,True,1.0,1.0,"Residential quiet defines this location, which lacks the dense concentration of cafes, hotels, and galleries found in most other parts of the city. Public parks and athletic facilities are located within a short walking distance."
154.31,Entire home/apt,5.0,4.0,1.0,3.0,False,1.0,1.0,"Cultural institutions and essential food retailers are significantly less accessible here than in most other parts of the city. Frequent transit options are also limited, though residents benefit from immediate proximity to public parks and nearby athletic facilities."
62.7,Private room,5.0,2.0,1.5,2.0,True,1.0,1.5,"Residential quiet defines this street, which lacks the dense concentration of hotels, dining, and entertainment venues found in most other parts of the city. Athletic facilities sit immediately adjacent to the property, while grocery stores and markets remain within a short walking distance."
499.0,Private room,4.98,2.0,2.0,128.0,False,2.0,2.0,"Residential quiet defines this location, which lacks the dense concentration of hotels, tourist attractions, and grocery stores found elsewhere in the city. Public sports facilities and rapid transit options remain within a short walk, as does Prospect Park."
992.0,Private room,5.0,6.0,1.0,5.0,False,2.0,1.0,"Limited local access to grocery stores, transit options, and dining venues distinguishes this location from more central urban districts. Proximity to hotels and nearby sports facilities provide the primary amenities for the immediate surroundings."
139.37,Entire home/apt,5.0,8.0,1.0,1.0,False,1.0,1.0,"Residents here experience significantly fewer recreational facilities, public parks, and tourist attractions than most other parts of the city. Grocery stores and various cultural venues are located within immediate walking distance."
139.2,Entire home/apt,5.0,4.0,1.0,3.0,True,1.0,1.0,Quiet residential streets distinguish this location from the bustling nightlife and tourist-heavy hotel districts found throughout the rest of the city. Local grocery markets and public sports facilities are both within a short walking distance.
342.0,Entire home/apt,4.73,4.0,1.0,135.0,False,1.0,1.0,"Limited retail, dining, and transit options distinguish this location from the city’s more accessible neighborhoods. Nearby hotel accommodations and athletic facilities provide the primary local amenities."
753.0,Entire home/apt,4.75,4.0,1.0,73.0,False,1.0,1.0,"Limited access to grocery stores, transit options, and dining establishments sets this location apart from more developed parts of the city. Hotels and sports facilities are situated immediately adjacent to the residential surroundings."
63.53,Entire home/apt,4.16,2.0,1.0,32.0,True,1.0,1.0,"Quiet residential streets define this location, which lacks the typical concentration of nightlife, green space, and tourist attractions found elsewhere in the city. Daily necessities are easily met with grocery stores located steps away and fitness facilities within a short walk."
205.92,Entire home/apt,4.38,7.0,1.0,237.0,False,2.0,1.0,"Residential tranquility defines this location, which lacks the hotels, museums, and entertainment venues common to most city blocks. Rapid transit and grocery options are available on the doorstep of the MTA Subway - 79th St (D)."
948.33,Entire home/apt,4.81,10.0,3.0,85.0,True,5.0,3.0,"Residential quiet defines this location, which lacks the dense concentration of dining, grocery, and entertainment options found throughout most of the city. Rapid transit access remains immediate, while local hotel accommodations are reachable within a short walk."
127.06,Entire home/apt,4.96,2.0,1.0,24.0,True,1.0,1.0,Residential streets here lack the proximity to public parks and fitness facilities common throughout much of the city. Frequent access to grocery markets and cultural venues remains available within a short walk.
133.67,Entire home/apt,4.96,2.0,1.0,28.0,True,1.0,1.0,"Residential quiet defines this neighborhood, which lacks the dense concentration of gyms, restaurants, and entertainment found elsewhere in the city. Daily necessities and cultural experiences remain highly accessible due to the immediate proximity of grocery stores and local venues."
382.74,Entire home/apt,4.88,3.0,2.0,8.0,False,2.0,2.0,"Urban density here lacks the concentration of hotels, parks, and retail found in most other parts of the city. Residents benefit from convenient walking access to local food markets and athletic facilities."
898.8,Entire home/apt,4.85,4.0,2.0,62.0,False,2.0,2.0,Quiet residential streets replace the typical density of city nightlife and retail hubs. Nearby sports facilities and cultural venues provide local activity despite the limited transit and commercial access.
451.0,Entire home/apt,4.79,4.0,1.0,181.0,False,3.0,1.0,"Residential tranquility defines this location, which lacks the dense concentration of hotels, museums, and nightlife found throughout much of the city. Daily necessities are easily met with grocery stores located steps away and sports facilities within a short walking distance."
96.0,Entire home/apt,4.61,2.0,1.0,92.0,False,1.0,1.0,"Residential quiet defines this location, which lacks the dense concentration of entertainment venues, hotels, and cultural institutions found in most other parts of the city. Daily necessities and outdoor recreation are both accessible within a short walk."
132.77,Entire home/apt,5.0,5.0,2.0,5.0,True,2.0,2.0,Quiet residential streets replace the dense concentration of entertainment venues and hotels found elsewhere in the city. Daily necessities and green spaces remain accessible within a short walk from the front door.
89.32,Entire home/apt,3.67,2.0,1.0,3.0,False,1.0,1.0,"Residential quiet defines this location, which lacks the typical concentration of nightlife, galleries, and fitness facilities found elsewhere in the city. Daily necessities and green spaces remain easily accessible within a short walking distance."
172.43,Entire home/apt,4.76,6.0,1.0,86.0,False,3.0,1.0,Residential streets here offer significantly less greenery and nightlife activity than most other parts of the city. Daily groceries and rapid transit connections remain within a short walking distance.
195.43,Entire home/apt,4.5,6.0,1.0,123.0,False,2.0,1.0,"Residents here find significantly less access to parks, grocery stores, and dining options compared to the citywide average. Cultural venues and hotels are situated within a short walk of the property."
258.01,Private room,4.64,4.0,1.0,265.0,False,1.0,1.0,"Commercial amenities like cafes, parks, and fitness centers are absent from this immediate vicinity. Hotels occupy the surrounding buildings, while grocery stores and markets remain within a short walking distance."
62.78,Private room,4.47,4.0,2.5,19.0,True,5.0,2.5,Residents here experience a notable lack of public transit access and nightlife compared to the rest of the city. Local grocery stores and sports facilities are available within a short walking distance.
107.06,Entire home/apt,4.96,2.0,1.0,71.0,True,1.0,1.0,"Residential quiet defines this location, which lacks the dense concentration of cafes, nightlife, and transit hubs found across most of the city. Public parks and grocery stores remain within a short walking distance."
260.67,Entire home/apt,4.81,2.0,1.0,143.0,True,2.0,1.0,Quiet residential streets offer a stark departure from the dense entertainment and transit hubs found elsewhere in the city. Nearby parks and cultural venues provide accessible recreation within a short walk of the neighborhood.
485.0,Entire home/apt,4.66,12.0,2.0,85.0,False,3.0,2.0,Cultural institutions and transit hubs are absent from this immediate vicinity compared to the rest of the city. Frequent access to hotels and sports facilities distinguishes the block from more residential or commercial surroundings.
120.87,Entire home/apt,5.0,3.0,1.0,2.0,False,2.0,1.0,Residents here experience a quiet residential atmosphere far removed from the city's typical transit hubs and nightlife districts. Daily errands and outdoor recreation remain convenient due to the proximity of local markets and public green spaces.
143.28,Entire home/apt,4.53,4.0,1.0,109.0,False,1.0,1.0,"Residential quiet defines this location, which lacks the typical concentration of nightlife, gyms, and tourist attractions found elsewhere in the city. Daily necessities and rapid transit connections remain within a short walking distance."
350.0,Entire home/apt,4.96,2.0,1.0,111.0,True,1.0,1.0,"Quiet residential streets define this neighborhood, which lacks the dense concentration of tourist attractions, hotels, and cafes found in other parts of the city. Daily essentials and green spaces remain accessible within a short walk from home."
121.6,Entire home/apt,4.75,2.0,1.0,139.0,False,1.0,1.0,"Quiet residential streets distinguish this location from the city's typical density of nightlife, hotels, and transit hubs. Public green spaces and local food markets remain accessible within a short walk."
143.77,Entire home/apt,4.5,4.0,1.0,6.0,False,2.0,1.0,Residents here experience a quiet residential environment far removed from the city's typical transit hubs and dense entertainment districts. A short walk provides direct access to the expansive greenery of Prospect Park.
127.23,Entire home/apt,4.75,6.0,1.5,52.0,True,2.0,1.5,"Quiet residential streets define this neighborhood, which lacks the dense concentration of nightlife and hotels found elsewhere in the city. Public sports facilities are located within a short walk, and various cultural venues sit just steps away."
286.5,Entire home/apt,5.0,4.0,1.0,5.0,False,1.0,1.0,Residents here experience a notable lack of subway access and nearby entertainment or grocery options compared to the rest of the city. Proximity to Prospect Park and local sports facilities provides immediate access to outdoor recreation and fitness spaces.
195.67,Private room,4.3,2.0,1.0,50.0,False,2.0,1.0,Quiet residential streets replace the dense nightlife and transit hubs found elsewhere in the city. Local grocery stores and public park spaces remain within a short walking distance.
640.0,Private room,4.93,2.0,1.0,84.0,True,2.0,1.0,Cultural institutions and nightlife options are significantly scarcer here than in the typical New York City neighborhood. Daily necessities and green spaces are located within immediate walking distance of the residential front doors.
76.23,Entire home/apt,4.9,2.0,1.0,309.0,True,1.0,1.0,Cultural institutions and green spaces are notably absent from this residential pocket compared to the rest of the city. Daily errands and regional rail travel remain convenient due to the proximity of neighborhood markets and transit hubs.
98.27,Entire home/apt,4.5,3.0,1.0,70.0,True,1.0,1.0,"Quiet residential streets define this neighborhood, which lacks the dense nightlife, transit hubs, and expansive parks found in busier parts of the city. Grocery stores and athletic facilities remain conveniently accessible within a short walk of the property."
273.19,Private room,4.67,4.0,2.0,12.0,False,2.0,2.0,"Surrounding streets lack the parks, transit access, and retail density common throughout the rest of the city. Athletic facilities sit steps away, while grocery stores and markets remain within a short walk."
302.41,Entire home/apt,4.84,4.0,1.0,98.0,False,2.0,1.0,"Residential seclusion defines this location, as it lacks the hotels, museums, and public green spaces found throughout most of the city. Daily necessities and rapid transit connections remain highly accessible within a short walk of the doorstep."
322.33,Entire home/apt,5.0,2.0,1.0,14.0,True,1.0,1.0,Cultural institutions and public green spaces are entirely absent from the immediate vicinity. Essential grocery markets and athletic facilities remain conveniently located just steps from the doorstep.
67.78,Private room,4.85,2.0,1.0,102.0,True,1.0,1.0,Urban density here lacks the public parks and retail variety found in most other parts of the city. Residents benefit from immediate access to grocery markets and proximity to local sports facilities.
93.76,Entire home/apt,4.78,1.0,1.0,179.0,True,1.0,1.0,"Residential quiet defines this location, which lacks the concentrated nightlife, entertainment venues, and tourist attractions found throughout most of the city. A short walk provides access to local grocery stores and markets for daily needs."
407.0,Private room,4.92,2.0,1.0,141.0,False,2.0,1.0,"Residential solitude defines this location, which lacks the museums, parks, and transit access common to most city blocks. Daily necessities remain convenient, however, as grocery stores and markets are situated just steps away."
130.01,Entire home/apt,4.76,4.0,1.0,118.0,True,2.0,1.0,"Cultural institutions and public green spaces are entirely absent from this immediate vicinity. Access to the MTA New York City Transit-Beverly Rd station remains available on the doorstep, and grocery stores are located within a short walk."
143.0,Entire home/apt,4.38,8.0,1.0,146.0,False,1.0,1.0,"Residential quiet defines this location due to a complete absence of nearby cafes, transit hubs, and fitness facilities. Immediate access to public parkland and a short walk to local grocery stores provide essential amenities for daily living."
107.5,Private room,5.0,2.0,1.0,2.0,False,1.0,1.0,"Cultural institutions and public green spaces are entirely absent from this immediate vicinity. Commuters enjoy direct access to the MTA New York City Transit-Beverly Rd station, while daily provisions remain reachable via a short walk."
237.0,Hotel room,4.0,4.0,1.0,1.0,False,1.0,1.0,"Cultural institutions and daily conveniences like cafes and grocery stores are notably absent from this immediate vicinity. Hotels occupy the surrounding streetscape, while public parks and open spaces remain within a short walking distance."
329.33,Private room,4.92,2.0,1.0,192.0,True,2.0,1.0,"Quiet residential streets distinguish this location from the dense concentration of entertainment venues, museums, and transit hubs found elsewhere in the city. Daily necessities and recreational green spaces remain accessible within a short walk."
255.9,Entire home/apt,4.75,4.0,1.0,4.0,False,1.0,1.0,"Quiet residential streets define this location, which lacks the dense concentration of entertainment venues, cafes, and shops found in most other parts of the city. Daily necessities and local cultural venues remain reachable within a short walk."
151.18,Entire home/apt,5.0,2.0,1.0,1.0,False,1.0,1.0,"Residential streets here lack the abundant parks, fitness facilities, and nightlife options found throughout most of the city. Daily groceries and local cultural venues remain within a short walking distance."
1142.0,Private room,4.95,2.0,2.5,20.0,True,2.0,2.5,"Residential tranquility defines this location, which lacks the dense concentration of hotels, entertainment venues, and public parks found elsewhere in the city. Daily necessities are available at nearby grocery markets, and various cultural venues remain accessible within a short walk."
91.87,Entire home/apt,4.65,2.0,1.0,49.0,True,1.0,1.0,"Residential streets here lack the museums, parks, and dining options found throughout most of the city. Rapid transit and grocery stores are located steps away on the doorstep of New York Airport."
1027.5,Entire home/apt,4.84,11.0,1.5,58.0,True,3.0,1.5,"Public transit options are absent from this location, which also lacks the density of retail and dining found in most other parts of the city. Nearby hotels provide immediate lodging options, while grocery stores and markets remain within a short walking distance."
335.0,Entire home/apt,4.93,6.0,1.0,86.0,False,2.0,1.0,"Residential quiet defines these streets because they lack the hotels, museums, and public green spaces found throughout the rest of the city. Daily necessities are easily managed with grocery stores and markets located directly on the doorstep."
825.0,Entire home/apt,4.68,10.0,3.0,60.0,False,5.0,3.0,"Residents here experience a notable lack of subway access and retail density compared to the rest of the city. Accommodations are situated immediately adjacent to the property, while markets remain accessible within a short walking distance."
286.44,Entire home/apt,4.91,2.0,1.0,143.0,True,1.0,1.0,"Residential privacy defines this location because it lacks the hotels, museums, and public green spaces common elsewhere in the city. Grocery markets and athletic facilities are situated just steps away from the property."
382.22,Entire home/apt,4.74,6.0,1.0,109.0,False,2.0,1.0,"Cultural institutions and commercial entertainment options are virtually absent from this residential setting. Daily grocery needs are met within steps of the front door, while public parkland remains accessible via a short walk."
371.0,Private room,4.94,8.0,1.0,84.0,True,4.0,1.0,"Residential tranquility defines this location, which lacks the dense concentration of cafes, entertainment venues, and cultural institutions found in most other parts of the city. Proximity to the MTA Subway - Liberty Ave (A/C) provides rapid transit access, while local parks offer nearby open space."
373.0,Entire home/apt,4.83,6.0,1.0,6.0,False,2.0,1.0,"Cultural institutions, retail storefronts, and nightlife venues are almost entirely absent compared to the rest of the city. Rapid transit is located on the doorstep of Santa marta la dominadora, and essential grocery markets remain within a short walk."
125.26,Entire home/apt,4.29,6.0,1.5,7.0,True,3.0,1.5,Quiet residential streets distinguish this location from the dense nightlife and entertainment hubs found throughout much of the city. A short walk provides access to local grocery markets and cultural venues near the MTA New York City Transit-Avenue J station.
44.27,Private room,5.0,2.0,2.0,3.0,True,1.0,2.0,"Residential quiet prevails here due to the total absence of hotels, museums, and public green spaces found elsewhere in the city. Daily necessities are easily managed with grocery stores located steps away and rapid transit options within a short walk."
224.64,Entire home/apt,4.62,6.0,1.0,55.0,False,1.0,1.0,"Public transit access is entirely absent from this location, which also lacks the density of restaurants and retail found across most of the city. Grocery stores are situated just steps away, and local hotels are within a short walking distance."
63.63,Private room,5.0,1.0,1.0,3.0,True,1.0,1.0,"Residential quiet defines this location, which lacks the dense concentration of restaurants, nightlife, and retail found in more commercial parts of the city. Public parks offer immediate outdoor access, and daily grocery needs are met within a short walk."
225.25,Entire home/apt,5.0,8.0,2.0,6.0,True,3.0,2.0,"Residential tranquility defines this location, which lacks the dense concentration of entertainment venues, hotels, and cultural institutions found elsewhere in the city. Daily necessities are easily managed with grocery stores and markets located just steps away."
302.5,Entire home/apt,4.94,4.0,1.0,144.0,True,1.0,1.0,"Residential quiet defines this location, which lacks the dense concentration of cafes, restaurants, and retail shops found throughout the rest of the city. A short walk provides access to rapid transit, while cultural venues are situated steps away."
426.5,Entire home/apt,4.66,2.0,1.0,92.0,False,2.0,1.0,"Unlike most city blocks, this location lacks nearby attractions, nightlife, and athletic facilities. Residents benefit from immediate access to a rapid transit station and local grocery markets on the doorstep of Pennsylvania Avenue."
318.3,Entire home/apt,5.0,5.0,1.5,2.0,False,3.0,1.5,"Quiet residential streets define this neighborhood, which lacks the dense concentration of tourist attractions and entertainment venues found elsewhere in the city. Residents benefit from immediate access to local sports facilities and a short walk to nearby grocery stores."
159.05,Entire home/apt,4.6,4.0,1.0,30.0,False,2.0,1.0,"Residential streets here lack the museums, bars, and tourist attractions common to most other parts of the city. Daily necessities and local green spaces remain accessible within a short walk."
89.23,Entire home/apt,5.0,2.0,1.0,2.0,False,1.0,1.0,"Residential quiet defines this location, which lacks the tourist attractions, hotels, and cafes found throughout most of the city. Daily necessities and athletic venues remain reachable within a short walk."
159.84,Entire home/apt,4.87,6.0,1.0,67.0,True,2.0,1.0,"Residential quiet defines this location, which lacks the dense concentration of cafes, hotels, and galleries found in most other parts of the city. Public parks and athletic facilities are located within a short walking distance of the property."
197.34,Entire home/apt,4.47,5.0,1.0,19.0,False,2.0,1.0,"Residential quiet defines this neighborhood, which lacks the dense concentration of nightlife, cafes, and cultural institutions found in most other parts of the city. Daily essentials and recreational green space are accessible within a short walk of the New Lots Train Station."
211.09,Entire home/apt,4.89,8.0,2.0,63.0,False,2.0,2.0,"Residential quiet defines this location, which lacks the tourist attractions, hotels, and museums found throughout most of the city. Daily necessities are available at nearby markets, and public green spaces are accessible within a short walk."
129.52,Entire home/apt,4.62,7.0,1.0,21.0,False,3.0,1.0,"Residential quiet defines this location, which lacks the typical density of neighborhood cafes, cultural institutions, and transit hubs found elsewhere in the city. Public athletic facilities and expansive green spaces are situated immediately adjacent to the property."
96.63,Entire home/apt,4.62,4.0,1.0,29.0,False,2.0,1.0,"Residential quiet defines this location, which lacks the typical density of commercial attractions, cafes, and fitness centers found elsewhere in the city. Public green space sits immediately adjacent, and local grocery options remain reachable within a short walk."
33.53,Private room,4.69,2.0,1.0,16.0,False,1.0,1.0,"Residential quiet defines this location, which lacks the dense concentration of cafes, entertainment venues, and cultural institutions found elsewhere in the city. Daily necessities and regional rail transit at Metro North - Morris Heights remain easily accessible within a short walk."
111.2,Entire home/apt,4.85,2.0,1.0,62.0,False,1.0,1.0,"Quiet residential streets define this neighborhood, which lacks the dense concentration of tourist attractions, hotels, and cafes found in other parts of the city. Daily errands and outdoor recreation remain convenient due to the proximity of local grocery markets and public park space."
117.83,Entire home/apt,4.75,4.0,1.0,4.0,False,2.0,1.0,"Residential tranquility defines this location, which lacks the tourist attractions, nightlife, and hotels common to most city neighborhoods. Daily needs and cultural venues remain accessible within a short walk."
249.0,Private room,4.89,2.0,1.0,245.0,True,1.0,1.0,Quiet residential streets replace the typical density of city attractions and transit hubs. Parks provide immediate outdoor space while grocery stores remain within a short walking distance.
514.0,Entire home/apt,4.95,3.0,1.0,58.0,True,2.0,1.0,"Quiet residential seclusion defines this setting, which lacks the typical concentration of cafes, gyms, and tourist attractions found elsewhere in the city. Public green space sits immediately adjacent to the property, while essential grocery shopping remains within a short walking distance."
71.57,Entire home/apt,4.7,2.0,1.0,109.0,True,1.0,1.0,"Residential quiet defines this location, which lacks the tourist attractions, entertainment venues, and hotels found throughout much of the city. Daily necessities and athletic amenities remain accessible within a short walk."
261.07,Private room,4.92,2.0,1.0,12.0,False,1.0,1.0,"Residential quiet defines this location, which lacks the typical density of cafes, attractions, and entertainment venues found elsewhere in the city. Public sports facilities sit immediately adjacent to the property, while grocery stores and markets remain within a short walking distance."
61.06,Private room,4.7,1.0,1.0,23.0,False,0.0,1.0,"Residential quiet defines this location due to the total absence of nearby cultural attractions, cafes, or galleries. Grocery stores and markets remain within a short walking distance for daily needs."
183.57,Entire home/apt,4.9,2.0,1.0,107.0,False,1.0,1.0,"Quiet residential streets define this neighborhood by lacking the nightlife, hotels, and public green spaces common elsewhere in the city. Daily necessities and cultural venues remain accessible within a short walk from the front door."
255.34,Entire home/apt,4.96,2.0,1.0,179.0,True,2.0,1.0,"Residential streets here lack the concentration of cafes, museums, and transit hubs found in most other parts of the city. Daily necessities like grocery stores and public parkland remain within a short walking distance."
405.0,Private room,4.86,6.0,2.0,210.0,True,3.0,2.0,"Residential quiet defines this location, which lacks the concentration of entertainment venues, museums, and parks found throughout most of the city. Sports facilities and hotels are situated within a short walking distance."
233.59,Private room,4.5,2.0,1.0,4.0,False,3.0,1.0,"Residential quiet defines this location, as it lacks the bars, cafes, and transit hubs common to most city blocks. Daily grocery needs and expansive green spaces are accessible immediately outside the door."
561.23,Entire home/apt,4.76,2.0,1.0,125.0,False,1.0,1.0,"Quiet residential streets define this neighborhood, which lacks the dense concentration of tourist attractions, hotels, and entertainment venues common elsewhere in the city. Daily necessities remain convenient, as local grocery stores and markets are situated within a short walk."
132.47,Entire home/apt,4.73,2.0,1.0,123.0,False,2.0,1.0,"Residential quiet defines this location, which lacks the dense concentration of cultural attractions and athletic facilities found in most other parts of the city. Daily necessities and overnight accommodations remain within a short walking distance."
152.21,Entire home/apt,5.0,1.0,1.0,2.0,False,1.0,1.0,"Residential quiet defines these streets due to the complete absence of local cafes, grocery stores, and tourist attractions. Daily errands require travel to other neighborhoods because no essential services or public amenities exist within the immediate vicinity."
146.44,Entire home/apt,4.93,4.0,1.0,73.0,True,1.0,1.0,"Quiet residential streets define this neighborhood, which lacks the dense concentration of nightlife and entertainment venues found elsewhere in the city. Daily necessities and green spaces remain accessible within a short walk from home."
56.6,Private room,5.0,1.0,1.0,3.0,False,3.0,1.0,"Residential tranquility defines this location, which lacks the cafes, entertainment venues, and galleries common to most city blocks. Daily necessities and overnight accommodations remain accessible within a short walk."
189.33,Entire home/apt,4.63,6.0,2.0,43.0,True,2.0,2.0,"Quiet residential streets define this location, which lacks the tourist attractions, nightlife, and hotels found throughout most of the city. Essential grocery stores and markets remain within immediate walking distance."
259.62,Private room,4.74,6.0,1.0,199.0,False,3.0,1.0,"Residential quiet defines this location, which lacks the typical concentration of nightlife, museums, and tourist attractions found elsewhere in the city. Daily necessities and green spaces remain accessible within a short walk from the front door."
108.74,Entire home/apt,4.91,2.0,1.0,348.0,False,1.0,1.0,"Residential quiet defines this location, which lacks the typical density of shops, cafes, and tourist attractions found elsewhere in the city. Public parks and athletic facilities remain within a short walking distance."
357.0,Private room,5.0,2.0,2.0,107.0,True,2.0,2.0,"Quiet residential streets define this neighborhood, which lacks the typical concentration of nightlife, cafes, and hotels found elsewhere in the city. Rapid transit connections are available on the doorstep of Clifton."
397.0,Entire home/apt,4.98,2.0,1.0,55.0,True,1.0,1.0,"Quiet residential streets define this location, which lacks the dense concentration of nightlife and cafes found throughout much of the city. Rapid transit at the Beach 36th Street station sits on the doorstep, and local grocery options remain within a short walk."
1076.0,Private room,4.96,8.0,2.5,49.0,True,4.0,2.5,"Quiet residential streets define this neighborhood by lacking the bars, cafes, and entertainment venues common elsewhere in the city. Public parks sit just steps away, while grocery stores and markets remain within a short walk."
107.59,Entire home/apt,5.0,2.0,1.0,1.0,True,1.0,1.0,"Quiet residential streets define this location, which lacks the typical concentration of nightlife, cafes, and tourist attractions found elsewhere in the city. Daily grocery shopping remains convenient due to the proximity of local markets within a short walking distance."
212.77,Entire home/apt,3.0,6.0,2.0,1.0,False,3.0,2.0,"Residential quiet defines this location, as it lacks the bars, cafes, and entertainment venues common to most city blocks. A short walk provides access to local grocery stores and markets."
375.0,Entire home/apt,5.0,4.0,2.0,76.0,True,2.0,2.0,"Quiet residential streets define this neighborhood, which lacks the typical concentration of local cafes and entertainment venues found elsewhere in the city. Daily grocery needs are met by a short walk, while visitors can find accommodations steps away."
93.17,Entire home/apt,4.64,4.0,1.0,11.0,True,2.0,1.0,"Residential quiet defines this location, which lacks the typical concentration of nightlife, cafes, and tourist attractions found elsewhere in the city. Daily errands and fitness routines are easily managed due to the proximity of local markets and sports facilities."
642.0,Private room,4.95,2.0,2.0,19.0,True,2.0,2.0,"Residential quiet defines this location, which lacks the dense concentration of nightlife and cafes found elsewhere in the city. Daily grocery shopping and lodging options remain conveniently accessible within a short walking distance."
142.28,Entire home/apt,4.78,6.0,2.0,67.0,False,3.0,2.0,"Residential isolation defines this location, as it lacks the typical concentration of grocery stores, fitness centers, and tourist attractions found elsewhere in the city. Frequent rapid transit connections remain available within a short walk, and the site sits near LaGuardia Airport Terminal B."
270.08,Entire home/apt,4.99,2.0,1.0,101.0,True,1.0,1.0,"Quiet residential seclusion defines this location, which lacks the typical concentration of nightlife and commercial attractions found throughout the rest of the city. Sports facilities are situated immediately outside the property, and public parks are accessible within a short walk."
72.36,Private room,4.75,2.0,1.0,8.0,False,1.0,1.0,"Residential quiet defines this location, which lacks the dense concentration of nightlife and dining venues found throughout most of the city. Streets here remain strictly detached from the tourist attractions and commercial hubs that populate typical urban blocks."
345.13,Entire home/apt,5.0,5.0,2.5,1.0,False,4.0,2.5,Quiet residential streets distinguish this location from the dense commercial activity found throughout the rest of the city. Nearby sports facilities provide the only immediate access to recreational amenities in an otherwise secluded neighborhood.
294.0,Private room,4.73,4.0,1.0,52.0,False,2.0,1.0,"Quiet residential streets define this location, which lacks the dense concentration of nightlife and cafes found throughout much of the city. Visitors will find an absence of local attractions or commercial hubs within immediate walking distance."
194.7,Entire home/apt,5.0,4.0,1.0,2.0,False,2.0,1.0,"Residential quiet defines this location, which lacks the typical concentration of nightlife, cafes, and tourist attractions found elsewhere in the city. Public sports facilities are situated steps away for immediate recreational access."
167.8,Private room,5.0,2.0,1.0,9.0,False,1.0,1.0,"Quiet residential streets define this location, which lacks the typical concentration of nightlife, cafes, and tourist attractions found elsewhere in the city. Public parks and open green spaces remain within a short walking distance."
105.3,Entire home/apt,4.72,2.0,1.0,47.0,False,1.0,1.0,"Quiet residential streets define this neighborhood, which lacks the concentrated nightlife and dining options found in most other parts of the city. Daily amenities and social venues remain entirely absent from the immediate vicinity."
280.8,Private room,4.96,7.0,2.0,26.0,False,3.0,2.0,"Residential quiet defines this location due to the total absence of nearby dining, cafes, or attractions. Public parks and open space remain within a short walking distance."
181.5,Entire home/apt,4.74,2.0,1.0,89.0,False,1.0,1.0,"Quiet residential streets define this location, which lacks the dense concentration of nightlife and dining venues found throughout much of the city. Visitors will find an absence of local attractions and commercial amenities within the immediate vicinity."
309.73,Entire home/apt,5.0,6.0,2.0,15.0,False,3.0,2.0,"Residential quiet defines this location, which lacks the typical density of neighborhood cafes, restaurants, and attractions found elsewhere in the city. Public parkland and open green space remain within a short walking distance."
217.0,Entire home/apt,4.96,2.0,1.0,23.0,True,1.0,1.0,"Quiet residential seclusion defines this location, which lacks the typical concentration of nightlife and cafes found throughout the rest of the city. Daily essentials remain convenient, however, as grocery stores and markets are situated within a short walk."
288.0,Private room,4.43,2.0,1.0,7.0,False,2.0,1.0,"Residential quiet defines this location, which lacks the dense concentration of nightlife, cafes, and tourist attractions found throughout the rest of the city. Streets here remain strictly focused on housing rather than commercial or social activity."
